processo,data,vara,nucleo,prioridades
0000261-14.2026.8.17.2100,06/05/2026,1ª Vara Cível da Comarca de Abreu e Lima,5ª CC,Prioridade Legal
0000298-13.2015.8.17.0100,29/04/2026,1ª Vara Cível da Comarca de Abreu e Lima,5ª CC,Sem prioridade
0000319-90.2021.8.17.2100,15/04/2026,1ª Vara Cível da Comarca de Abreu e Lima,4ª CCJ,Prioridade Legal
0000579-36.2022.8.17.2100,29/04/2026,1ª Vara Cível da Comarca de Abreu e Lima,5ª CC,Prioridade Legal
0000755-10.2025.8.17.2100,15/05/2026,1ª Vara Cível da Comarca de Abreu e Lima,5ª CC,Prioridade Legal
0001095-85.2024.8.17.2100,14/05/2026,1ª Vara Cível da Comarca de Abreu e Lima,5ª CC,Prioridade Legal
0001095-95.2018.8.17.2100,22/04/2026,1ª Vara Cível da Comarca de Abreu e Lima,4ª CCJ,Prioridade Legal
0001176-73.2020.8.17.2100,13/04/2026,1ª Vara Cível da Comarca de Abreu e Lima,4ª CCJ,Sem prioridade
0001529-74.2024.8.17.2100,27/04/2026,1ª Vara Cível da Comarca de Abreu e Lima,5ª CC,Prioridade Legal
0001541-54.2025.8.17.2100,29/04/2026,1ª Vara Cível da Comarca de Abreu e Lima,5ª CC,Prioridade Legal
0001567-52.2025.8.17.2100,14/05/2026,1ª Vara Cível da Comarca de Abreu e Lima,5ª CC,Prioridade Legal
0001736-78.2021.8.17.2100,08/05/2026,1ª Vara Cível da Comarca de Abreu e Lima,4ª CCJ,Prioridade Legal
0002768-50.2023.8.17.2100,11/05/2026,1ª Vara Cível da Comarca de Abreu e Lima,4ª CCJ,Prioridade Legal
0002857-44.2021.8.17.2100,06/05/2026,1ª Vara Cível da Comarca de Abreu e Lima,5ª CC,Prioridade Legal
0002923-19.2024.8.17.2100,29/04/2026,1ª Vara Cível da Comarca de Abreu e Lima,5ª CC,Prioridade Legal
0003335-47.2024.8.17.2100,05/05/2026,1ª Vara Cível da Comarca de Abreu e Lima,4ª CCJ,Prioridade Legal
0004765-68.2023.8.17.2100,28/04/2026,1ª Vara Cível da Comarca de Abreu e Lima,5ª CC,Prioridade Legal
0001233-91.2020.8.17.2100,05/05/2026,2ª Vara Cível da Comarca de Abreu e Lima,5ª CC,Prioridade Legal
0001324-11.2025.8.17.2100,27/04/2026,2ª Vara Cível da Comarca de Abreu e Lima,5ª CC,Prioridade Legal
0002350-44.2025.8.17.2100,30/04/2026,2ª Vara Cível da Comarca de Abreu e Lima,4ª CCJ,Prioridade Legal
0003236-15.2014.8.17.0100,05/05/2026,2ª Vara Cível da Comarca de Abreu e Lima,5ª CC,Sem prioridade
0003424-70.2024.8.17.2100,30/04/2026,2ª Vara Cível da Comarca de Abreu e Lima,5ª CC,Prioridade Legal
0000021-98.2021.8.17.2100,04/05/2026,3ª Vara Cível da Comarca de Abreu e Lima,5ª CC,Prioridade Legal
0000146-61.2024.8.17.2100,06/05/2026,3ª Vara Cível da Comarca de Abreu e Lima,5ª CC,Prioridade Legal
0000574-48.2021.8.17.2100,27/04/2026,3ª Vara Cível da Comarca de Abreu e Lima,5ª CC,Prioridade Legal
0000738-18.2018.8.17.2100,08/05/2026,3ª Vara Cível da Comarca de Abreu e Lima,5ª CC,Prioridade Legal
0001002-88.2025.8.17.2100,12/05/2026,3ª Vara Cível da Comarca de Abreu e Lima,5ª CC,Prioridade Legal
0001098-51.2009.8.17.0100,29/04/2026,3ª Vara Cível da Comarca de Abreu e Lima,5ª CC,Sem prioridade
0001446-24.2025.8.17.2100,06/05/2026,3ª Vara Cível da Comarca de Abreu e Lima,5ª CC,Prioridade Legal
0001478-10.2017.8.17.2100,14/05/2026,3ª Vara Cível da Comarca de Abreu e Lima,4ª CCJ,Prioridade Legal
0001846-77.2021.8.17.2100,05/05/2026,3ª Vara Cível da Comarca de Abreu e Lima,4ª CCJ,Prioridade Legal
0002184-17.2022.8.17.2100,22/04/2026,3ª Vara Cível da Comarca de Abreu e Lima,4ª CCJ,Sem prioridade
0002378-17.2022.8.17.2100,13/04/2026,3ª Vara Cível da Comarca de Abreu e Lima,4ª CCJ,Prioridade Legal
0002498-27.2014.8.17.0100,05/05/2026,3ª Vara Cível da Comarca de Abreu e Lima,5ª CC,Sem prioridade
0003225-14.2025.8.17.2100,14/05/2026,3ª Vara Cível da Comarca de Abreu e Lima,5ª CC,Super prioridade
0003449-88.2021.8.17.2100,27/04/2026,3ª Vara Cível da Comarca de Abreu e Lima,5ª CC,Prioridade Legal
0003546-83.2024.8.17.2100,22/04/2026,3ª Vara Cível da Comarca de Abreu e Lima,5ª CC,Prioridade Legal
0003691-08.2025.8.17.2100,04/05/2026,3ª Vara Cível da Comarca de Abreu e Lima,5ª CC,Prioridade Legal
0003991-04.2024.8.17.2100,12/05/2026,3ª Vara Cível da Comarca de Abreu e Lima,5ª CC,Prioridade Legal
0005023-78.2023.8.17.2100,06/05/2026,3ª Vara Cível da Comarca de Abreu e Lima,5ª CC,Sem prioridade
0005453-02.2024.8.17.2001,04/05/2026,3ª Vara Cível da Comarca de Abreu e Lima,5ª CC,Prioridade Legal
0000009-15.2025.8.17.2110,06/05/2026,1ª Vara Cível da Comarca de Afogados da Ingazeira,7ª CC,Prioridade Legal
0000015-22.2025.8.17.2110,07/05/2026,1ª Vara Cível da Comarca de Afogados da Ingazeira,6ª CCJ,Prioridade Legal
0000024-81.2025.8.17.2110,05/05/2026,1ª Vara Cível da Comarca de Afogados da Ingazeira,6ª CCJ,Prioridade Legal
0000310-06.2018.8.17.2110,13/05/2026,1ª Vara Cível da Comarca de Afogados da Ingazeira,6ª CCJ,Prioridade Legal
0000367-14.2024.8.17.2110,06/05/2026,1ª Vara Cível da Comarca de Afogados da Ingazeira,7ª CC,Prioridade Legal
0000393-57.2008.8.17.0110,13/05/2026,1ª Vara Cível da Comarca de Afogados da Ingazeira,7ª CC,Sem prioridade
0000661-66.2024.8.17.2110,07/05/2026,1ª Vara Cível da Comarca de Afogados da Ingazeira,7ª CC,Sem prioridade
0000662-17.2025.8.17.2110,12/05/2026,1ª Vara Cível da Comarca de Afogados da Ingazeira,6ª CCJ,Prioridade Legal
0000693-37.2025.8.17.2110,07/05/2026,1ª Vara Cível da Comarca de Afogados da Ingazeira,6ª CCJ,Prioridade Legal
0000708-06.2025.8.17.2110,20/04/2026,1ª Vara Cível da Comarca de Afogados da Ingazeira,6ª CCJ,Prioridade Legal
0000767-33.2021.8.17.2110,15/05/2026,1ª Vara Cível da Comarca de Afogados da Ingazeira,7ª CC,Sem prioridade
0000826-89.2019.8.17.2110,14/05/2026,1ª Vara Cível da Comarca de Afogados da Ingazeira,7ª CC,Prioridade Legal
0000983-86.2024.8.17.2110,07/05/2026,1ª Vara Cível da Comarca de Afogados da Ingazeira,7ª CC,Sem prioridade
0001110-68.2017.8.17.2110,14/05/2026,1ª Vara Cível da Comarca de Afogados da Ingazeira,7ª CC,Prioridade Legal
0001228-44.2017.8.17.2110,30/04/2026,1ª Vara Cível da Comarca de Afogados da Ingazeira,6ª CCJ,Prioridade Legal
0001348-43.2024.8.17.2110,05/05/2026,1ª Vara Cível da Comarca de Afogados da Ingazeira,6ª CCJ,Prioridade Legal
0001864-98.2014.8.17.0110,04/05/2026,1ª Vara Cível da Comarca de Afogados da Ingazeira,6ª CCJ,Sem prioridade
0002072-48.2015.8.17.0110,13/05/2026,1ª Vara Cível da Comarca de Afogados da Ingazeira,6ª CCJ,Sem prioridade
0002096-22.2017.8.17.2110,06/05/2026,1ª Vara Cível da Comarca de Afogados da Ingazeira,7ª CC,Prioridade Legal
0002794-47.2025.8.17.2110,29/04/2026,1ª Vara Cível da Comarca de Afogados da Ingazeira,6ª CCJ,Prioridade Legal
0003023-41.2024.8.17.2110,04/05/2026,1ª Vara Cível da Comarca de Afogados da Ingazeira,6ª CCJ,Prioridade Legal
0003320-82.2023.8.17.2110,14/05/2026,1ª Vara Cível da Comarca de Afogados da Ingazeira,7ª CC,Prioridade Legal
0003430-13.2025.8.17.2110,29/04/2026,1ª Vara Cível da Comarca de Afogados da Ingazeira,6ª CCJ,Prioridade Legal
0000144-37.2019.8.17.2110,13/05/2026,2ª Vara Cível e Regional da Infância e Juventude da Comarca de Afogados da Ingazeira,6ª CCJ,Prioridade Legal
0000168-65.2019.8.17.2110,06/05/2026,2ª Vara Cível e Regional da Infância e Juventude da Comarca de Afogados da Ingazeira,6ª CCJ,Sem prioridade
0000353-40.2018.8.17.2110,05/05/2026,2ª Vara Cível e Regional da Infância e Juventude da Comarca de Afogados da Ingazeira,6ª CCJ,Prioridade Legal
0000537-88.2021.8.17.2110,05/05/2026,2ª Vara Cível e Regional da Infância e Juventude da Comarca de Afogados da Ingazeira,6ª CCJ,Prioridade Legal
0000715-71.2020.8.17.2110,28/04/2026,2ª Vara Cível e Regional da Infância e Juventude da Comarca de Afogados da Ingazeira,6ª CCJ,Prioridade Legal
0001009-26.2020.8.17.2110,08/05/2026,2ª Vara Cível e Regional da Infância e Juventude da Comarca de Afogados da Ingazeira,6ª CCJ,Prioridade Legal
0001561-49.2024.8.17.2110,06/05/2026,2ª Vara Cível e Regional da Infância e Juventude da Comarca de Afogados da Ingazeira,3ª CC,Prioridade Legal
0001719-07.2024.8.17.2110,22/04/2026,2ª Vara Cível e Regional da Infância e Juventude da Comarca de Afogados da Ingazeira,6ª CCJ,Prioridade Legal
0001772-95.2018.8.17.2110,05/05/2026,2ª Vara Cível e Regional da Infância e Juventude da Comarca de Afogados da Ingazeira,6ª CCJ,Prioridade Legal
0001888-62.2022.8.17.2110,06/05/2026,2ª Vara Cível e Regional da Infância e Juventude da Comarca de Afogados da Ingazeira,3ª CC,Prioridade Legal
0001988-90.2017.8.17.2110,08/05/2026,2ª Vara Cível e Regional da Infância e Juventude da Comarca de Afogados da Ingazeira,7ª CC,Prioridade Legal
0002019-66.2024.8.17.2110,30/04/2026,2ª Vara Cível e Regional da Infância e Juventude da Comarca de Afogados da Ingazeira,6ª CCJ,Prioridade Legal
0002260-40.2024.8.17.2110,06/05/2026,2ª Vara Cível e Regional da Infância e Juventude da Comarca de Afogados da Ingazeira,6ª CCJ,Sem prioridade
0002344-41.2024.8.17.2110,14/05/2026,2ª Vara Cível e Regional da Infância e Juventude da Comarca de Afogados da Ingazeira,6ª CCJ,Prioridade Legal
0003134-93.2022.8.17.2110,29/04/2026,2ª Vara Cível e Regional da Infância e Juventude da Comarca de Afogados da Ingazeira,6ª CCJ,Prioridade Legal
0000023-66.2025.8.17.2120,15/05/2026,Vara Única da Comarca de Afrânio,7ª CC,Prioridade Legal
0000093-84.2016.8.17.0120,14/05/2026,Vara Única da Comarca de Afrânio,7ª CC,Sem prioridade
0000121-27.2020.8.17.2120,12/05/2026,Vara Única da Comarca de Afrânio,7ª CC,Prioridade Legal
0000140-96.2021.8.17.2120,05/05/2026,Vara Única da Comarca de Afrânio,6ª CCJ,Prioridade Legal
0000214-53.2021.8.17.2120,29/04/2026,Vara Única da Comarca de Afrânio,6ª CCJ,Prioridade Legal
0000254-35.2021.8.17.2120,13/05/2026,Vara Única da Comarca de Afrânio,7ª CC,Prioridade Legal
0000341-49.2025.8.17.2120,06/05/2026,Vara Única da Comarca de Afrânio,7ª CC,Prioridade Legal
0000477-46.2025.8.17.2120,07/05/2026,Vara Única da Comarca de Afrânio,7ª CC,Prioridade Legal
0001766-48.2024.8.17.2120,27/04/2026,Vara Única da Comarca de Afrânio,6ª CCJ,Prioridade Legal
0007857-64.2017.8.17.1130,07/05/2026,Vara Única da Comarca de Afrânio,7ª CC,Prioridade Legal
0000082-87.2026.8.17.2130,05/05/2026,Vara Única da Comarca de Agrestina,5ª CCJ,Sem prioridade
0000422-02.2024.8.17.2130,15/05/2026,Vara Única da Comarca de Agrestina,6ª CC,Prioridade Legal
0000490-21.2013.8.17.0130,08/05/2026,Vara Única da Comarca de Agrestina,5ª CCJ,Sem prioridade
0000055-82.2024.8.17.2160,15/05/2026,Vara Única da Comarca de Alagoinha,5ª CCJ,Prioridade Legal
0000085-30.2018.8.17.2160,30/04/2026,Vara Única da Comarca de Alagoinha,5ª CCJ,Prioridade Legal
0000095-69.2021.8.17.2160,07/05/2026,Vara Única da Comarca de Alagoinha,6ª CC,Prioridade Legal
0000110-33.2024.8.17.2160,15/05/2026,Vara Única da Comarca de Alagoinha,6ª CC,Sem prioridade
0000155-37.2024.8.17.2160,20/04/2026,Vara Única da Comarca de Alagoinha,5ª CCJ,Prioridade Legal
0000155-48.2009.8.17.0160,21/04/2026,Vara Única da Comarca de Alagoinha,5ª CCJ,Sem prioridade
0000155-76.2020.8.17.2160,14/05/2026,Vara Única da Comarca de Alagoinha,5ª CCJ,Prioridade Legal
0000195-29.2018.8.17.2160,28/04/2026,Vara Única da Comarca de Alagoinha,5ª CCJ,Sem prioridade
0000216-97.2021.8.17.2160,15/05/2026,Vara Única da Comarca de Alagoinha,6ª CC,Sem prioridade
0000224-35.2025.8.17.2160,22/04/2026,Vara Única da Comarca de Alagoinha,5ª CCJ,Prioridade Legal
0000245-79.2023.8.17.2160,15/05/2026,Vara Única da Comarca de Alagoinha,6ª CC,Prioridade Legal
0000250-10.2011.8.17.0160,15/05/2026,Vara Única da Comarca de Alagoinha,5ª CCJ,Sem prioridade
0000258-89.2008.8.17.0160,15/05/2026,Vara Única da Comarca de Alagoinha,5ª CCJ,Sem prioridade
0000268-54.2025.8.17.2160,14/05/2026,Vara Única da Comarca de Alagoinha,5ª CCJ,Sem prioridade
0000291-34.2024.8.17.2160,15/05/2026,Vara Única da Comarca de Alagoinha,6ª CC,Prioridade Legal
0000303-82.2023.8.17.2160,14/05/2026,Vara Única da Comarca de Alagoinha,6ª CC,Prioridade Legal
0000318-56.2020.8.17.2160,29/04/2026,Vara Única da Comarca de Alagoinha,5ª CCJ,Prioridade Legal
0000346-19.2023.8.17.2160,14/05/2026,Vara Única da Comarca de Alagoinha,6ª CC,Sem prioridade
0000402-81.2025.8.17.2160,07/05/2026,Vara Única da Comarca de Alagoinha,5ª CCJ,Sem prioridade
0000433-72.2023.8.17.2160,20/04/2026,Vara Única da Comarca de Alagoinha,5ª CCJ,Sem prioridade
0000440-64.2023.8.17.2160,17/04/2026,Vara Única da Comarca de Alagoinha,5ª CCJ,Sem prioridade
0000450-11.2023.8.17.2160,15/05/2026,Vara Única da Comarca de Alagoinha,6ª CC,Prioridade Legal
0000453-63.2023.8.17.2160,17/04/2026,Vara Única da Comarca de Alagoinha,5ª CCJ,Sem prioridade
0000470-02.2023.8.17.2160,17/04/2026,Vara Única da Comarca de Alagoinha,5ª CCJ,Sem prioridade
0000475-24.2023.8.17.2160,15/05/2026,Vara Única da Comarca de Alagoinha,6ª CC,Prioridade Legal
0000477-62.2021.8.17.2160,15/05/2026,Vara Única da Comarca de Alagoinha,6ª CC,Sem prioridade
0000506-44.2023.8.17.2160,15/05/2026,Vara Única da Comarca de Alagoinha,6ª CC,Prioridade Legal
0000515-11.2020.8.17.2160,14/05/2026,Vara Única da Comarca de Alagoinha,6ª CC,Prioridade Legal
0000586-76.2021.8.17.2160,15/05/2026,Vara Única da Comarca de Alagoinha,6ª CC,Sem prioridade
0000607-86.2020.8.17.2160,16/04/2026,Vara Única da Comarca de Alagoinha,5ª CCJ,Prioridade Legal
0000619-32.2022.8.17.2160,14/04/2026,Vara Única da Comarca de Alagoinha,5ª CCJ,Sem prioridade
0000626-24.2022.8.17.2160,15/05/2026,Vara Única da Comarca de Alagoinha,6ª CC,Prioridade Legal
0000670-72.2024.8.17.2160,15/05/2026,Vara Única da Comarca de Alagoinha,5ª CCJ,Sem prioridade
0000823-42.2023.8.17.2160,28/04/2026,Vara Única da Comarca de Alagoinha,5ª CCJ,Sem prioridade
0000828-35.2021.8.17.2160,14/05/2026,Vara Única da Comarca de Alagoinha,5ª CCJ,Prioridade Legal
0000918-43.2021.8.17.2160,13/04/2026,Vara Única da Comarca de Alagoinha,5ª CCJ,Prioridade Legal
0000944-36.2024.8.17.2160,13/05/2026,Vara Única da Comarca de Alagoinha,6ª CC,Prioridade Legal
0000979-30.2023.8.17.2160,08/05/2026,Vara Única da Comarca de Alagoinha,5ª CCJ,Sem prioridade
0001007-95.2023.8.17.2160,15/05/2026,Vara Única da Comarca de Alagoinha,6ª CC,Sem prioridade
0001048-28.2024.8.17.2160,15/05/2026,Vara Única da Comarca de Alagoinha,6ª CC,Prioridade Legal
0001270-30.2023.8.17.2160,20/04/2026,Vara Única da Comarca de Alagoinha,5ª CCJ,Prioridade Legal
0001493-80.2023.8.17.2160,30/04/2026,Vara Única da Comarca de Alagoinha,5ª CCJ,Prioridade Legal
0000013-71.2022.8.17.2170,04/05/2026,Vara Única da Comarca de Aliança,5ª CC,Prioridade Legal
0000029-70.2024.8.17.5980,12/05/2026,Vara Única da Comarca de Aliança,5ª CC,Prioridade Legal
0000069-75.2020.8.17.2170,08/05/2026,Vara Única da Comarca de Aliança,5ª CC,Sem prioridade
0000109-91.2019.8.17.2170,30/04/2026,Vara Única da Comarca de Aliança,5ª CC,Prioridade Legal
0000122-51.2023.8.17.2170,04/05/2026,Vara Única da Comarca de Aliança,5ª CC,Prioridade Legal
0000158-89.2017.8.17.0170,05/05/2026,Vara Única da Comarca de Aliança,5ª CC,Sem prioridade
0000207-76.2019.8.17.2170,04/05/2026,Vara Única da Comarca de Aliança,5ª CC,Prioridade Legal
0000282-14.2013.8.17.0170,23/04/2026,Vara Única da Comarca de Aliança,4ª CCJ,Sem prioridade
0000304-19.2006.8.17.0170,30/04/2026,Vara Única da Comarca de Aliança,4ª CCJ,Prioridade Legal
0000308-84.2017.8.17.2170,22/04/2026,Vara Única da Comarca de Aliança,4ª CCJ,Prioridade Legal
0000322-68.2017.8.17.2170,08/05/2026,Vara Única da Comarca de Aliança,4ª CCJ,Prioridade Legal
0000360-36.2024.8.17.2170,07/05/2026,Vara Única da Comarca de Aliança,5ª CC,Sem prioridade
0000361-31.2018.8.17.2170,08/05/2026,Vara Única da Comarca de Aliança,4ª CCJ,Prioridade Legal
0000400-18.2024.8.17.2170,04/05/2026,Vara Única da Comarca de Aliança,5ª CC,Prioridade Legal
0000511-70.2022.8.17.2170,29/04/2026,Vara Única da Comarca de Aliança,5ª CC,Prioridade Legal
0000602-39.2017.8.17.2170,30/04/2026,Vara Única da Comarca de Aliança,4ª CCJ,Prioridade Legal
0000616-23.2017.8.17.2170,04/05/2026,Vara Única da Comarca de Aliança,5ª CC,Prioridade Legal
0000635-29.2017.8.17.2170,30/04/2026,Vara Única da Comarca de Aliança,5ª CC,Sem prioridade
0000638-81.2017.8.17.2170,05/05/2026,Vara Única da Comarca de Aliança,5ª CC,Sem prioridade
0000731-05.2021.8.17.2170,08/05/2026,Vara Única da Comarca de Aliança,5ª CC,Prioridade Legal
0000761-40.2021.8.17.2170,28/04/2026,Vara Única da Comarca de Aliança,5ª CC,Sem prioridade
0000779-22.2025.8.17.2170,27/04/2026,Vara Única da Comarca de Aliança,4ª CCJ,Sem prioridade
0000781-89.2025.8.17.2170,27/04/2026,Vara Única da Comarca de Aliança,4ª CCJ,Sem prioridade
0000802-65.2025.8.17.2170,15/04/2026,Vara Única da Comarca de Aliança,4ª CCJ,Sem prioridade
0000803-50.2025.8.17.2170,17/04/2026,Vara Única da Comarca de Aliança,4ª CCJ,Sem prioridade
0000900-89.2021.8.17.2170,10/05/2026,Vara Única da Comarca de Aliança,5ª CC,Prioridade Legal
0000937-48.2023.8.17.2170,04/05/2026,Vara Única da Comarca de Aliança,5ª CC,Prioridade Legal
0001054-10.2021.8.17.2170,30/04/2026,Vara Única da Comarca de Aliança,4ª CCJ,Prioridade Legal
0001071-91.2023.8.17.5980,14/05/2026,Vara Única da Comarca de Aliança,5ª CC,Prioridade Legal
0001099-14.2021.8.17.2170,04/05/2026,Vara Única da Comarca de Aliança,5ª CC,Prioridade Legal
0001127-79.2021.8.17.2170,04/05/2026,Vara Única da Comarca de Aliança,5ª CC,Prioridade Legal
0001241-81.2022.8.17.2170,04/05/2026,Vara Única da Comarca de Aliança,5ª CC,Prioridade Legal
0001382-66.2023.8.17.2170,07/05/2026,Vara Única da Comarca de Aliança,5ª CC,Sem prioridade
0001497-87.2023.8.17.2170,10/05/2026,Vara Única da Comarca de Aliança,5ª CC,Prioridade Legal
0000001-85.2026.8.17.2180,15/05/2026,Vara Única da Comarca de Altinho,6ª CC,Prioridade Legal
0000008-45.2021.8.17.2700,05/05/2026,Vara Única da Comarca de Altinho,5ª CCJ,Prioridade Legal
0000028-73.2023.8.17.2180,14/05/2026,Vara Única da Comarca de Altinho,5ª CCJ,Prioridade Legal
0000123-11.2020.8.17.2180,13/05/2026,Vara Única da Comarca de Altinho,6ª CC,Prioridade Legal
0000148-20.2014.8.17.0180,15/05/2026,Vara Única da Comarca de Altinho,6ª CC,Prioridade Legal
0000160-38.2020.8.17.2180,14/04/2026,Vara Única da Comarca de Altinho,5ª CCJ,Sem prioridade
0000218-03.2015.8.17.0180,07/04/2026,Vara Única da Comarca de Altinho,5ª CCJ,Sem prioridade
0000224-72.2025.8.17.2180,23/04/2026,Vara Única da Comarca de Altinho,5ª CCJ,Sem prioridade
0000234-64.2009.8.17.0180,11/05/2026,Vara Única da Comarca de Altinho,5ª CCJ,Sem prioridade
0000239-17.2020.8.17.2180,16/04/2026,Vara Única da Comarca de Altinho,5ª CCJ,Sem prioridade
0000317-35.2025.8.17.2180,06/05/2026,Vara Única da Comarca de Altinho,6ª CC,Prioridade Legal
0000319-05.2025.8.17.2180,06/05/2026,Vara Única da Comarca de Altinho,6ª CC,Sem prioridade
0000422-22.2019.8.17.2180,15/04/2026,Vara Única da Comarca de Altinho,5ª CCJ,Sem prioridade
0000449-39.2018.8.17.2180,28/04/2026,Vara Única da Comarca de Altinho,5ª CCJ,Prioridade Legal
0000571-08.2025.8.17.2180,06/05/2026,Vara Única da Comarca de Altinho,5ª CCJ,Prioridade Legal
0000748-40.2023.8.17.2180,20/04/2026,Vara Única da Comarca de Altinho,5ª CCJ,Prioridade Legal
0001197-61.2024.8.17.2180,11/05/2026,Vara Única da Comarca de Altinho,5ª CCJ,Prioridade Legal
0001204-87.2023.8.17.2180,05/05/2026,Vara Única da Comarca de Altinho,5ª CCJ,Prioridade Legal
0012059-30.2025.8.17.2480,08/05/2026,Vara Única da Comarca de Altinho,5ª CCJ,Sem prioridade
0000038-38.2024.8.17.5590,06/05/2026,Vara Única da Comarca de Amaraji,5ª CC,Prioridade Legal
0000041-53.2008.8.17.0190,08/05/2026,Vara Única da Comarca de Amaraji,5ª CC,Sem prioridade
0000055-32.2011.8.17.0190,15/05/2026,Vara Única da Comarca de Amaraji,5ª CC,Prioridade Legal
0000099-75.2016.8.17.1160,15/05/2026,Vara Única da Comarca de Amaraji,5ª CC,Sem prioridade
0000143-64.2023.8.17.2190,06/05/2026,Vara Única da Comarca de Amaraji,5ª CC,Prioridade Legal
0000145-10.2018.8.17.2190,11/05/2026,Vara Única da Comarca de Amaraji,4ª CCJ,Sem prioridade
0000148-62.2018.8.17.2190,21/04/2026,Vara Única da Comarca de Amaraji,4ª CCJ,Prioridade Legal
0000151-80.2019.8.17.3160,10/04/2026,Vara Única da Comarca de Amaraji,4ª CCJ,Prioridade Legal
0000233-48.2018.8.17.2190,20/04/2026,Vara Única da Comarca de Amaraji,4ª CCJ,Sem prioridade
0000575-84.2014.8.17.0190,07/05/2026,Vara Única da Comarca de Amaraji,5ª CC,Prioridade Legal
0000627-85.2011.8.17.0190,15/05/2026,Vara Única da Comarca de Amaraji,5ª CC,Prioridade Legal
0001054-61.2023.8.17.5590,08/05/2026,Vara Única da Comarca de Amaraji,5ª CC,Prioridade Legal
0001131-85.2023.8.17.2190,20/04/2026,Vara Única da Comarca de Amaraji,4ª CCJ,Super prioridade
0000001-68.2021.8.17.2210,06/05/2026,1ª Vara Cível da Comarca de Araripina,7ª CC,Prioridade Legal
0000575-49.1999.8.17.0210,06/05/2026,1ª Vara Cível da Comarca de Araripina,7ª CC,Sem prioridade
0000780-86.2022.8.17.2210,07/05/2026,1ª Vara Cível da Comarca de Araripina,7ª CC,Prioridade Legal
0000860-50.2022.8.17.2210,13/05/2026,1ª Vara Cível da Comarca de Araripina,7ª CC,Prioridade Legal
0001619-53.2018.8.17.2210,28/04/2026,1ª Vara Cível da Comarca de Araripina,6ª CCJ,Prioridade Legal
0001635-61.2016.8.17.0210,15/05/2026,1ª Vara Cível da Comarca de Araripina,7ª CC,Sem prioridade
0000556-56.2019.8.17.2210,14/05/2026,2ª Vara Cível da Comarca de Araripina,7ª CC,Sem prioridade
0000822-59.2001.8.17.0210,14/05/2026,2ª Vara Cível da Comarca de Araripina,7ª CC,Prioridade Legal
0000186-03.2026.8.17.2220,06/05/2026,1ª Vara Cível da Comarca de Arcoverde,7ª CC,Prioridade Legal
0000205-09.2026.8.17.2220,07/05/2026,1ª Vara Cível da Comarca de Arcoverde,7ª CC,Prioridade Legal
0000240-66.2026.8.17.2220,06/05/2026,1ª Vara Cível da Comarca de Arcoverde,7ª CC,Prioridade Legal
0000320-35.2023.8.17.2220,15/05/2026,1ª Vara Cível da Comarca de Arcoverde,6ª CCJ,Prioridade Legal
0000321-20.2023.8.17.2220,06/05/2026,1ª Vara Cível da Comarca de Arcoverde,7ª CC,Prioridade Legal
0000364-49.2026.8.17.2220,12/05/2026,1ª Vara Cível da Comarca de Arcoverde,7ª CC,Prioridade Legal
0001062-89.2025.8.17.2220,30/04/2026,1ª Vara Cível da Comarca de Arcoverde,7ª CC,Prioridade Legal
0001165-96.2025.8.17.2220,11/05/2026,1ª Vara Cível da Comarca de Arcoverde,7ª CC,Prioridade Legal
0001209-18.2025.8.17.2220,13/05/2026,1ª Vara Cível da Comarca de Arcoverde,6ª CCJ,Prioridade Legal
0001233-90.2018.8.17.2220,30/04/2026,1ª Vara Cível da Comarca de Arcoverde,6ª CCJ,Sem prioridade
0001607-09.2018.8.17.2220,06/05/2026,1ª Vara Cível da Comarca de Arcoverde,7ª CC,Prioridade Legal
0001724-19.2026.8.17.2220,15/05/2026,1ª Vara Cível da Comarca de Arcoverde,7ª CC,Sem prioridade
0001736-48.2017.8.17.2220,06/05/2026,1ª Vara Cível da Comarca de Arcoverde,7ª CC,Sem prioridade
0001838-89.2025.8.17.2220,07/05/2026,1ª Vara Cível da Comarca de Arcoverde,7ª CC,Prioridade Legal
0002046-20.2018.8.17.2220,07/05/2026,1ª Vara Cível da Comarca de Arcoverde,7ª CC,Sem prioridade
0002247-71.2013.8.17.0220,06/05/2026,1ª Vara Cível da Comarca de Arcoverde,7ª CC,Sem prioridade
0002520-15.2023.8.17.2220,05/05/2026,1ª Vara Cível da Comarca de Arcoverde,6ª CCJ,Prioridade Legal
0002671-10.2025.8.17.2220,14/05/2026,1ª Vara Cível da Comarca de Arcoverde,7ª CC,Prioridade Legal
0002873-84.2025.8.17.2220,15/05/2026,1ª Vara Cível da Comarca de Arcoverde,6ª CCJ,Prioridade Legal
0003016-10.2024.8.17.2220,07/05/2026,1ª Vara Cível da Comarca de Arcoverde,6ª CCJ,Prioridade Legal
0003398-03.2024.8.17.2220,06/05/2026,1ª Vara Cível da Comarca de Arcoverde,7ª CC,Sem prioridade
0003404-10.2024.8.17.2220,29/04/2026,1ª Vara Cível da Comarca de Arcoverde,6ª CCJ,Prioridade Legal
0003623-86.2025.8.17.2220,12/05/2026,1ª Vara Cível da Comarca de Arcoverde,7ª CC,Prioridade Legal
0003717-69.2015.8.17.0220,30/04/2026,1ª Vara Cível da Comarca de Arcoverde,6ª CCJ,Sem prioridade
0003899-54.2024.8.17.2220,14/05/2026,1ª Vara Cível da Comarca de Arcoverde,6ª CCJ,Prioridade Legal
0004062-97.2025.8.17.2220,12/05/2026,1ª Vara Cível da Comarca de Arcoverde,6ª CCJ,Prioridade Legal
0001255-89.2023.8.17.4220,15/05/2026,2ª Vara Criminal da Comarca de Arcoverde,2ª CC,Sem prioridade
0000417-30.2026.8.17.2220,12/05/2026,2ª Vara Cível da Comarca de Arcoverde,7ª CC,Prioridade Legal
0000928-28.2026.8.17.2220,12/05/2026,2ª Vara Cível da Comarca de Arcoverde,7ª CC,Prioridade Legal
0001061-70.2026.8.17.2220,11/05/2026,2ª Vara Cível da Comarca de Arcoverde,6ª CCJ,Prioridade Legal
0001749-48.2008.8.17.0220,05/05/2026,2ª Vara Cível da Comarca de Arcoverde,6ª CCJ,Sem prioridade
0001779-04.2025.8.17.2220,07/05/2026,2ª Vara Cível da Comarca de Arcoverde,7ª CC,Prioridade Legal
0001917-68.2025.8.17.2220,14/05/2026,2ª Vara Cível da Comarca de Arcoverde,7ª CC,Prioridade Legal
0002186-56.2025.8.17.3110,06/05/2026,2ª Vara Cível da Comarca de Arcoverde,7ª CC,Prioridade Legal
0003801-35.2025.8.17.2220,07/05/2026,2ª Vara Cível da Comarca de Arcoverde,7ª CC,Prioridade Legal
0004174-66.2025.8.17.2220,06/05/2026,2ª Vara Cível da Comarca de Arcoverde,7ª CC,Prioridade Legal
0000014-41.2020.8.17.2230,30/04/2026,Vara Única da Comarca de Barreiros,5ª CC,Prioridade Legal
0000035-87.2025.8.17.6030,07/05/2026,Vara Única da Comarca de Barreiros,5ª CC,Prioridade Legal
0000103-84.2019.8.17.0230,07/05/2026,Vara Única da Comarca de Barreiros,5ª CC,Super prioridade
0000107-96.2023.8.17.2230,08/05/2026,Vara Única da Comarca de Barreiros,5ª CC,Prioridade Legal
0000126-05.2023.8.17.2230,07/05/2026,Vara Única da Comarca de Barreiros,5ª CC,Sem prioridade
0000127-24.2022.8.17.2230,05/05/2026,Vara Única da Comarca de Barreiros,5ª CC,Prioridade Legal
0000140-81.2026.8.17.2230,08/05/2026,Vara Única da Comarca de Barreiros,5ª CC,Prioridade Legal
0000157-54.2025.8.17.2230,05/05/2026,Vara Única da Comarca de Barreiros,5ª CC,Prioridade Legal
0000188-75.2016.8.17.0230,30/04/2026,Vara Única da Comarca de Barreiros,5ª CC,Sem prioridade
0000216-42.2025.8.17.2230,15/05/2026,Vara Única da Comarca de Barreiros,4ª CCJ,Prioridade Legal
0000253-45.2024.8.17.5030,29/04/2026,Vara Única da Comarca de Barreiros,5ª CC,Prioridade Legal
0000361-69.2023.8.17.2230,13/05/2026,Vara Única da Comarca de Barreiros,5ª CC,Prioridade Legal
0000379-22.2025.8.17.2230,29/04/2026,Vara Única da Comarca de Barreiros,5ª CC,Prioridade Legal
0000383-26.2017.8.17.0230,06/05/2026,Vara Única da Comarca de Barreiros,5ª CC,Prioridade Legal
0000403-84.2024.8.17.2230,07/05/2026,Vara Única da Comarca de Barreiros,5ª CC,Prioridade Legal
0000478-31.2021.8.17.2230,07/05/2026,Vara Única da Comarca de Barreiros,5ª CC,Prioridade Legal
0000782-30.2021.8.17.2230,27/04/2026,Vara Única da Comarca de Barreiros,4ª CCJ,Prioridade Legal
0000785-82.2021.8.17.2230,06/05/2026,Vara Única da Comarca de Barreiros,5ª CC,Prioridade Legal
0000874-03.2024.8.17.2230,04/05/2026,Vara Única da Comarca de Barreiros,5ª CC,Sem prioridade
0001001-14.2019.8.17.2230,22/04/2026,Vara Única da Comarca de Barreiros,5ª CC,Prioridade Legal
0001017-32.2011.8.17.0230,27/04/2026,Vara Única da Comarca de Barreiros,5ª CC,Sem prioridade
0001079-37.2021.8.17.2230,04/05/2026,Vara Única da Comarca de Barreiros,5ª CC,Prioridade Legal
0001112-56.2023.8.17.2230,28/04/2026,Vara Única da Comarca de Barreiros,5ª CC,Sem prioridade
0001136-21.2022.8.17.2230,07/05/2026,Vara Única da Comarca de Barreiros,5ª CC,Prioridade Legal
0001161-29.2025.8.17.2230,04/05/2026,Vara Única da Comarca de Barreiros,5ª CC,Prioridade Legal
0001161-35.2013.8.17.0230,28/04/2026,Vara Única da Comarca de Barreiros,5ª CC,Prioridade Legal
0001169-40.2024.8.17.2230,04/05/2026,Vara Única da Comarca de Barreiros,5ª CC,Prioridade Legal
0001384-50.2023.8.17.2230,22/04/2026,Vara Única da Comarca de Barreiros,4ª CCJ,Prioridade Legal
0001394-95.2014.8.17.0230,30/04/2026,Vara Única da Comarca de Barreiros,5ª CC,Prioridade Legal
0001697-11.2023.8.17.2230,30/04/2026,Vara Única da Comarca de Barreiros,5ª CC,Prioridade Legal
0001704-38.2013.8.17.0230,04/05/2026,Vara Única da Comarca de Barreiros,5ª CC,Sem prioridade
0001739-94.2022.8.17.2230,05/05/2026,Vara Única da Comarca de Barreiros,5ª CC,Prioridade Legal
0001839-49.2022.8.17.2230,14/05/2026,Vara Única da Comarca de Barreiros,5ª CC,Sem prioridade
0001925-20.2022.8.17.2230,08/05/2026,Vara Única da Comarca de Barreiros,5ª CC,Prioridade Legal
0000022-30.2017.8.17.2260,08/05/2026,1ª Vara Cível da Comarca de Belo Jardim,5ª CCJ,Prioridade Legal
0000371-78.2001.8.17.0260,07/05/2026,1ª Vara Cível da Comarca de Belo Jardim,6ª CC,Prioridade Legal
0000722-93.2023.8.17.2260,08/05/2026,1ª Vara Cível da Comarca de Belo Jardim,5ª CCJ,Prioridade Legal
0001261-89.2016.8.17.0260,04/05/2026,1ª Vara Cível da Comarca de Belo Jardim,5ª CCJ,Sem prioridade
0001545-67.2023.8.17.2260,15/05/2026,1ª Vara Cível da Comarca de Belo Jardim,5ª CCJ,Prioridade Legal
0001597-73.2017.8.17.2260,24/04/2026,1ª Vara Cível da Comarca de Belo Jardim,5ª CCJ,Prioridade Legal
0001905-65.2024.8.17.2260,24/04/2026,1ª Vara Cível da Comarca de Belo Jardim,5ª CCJ,Prioridade Legal
0001935-09.2012.8.17.0260,05/05/2026,1ª Vara Cível da Comarca de Belo Jardim,5ª CCJ,Sem prioridade
0002457-64.2023.8.17.2260,07/05/2026,1ª Vara Cível da Comarca de Belo Jardim,6ª CC,Prioridade Legal
0002567-92.2025.8.17.2260,13/05/2026,1ª Vara Cível da Comarca de Belo Jardim,6ª CC,Prioridade Legal
0003059-89.2022.8.17.2260,14/05/2026,1ª Vara Cível da Comarca de Belo Jardim,6ª CC,Prioridade Legal
0003359-17.2023.8.17.2260,11/05/2026,1ª Vara Cível da Comarca de Belo Jardim,6ª CC,Sem prioridade
0003511-31.2024.8.17.2260,07/05/2026,1ª Vara Cível da Comarca de Belo Jardim,6ª CC,Prioridade Legal
0003621-98.2022.8.17.2260,15/05/2026,1ª Vara Cível da Comarca de Belo Jardim,5ª CCJ,Prioridade Legal
0004585-58.2014.8.17.0260,15/05/2026,1ª Vara Cível da Comarca de Belo Jardim,5ª CCJ,Prioridade Legal
0000142-97.2022.8.17.2260,14/05/2026,2ª Vara Cível da Comarca de Belo Jardim,5ª CCJ,Prioridade Legal
0000197-09.2026.8.17.2260,11/05/2026,2ª Vara Cível da Comarca de Belo Jardim,6ª CC,Prioridade Legal
0000237-93.2023.8.17.2260,08/05/2026,2ª Vara Cível da Comarca de Belo Jardim,6ª CC,Sem prioridade
0000241-04.2021.8.17.2260,08/05/2026,2ª Vara Cível da Comarca de Belo Jardim,6ª CC,Sem prioridade
0000425-62.2018.8.17.2260,12/05/2026,2ª Vara Cível da Comarca de Belo Jardim,5ª CCJ,Prioridade Legal
0000530-92.2025.8.17.2260,20/04/2026,2ª Vara Cível da Comarca de Belo Jardim,5ª CCJ,Sem prioridade
0001269-65.2025.8.17.2260,23/04/2026,2ª Vara Cível da Comarca de Belo Jardim,5ª CCJ,Prioridade Legal
0001805-86.2019.8.17.2260,06/05/2026,2ª Vara Cível da Comarca de Belo Jardim,5ª CCJ,Prioridade Legal
0003173-91.2023.8.17.2260,12/05/2026,2ª Vara Cível da Comarca de Belo Jardim,6ª CC,Prioridade Legal
0003497-18.2022.8.17.2260,15/05/2026,2ª Vara Cível da Comarca de Belo Jardim,6ª CC,Sem prioridade
0003620-16.2022.8.17.2260,27/04/2026,2ª Vara Cível da Comarca de Belo Jardim,5ª CCJ,Sem prioridade
0003866-12.2022.8.17.2260,08/05/2026,2ª Vara Cível da Comarca de Belo Jardim,6ª CC,Prioridade Legal
0000218-58.2021.8.17.7110,15/05/2026,Vara Criminal da Comarca de Belo Jardim,2ª CC,Sem prioridade
0000403-19.2020.8.17.0260,15/05/2026,Vara Criminal da Comarca de Belo Jardim,2ª CC,Sem prioridade
0000571-29.2024.8.17.4480,15/05/2026,Vara Criminal da Comarca de Belo Jardim,2ª CC,Prioridade Legal
0001484-43.2018.8.17.1110,14/05/2026,Vara Criminal da Comarca de Belo Jardim,2ª CC,Sem prioridade
0000149-48.1998.8.17.0250,08/05/2026,Vara Única da Comarca de Belém São Francisco,6ª CCJ,Sem prioridade
0000212-18.2020.8.17.2250,06/05/2026,Vara Única da Comarca de Belém São Francisco,7ª CC,Prioridade Legal
0000313-16.2024.8.17.2250,12/05/2026,Vara Única da Comarca de Belém São Francisco,6ª CCJ,Prioridade Legal
0000484-03.2017.8.17.0250,14/05/2026,Vara Única da Comarca de Belém São Francisco,7ª CC,Prioridade Legal
0000533-56.2024.8.17.4370,08/05/2026,Vara Única da Comarca de Belém São Francisco,7ª CC,Prioridade Legal
0000752-95.2022.8.17.2250,15/05/2026,Vara Única da Comarca de Belém São Francisco,7ª CC,Prioridade Legal
0000523-16.2020.8.17.2280,08/05/2026,1ª Vara da Comarca de Bezerros,6ª CC,Sem prioridade
0001229-58.2015.8.17.0280,11/05/2026,1ª Vara da Comarca de Bezerros,5ª CCJ,Sem prioridade
0001293-33.2025.8.17.2280,08/05/2026,1ª Vara da Comarca de Bezerros,6ª CC,Prioridade Legal
0003610-72.2023.8.17.2280,20/04/2026,1ª Vara da Comarca de Bezerros,5ª CCJ,Prioridade Legal
0000014-75.2026.8.17.2280,14/05/2026,2ª Vara da Comarca de Bezerros,6ª CC,Sem prioridade
0000273-46.2021.8.17.2280,29/04/2026,2ª Vara da Comarca de Bezerros,5ª CCJ,Prioridade Legal
0000305-51.2021.8.17.2280,30/04/2026,2ª Vara da Comarca de Bezerros,5ª CCJ,Prioridade Legal
0000309-21.2014.8.17.0280,16/04/2026,2ª Vara da Comarca de Bezerros,5ª CCJ,Sem prioridade
0001623-30.2025.8.17.2280,15/05/2026,2ª Vara da Comarca de Bezerros,5ª CCJ,Prioridade Legal
0002038-18.2022.8.17.2280,14/05/2026,2ª Vara da Comarca de Bezerros,6ª CC,Prioridade Legal
0002572-88.2024.8.17.2280,08/05/2026,2ª Vara da Comarca de Bezerros,6ª CC,Prioridade Legal
0002602-26.2024.8.17.2280,16/04/2026,2ª Vara da Comarca de Bezerros,5ª CCJ,Sem prioridade
0003078-64.2024.8.17.2280,07/05/2026,2ª Vara da Comarca de Bezerros,6ª CC,Sem prioridade
0148631-43.2023.8.17.2001,15/05/2026,2ª Vara da Comarca de Bezerros,5ª CCJ,Prioridade Legal
0000008-98.2001.8.17.0290,06/05/2026,Vara Única da Comarca de Bodocó,7ª CC,Sem prioridade
0000135-06.2019.8.17.0290,14/05/2026,Vara Única da Comarca de Bodocó,7ª CC,Prioridade Legal
0000167-70.2025.8.17.5020,13/05/2026,Vara Única da Comarca de Bodocó,7ª CC,Prioridade Legal
0000345-95.2024.8.17.2290,04/05/2026,Vara Única da Comarca de Bodocó,6ª CCJ,Sem prioridade
0000377-42.2020.8.17.2290,06/05/2026,Vara Única da Comarca de Bodocó,7ª CC,Prioridade Legal
0000452-18.2019.8.17.2290,06/05/2026,Vara Única da Comarca de Bodocó,7ª CC,Prioridade Legal
0000505-86.2025.8.17.2290,11/05/2026,Vara Única da Comarca de Bodocó,7ª CC,Prioridade Legal
0000438-04.2019.8.17.2300,15/05/2026,1ª Vara da Comarca de Bom Conselho,6ª CC,Sem prioridade
0000686-67.2019.8.17.2300,08/05/2026,1ª Vara da Comarca de Bom Conselho,6ª CC,Prioridade Legal
0000714-35.2019.8.17.2300,14/05/2026,1ª Vara da Comarca de Bom Conselho,6ª CC,Sem prioridade
0000934-57.2024.8.17.2300,14/05/2026,1ª Vara da Comarca de Bom Conselho,6ª CC,Sem prioridade
0001112-12.2012.8.17.0300,14/05/2026,1ª Vara da Comarca de Bom Conselho,6ª CC,Sem prioridade
0001375-38.2024.8.17.2300,14/05/2026,1ª Vara da Comarca de Bom Conselho,6ª CC,Prioridade Legal
0001456-56.2013.8.17.0300,07/05/2026,1ª Vara da Comarca de Bom Conselho,6ª CC,Prioridade Legal
0001889-88.2024.8.17.2300,14/05/2026,1ª Vara da Comarca de Bom Conselho,6ª CC,Prioridade Legal
0000961-07.2016.8.17.0300,16/04/2026,2ª Vara da Comarca de Bom Conselho,5ª CCJ,Sem prioridade
0001011-42.2019.8.17.2300,15/05/2026,2ª Vara da Comarca de Bom Conselho,6ª CC,Sem prioridade
0001626-56.2024.8.17.2300,22/04/2026,2ª Vara da Comarca de Bom Conselho,5ª CCJ,Sem prioridade
0001786-86.2021.8.17.2300,15/05/2026,2ª Vara da Comarca de Bom Conselho,6ª CC,Sem prioridade
0001970-08.2022.8.17.2300,15/05/2026,2ª Vara da Comarca de Bom Conselho,6ª CC,Prioridade Legal
0000065-40.2019.8.17.2310,30/04/2026,Vara Única da Comarca de Bom Jardim,5ª CCJ,Prioridade Legal
0000179-13.2018.8.17.2310,12/05/2026,Vara Única da Comarca de Bom Jardim,6ª CC,Prioridade Legal
0000231-72.2019.8.17.2310,30/03/2026,Vara Única da Comarca de Bom Jardim,5ª CCJ,Prioridade Legal
0000375-75.2021.8.17.2310,07/05/2026,Vara Única da Comarca de Bom Jardim,5ª CCJ,Prioridade Legal
0000462-94.2022.8.17.2310,29/04/2026,Vara Única da Comarca de Bom Jardim,5ª CCJ,Prioridade Legal
0000508-20.2021.8.17.2310,29/04/2026,Vara Única da Comarca de Bom Jardim,5ª CCJ,Prioridade Legal
0000513-13.2019.8.17.2310,27/03/2026,Vara Única da Comarca de Bom Jardim,5ª CCJ,Prioridade Legal
0000600-91.2015.8.17.0310,22/04/2026,Vara Única da Comarca de Bom Jardim,5ª CCJ,Prioridade Legal
0000031-37.1990.8.17.0320,13/05/2026,Vara Única da Comarca de Bonito,6ª CC,Prioridade Legal
0000082-70.2024.8.17.2320,14/05/2026,Vara Única da Comarca de Bonito,6ª CC,Sem prioridade
0000169-31.2021.8.17.2320,15/05/2026,Vara Única da Comarca de Bonito,6ª CC,Sem prioridade
0000203-85.2004.8.17.0320,15/05/2026,Vara Única da Comarca de Bonito,5ª CCJ,Sem prioridade
0000674-28.2009.8.17.0320,21/04/2026,Vara Única da Comarca de Bonito,5ª CCJ,Sem prioridade
0000803-90.2022.8.17.2320,15/05/2026,Vara Única da Comarca de Bonito,6ª CC,Prioridade Legal
0000886-38.2024.8.17.2320,30/04/2026,Vara Única da Comarca de Bonito,5ª CCJ,Prioridade Legal
0001629-53.2021.8.17.2320,14/05/2026,Vara Única da Comarca de Bonito,6ª CC,Prioridade Legal
0001655-46.2024.8.17.2320,15/05/2026,Vara Única da Comarca de Bonito,6ª CC,Prioridade Legal
0000409-48.2018.8.17.0340,08/05/2026,Vara Única da Comarca de Brejo da Madre de Deus,6ª CC,Sem prioridade
0001314-91.2023.8.17.2340,22/04/2026,Vara Única da Comarca de Brejo da Madre de Deus,5ª CCJ,Sem prioridade
0001332-15.2023.8.17.2340,13/05/2026,Vara Única da Comarca de Brejo da Madre de Deus,5ª CCJ,Sem prioridade
0007654-82.2024.8.17.2480,12/05/2026,Vara Única da Comarca de Brejo da Madre de Deus,6ª CC,Prioridade Legal
0000252-93.2010.8.17.0360,15/05/2026,Vara Única da Comarca de Buíque,5ª CCJ,Prioridade Legal
0000346-30.2025.8.17.2360,07/05/2026,Vara Única da Comarca de Buíque,6ª CC,Sem prioridade
0000379-30.2019.8.17.2360,07/05/2026,Vara Única da Comarca de Buíque,6ª CC,Prioridade Legal
0038237-26.2023.8.17.2370,15/05/2026,1ª Vara Criminal da Comarca do Cabo de Santo Agostinho,2ª CC,Prioridade Legal
0039785-86.2018.8.17.0810,15/05/2026,1ª Vara Criminal da Comarca do Cabo de Santo Agostinho,2ª CC,Prioridade Legal
0000846-76.2019.8.17.2370,27/04/2026,1ª Vara Cível da Comarca do Cabo de Santo Agostinho,5ª CC,Prioridade Legal
0001311-80.2022.8.17.2370,28/04/2026,1ª Vara Cível da Comarca do Cabo de Santo Agostinho,5ª CC,Prioridade Legal
0001879-09.2016.8.17.2370,28/04/2026,1ª Vara Cível da Comarca do Cabo de Santo Agostinho,5ª CC,Prioridade Legal
0002002-02.2019.8.17.2370,27/04/2026,1ª Vara Cível da Comarca do Cabo de Santo Agostinho,5ª CC,Prioridade Legal
0003270-96.2016.8.17.2370,30/04/2026,1ª Vara Cível da Comarca do Cabo de Santo Agostinho,5ª CC,Prioridade Legal
0003995-85.2016.8.17.2370,13/05/2026,1ª Vara Cível da Comarca do Cabo de Santo Agostinho,5ª CC,Sem prioridade
0004309-94.2017.8.17.2370,10/05/2026,1ª Vara Cível da Comarca do Cabo de Santo Agostinho,5ª CC,Prioridade Legal
0004446-03.2022.8.17.2370,29/04/2026,1ª Vara Cível da Comarca do Cabo de Santo Agostinho,5ª CC,Super prioridade
0004543-32.2024.8.17.2370,29/04/2026,1ª Vara Cível da Comarca do Cabo de Santo Agostinho,5ª CC,Prioridade Legal
0005081-13.2024.8.17.2370,24/04/2026,1ª Vara Cível da Comarca do Cabo de Santo Agostinho,5ª CC,Prioridade Legal
0005470-66.2022.8.17.2370,29/04/2026,1ª Vara Cível da Comarca do Cabo de Santo Agostinho,5ª CC,Prioridade Legal
0007554-35.2025.8.17.2370,06/05/2026,1ª Vara Cível da Comarca do Cabo de Santo Agostinho,4ª CCJ,Sem prioridade
0008363-30.2022.8.17.2370,07/05/2026,1ª Vara Cível da Comarca do Cabo de Santo Agostinho,5ª CC,Prioridade Legal
0008999-25.2024.8.17.2370,08/05/2026,1ª Vara Cível da Comarca do Cabo de Santo Agostinho,5ª CC,Prioridade Legal
0009967-65.2018.8.17.2370,23/04/2026,1ª Vara Cível da Comarca do Cabo de Santo Agostinho,5ª CC,Prioridade Legal
0011536-62.2022.8.17.2370,13/05/2026,1ª Vara Cível da Comarca do Cabo de Santo Agostinho,5ª CC,Sem prioridade
0013839-49.2022.8.17.2370,07/05/2026,1ª Vara Cível da Comarca do Cabo de Santo Agostinho,5ª CC,Prioridade Legal
0020920-20.2020.8.17.2370,27/04/2026,1ª Vara Cível da Comarca do Cabo de Santo Agostinho,5ª CC,Prioridade Legal
0021365-33.2023.8.17.2370,30/04/2026,1ª Vara Cível da Comarca do Cabo de Santo Agostinho,5ª CC,Prioridade Legal
0022469-60.2023.8.17.2370,29/04/2026,1ª Vara Cível da Comarca do Cabo de Santo Agostinho,5ª CC,Prioridade Legal
0026531-17.2021.8.17.2370,24/04/2026,1ª Vara Cível da Comarca do Cabo de Santo Agostinho,5ª CC,Prioridade Legal
0027910-22.2023.8.17.2370,27/04/2026,1ª Vara Cível da Comarca do Cabo de Santo Agostinho,5ª CC,Prioridade Legal
0028667-16.2023.8.17.2370,30/04/2026,1ª Vara Cível da Comarca do Cabo de Santo Agostinho,5ª CC,Prioridade Legal
0038241-68.2020.8.17.2370,30/04/2026,1ª Vara Cível da Comarca do Cabo de Santo Agostinho,5ª CC,Prioridade Legal
0038329-04.2023.8.17.2370,07/05/2026,1ª Vara Cível da Comarca do Cabo de Santo Agostinho,5ª CC,Prioridade Legal
0038738-77.2023.8.17.2370,07/05/2026,1ª Vara Cível da Comarca do Cabo de Santo Agostinho,5ª CC,Prioridade Legal
0039258-37.2023.8.17.2370,28/04/2026,1ª Vara Cível da Comarca do Cabo de Santo Agostinho,5ª CC,Sem prioridade
0000020-74.2024.8.17.2370,05/05/2026,2ª Vara Cível da Comarca do Cabo de Santo Agostinho,5ª CC,Sem prioridade
0001580-80.2026.8.17.2370,29/04/2026,2ª Vara Cível da Comarca do Cabo de Santo Agostinho,5ª CC,Prioridade Legal
0002480-97.2025.8.17.2370,27/04/2026,2ª Vara Cível da Comarca do Cabo de Santo Agostinho,5ª CC,Prioridade Legal
0005370-09.2025.8.17.2370,27/04/2026,2ª Vara Cível da Comarca do Cabo de Santo Agostinho,5ª CC,Sem prioridade
0007468-64.2025.8.17.2370,05/05/2026,2ª Vara Cível da Comarca do Cabo de Santo Agostinho,4ª CCJ,Prioridade Legal
0008011-72.2022.8.17.2370,05/05/2026,2ª Vara Cível da Comarca do Cabo de Santo Agostinho,5ª CC,Sem prioridade
0019248-40.2021.8.17.2370,22/04/2026,2ª Vara Cível da Comarca do Cabo de Santo Agostinho,4ª CCJ,Prioridade Legal
0020694-10.2023.8.17.2370,05/05/2026,2ª Vara Cível da Comarca do Cabo de Santo Agostinho,5ª CC,Sem prioridade
0001420-56.2022.8.17.5810,14/05/2026,3ª Vara Criminal da Comarca do Cabo de Santo Agostinho,2ª CC,Prioridade Legal
0000699-11.2023.8.17.2370,25/04/2026,3ª Vara Cível da Comarca do Cabo de Santo Agostinho,5ª CC,Sem prioridade
0001587-19.2019.8.17.2370,06/05/2026,3ª Vara Cível da Comarca do Cabo de Santo Agostinho,5ª CC,Sem prioridade
0001831-35.2025.8.17.2370,08/05/2026,3ª Vara Cível da Comarca do Cabo de Santo Agostinho,5ª CC,Prioridade Legal
0001870-42.2019.8.17.2370,07/05/2026,3ª Vara Cível da Comarca do Cabo de Santo Agostinho,4ª CCJ,Prioridade Legal
0002761-53.2025.8.17.2370,25/04/2026,3ª Vara Cível da Comarca do Cabo de Santo Agostinho,5ª CC,Prioridade Legal
0003018-15.2024.8.17.2370,08/05/2026,3ª Vara Cível da Comarca do Cabo de Santo Agostinho,5ª CC,Prioridade Legal
0006167-82.2025.8.17.2370,07/05/2026,3ª Vara Cível da Comarca do Cabo de Santo Agostinho,5ª CC,Prioridade Legal
0009893-40.2020.8.17.2370,08/05/2026,3ª Vara Cível da Comarca do Cabo de Santo Agostinho,5ª CC,Prioridade Legal
0013002-91.2022.8.17.2370,30/04/2026,3ª Vara Cível da Comarca do Cabo de Santo Agostinho,5ª CC,Sem prioridade
0000896-29.2024.8.17.2370,04/05/2026,4ª Vara Cível da Comarca do Cabo de Santo Agostinho,5ª CC,Prioridade Legal
0000927-49.2024.8.17.2370,27/04/2026,4ª Vara Cível da Comarca do Cabo de Santo Agostinho,5ª CC,Prioridade Legal
0002497-36.2025.8.17.2370,04/05/2026,4ª Vara Cível da Comarca do Cabo de Santo Agostinho,5ª CC,Prioridade Legal
0002747-69.2025.8.17.2370,05/05/2026,4ª Vara Cível da Comarca do Cabo de Santo Agostinho,5ª CC,Prioridade Legal
0003075-67.2023.8.17.2370,06/04/2026,4ª Vara Cível da Comarca do Cabo de Santo Agostinho,4ª CCJ,Prioridade Legal
0003621-88.2024.8.17.2370,27/04/2026,4ª Vara Cível da Comarca do Cabo de Santo Agostinho,5ª CC,Sem prioridade
0003745-71.2024.8.17.2370,27/04/2026,4ª Vara Cível da Comarca do Cabo de Santo Agostinho,5ª CC,Prioridade Legal
0003822-80.2024.8.17.2370,27/04/2026,4ª Vara Cível da Comarca do Cabo de Santo Agostinho,5ª CC,Sem prioridade
0004060-65.2025.8.17.2370,24/04/2026,4ª Vara Cível da Comarca do Cabo de Santo Agostinho,5ª CC,Prioridade Legal
0004451-54.2024.8.17.2370,04/05/2026,4ª Vara Cível da Comarca do Cabo de Santo Agostinho,5ª CC,Prioridade Legal
0005013-63.2024.8.17.2370,04/05/2026,4ª Vara Cível da Comarca do Cabo de Santo Agostinho,5ª CC,Prioridade Legal
0005926-45.2024.8.17.2370,29/04/2026,4ª Vara Cível da Comarca do Cabo de Santo Agostinho,5ª CC,Prioridade Legal
0006461-37.2025.8.17.2370,29/04/2026,4ª Vara Cível da Comarca do Cabo de Santo Agostinho,5ª CC,Prioridade Legal
0006657-07.2025.8.17.2370,08/05/2026,4ª Vara Cível da Comarca do Cabo de Santo Agostinho,5ª CC,Prioridade Legal
0006662-29.2025.8.17.2370,29/04/2026,4ª Vara Cível da Comarca do Cabo de Santo Agostinho,5ª CC,Prioridade Legal
0011072-14.2017.8.17.2370,03/05/2026,4ª Vara Cível da Comarca do Cabo de Santo Agostinho,5ª CC,Sem prioridade
0014418-36.2018.8.17.2370,04/05/2026,4ª Vara Cível da Comarca do Cabo de Santo Agostinho,5ª CC,Prioridade Legal
0016046-21.2022.8.17.2370,05/05/2026,4ª Vara Cível da Comarca do Cabo de Santo Agostinho,5ª CC,Prioridade Legal
0019323-84.2018.8.17.2370,22/04/2026,4ª Vara Cível da Comarca do Cabo de Santo Agostinho,4ª CCJ,Prioridade Legal
0021201-73.2020.8.17.2370,04/05/2026,4ª Vara Cível da Comarca do Cabo de Santo Agostinho,5ª CC,Prioridade Legal
0033917-30.2023.8.17.2370,11/05/2026,4ª Vara Cível da Comarca do Cabo de Santo Agostinho,5ª CC,Prioridade Legal
0037132-53.2019.8.17.2370,27/04/2026,4ª Vara Cível da Comarca do Cabo de Santo Agostinho,5ª CC,Prioridade Legal
0039716-54.2023.8.17.2370,12/05/2026,4ª Vara Cível da Comarca do Cabo de Santo Agostinho,5ª CC,Prioridade Legal
0001350-87.2016.8.17.2370,06/05/2026,5ª Vara Cível da Comarca do Cabo de Santo Agostinho,5ª CC,Prioridade Legal
0001413-10.2019.8.17.2370,24/04/2026,5ª Vara Cível da Comarca do Cabo de Santo Agostinho,4ª CCJ,Sem prioridade
0001684-19.2019.8.17.2370,14/04/2026,5ª Vara Cível da Comarca do Cabo de Santo Agostinho,4ª CCJ,Prioridade Legal
0001952-73.2019.8.17.2370,04/05/2026,5ª Vara Cível da Comarca do Cabo de Santo Agostinho,4ª CCJ,Sem prioridade
0003436-50.2024.8.17.2370,29/04/2026,5ª Vara Cível da Comarca do Cabo de Santo Agostinho,5ª CC,Prioridade Legal
0004832-28.2025.8.17.2370,30/04/2026,5ª Vara Cível da Comarca do Cabo de Santo Agostinho,5ª CC,Prioridade Legal
0005135-42.2025.8.17.2370,30/04/2026,5ª Vara Cível da Comarca do Cabo de Santo Agostinho,5ª CC,Prioridade Legal
0005182-50.2024.8.17.2370,05/05/2026,5ª Vara Cível da Comarca do Cabo de Santo Agostinho,5ª CC,Prioridade Legal
0007335-56.2024.8.17.2370,28/04/2026,5ª Vara Cível da Comarca do Cabo de Santo Agostinho,5ª CC,Sem prioridade
0007688-62.2025.8.17.2370,30/04/2026,5ª Vara Cível da Comarca do Cabo de Santo Agostinho,5ª CC,Prioridade Legal
0008638-08.2024.8.17.2370,05/05/2026,5ª Vara Cível da Comarca do Cabo de Santo Agostinho,5ª CC,Prioridade Legal
0019069-09.2021.8.17.2370,05/05/2026,5ª Vara Cível da Comarca do Cabo de Santo Agostinho,5ª CC,Prioridade Legal
0022576-75.2021.8.17.2370,29/04/2026,5ª Vara Cível da Comarca do Cabo de Santo Agostinho,5ª CC,Sem prioridade
0023041-16.2023.8.17.2370,07/05/2026,5ª Vara Cível da Comarca do Cabo de Santo Agostinho,5ª CC,Prioridade Legal
0026336-32.2021.8.17.2370,05/05/2026,5ª Vara Cível da Comarca do Cabo de Santo Agostinho,4ª CCJ,Prioridade Legal
0038259-89.2020.8.17.2370,29/04/2026,5ª Vara Cível da Comarca do Cabo de Santo Agostinho,5ª CC,Prioridade Legal
0039063-52.2023.8.17.2370,12/05/2026,5ª Vara Cível da Comarca do Cabo de Santo Agostinho,5ª CC,Sem prioridade
0000158-79.2023.8.17.8221,29/04/2026,Juizado Especial Cível e das Relações de Consumo do Cabo de Santo Agostinho - Turno Manhã - 08:00h às 14:00h,1ª CCJ,Prioridade Legal
0000361-07.2024.8.17.8221,29/04/2026,Juizado Especial Cível e das Relações de Consumo do Cabo de Santo Agostinho - Turno Manhã - 08:00h às 14:00h,1ª CCJ,Prioridade Legal
0000381-61.2025.8.17.8221,15/05/2026,Juizado Especial Cível e das Relações de Consumo do Cabo de Santo Agostinho - Turno Manhã - 08:00h às 14:00h,1ª CCJ,Prioridade Legal
0000466-47.2025.8.17.8221,29/04/2026,Juizado Especial Cível e das Relações de Consumo do Cabo de Santo Agostinho - Turno Manhã - 08:00h às 14:00h,1ª CCJ,Prioridade Legal
0000690-82.2025.8.17.8221,28/04/2026,Juizado Especial Cível e das Relações de Consumo do Cabo de Santo Agostinho - Turno Manhã - 08:00h às 14:00h,1ª CCJ,Prioridade Legal
0000702-09.2019.8.17.8221,05/05/2026,Juizado Especial Cível e das Relações de Consumo do Cabo de Santo Agostinho - Turno Manhã - 08:00h às 14:00h,1ª CCJ,Prioridade Legal
0000714-18.2022.8.17.8221,29/04/2026,Juizado Especial Cível e das Relações de Consumo do Cabo de Santo Agostinho - Turno Manhã - 08:00h às 14:00h,1ª CCJ,Prioridade Legal
0001153-63.2021.8.17.8221,15/05/2026,Juizado Especial Cível e das Relações de Consumo do Cabo de Santo Agostinho - Turno Manhã - 08:00h às 14:00h,1ª CCJ,Prioridade Legal
0001229-82.2024.8.17.8221,30/04/2026,Juizado Especial Cível e das Relações de Consumo do Cabo de Santo Agostinho - Turno Manhã - 08:00h às 14:00h,1ª CC,Prioridade Legal
0001522-18.2025.8.17.8221,29/04/2026,Juizado Especial Cível e das Relações de Consumo do Cabo de Santo Agostinho - Turno Manhã - 08:00h às 14:00h,1ª CCJ,Prioridade Legal
0001886-87.2025.8.17.8221,04/05/2026,Juizado Especial Cível e das Relações de Consumo do Cabo de Santo Agostinho - Turno Manhã - 08:00h às 14:00h,1ª CCJ,Prioridade Legal
0002519-98.2025.8.17.8221,28/04/2026,Juizado Especial Cível e das Relações de Consumo do Cabo de Santo Agostinho - Turno Manhã - 08:00h às 14:00h,1ª CCJ,Prioridade Legal
0004155-87.2022.8.17.2730,14/05/2026,Vara Regional do Tribunal do Júri do Cabo de Santo Agostinho e Ipojuca,2ª CC,Prioridade Legal
0000059-13.2020.8.17.2370,11/05/2026,Vara da Fazenda Pública da Comarca do Cabo de Santo Agostinho,2ª CCJ,Prioridade Legal
0000158-85.2017.8.17.2370,04/05/2026,Vara da Fazenda Pública da Comarca do Cabo de Santo Agostinho,4ª CC,Prioridade Legal
0000190-47.2015.8.17.0370,05/05/2026,Vara da Fazenda Pública da Comarca do Cabo de Santo Agostinho,4ª CC,Sem prioridade
0000339-98.2018.8.17.2290,30/04/2026,Vara da Fazenda Pública da Comarca do Cabo de Santo Agostinho,2ª CCJ,Prioridade Legal
0000565-23.2019.8.17.2370,11/05/2026,Vara da Fazenda Pública da Comarca do Cabo de Santo Agostinho,4ª CC,Prioridade Legal
0000986-14.2010.8.17.0370,15/05/2026,Vara da Fazenda Pública da Comarca do Cabo de Santo Agostinho,2ª CCJ,Sem prioridade
0002120-46.2017.8.17.2370,30/04/2026,Vara da Fazenda Pública da Comarca do Cabo de Santo Agostinho,4ª CC,Prioridade Legal
0003187-70.2022.8.17.2370,30/04/2026,Vara da Fazenda Pública da Comarca do Cabo de Santo Agostinho,2ª CCJ,Prioridade Legal
0003210-16.2022.8.17.2370,04/05/2026,Vara da Fazenda Pública da Comarca do Cabo de Santo Agostinho,4ª CC,Sem prioridade
0003924-45.2011.8.17.0370,06/05/2026,Vara da Fazenda Pública da Comarca do Cabo de Santo Agostinho,4ª CC,Sem prioridade
0004698-17.2007.8.17.0370,28/04/2026,Vara da Fazenda Pública da Comarca do Cabo de Santo Agostinho,4ª CC,Sem prioridade
0005152-89.2010.8.17.0370,15/05/2026,Vara da Fazenda Pública da Comarca do Cabo de Santo Agostinho,2ª CCJ,Sem prioridade
0006497-51.2014.8.17.0370,04/05/2026,Vara da Fazenda Pública da Comarca do Cabo de Santo Agostinho,4ª CC,Sem prioridade
0006767-51.2009.8.17.0370,14/05/2026,Vara da Fazenda Pública da Comarca do Cabo de Santo Agostinho,4ª CC,Sem prioridade
0006861-86.2015.8.17.0370,20/04/2026,Vara da Fazenda Pública da Comarca do Cabo de Santo Agostinho,2ª CCJ,Prioridade Legal
0007339-65.2013.8.17.0370,27/03/2026,Vara da Fazenda Pública da Comarca do Cabo de Santo Agostinho,2ª CCJ,Sem prioridade
0007398-19.2014.8.17.0370,04/05/2026,Vara da Fazenda Pública da Comarca do Cabo de Santo Agostinho,4ª CC,Sem prioridade
0007761-69.2015.8.17.0370,18/04/2026,Vara da Fazenda Pública da Comarca do Cabo de Santo Agostinho,2ª CCJ,Sem prioridade
0007909-85.2012.8.17.0370,12/04/2026,Vara da Fazenda Pública da Comarca do Cabo de Santo Agostinho,2ª CCJ,Sem prioridade
0013713-38.2018.8.17.2370,08/04/2026,Vara da Fazenda Pública da Comarca do Cabo de Santo Agostinho,2ª CCJ,Prioridade Legal
0014190-61.2018.8.17.2370,30/04/2026,Vara da Fazenda Pública da Comarca do Cabo de Santo Agostinho,2ª CCJ,Prioridade Legal
0016321-09.2018.8.17.2370,30/04/2026,Vara da Fazenda Pública da Comarca do Cabo de Santo Agostinho,2ª CCJ,Prioridade Legal
0016473-57.2018.8.17.2370,09/04/2026,Vara da Fazenda Pública da Comarca do Cabo de Santo Agostinho,2ª CCJ,Prioridade Legal
0016707-77.2018.8.17.2810,06/05/2026,Vara da Fazenda Pública da Comarca do Cabo de Santo Agostinho,4ª CC,Prioridade Legal
0020857-63.2018.8.17.2370,05/05/2026,Vara da Fazenda Pública da Comarca do Cabo de Santo Agostinho,2ª CCJ,Prioridade Legal
0020998-82.2018.8.17.2370,05/05/2026,Vara da Fazenda Pública da Comarca do Cabo de Santo Agostinho,4ª CC,Sem prioridade
0021061-34.2023.8.17.2370,08/04/2026,Vara da Fazenda Pública da Comarca do Cabo de Santo Agostinho,2ª CCJ,Prioridade Legal
0021118-28.2018.8.17.2370,06/04/2026,Vara da Fazenda Pública da Comarca do Cabo de Santo Agostinho,2ª CCJ,Prioridade Legal
0026285-21.2021.8.17.2370,30/04/2026,Vara da Fazenda Pública da Comarca do Cabo de Santo Agostinho,2ª CCJ,Prioridade Legal
0026455-27.2020.8.17.2370,30/04/2026,Vara da Fazenda Pública da Comarca do Cabo de Santo Agostinho,2ª CCJ,Prioridade Legal
0028589-90.2021.8.17.2370,10/04/2026,Vara da Fazenda Pública da Comarca do Cabo de Santo Agostinho,2ª CCJ,Sem prioridade
0030624-23.2021.8.17.2370,30/04/2026,Vara da Fazenda Pública da Comarca do Cabo de Santo Agostinho,2ª CCJ,Prioridade Legal
0030941-21.2021.8.17.2370,30/04/2026,Vara da Fazenda Pública da Comarca do Cabo de Santo Agostinho,2ª CCJ,Prioridade Legal
0031118-82.2021.8.17.2370,09/04/2026,Vara da Fazenda Pública da Comarca do Cabo de Santo Agostinho,2ª CCJ,Prioridade Legal
0031185-47.2021.8.17.2370,30/04/2026,Vara da Fazenda Pública da Comarca do Cabo de Santo Agostinho,2ª CCJ,Prioridade Legal
0031196-76.2021.8.17.2370,30/04/2026,Vara da Fazenda Pública da Comarca do Cabo de Santo Agostinho,2ª CCJ,Prioridade Legal
0031208-90.2021.8.17.2370,13/04/2026,Vara da Fazenda Pública da Comarca do Cabo de Santo Agostinho,2ª CCJ,Prioridade Legal
0031409-82.2021.8.17.2370,01/04/2026,Vara da Fazenda Pública da Comarca do Cabo de Santo Agostinho,2ª CCJ,Prioridade Legal
0031412-37.2021.8.17.2370,30/04/2026,Vara da Fazenda Pública da Comarca do Cabo de Santo Agostinho,2ª CCJ,Prioridade Legal
0031467-85.2021.8.17.2370,30/04/2026,Vara da Fazenda Pública da Comarca do Cabo de Santo Agostinho,2ª CCJ,Prioridade Legal
0000109-60.2024.8.17.5260,08/05/2026,1ª Vara da Comarca de Cabrobó,7ª CC,Prioridade Legal
0000228-96.2022.8.17.2380,12/05/2026,1ª Vara da Comarca de Cabrobó,7ª CC,Sem prioridade
0000553-62.2019.8.17.0380,14/05/2026,1ª Vara da Comarca de Cabrobó,7ª CC,Prioridade Legal
0001004-64.2023.8.17.6130,13/05/2026,1ª Vara da Comarca de Cabrobó,7ª CC,Sem prioridade
0001655-31.2022.8.17.2380,13/05/2026,1ª Vara da Comarca de Cabrobó,7ª CC,Prioridade Legal
0002228-69.2022.8.17.2380,15/05/2026,1ª Vara da Comarca de Cabrobó,7ª CC,Prioridade Legal
0000078-81.2023.8.17.2380,06/05/2026,2ª Vara da Comarca de Cabrobó,6ª CCJ,Prioridade Legal
0000199-17.2020.8.17.2380,30/04/2026,2ª Vara da Comarca de Cabrobó,7ª CC,Prioridade Legal
0000265-14.2025.8.17.5260,08/05/2026,2ª Vara da Comarca de Cabrobó,7ª CC,Prioridade Legal
0000278-25.2022.8.17.2380,28/04/2026,2ª Vara da Comarca de Cabrobó,6ª CCJ,Prioridade Legal
0000318-41.2021.8.17.2380,29/04/2026,2ª Vara da Comarca de Cabrobó,6ª CCJ,Prioridade Legal
0000353-98.2021.8.17.2380,22/04/2026,2ª Vara da Comarca de Cabrobó,6ª CCJ,Prioridade Legal
0000426-31.2025.8.17.2380,07/05/2026,2ª Vara da Comarca de Cabrobó,7ª CC,Prioridade Legal
0000437-65.2022.8.17.2380,06/05/2026,2ª Vara da Comarca de Cabrobó,7ª CC,Sem prioridade
0000541-91.2021.8.17.2380,30/04/2026,2ª Vara da Comarca de Cabrobó,6ª CCJ,Prioridade Legal
0000823-23.2018.8.17.0380,06/05/2026,2ª Vara da Comarca de Cabrobó,7ª CC,Prioridade Legal
0001072-80.2021.8.17.2380,06/05/2026,2ª Vara da Comarca de Cabrobó,6ª CCJ,Prioridade Legal
0001082-24.2024.8.17.6130,08/05/2026,2ª Vara da Comarca de Cabrobó,7ª CC,Prioridade Legal
0001177-52.2024.8.17.2380,30/04/2026,2ª Vara da Comarca de Cabrobó,6ª CCJ,Sem prioridade
0001273-39.2013.8.17.0380,07/05/2026,2ª Vara da Comarca de Cabrobó,7ª CC,Prioridade Legal
0001377-93.2023.8.17.2380,06/05/2026,2ª Vara da Comarca de Cabrobó,7ª CC,Prioridade Legal
0002067-25.2023.8.17.2380,28/04/2026,2ª Vara da Comarca de Cabrobó,6ª CCJ,Prioridade Legal
0000020-59.2008.8.17.0390,06/04/2026,Vara Única da Comarca de Cachoeirinha,5ª CCJ,Sem prioridade
0000116-36.2021.8.17.7110,13/05/2026,Vara Única da Comarca de Cachoeirinha,6ª CC,Sem prioridade
0000118-24.2020.8.17.0390,14/05/2026,Vara Única da Comarca de Cachoeirinha,6ª CC,Sem prioridade
0000152-37.2025.8.17.2390,08/05/2026,Vara Única da Comarca de Cachoeirinha,6ª CC,Prioridade Legal
0000157-55.2019.8.17.0390,15/05/2026,Vara Única da Comarca de Cachoeirinha,6ª CC,Prioridade Legal
0000258-09.2019.8.17.2390,30/03/2026,Vara Única da Comarca de Cachoeirinha,5ª CCJ,Sem prioridade
0000264-65.2020.8.17.0390,12/05/2026,Vara Única da Comarca de Cachoeirinha,6ª CC,Prioridade Legal
0000277-10.2022.8.17.2390,07/04/2026,Vara Única da Comarca de Cachoeirinha,5ª CCJ,Prioridade Legal
0000435-03.2012.8.17.0390,07/05/2026,Vara Única da Comarca de Cachoeirinha,6ª CC,Sem prioridade
0000445-07.2025.8.17.2390,17/04/2026,Vara Única da Comarca de Cachoeirinha,5ª CCJ,Prioridade Legal
0000447-17.2012.8.17.0390,13/05/2026,Vara Única da Comarca de Cachoeirinha,6ª CC,Sem prioridade
0001007-84.2023.8.17.2390,23/04/2026,Vara Única da Comarca de Cachoeirinha,5ª CCJ,Prioridade Legal
0000017-97.2022.8.17.2400,13/05/2026,Vara Única da Comarca de Caetés,5ª CCJ,Prioridade Legal
0000056-60.2023.8.17.2400,13/05/2026,Vara Única da Comarca de Caetés,6ª CC,Prioridade Legal
0000058-66.2024.8.17.4640,14/05/2026,Vara Única da Comarca de Caetés,6ª CC,Prioridade Legal
0000105-38.2022.8.17.2400,14/05/2026,Vara Única da Comarca de Caetés,5ª CCJ,Prioridade Legal
0000159-38.2021.8.17.2400,05/05/2026,Vara Única da Comarca de Caetés,5ª CCJ,Prioridade Legal
0000162-90.2021.8.17.2400,13/05/2026,Vara Única da Comarca de Caetés,5ª CCJ,Prioridade Legal
0000191-43.2021.8.17.2400,13/05/2026,Vara Única da Comarca de Caetés,5ª CCJ,Prioridade Legal
0000248-90.2023.8.17.2400,14/05/2026,Vara Única da Comarca de Caetés,5ª CCJ,Prioridade Legal
0000251-45.2023.8.17.2400,08/05/2026,Vara Única da Comarca de Caetés,6ª CC,Prioridade Legal
0000308-34.2021.8.17.2400,13/05/2026,Vara Única da Comarca de Caetés,5ª CCJ,Prioridade Legal
0000309-91.2024.8.17.5640,14/05/2026,Vara Única da Comarca de Caetés,6ª CC,Prioridade Legal
0000330-87.2024.8.17.2400,13/05/2026,Vara Única da Comarca de Caetés,6ª CC,Sem prioridade
0000342-04.2024.8.17.2400,13/05/2026,Vara Única da Comarca de Caetés,6ª CC,Prioridade Legal
0000370-74.2021.8.17.2400,13/05/2026,Vara Única da Comarca de Caetés,6ª CC,Prioridade Legal
0000440-86.2024.8.17.2400,15/04/2026,Vara Única da Comarca de Caetés,5ª CCJ,Prioridade Legal
0000484-72.2016.8.17.0400,14/05/2026,Vara Única da Comarca de Caetés,6ª CC,Prioridade Legal
0000505-82.2015.8.17.0400,11/05/2026,Vara Única da Comarca de Caetés,6ª CC,Sem prioridade
0000521-69.2023.8.17.2400,14/05/2026,Vara Única da Comarca de Caetés,6ª CC,Prioridade Legal
0000527-76.2023.8.17.2400,10/05/2026,Vara Única da Comarca de Caetés,6ª CC,Prioridade Legal
0000542-16.2021.8.17.2400,12/05/2026,Vara Única da Comarca de Caetés,6ª CC,Prioridade Legal
0000545-34.2022.8.17.2400,14/05/2026,Vara Única da Comarca de Caetés,6ª CC,Prioridade Legal
0000551-37.2016.8.17.0400,12/05/2026,Vara Única da Comarca de Caetés,6ª CC,Sem prioridade
0000629-69.2021.8.17.2400,27/04/2026,Vara Única da Comarca de Caetés,5ª CCJ,Prioridade Legal
0000646-66.2025.8.17.2400,13/05/2026,Vara Única da Comarca de Caetés,6ª CC,Prioridade Legal
0000658-22.2021.8.17.2400,17/04/2026,Vara Única da Comarca de Caetés,5ª CCJ,Prioridade Legal
0000769-35.2023.8.17.2400,14/05/2026,Vara Única da Comarca de Caetés,6ª CC,Prioridade Legal
0004507-97.2025.8.17.2420,16/05/2026,1ª Vara Criminal da Comarca de Camaragibe,2ª CC,Prioridade Legal
0000961-45.2010.8.17.0420,11/05/2026,1ª Vara Cível da Comarca de Camaragibe,5ª CC,Sem prioridade
0001040-58.2009.8.17.0420,07/05/2026,1ª Vara Cível da Comarca de Camaragibe,5ª CC,Prioridade Legal
0001249-03.2004.8.17.0420,13/05/2026,1ª Vara Cível da Comarca de Camaragibe,4ª CCJ,Prioridade Legal
0001821-17.2008.8.17.0420,07/05/2026,1ª Vara Cível da Comarca de Camaragibe,5ª CC,Prioridade Legal
0002081-02.2005.8.17.0420,11/05/2026,1ª Vara Cível da Comarca de Camaragibe,5ª CC,Sem prioridade
0002097-77.2010.8.17.0420,11/05/2026,1ª Vara Cível da Comarca de Camaragibe,5ª CC,Sem prioridade
0002239-18.2009.8.17.0420,07/05/2026,1ª Vara Cível da Comarca de Camaragibe,5ª CC,Sem prioridade
0002552-70.2021.8.17.2420,14/05/2026,1ª Vara Cível da Comarca de Camaragibe,5ª CC,Prioridade Legal
0002999-93.2011.8.17.0420,11/05/2026,1ª Vara Cível da Comarca de Camaragibe,5ª CC,Sem prioridade
0004186-97.2015.8.17.0420,14/05/2026,1ª Vara Cível da Comarca de Camaragibe,5ª CC,Prioridade Legal
0004708-32.2012.8.17.0420,05/05/2026,1ª Vara Cível da Comarca de Camaragibe,5ª CC,Prioridade Legal
0004908-68.2014.8.17.0420,07/05/2026,1ª Vara Cível da Comarca de Camaragibe,5ª CC,Prioridade Legal
0005210-97.2014.8.17.0420,11/05/2026,1ª Vara Cível da Comarca de Camaragibe,5ª CC,Sem prioridade
0016751-29.2023.8.17.2420,08/05/2026,1ª Vara Cível da Comarca de Camaragibe,5ª CC,Prioridade Legal
0017157-26.2018.8.17.2420,08/05/2026,1ª Vara Cível da Comarca de Camaragibe,5ª CC,Prioridade Legal
0019485-26.2018.8.17.2420,15/05/2026,1ª Vara Cível da Comarca de Camaragibe,5ª CC,Prioridade Legal
0019733-50.2022.8.17.2420,05/05/2026,1ª Vara Cível da Comarca de Camaragibe,5ª CC,Prioridade Legal
0022556-94.2022.8.17.2420,05/05/2026,1ª Vara Cível da Comarca de Camaragibe,5ª CC,Prioridade Legal
0001978-23.2025.8.17.5810,15/05/2026,2ª Vara Criminal da Comarca de Camaragibe,2ª CC,Prioridade Legal
0000189-37.2026.8.17.2420,06/05/2026,2ª Vara Cível da Comarca de Camaragibe,5ª CC,Prioridade Legal
0000281-26.2011.8.17.0420,27/04/2026,2ª Vara Cível da Comarca de Camaragibe,5ª CC,Sem prioridade
0000419-61.2009.8.17.0420,06/05/2026,2ª Vara Cível da Comarca de Camaragibe,5ª CC,Prioridade Legal
0000423-54.2016.8.17.0420,06/05/2026,2ª Vara Cível da Comarca de Camaragibe,5ª CC,Prioridade Legal
0000466-65.1991.8.17.0420,08/05/2026,2ª Vara Cível da Comarca de Camaragibe,5ª CC,Prioridade Legal
0000831-41.1999.8.17.0420,07/05/2026,2ª Vara Cível da Comarca de Camaragibe,5ª CC,Sem prioridade
0000904-85.2014.8.17.0420,08/05/2026,2ª Vara Cível da Comarca de Camaragibe,5ª CC,Prioridade Legal
0001144-11.2013.8.17.0420,23/04/2026,2ª Vara Cível da Comarca de Camaragibe,5ª CC,Sem prioridade
0001178-20.2012.8.17.0420,14/05/2026,2ª Vara Cível da Comarca de Camaragibe,5ª CC,Prioridade Legal
0001199-93.2012.8.17.0420,22/04/2026,2ª Vara Cível da Comarca de Camaragibe,4ª CCJ,Sem prioridade
0001535-39.2008.8.17.0420,13/05/2026,2ª Vara Cível da Comarca de Camaragibe,5ª CC,Prioridade Legal
0001575-39.2025.8.17.2420,08/05/2026,2ª Vara Cível da Comarca de Camaragibe,5ª CC,Prioridade Legal
0001593-23.2000.8.17.0420,03/05/2026,2ª Vara Cível da Comarca de Camaragibe,5ª CC,Prioridade Legal
0001625-59.2023.8.17.3350,04/05/2026,2ª Vara Cível da Comarca de Camaragibe,5ª CC,Super prioridade
0001848-97.2008.8.17.0420,15/05/2026,2ª Vara Cível da Comarca de Camaragibe,5ª CC,Prioridade Legal
0002524-63.2025.8.17.2420,13/05/2026,2ª Vara Cível da Comarca de Camaragibe,5ª CC,Prioridade Legal
0004096-94.2012.8.17.0420,08/05/2026,2ª Vara Cível da Comarca de Camaragibe,5ª CC,Prioridade Legal
0004170-80.2014.8.17.0420,13/05/2026,2ª Vara Cível da Comarca de Camaragibe,5ª CC,Prioridade Legal
0004383-95.2017.8.17.2420,14/05/2026,2ª Vara Cível da Comarca de Camaragibe,5ª CC,Sem prioridade
0004405-85.2019.8.17.2420,03/05/2026,2ª Vara Cível da Comarca de Camaragibe,5ª CC,Prioridade Legal
0004592-88.2022.8.17.2420,07/05/2026,2ª Vara Cível da Comarca de Camaragibe,5ª CC,Sem prioridade
0004875-09.2025.8.17.2420,15/05/2026,2ª Vara Cível da Comarca de Camaragibe,5ª CC,Prioridade Legal
0004922-23.2012.8.17.0420,14/05/2026,2ª Vara Cível da Comarca de Camaragibe,5ª CC,Prioridade Legal
0004970-10.2023.8.17.2420,22/04/2026,2ª Vara Cível da Comarca de Camaragibe,5ª CC,Prioridade Legal
0005186-39.2021.8.17.2420,13/05/2026,2ª Vara Cível da Comarca de Camaragibe,5ª CC,Prioridade Legal
0005559-70.2021.8.17.2420,12/05/2026,2ª Vara Cível da Comarca de Camaragibe,5ª CC,Prioridade Legal
0005677-07.2025.8.17.2420,06/05/2026,2ª Vara Cível da Comarca de Camaragibe,5ª CC,Prioridade Legal
0005685-58.2011.8.17.0420,14/05/2026,2ª Vara Cível da Comarca de Camaragibe,5ª CC,Prioridade Legal
0005879-81.2025.8.17.2420,08/05/2026,2ª Vara Cível da Comarca de Camaragibe,4ª CCJ,Prioridade Legal
0007003-76.2011.8.17.0420,13/05/2026,2ª Vara Cível da Comarca de Camaragibe,5ª CC,Prioridade Legal
0011884-90.2023.8.17.2420,13/05/2026,2ª Vara Cível da Comarca de Camaragibe,5ª CC,Prioridade Legal
0014771-13.2024.8.17.2420,07/05/2026,2ª Vara Cível da Comarca de Camaragibe,5ª CC,Prioridade Legal
0000219-82.2020.8.17.2420,13/05/2026,3ª Vara Cível da Comarca de Camaragibe,5ª CC,Prioridade Legal
0000657-74.2021.8.17.2420,30/04/2026,3ª Vara Cível da Comarca de Camaragibe,5ª CC,Sem prioridade
0000885-88.2017.8.17.2420,15/05/2026,3ª Vara Cível da Comarca de Camaragibe,5ª CC,Prioridade Legal
0001983-56.2001.8.17.0420,23/04/2026,3ª Vara Cível da Comarca de Camaragibe,5ª CC,Prioridade Legal
0004944-17.2020.8.17.2420,05/05/2026,3ª Vara Cível da Comarca de Camaragibe,4ª CCJ,Prioridade Legal
0007160-72.2025.8.17.2420,29/04/2026,3ª Vara Cível da Comarca de Camaragibe,5ª CC,Sem prioridade
0013314-43.2024.8.17.2420,13/05/2026,3ª Vara Cível da Comarca de Camaragibe,5ª CC,Prioridade Legal
0016690-81.2017.8.17.2420,06/05/2026,3ª Vara Cível da Comarca de Camaragibe,4ª CCJ,Prioridade Legal
0025605-46.2022.8.17.2420,15/04/2026,3ª Vara Cível da Comarca de Camaragibe,4ª CCJ,Sem prioridade
0000068-79.2025.8.17.8228,04/05/2026,Juizado Especial Cível e das Relações de Consumo de Camaragibe - Turno Manhã - 07:00h às 13:00h,1ª CCJ,Prioridade Legal
0000283-60.2022.8.17.8228,29/04/2026,Juizado Especial Cível e das Relações de Consumo de Camaragibe - Turno Manhã - 07:00h às 13:00h,1ª CCJ,Prioridade Legal
0001148-78.2025.8.17.8228,30/04/2026,Juizado Especial Cível e das Relações de Consumo de Camaragibe - Turno Manhã - 07:00h às 13:00h,1ª CCJ,Prioridade Legal
0001148-83.2022.8.17.8228,04/05/2026,Juizado Especial Cível e das Relações de Consumo de Camaragibe - Turno Manhã - 07:00h às 13:00h,1ª CCJ,Prioridade Legal
0001149-63.2025.8.17.8228,29/04/2026,Juizado Especial Cível e das Relações de Consumo de Camaragibe - Turno Manhã - 07:00h às 13:00h,1ª CCJ,Prioridade Legal
0001316-80.2025.8.17.8228,29/04/2026,Juizado Especial Cível e das Relações de Consumo de Camaragibe - Turno Manhã - 07:00h às 13:00h,1ª CCJ,Prioridade Legal
0001387-53.2023.8.17.8228,30/04/2026,Juizado Especial Cível e das Relações de Consumo de Camaragibe - Turno Manhã - 07:00h às 13:00h,1ª CCJ,Prioridade Legal
0001557-25.2023.8.17.8228,30/04/2026,Juizado Especial Cível e das Relações de Consumo de Camaragibe - Turno Manhã - 07:00h às 13:00h,1ª CCJ,Prioridade Legal
0001603-77.2024.8.17.8228,29/04/2026,Juizado Especial Cível e das Relações de Consumo de Camaragibe - Turno Manhã - 07:00h às 13:00h,1ª CCJ,Prioridade Legal
0001888-36.2025.8.17.8228,29/04/2026,Juizado Especial Cível e das Relações de Consumo de Camaragibe - Turno Manhã - 07:00h às 13:00h,1ª CCJ,Prioridade Legal
0002796-64.2023.8.17.8228,30/04/2026,Juizado Especial Cível e das Relações de Consumo de Camaragibe - Turno Manhã - 07:00h às 13:00h,1ª CCJ,Prioridade Legal
0000004-18.2016.8.17.2430,20/04/2026,Vara Única da Comarca de Camocim de São Félix,5ª CCJ,Prioridade Legal
0000060-80.2018.8.17.2430,07/05/2026,Vara Única da Comarca de Camocim de São Félix,5ª CCJ,Prioridade Legal
0000071-41.2020.8.17.2430,15/05/2026,Vara Única da Comarca de Camocim de São Félix,6ª CC,Prioridade Legal
0000441-49.2022.8.17.2430,30/04/2026,Vara Única da Comarca de Camocim de São Félix,5ª CCJ,Sem prioridade
0000441-50.2013.8.17.0430,15/05/2026,Vara Única da Comarca de Camocim de São Félix,5ª CCJ,Sem prioridade
0000572-87.2023.8.17.2430,07/05/2026,Vara Única da Comarca de Camocim de São Félix,6ª CC,Sem prioridade
0000075-09.2024.8.17.2440,10/04/2026,Vara Única da Comarca de Canhotinho,5ª CCJ,Prioridade Legal
0000366-83.2010.8.17.0440,13/05/2026,Vara Única da Comarca de Canhotinho,6ª CC,Sem prioridade
0000389-18.2025.8.17.2440,16/05/2026,Vara Única da Comarca de Canhotinho,6ª CC,Prioridade Legal
0000554-65.2025.8.17.2440,07/05/2026,Vara Única da Comarca de Canhotinho,6ª CC,Prioridade Legal
0000627-72.2015.8.17.0440,08/04/2026,Vara Única da Comarca de Canhotinho,5ª CCJ,Sem prioridade
0000644-15.2021.8.17.2440,16/05/2026,Vara Única da Comarca de Canhotinho,6ª CC,Sem prioridade
0000692-66.2024.8.17.2440,14/05/2026,Vara Única da Comarca de Canhotinho,6ª CC,Prioridade Legal
0001337-28.2023.8.17.2440,12/05/2026,Vara Única da Comarca de Canhotinho,6ª CC,Prioridade Legal
0000373-68.2024.8.17.2450,27/04/2026,Vara Única da Comarca de Capoeiras,5ª CCJ,Sem prioridade
0000547-39.2023.8.17.4220,12/05/2026,Vara Única da Comarca de Capoeiras,6ª CC,Prioridade Legal
0000396-91.2018.8.17.2460,28/04/2026,Vara Única da Comarca de Carnaíba,6ª CCJ,Prioridade Legal
0000557-91.2024.8.17.2460,14/05/2026,Vara Única da Comarca de Carnaíba,7ª CC,Prioridade Legal
0000228-59.2018.8.17.2470,28/04/2026,1ª Vara Cível da Comarca de Carpina,5ª CC,Sem prioridade
0000726-92.2017.8.17.2470,07/05/2026,1ª Vara Cível da Comarca de Carpina,5ª CC,Sem prioridade
0000937-84.2024.8.17.2470,07/05/2026,1ª Vara Cível da Comarca de Carpina,5ª CC,Sem prioridade
0001398-85.2026.8.17.2470,28/04/2026,1ª Vara Cível da Comarca de Carpina,5ª CC,Prioridade Legal
0002422-61.2020.8.17.2470,28/04/2026,1ª Vara Cível da Comarca de Carpina,5ª CC,Sem prioridade
0002658-42.2022.8.17.2470,28/04/2026,1ª Vara Cível da Comarca de Carpina,5ª CC,Prioridade Legal
0002665-29.2025.8.17.2470,14/05/2026,1ª Vara Cível da Comarca de Carpina,5ª CC,Prioridade Legal
0002705-11.2025.8.17.2470,06/05/2026,1ª Vara Cível da Comarca de Carpina,5ª CC,Super prioridade
0003104-84.2018.8.17.2470,23/04/2026,1ª Vara Cível da Comarca de Carpina,4ª CCJ,Prioridade Legal
0003250-81.2025.8.17.2470,06/05/2026,1ª Vara Cível da Comarca de Carpina,5ª CC,Prioridade Legal
0003330-89.2018.8.17.2470,04/05/2026,1ª Vara Cível da Comarca de Carpina,5ª CC,Prioridade Legal
0003474-53.2024.8.17.2470,08/05/2026,1ª Vara Cível da Comarca de Carpina,5ª CC,Prioridade Legal
0003480-60.2024.8.17.2470,06/05/2026,1ª Vara Cível da Comarca de Carpina,5ª CC,Sem prioridade
0003558-25.2022.8.17.2470,28/04/2026,1ª Vara Cível da Comarca de Carpina,5ª CC,Sem prioridade
0005229-49.2023.8.17.2470,28/04/2026,1ª Vara Cível da Comarca de Carpina,5ª CC,Prioridade Legal
0005401-54.2024.8.17.2470,08/05/2026,1ª Vara Cível da Comarca de Carpina,5ª CC,Super prioridade
0005838-66.2022.8.17.2470,27/04/2026,1ª Vara Cível da Comarca de Carpina,5ª CC,Sem prioridade
0000127-75.2025.8.17.2470,08/05/2026,2ª Vara Cível da Comarca de Carpina,5ª CC,Prioridade Legal
0000257-41.2020.8.17.2470,24/04/2026,2ª Vara Cível da Comarca de Carpina,4ª CCJ,Prioridade Legal
0000291-55.2016.8.17.2470,14/04/2026,2ª Vara Cível da Comarca de Carpina,4ª CCJ,Prioridade Legal
0000579-66.2017.8.17.2470,07/05/2026,2ª Vara Cível da Comarca de Carpina,5ª CC,Prioridade Legal
0000853-55.2013.8.17.0470,06/05/2026,2ª Vara Cível da Comarca de Carpina,5ª CC,Prioridade Legal
0000915-89.2025.8.17.2470,29/04/2026,2ª Vara Cível da Comarca de Carpina,5ª CC,Prioridade Legal
0001078-06.2024.8.17.2470,07/05/2026,2ª Vara Cível da Comarca de Carpina,4ª CCJ,Sem prioridade
0001163-55.2025.8.17.2470,07/05/2026,2ª Vara Cível da Comarca de Carpina,4ª CCJ,Prioridade Legal
0001299-19.2017.8.17.0470,21/04/2026,2ª Vara Cível da Comarca de Carpina,4ª CCJ,Prioridade Legal
0001304-50.2020.8.17.2470,08/05/2026,2ª Vara Cível da Comarca de Carpina,5ª CC,Sem prioridade
0001404-68.2021.8.17.2470,29/04/2026,2ª Vara Cível da Comarca de Carpina,4ª CCJ,Sem prioridade
0001505-03.2024.8.17.2470,28/04/2026,2ª Vara Cível da Comarca de Carpina,5ª CC,Sem prioridade
0001510-88.2025.8.17.2470,27/04/2026,2ª Vara Cível da Comarca de Carpina,4ª CCJ,Prioridade Legal
0001574-06.2022.8.17.2470,14/05/2026,2ª Vara Cível da Comarca de Carpina,4ª CCJ,Prioridade Legal
0001645-76.2020.8.17.2470,24/04/2026,2ª Vara Cível da Comarca de Carpina,5ª CC,Prioridade Legal
0001752-81.2024.8.17.2470,28/04/2026,2ª Vara Cível da Comarca de Carpina,5ª CC,Sem prioridade
0001755-02.2025.8.17.2470,28/04/2026,2ª Vara Cível da Comarca de Carpina,5ª CC,Prioridade Legal
0001795-57.2020.8.17.2470,21/04/2026,2ª Vara Cível da Comarca de Carpina,4ª CCJ,Sem prioridade
0001801-64.2020.8.17.2470,06/05/2026,2ª Vara Cível da Comarca de Carpina,5ª CC,Prioridade Legal
0002244-49.2019.8.17.2470,21/04/2026,2ª Vara Cível da Comarca de Carpina,4ª CCJ,Prioridade Legal
0002518-08.2022.8.17.2470,15/05/2026,2ª Vara Cível da Comarca de Carpina,5ª CC,Sem prioridade
0002599-30.2017.8.17.2470,04/05/2026,2ª Vara Cível da Comarca de Carpina,5ª CC,Prioridade Legal
0002649-56.2017.8.17.2470,27/04/2026,2ª Vara Cível da Comarca de Carpina,4ª CCJ,Sem prioridade
0002784-63.2020.8.17.2470,28/04/2026,2ª Vara Cível da Comarca de Carpina,5ª CC,Sem prioridade
0003420-87.2024.8.17.2470,06/05/2026,2ª Vara Cível da Comarca de Carpina,5ª CC,Prioridade Legal
0003608-17.2023.8.17.2470,04/05/2026,2ª Vara Cível da Comarca de Carpina,5ª CC,Sem prioridade
0003878-75.2022.8.17.2470,07/05/2026,2ª Vara Cível da Comarca de Carpina,4ª CCJ,Prioridade Legal
0004092-32.2023.8.17.2470,06/05/2026,2ª Vara Cível da Comarca de Carpina,5ª CC,Sem prioridade
0004984-09.2021.8.17.2470,30/04/2026,2ª Vara Cível da Comarca de Carpina,4ª CCJ,Prioridade Legal
0006428-09.2023.8.17.2470,24/04/2026,2ª Vara Cível da Comarca de Carpina,5ª CC,Prioridade Legal
0000508-98.2016.8.17.2470,05/05/2026,3ª Vara Cível da Comarca de Carpina,5ª CC,Sem prioridade
0000715-24.2021.8.17.2470,30/04/2026,3ª Vara Cível da Comarca de Carpina,5ª CC,Sem prioridade
0000846-58.2016.8.17.0470,14/05/2026,3ª Vara Cível da Comarca de Carpina,4ª CCJ,Prioridade Legal
0000950-20.2023.8.17.2470,04/05/2026,3ª Vara Cível da Comarca de Carpina,5ª CC,Sem prioridade
0001388-75.2025.8.17.2470,04/05/2026,3ª Vara Cível da Comarca de Carpina,5ª CC,Prioridade Legal
0001597-83.2021.8.17.2470,30/04/2026,3ª Vara Cível da Comarca de Carpina,5ª CC,Prioridade Legal
0002021-57.2023.8.17.2470,22/04/2026,3ª Vara Cível da Comarca de Carpina,4ª CCJ,Sem prioridade
0002195-32.2024.8.17.2470,30/04/2026,3ª Vara Cível da Comarca de Carpina,5ª CC,Prioridade Legal
0002339-74.2022.8.17.2470,28/04/2026,3ª Vara Cível da Comarca de Carpina,4ª CCJ,Prioridade Legal
0002564-26.2024.8.17.2470,04/05/2026,3ª Vara Cível da Comarca de Carpina,5ª CC,Prioridade Legal
0002732-28.2024.8.17.2470,30/04/2026,3ª Vara Cível da Comarca de Carpina,5ª CC,Sem prioridade
0003166-17.2024.8.17.2470,22/04/2026,3ª Vara Cível da Comarca de Carpina,5ª CC,Prioridade Legal
0003449-40.2024.8.17.2470,04/05/2026,3ª Vara Cível da Comarca de Carpina,5ª CC,Prioridade Legal
0003616-62.2021.8.17.2470,15/05/2026,3ª Vara Cível da Comarca de Carpina,4ª CCJ,Prioridade Legal
0003724-87.2015.8.17.0470,07/05/2026,3ª Vara Cível da Comarca de Carpina,5ª CC,Sem prioridade
0003860-20.2023.8.17.2470,04/05/2026,3ª Vara Cível da Comarca de Carpina,5ª CC,Prioridade Legal
0004399-49.2024.8.17.2470,05/05/2026,3ª Vara Cível da Comarca de Carpina,5ª CC,Prioridade Legal
0004419-45.2021.8.17.2470,07/05/2026,3ª Vara Cível da Comarca de Carpina,4ª CCJ,Prioridade Legal
0004692-24.2021.8.17.2470,14/04/2026,3ª Vara Cível da Comarca de Carpina,4ª CCJ,Prioridade Legal
0004751-12.2021.8.17.2470,07/05/2026,3ª Vara Cível da Comarca de Carpina,4ª CCJ,Prioridade Legal
0004913-07.2021.8.17.2470,21/04/2026,3ª Vara Cível da Comarca de Carpina,4ª CCJ,Prioridade Legal
0004999-08.2014.8.17.0470,04/05/2026,3ª Vara Cível da Comarca de Carpina,5ª CC,Prioridade Legal
0005031-80.2021.8.17.2470,07/05/2026,3ª Vara Cível da Comarca de Carpina,4ª CCJ,Prioridade Legal
0005211-91.2024.8.17.2470,05/05/2026,3ª Vara Cível da Comarca de Carpina,5ª CC,Sem prioridade
0000893-90.2023.8.17.5480,15/05/2026,1ª Vara Criminal da Comarca de Caruaru,2ª CC,Prioridade Legal
0001899-91.2024.8.17.4480,15/05/2026,1ª Vara Criminal da Comarca de Caruaru,2ª CC,Prioridade Legal
0000131-58.2020.8.17.2480,15/04/2026,1ª Vara Cível da Comarca de Caruaru,1ª CCJ,Prioridade Legal
0000353-90.2013.8.17.1180,06/05/2026,1ª Vara Cível da Comarca de Caruaru,1ª CCJ,Sem prioridade
0000595-48.2021.8.17.2480,13/05/2026,1ª Vara Cível da Comarca de Caruaru,3ª CC,Prioridade Legal
0001152-93.2025.8.17.2480,05/05/2026,1ª Vara Cível da Comarca de Caruaru,3ª CC,Prioridade Legal
0001314-35.2018.8.17.2480,15/05/2026,1ª Vara Cível da Comarca de Caruaru,3ª CC,Prioridade Legal
0002139-42.2019.8.17.2480,05/05/2026,1ª Vara Cível da Comarca de Caruaru,1ª CCJ,Sem prioridade
0003824-50.2020.8.17.2480,26/04/2026,1ª Vara Cível da Comarca de Caruaru,3ª CC,Prioridade Legal
0004845-95.2019.8.17.2480,08/05/2026,1ª Vara Cível da Comarca de Caruaru,1ª CCJ,Prioridade Legal
0005530-10.2016.8.17.2480,14/05/2026,1ª Vara Cível da Comarca de Caruaru,1ª CCJ,Sem prioridade
0006851-41.2020.8.17.2480,07/04/2026,1ª Vara Cível da Comarca de Caruaru,1ª CCJ,Prioridade Legal
0006960-84.2022.8.17.2480,04/05/2026,1ª Vara Cível da Comarca de Caruaru,3ª CC,Sem prioridade
0008957-39.2021.8.17.2480,13/05/2026,1ª Vara Cível da Comarca de Caruaru,3ª CC,Prioridade Legal
0009238-93.2012.8.17.0480,06/05/2026,1ª Vara Cível da Comarca de Caruaru,3ª CC,Sem prioridade
0009405-41.2023.8.17.2480,15/04/2026,1ª Vara Cível da Comarca de Caruaru,1ª CCJ,Prioridade Legal
0011154-60.2015.8.17.0480,24/04/2026,1ª Vara Cível da Comarca de Caruaru,3ª CC,Sem prioridade
0011661-88.2022.8.17.2480,28/04/2026,1ª Vara Cível da Comarca de Caruaru,3ª CC,Prioridade Legal
0012354-67.2025.8.17.2480,04/05/2026,1ª Vara Cível da Comarca de Caruaru,3ª CC,Sem prioridade
0013049-95.2011.8.17.0480,14/05/2026,1ª Vara Cível da Comarca de Caruaru,3ª CC,Prioridade Legal
0014570-98.2025.8.17.2480,11/05/2026,1ª Vara Cível da Comarca de Caruaru,3ª CC,Sem prioridade
0017510-70.2024.8.17.2480,07/05/2026,1ª Vara Cível da Comarca de Caruaru,3ª CC,Prioridade Legal
0020594-50.2022.8.17.2480,15/05/2026,1ª Vara Cível da Comarca de Caruaru,3ª CC,Prioridade Legal
0000380-72.2022.8.17.3180,06/05/2026,1ª Vara da Fazenda Pública da Comarca de Caruaru,2ª CCJ,Prioridade Legal
0000384-41.2023.8.17.2480,30/04/2026,1ª Vara da Fazenda Pública da Comarca de Caruaru,4ª CC,Prioridade Legal
0000450-21.2023.8.17.2480,06/05/2026,1ª Vara da Fazenda Pública da Comarca de Caruaru,4ª CC,Prioridade Legal
0000857-33.2011.8.17.0480,14/05/2026,1ª Vara da Fazenda Pública da Comarca de Caruaru,4ª CC,Sem prioridade
0001100-97.2025.8.17.2480,06/05/2026,1ª Vara da Fazenda Pública da Comarca de Caruaru,4ª CC,Prioridade Legal
0001259-06.2026.8.17.2480,15/05/2026,1ª Vara da Fazenda Pública da Comarca de Caruaru,4ª CC,Prioridade Legal
0001563-49.2019.8.17.2480,30/04/2026,1ª Vara da Fazenda Pública da Comarca de Caruaru,2ª CCJ,Prioridade Legal
0002073-67.2016.8.17.2480,07/04/2026,1ª Vara da Fazenda Pública da Comarca de Caruaru,2ª CCJ,Prioridade Legal
0002472-19.2015.8.17.0480,06/05/2026,1ª Vara da Fazenda Pública da Comarca de Caruaru,4ª CC,Sem prioridade
0003214-19.2019.8.17.2480,05/05/2026,1ª Vara da Fazenda Pública da Comarca de Caruaru,4ª CC,Prioridade Legal
0003303-42.2019.8.17.2480,06/05/2026,1ª Vara da Fazenda Pública da Comarca de Caruaru,4ª CC,Prioridade Legal
0003473-72.2023.8.17.2480,15/05/2026,1ª Vara da Fazenda Pública da Comarca de Caruaru,4ª CC,Prioridade Legal
0003534-94.2015.8.17.0480,06/05/2026,1ª Vara da Fazenda Pública da Comarca de Caruaru,2ª CCJ,Sem prioridade
0003880-20.2019.8.17.2480,12/05/2026,1ª Vara da Fazenda Pública da Comarca de Caruaru,2ª CCJ,Prioridade Legal
0004245-30.2026.8.17.2480,29/04/2026,1ª Vara da Fazenda Pública da Comarca de Caruaru,4ª CC,Prioridade Legal
0005308-37.2019.8.17.2480,30/04/2026,1ª Vara da Fazenda Pública da Comarca de Caruaru,2ª CCJ,Prioridade Legal
0005434-19.2021.8.17.2480,29/04/2026,1ª Vara da Fazenda Pública da Comarca de Caruaru,4ª CC,Prioridade Legal
0005965-13.2018.8.17.2480,08/04/2026,1ª Vara da Fazenda Pública da Comarca de Caruaru,2ª CCJ,Prioridade Legal
0006625-75.2016.8.17.2480,14/05/2026,1ª Vara da Fazenda Pública da Comarca de Caruaru,4ª CC,Sem prioridade
0006678-22.2017.8.17.2480,15/04/2026,1ª Vara da Fazenda Pública da Comarca de Caruaru,2ª CCJ,Prioridade Legal
0007744-32.2020.8.17.2480,28/04/2026,1ª Vara da Fazenda Pública da Comarca de Caruaru,4ª CC,Sem prioridade
0007793-10.2019.8.17.2480,15/05/2026,1ª Vara da Fazenda Pública da Comarca de Caruaru,4ª CC,Prioridade Legal
0008478-47.2012.8.17.0480,15/05/2026,1ª Vara da Fazenda Pública da Comarca de Caruaru,2ª CCJ,Sem prioridade
0009228-88.2008.8.17.0480,15/05/2026,1ª Vara da Fazenda Pública da Comarca de Caruaru,2ª CCJ,Sem prioridade
0010116-12.2024.8.17.2480,06/05/2026,1ª Vara da Fazenda Pública da Comarca de Caruaru,4ª CC,Prioridade Legal
0010338-58.2016.8.17.2480,06/05/2026,1ª Vara da Fazenda Pública da Comarca de Caruaru,4ª CC,Prioridade Legal
0010508-20.2022.8.17.2480,06/05/2026,1ª Vara da Fazenda Pública da Comarca de Caruaru,2ª CCJ,Prioridade Legal
0010849-75.2024.8.17.2480,08/05/2026,1ª Vara da Fazenda Pública da Comarca de Caruaru,2ª CCJ,Prioridade Legal
0011675-67.2025.8.17.2480,15/04/2026,1ª Vara da Fazenda Pública da Comarca de Caruaru,2ª CCJ,Prioridade Legal
0011829-56.2023.8.17.2480,15/05/2026,1ª Vara da Fazenda Pública da Comarca de Caruaru,4ª CC,Sem prioridade
0011859-62.2021.8.17.2480,05/05/2026,1ª Vara da Fazenda Pública da Comarca de Caruaru,4ª CC,Sem prioridade
0012376-05.2011.8.17.0480,06/05/2026,1ª Vara da Fazenda Pública da Comarca de Caruaru,4ª CC,Prioridade Legal
0013111-61.2025.8.17.2480,15/05/2026,1ª Vara da Fazenda Pública da Comarca de Caruaru,4ª CC,Sem prioridade
0013278-20.2021.8.17.2480,12/05/2026,1ª Vara da Fazenda Pública da Comarca de Caruaru,2ª CCJ,Prioridade Legal
0013673-07.2024.8.17.2480,12/05/2026,1ª Vara da Fazenda Pública da Comarca de Caruaru,4ª CC,Prioridade Legal
0014695-71.2022.8.17.2480,19/04/2026,1ª Vara da Fazenda Pública da Comarca de Caruaru,4ª CC,Sem prioridade
0016482-68.2015.8.17.0480,29/04/2026,1ª Vara da Fazenda Pública da Comarca de Caruaru,2ª CCJ,Sem prioridade
0016613-42.2024.8.17.2480,01/05/2026,1ª Vara da Fazenda Pública da Comarca de Caruaru,2ª CCJ,Sem prioridade
0019044-20.2022.8.17.2480,07/05/2026,1ª Vara da Fazenda Pública da Comarca de Caruaru,4ª CC,Sem prioridade
0066373-54.1998.8.17.0480,29/04/2026,1ª Vara da Fazenda Pública da Comarca de Caruaru,2ª CCJ,Sem prioridade
0000633-65.2018.8.17.2480,08/05/2026,1ª Vara de Família e Registro Civil da Comarca de Caruaru,3ª CC,Prioridade Legal
0000949-05.2023.8.17.2480,14/05/2026,1ª Vara de Família e Registro Civil da Comarca de Caruaru,3ª CCJ,Sem prioridade
0000957-11.2025.8.17.2480,14/05/2026,1ª Vara de Família e Registro Civil da Comarca de Caruaru,3ª CCJ,Sem prioridade
0002941-06.2020.8.17.2480,14/05/2026,1ª Vara de Família e Registro Civil da Comarca de Caruaru,3ª CCJ,Sem prioridade
0004146-13.2007.8.17.0480,05/05/2026,1ª Vara de Família e Registro Civil da Comarca de Caruaru,3ª CCJ,Prioridade Legal
0005795-31.2024.8.17.2480,05/05/2026,1ª Vara de Família e Registro Civil da Comarca de Caruaru,3ª CCJ,Prioridade Legal
0006330-86.2026.8.17.2480,12/05/2026,1ª Vara de Família e Registro Civil da Comarca de Caruaru,3ª CC,Prioridade Legal
0006819-75.2016.8.17.2480,05/05/2026,1ª Vara de Família e Registro Civil da Comarca de Caruaru,3ª CCJ,Sem prioridade
0008250-32.2025.8.17.2480,12/05/2026,1ª Vara de Família e Registro Civil da Comarca de Caruaru,3ª CCJ,Prioridade Legal
0008412-61.2024.8.17.2480,12/05/2026,1ª Vara de Família e Registro Civil da Comarca de Caruaru,3ª CCJ,Prioridade Legal
0008614-04.2025.8.17.2480,14/05/2026,1ª Vara de Família e Registro Civil da Comarca de Caruaru,3ª CCJ,Prioridade Legal
0008752-39.2023.8.17.2480,08/05/2026,1ª Vara de Família e Registro Civil da Comarca de Caruaru,3ª CC,Prioridade Legal
0009128-25.2023.8.17.2480,15/05/2026,1ª Vara de Família e Registro Civil da Comarca de Caruaru,3ª CC,Sem prioridade
0010293-20.2017.8.17.2480,14/05/2026,1ª Vara de Família e Registro Civil da Comarca de Caruaru,3ª CCJ,Sem prioridade
0012236-62.2023.8.17.2480,28/04/2026,1ª Vara de Família e Registro Civil da Comarca de Caruaru,3ª CC,Prioridade Legal
0012328-69.2025.8.17.2480,14/05/2026,1ª Vara de Família e Registro Civil da Comarca de Caruaru,3ª CCJ,Sem prioridade
0013307-31.2025.8.17.2480,13/05/2026,1ª Vara de Família e Registro Civil da Comarca de Caruaru,3ª CC,Prioridade Legal
0015256-90.2025.8.17.2480,30/04/2026,1ª Vara de Família e Registro Civil da Comarca de Caruaru,3ª CCJ,Prioridade Legal
0016471-04.2025.8.17.2480,30/04/2026,1ª Vara de Família e Registro Civil da Comarca de Caruaru,3ª CCJ,Prioridade Legal
0017436-50.2023.8.17.2480,30/04/2026,1ª Vara de Família e Registro Civil da Comarca de Caruaru,3ª CCJ,Prioridade Legal
0018116-98.2024.8.17.2480,15/05/2026,1ª Vara de Família e Registro Civil da Comarca de Caruaru,3ª CCJ,Prioridade Legal
0023561-34.2023.8.17.2480,07/05/2026,1ª Vara de Família e Registro Civil da Comarca de Caruaru,3ª CC,Prioridade Legal
0024849-17.2023.8.17.2480,07/05/2026,1ª Vara de Família e Registro Civil da Comarca de Caruaru,3ª CC,Prioridade Legal
0000606-14.2020.8.17.2480,08/05/2026,2ª Vara Cível da Comarca de Caruaru,3ª CC,Sem prioridade
0001895-45.2021.8.17.2480,06/05/2026,2ª Vara Cível da Comarca de Caruaru,1ª CCJ,Prioridade Legal
0002421-85.2016.8.17.2480,28/04/2026,2ª Vara Cível da Comarca de Caruaru,3ª CC,Prioridade Legal
0004577-94.2026.8.17.2480,03/05/2026,2ª Vara Cível da Comarca de Caruaru,3ª CC,Prioridade Legal
0007519-17.2017.8.17.2480,10/04/2026,2ª Vara Cível da Comarca de Caruaru,1ª CCJ,Prioridade Legal
0009000-16.2008.8.17.0480,29/04/2026,2ª Vara Cível da Comarca de Caruaru,1ª CCJ,Sem prioridade
0009361-62.2010.8.17.0480,26/04/2026,2ª Vara Cível da Comarca de Caruaru,1ª CCJ,Sem prioridade
0011961-79.2024.8.17.2480,13/05/2026,2ª Vara Cível da Comarca de Caruaru,3ª CC,Prioridade Legal
0012507-42.2021.8.17.2480,17/04/2026,2ª Vara Cível da Comarca de Caruaru,1ª CCJ,Prioridade Legal
0014161-94.2014.8.17.0480,12/04/2026,2ª Vara Cível da Comarca de Caruaru,1ª CCJ,Sem prioridade
0016049-63.2024.8.17.2480,13/05/2026,2ª Vara Cível da Comarca de Caruaru,3ª CC,Prioridade Legal
0000135-61.2021.8.17.2480,15/05/2026,2ª Vara da Fazenda Pública da Comarca de Caruaru,4ª CC,Sem prioridade
0000409-54.2023.8.17.2480,15/05/2026,2ª Vara da Fazenda Pública da Comarca de Caruaru,4ª CC,Prioridade Legal
0000455-43.2023.8.17.2480,30/04/2026,2ª Vara da Fazenda Pública da Comarca de Caruaru,4ª CC,Prioridade Legal
0000607-67.2018.8.17.2480,08/05/2026,2ª Vara da Fazenda Pública da Comarca de Caruaru,4ª CC,Sem prioridade
0001122-34.2020.8.17.2480,04/05/2026,2ª Vara da Fazenda Pública da Comarca de Caruaru,2ª CCJ,Prioridade Legal
0001584-20.2022.8.17.2480,07/05/2026,2ª Vara da Fazenda Pública da Comarca de Caruaru,4ª CC,Prioridade Legal
0001901-86.2020.8.17.2480,05/05/2026,2ª Vara da Fazenda Pública da Comarca de Caruaru,4ª CC,Sem prioridade
0002217-89.2026.8.17.2480,05/05/2026,2ª Vara da Fazenda Pública da Comarca de Caruaru,4ª CC,Prioridade Legal
0002705-54.2020.8.17.2480,30/04/2026,2ª Vara da Fazenda Pública da Comarca de Caruaru,4ª CC,Prioridade Legal
0003013-22.2022.8.17.2480,08/05/2026,2ª Vara da Fazenda Pública da Comarca de Caruaru,2ª CCJ,Sem prioridade
0003538-04.2022.8.17.2480,09/04/2026,2ª Vara da Fazenda Pública da Comarca de Caruaru,2ª CCJ,Prioridade Legal
0004137-40.2022.8.17.2480,08/05/2026,2ª Vara da Fazenda Pública da Comarca de Caruaru,2ª CCJ,Prioridade Legal
0004287-89.2020.8.17.2480,28/04/2026,2ª Vara da Fazenda Pública da Comarca de Caruaru,4ª CC,Prioridade Legal
0004677-98.2016.8.17.2480,15/05/2026,2ª Vara da Fazenda Pública da Comarca de Caruaru,2ª CCJ,Prioridade Legal
0004759-95.2017.8.17.2480,14/04/2026,2ª Vara da Fazenda Pública da Comarca de Caruaru,2ª CCJ,Sem prioridade
0004936-16.2015.8.17.0480,16/04/2026,2ª Vara da Fazenda Pública da Comarca de Caruaru,2ª CCJ,Sem prioridade
0005324-83.2022.8.17.2480,14/05/2026,2ª Vara da Fazenda Pública da Comarca de Caruaru,4ª CC,Prioridade Legal
0005568-85.2017.8.17.2480,13/05/2026,2ª Vara da Fazenda Pública da Comarca de Caruaru,4ª CC,Sem prioridade
0005783-61.2017.8.17.2480,28/04/2026,2ª Vara da Fazenda Pública da Comarca de Caruaru,2ª CCJ,Prioridade Legal
0005903-41.2016.8.17.2480,16/04/2026,2ª Vara da Fazenda Pública da Comarca de Caruaru,2ª CCJ,Sem prioridade
0006196-93.2025.8.17.2480,24/04/2026,2ª Vara da Fazenda Pública da Comarca de Caruaru,2ª CCJ,Prioridade Legal
0006533-19.2024.8.17.2480,15/05/2026,2ª Vara da Fazenda Pública da Comarca de Caruaru,2ª CCJ,Prioridade Legal
0006704-83.2018.8.17.2480,14/04/2026,2ª Vara da Fazenda Pública da Comarca de Caruaru,2ª CCJ,Sem prioridade
0006872-13.2014.8.17.0480,29/04/2026,2ª Vara da Fazenda Pública da Comarca de Caruaru,4ª CC,Sem prioridade
0007027-44.2025.8.17.2480,10/04/2026,2ª Vara da Fazenda Pública da Comarca de Caruaru,2ª CCJ,Prioridade Legal
0007192-04.2019.8.17.2480,16/04/2026,2ª Vara da Fazenda Pública da Comarca de Caruaru,2ª CCJ,Prioridade Legal
0007932-25.2020.8.17.2480,29/04/2026,2ª Vara da Fazenda Pública da Comarca de Caruaru,2ª CCJ,Prioridade Legal
0008030-78.2018.8.17.2480,23/04/2026,2ª Vara da Fazenda Pública da Comarca de Caruaru,2ª CCJ,Prioridade Legal
0008350-89.2022.8.17.2480,08/05/2026,2ª Vara da Fazenda Pública da Comarca de Caruaru,4ª CC,Prioridade Legal
0008415-21.2021.8.17.2480,29/04/2026,2ª Vara da Fazenda Pública da Comarca de Caruaru,4ª CC,Sem prioridade
0008461-10.2021.8.17.2480,04/05/2026,2ª Vara da Fazenda Pública da Comarca de Caruaru,2ª CCJ,Prioridade Legal
0008773-25.2017.8.17.2480,24/04/2026,2ª Vara da Fazenda Pública da Comarca de Caruaru,2ª CCJ,Prioridade Legal
0008780-80.2018.8.17.2480,29/04/2026,2ª Vara da Fazenda Pública da Comarca de Caruaru,4ª CC,Sem prioridade
0008781-65.2018.8.17.2480,05/05/2026,2ª Vara da Fazenda Pública da Comarca de Caruaru,4ª CC,Sem prioridade
0009371-76.2017.8.17.2480,05/05/2026,2ª Vara da Fazenda Pública da Comarca de Caruaru,4ª CC,Prioridade Legal
0009671-72.2016.8.17.2480,15/05/2026,2ª Vara da Fazenda Pública da Comarca de Caruaru,2ª CCJ,Prioridade Legal
0010007-66.2022.8.17.2480,16/05/2026,2ª Vara da Fazenda Pública da Comarca de Caruaru,4ª CC,Prioridade Legal
0010104-43.2008.8.17.0480,12/05/2026,2ª Vara da Fazenda Pública da Comarca de Caruaru,4ª CC,Sem prioridade
0010248-74.2021.8.17.2480,16/05/2026,2ª Vara da Fazenda Pública da Comarca de Caruaru,4ª CC,Sem prioridade
0010761-42.2021.8.17.2480,05/05/2026,2ª Vara da Fazenda Pública da Comarca de Caruaru,4ª CC,Sem prioridade
0011182-90.2025.8.17.2480,30/04/2026,2ª Vara da Fazenda Pública da Comarca de Caruaru,4ª CC,Prioridade Legal
0011317-73.2023.8.17.2480,13/05/2026,2ª Vara da Fazenda Pública da Comarca de Caruaru,2ª CCJ,Sem prioridade
0011620-24.2022.8.17.2480,07/05/2026,2ª Vara da Fazenda Pública da Comarca de Caruaru,2ª CCJ,Prioridade Legal
0013181-78.2025.8.17.2480,10/04/2026,2ª Vara da Fazenda Pública da Comarca de Caruaru,2ª CCJ,Sem prioridade
0015658-46.2014.8.17.0480,13/05/2026,2ª Vara da Fazenda Pública da Comarca de Caruaru,4ª CC,Sem prioridade
0016644-62.2024.8.17.2480,29/04/2026,2ª Vara da Fazenda Pública da Comarca de Caruaru,4ª CC,Sem prioridade
0005992-83.2024.8.17.2480,22/03/2026,2ª Vara de Família e Registro Civil da Comarca de Caruaru,3ª CCJ,Prioridade Legal
0006468-87.2025.8.17.2480,13/05/2026,2ª Vara de Família e Registro Civil da Comarca de Caruaru,3ª CCJ,Prioridade Legal
0007343-57.2025.8.17.2480,06/05/2026,2ª Vara de Família e Registro Civil da Comarca de Caruaru,3ª CCJ,Prioridade Legal
0008154-17.2025.8.17.2480,04/05/2026,2ª Vara de Família e Registro Civil da Comarca de Caruaru,3ª CCJ,Sem prioridade
0008396-44.2023.8.17.2480,04/05/2026,2ª Vara de Família e Registro Civil da Comarca de Caruaru,3ª CCJ,Prioridade Legal
0008577-74.2025.8.17.2480,24/04/2026,2ª Vara de Família e Registro Civil da Comarca de Caruaru,3ª CCJ,Sem prioridade
0010099-73.2024.8.17.2480,21/04/2026,2ª Vara de Família e Registro Civil da Comarca de Caruaru,3ª CCJ,Prioridade Legal
0012736-60.2025.8.17.2480,05/05/2026,2ª Vara de Família e Registro Civil da Comarca de Caruaru,3ª CCJ,Sem prioridade
0014363-02.2025.8.17.2480,13/05/2026,2ª Vara de Família e Registro Civil da Comarca de Caruaru,3ª CCJ,Prioridade Legal
0014609-95.2025.8.17.2480,05/05/2026,2ª Vara de Família e Registro Civil da Comarca de Caruaru,3ª CCJ,Prioridade Legal
0017293-90.2025.8.17.2480,13/05/2026,2ª Vara de Família e Registro Civil da Comarca de Caruaru,3ª CCJ,Sem prioridade
0019620-76.2023.8.17.2480,22/04/2026,2ª Vara de Família e Registro Civil da Comarca de Caruaru,3ª CCJ,Sem prioridade
0001363-91.2020.8.17.0480,15/05/2026,3ª Vara Criminal da Comarca de Caruaru,2ª CC,Sem prioridade
0001532-78.2020.8.17.0480,15/05/2026,3ª Vara Criminal da Comarca de Caruaru,2ª CC,Sem prioridade
0002081-88.2020.8.17.0480,15/05/2026,3ª Vara Criminal da Comarca de Caruaru,2ª CC,Sem prioridade
0014636-16.2015.8.17.0480,15/05/2026,3ª Vara Criminal da Comarca de Caruaru,2ª CC,Sem prioridade
0000009-40.2023.8.17.2480,14/05/2026,3ª Vara Cível da Comarca de Caruaru,3ª CC,Prioridade Legal
0001679-89.2018.8.17.2480,11/05/2026,3ª Vara Cível da Comarca de Caruaru,3ª CC,Prioridade Legal
0003079-79.2023.8.17.4480,15/05/2026,3ª Vara Cível da Comarca de Caruaru,3ª CC,Prioridade Legal
0003681-85.2025.8.17.2480,07/05/2026,3ª Vara Cível da Comarca de Caruaru,3ª CC,Prioridade Legal
0004400-14.2018.8.17.2480,14/05/2026,3ª Vara Cível da Comarca de Caruaru,3ª CC,Prioridade Legal
0006414-34.2019.8.17.2480,14/05/2026,3ª Vara Cível da Comarca de Caruaru,1ª CCJ,Prioridade Legal
0007775-52.2020.8.17.2480,10/05/2026,3ª Vara Cível da Comarca de Caruaru,3ª CC,Prioridade Legal
0009248-35.2015.8.17.0480,16/04/2026,3ª Vara Cível da Comarca de Caruaru,1ª CCJ,Prioridade Legal
0011839-43.2010.8.17.0480,24/04/2026,3ª Vara Cível da Comarca de Caruaru,1ª CCJ,Sem prioridade
0014786-93.2024.8.17.2480,14/05/2026,3ª Vara Cível da Comarca de Caruaru,3ª CC,Prioridade Legal
0015020-47.2013.8.17.0480,23/04/2026,3ª Vara Cível da Comarca de Caruaru,PARTIDOR,Sem prioridade
0017961-95.2024.8.17.2480,15/05/2026,3ª Vara Cível da Comarca de Caruaru,3ª CC,Prioridade Legal
0018009-54.2024.8.17.2480,14/05/2026,3ª Vara Cível da Comarca de Caruaru,3ª CC,Prioridade Legal
0050713-25.1995.8.17.0480,16/05/2026,3ª Vara Cível da Comarca de Caruaru,1ª CCJ,Prioridade Legal
0000060-56.2021.8.17.3180,10/04/2026,4ª Vara Cível da Comarca de Caruaru,1ª CCJ,Sem prioridade
0001136-29.2005.8.17.0480,11/04/2026,4ª Vara Cível da Comarca de Caruaru,1ª CCJ,Sem prioridade
0001736-78.2016.8.17.2480,15/05/2026,4ª Vara Cível da Comarca de Caruaru,1ª CCJ,Prioridade Legal
0003514-49.2017.8.17.2480,26/04/2026,4ª Vara Cível da Comarca de Caruaru,1ª CCJ,Prioridade Legal
0007225-57.2020.8.17.2480,08/05/2026,4ª Vara Cível da Comarca de Caruaru,3ª CC,Prioridade Legal
0007407-67.2025.8.17.2480,13/05/2026,4ª Vara Cível da Comarca de Caruaru,3ª CC,Prioridade Legal
0007661-16.2020.8.17.2480,23/04/2026,4ª Vara Cível da Comarca de Caruaru,3ª CC,Sem prioridade
0007784-72.2024.8.17.2480,14/05/2026,4ª Vara Cível da Comarca de Caruaru,3ª CC,Prioridade Legal
0007853-17.2018.8.17.2480,10/04/2026,4ª Vara Cível da Comarca de Caruaru,1ª CCJ,Sem prioridade
0008521-46.2022.8.17.2480,06/05/2026,4ª Vara Cível da Comarca de Caruaru,3ª CC,Prioridade Legal
0009037-32.2023.8.17.2480,13/05/2026,4ª Vara Cível da Comarca de Caruaru,3ª CC,Prioridade Legal
0009149-35.2022.8.17.2480,04/05/2026,4ª Vara Cível da Comarca de Caruaru,1ª CCJ,Prioridade Legal
0011447-29.2024.8.17.2480,14/05/2026,4ª Vara Cível da Comarca de Caruaru,3ª CC,Prioridade Legal
0012041-43.2024.8.17.2480,15/05/2026,4ª Vara Cível da Comarca de Caruaru,3ª CC,Prioridade Legal
0018870-40.2024.8.17.2480,13/05/2026,4ª Vara Cível da Comarca de Caruaru,3ª CC,Prioridade Legal
0019819-98.2023.8.17.2480,06/05/2026,4ª Vara Cível da Comarca de Caruaru,3ª CC,Prioridade Legal
0001701-16.2019.8.17.2480,06/05/2026,5ª Vara Cível da Comarca de Caruaru,1ª CCJ,Prioridade Legal
0002808-57.2014.8.17.0480,17/04/2026,5ª Vara Cível da Comarca de Caruaru,3ª CC,Sem prioridade
0003664-49.2025.8.17.2480,17/04/2026,5ª Vara Cível da Comarca de Caruaru,1ª CCJ,Prioridade Legal
0004090-95.2024.8.17.2480,17/04/2026,5ª Vara Cível da Comarca de Caruaru,1ª CCJ,Prioridade Legal
0004218-86.2022.8.17.2480,15/05/2026,5ª Vara Cível da Comarca de Caruaru,1ª CCJ,Prioridade Legal
0004254-60.2024.8.17.2480,23/04/2026,5ª Vara Cível da Comarca de Caruaru,1ª CCJ,Prioridade Legal
0005576-47.2026.8.17.2480,06/05/2026,5ª Vara Cível da Comarca de Caruaru,3ª CC,Prioridade Legal
0006398-07.2024.8.17.2480,06/05/2026,5ª Vara Cível da Comarca de Caruaru,3ª CC,Prioridade Legal
0008876-90.2021.8.17.2480,30/04/2026,5ª Vara Cível da Comarca de Caruaru,3ª CC,Prioridade Legal
0009458-85.2024.8.17.2480,29/04/2026,5ª Vara Cível da Comarca de Caruaru,3ª CC,Prioridade Legal
0009844-96.2016.8.17.2480,06/05/2026,5ª Vara Cível da Comarca de Caruaru,1ª CCJ,Prioridade Legal
0013028-50.2022.8.17.2480,07/05/2026,5ª Vara Cível da Comarca de Caruaru,3ª CC,Sem prioridade
0017795-34.2022.8.17.2480,10/04/2026,5ª Vara Cível da Comarca de Caruaru,1ª CCJ,Prioridade Legal
0018604-87.2023.8.17.2480,27/04/2026,5ª Vara Cível da Comarca de Caruaru,1ª CCJ,Prioridade Legal
0072980-44.2002.8.17.0480,26/04/2026,5ª Vara Cível da Comarca de Caruaru,1ª CCJ,Sem prioridade
0003980-62.2025.8.17.2480,05/05/2026,6ª Vara Cível da Comarca de Caruaru,3ª CC,Prioridade Legal
0005793-27.2025.8.17.2480,12/04/2026,6ª Vara Cível da Comarca de Caruaru,1ª CCJ,Prioridade Legal
0009458-51.2025.8.17.2480,12/05/2026,6ª Vara Cível da Comarca de Caruaru,3ª CC,Prioridade Legal
0014597-81.2025.8.17.2480,05/05/2026,6ª Vara Cível da Comarca de Caruaru,1ª CCJ,Sem prioridade
0000521-15.2018.8.17.8230,29/04/2026,Juizado Especial Cível e das Relações de Consumo de Caruaru - Turno Manhã - 08:00h às 14:00h,1ª CC,Prioridade Legal
0000765-94.2025.8.17.8230,16/05/2026,Juizado Especial Cível e das Relações de Consumo de Caruaru - Turno Manhã - 08:00h às 14:00h,1ª CCJ,Prioridade Legal
0001449-92.2020.8.17.8230,29/04/2026,Juizado Especial Cível e das Relações de Consumo de Caruaru - Turno Manhã - 08:00h às 14:00h,1ª CCJ,Prioridade Legal
0002272-90.2025.8.17.8230,29/04/2026,Juizado Especial Cível e das Relações de Consumo de Caruaru - Turno Manhã - 08:00h às 14:00h,1ª CCJ,Prioridade Legal
0000042-30.2016.8.17.0490,29/04/2026,Vara Única da Comarca de Catende,5ª CC,Sem prioridade
0000056-87.2011.8.17.0490,07/05/2026,Vara Única da Comarca de Catende,5ª CC,Sem prioridade
0000090-56.2023.8.17.2490,04/05/2026,Vara Única da Comarca de Catende,5ª CC,Sem prioridade
0000133-95.2020.8.17.2490,29/04/2026,Vara Única da Comarca de Catende,5ª CC,Sem prioridade
0000145-12.2020.8.17.2490,28/04/2026,Vara Única da Comarca de Catende,5ª CC,Prioridade Legal
0000151-24.2017.8.17.2490,03/05/2026,Vara Única da Comarca de Catende,5ª CC,Prioridade Legal
0000285-12.2021.8.17.2490,05/05/2026,Vara Única da Comarca de Catende,5ª CC,Prioridade Legal
0000290-29.2024.8.17.2490,06/05/2026,Vara Única da Comarca de Catende,4ª CCJ,Prioridade Legal
0000290-68.2020.8.17.2490,10/04/2026,Vara Única da Comarca de Catende,4ª CCJ,Sem prioridade
0000310-83.2025.8.17.2490,05/05/2026,Vara Única da Comarca de Catende,5ª CC,Super prioridade
0000354-82.2024.8.17.5030,04/05/2026,Vara Única da Comarca de Catende,5ª CC,Prioridade Legal
0000412-47.2021.8.17.2490,28/04/2026,Vara Única da Comarca de Catende,5ª CC,Sem prioridade
0000467-56.2025.8.17.2490,08/05/2026,Vara Única da Comarca de Catende,4ª CCJ,Prioridade Legal
0000495-58.2024.8.17.2490,29/04/2026,Vara Única da Comarca de Catende,5ª CC,Prioridade Legal
0000512-94.2024.8.17.2490,05/05/2026,Vara Única da Comarca de Catende,4ª CCJ,Prioridade Legal
0000598-65.2024.8.17.2490,07/05/2026,Vara Única da Comarca de Catende,5ª CC,Prioridade Legal
0000607-61.2023.8.17.2490,29/04/2026,Vara Única da Comarca de Catende,5ª CC,Sem prioridade
0000620-26.2024.8.17.2490,23/04/2026,Vara Única da Comarca de Catende,5ª CC,Prioridade Legal
0000668-19.2023.8.17.2490,29/04/2026,Vara Única da Comarca de Catende,5ª CC,Prioridade Legal
0000734-62.2024.8.17.2490,14/05/2026,Vara Única da Comarca de Catende,4ª CCJ,Prioridade Legal
0000827-25.2024.8.17.2490,04/05/2026,Vara Única da Comarca de Catende,5ª CC,Prioridade Legal
0000872-34.2021.8.17.2490,24/04/2026,Vara Única da Comarca de Catende,5ª CC,Prioridade Legal
0001025-33.2022.8.17.2490,29/04/2026,Vara Única da Comarca de Catende,5ª CC,Prioridade Legal
0001097-54.2021.8.17.2490,27/04/2026,Vara Única da Comarca de Catende,5ª CC,Prioridade Legal
0000032-27.2022.8.17.2510,07/04/2026,Vara Única da Comarca de Condado,4ª CCJ,Prioridade Legal
0000227-12.2022.8.17.2510,27/04/2026,Vara Única da Comarca de Condado,5ª CC,Prioridade Legal
0000525-33.2024.8.17.2510,08/05/2026,Vara Única da Comarca de Condado,5ª CC,Prioridade Legal
0000656-08.2024.8.17.2510,12/05/2026,Vara Única da Comarca de Condado,5ª CC,Prioridade Legal
0000667-03.2025.8.17.2510,08/05/2026,Vara Única da Comarca de Condado,5ª CC,Prioridade Legal
0000703-50.2022.8.17.2510,08/05/2026,Vara Única da Comarca de Condado,5ª CC,Prioridade Legal
0001362-91.2023.8.17.5980,08/05/2026,Vara Única da Comarca de Condado,5ª CC,Prioridade Legal
0017129-84.2024.8.17.2990,07/05/2026,Vara Única da Comarca de Condado,5ª CC,Prioridade Legal
0000061-69.2012.8.17.0880,15/05/2026,Vara Única da Comarca de Correntes,6ª CC,Prioridade Legal
0000092-04.2021.8.17.2520,24/04/2026,Vara Única da Comarca de Correntes,5ª CCJ,Prioridade Legal
0000134-92.2017.8.17.2520,14/05/2026,Vara Única da Comarca de Correntes,6ª CC,Sem prioridade
0000249-61.2021.8.17.2880,07/05/2026,Vara Única da Comarca de Correntes,5ª CCJ,Prioridade Legal
0000277-29.2021.8.17.2880,07/05/2026,Vara Única da Comarca de Correntes,6ª CC,Prioridade Legal
0000327-90.2011.8.17.0880,15/05/2026,Vara Única da Comarca de Correntes,6ª CC,Prioridade Legal
0000353-27.2025.8.17.2520,20/04/2026,Vara Única da Comarca de Correntes,5ª CCJ,Prioridade Legal
0000924-95.2025.8.17.2520,15/05/2026,Vara Única da Comarca de Correntes,5ª CCJ,Prioridade Legal
0000174-68.2022.8.17.2530,07/05/2026,Vara Única da Comarca de Cortês,4ª CCJ,Prioridade Legal
0000497-68.2025.8.17.2530,20/04/2026,Vara Única da Comarca de Cortês,4ª CCJ,Sem prioridade
0000179-94.2014.8.17.0550,08/04/2026,Vara Única da Comarca de Cupira,5ª CCJ,Prioridade Legal
0000364-69.2013.8.17.0550,08/05/2026,Vara Única da Comarca de Cupira,6ª CC,Sem prioridade
0000547-40.2013.8.17.0550,08/05/2026,Vara Única da Comarca de Cupira,6ª CC,Prioridade Legal
0000620-80.2011.8.17.0550,14/05/2026,Vara Única da Comarca de Cupira,6ª CC,Prioridade Legal
0000705-97.2023.8.17.5480,15/05/2026,Vara Única da Comarca de Cupira,6ª CC,Prioridade Legal
0000741-73.2021.8.17.2550,20/04/2026,Vara Única da Comarca de Cupira,5ª CCJ,Prioridade Legal
0000272-53.2016.8.17.0270,08/05/2026,1ª Vara da Comarca de Custódia,7ª CC,Prioridade Legal
0000993-42.2015.8.17.0560,15/05/2026,1ª Vara da Comarca de Custódia,7ª CC,Prioridade Legal
0001241-41.2023.8.17.2560,07/05/2026,1ª Vara da Comarca de Custódia,7ª CC,Sem prioridade
0001264-16.2025.8.17.2560,15/05/2026,1ª Vara da Comarca de Custódia,6ª CCJ,Prioridade Legal
0001517-38.2024.8.17.2560,11/05/2026,1ª Vara da Comarca de Custódia,7ª CC,Prioridade Legal
0000023-43.2021.8.17.2270,30/04/2026,2ª Vara da Comarca de Custódia,7ª CC,Sem prioridade
0000178-83.2020.8.17.2560,11/05/2026,2ª Vara da Comarca de Custódia,7ª CC,Prioridade Legal
0000511-26.2017.8.17.0560,07/05/2026,2ª Vara da Comarca de Custódia,7ª CC,Prioridade Legal
0001388-67.2023.8.17.2560,12/05/2026,2ª Vara da Comarca de Custódia,7ª CC,Prioridade Legal
0001698-79.2011.8.17.0560,06/05/2026,2ª Vara da Comarca de Custódia,7ª CC,Sem prioridade
0000017-39.2014.8.17.0570,28/04/2026,1ª Vara da Comarca de Escada,5ª CC,Prioridade Legal
0000465-74.2024.8.17.2570,06/05/2026,1ª Vara da Comarca de Escada,5ª CC,Prioridade Legal
0000583-80.2017.8.17.0570,13/05/2026,1ª Vara da Comarca de Escada,5ª CC,Prioridade Legal
0000609-82.2023.8.17.2570,28/04/2026,1ª Vara da Comarca de Escada,4ª CCJ,Sem prioridade
0000655-37.2024.8.17.2570,07/05/2026,1ª Vara da Comarca de Escada,5ª CC,Sem prioridade
0000669-55.2023.8.17.2570,27/04/2026,1ª Vara da Comarca de Escada,4ª CCJ,Prioridade Legal
0000967-77.2016.8.17.0570,29/04/2026,1ª Vara da Comarca de Escada,5ª CC,Sem prioridade
0000999-29.2009.8.17.0570,07/05/2026,1ª Vara da Comarca de Escada,5ª CC,Prioridade Legal
0001046-90.2015.8.17.0570,13/05/2026,1ª Vara da Comarca de Escada,4ª CCJ,Sem prioridade
0001215-76.2024.8.17.2570,28/04/2026,1ª Vara da Comarca de Escada,5ª CC,Prioridade Legal
0001299-77.2024.8.17.2570,04/05/2026,1ª Vara da Comarca de Escada,5ª CC,Sem prioridade
0001415-20.2023.8.17.2570,04/05/2026,1ª Vara da Comarca de Escada,5ª CC,Prioridade Legal
0000112-97.2025.8.17.2570,05/05/2026,2ª Vara da Comarca de Escada,5ª CC,Prioridade Legal
0000239-40.2022.8.17.2570,27/04/2026,2ª Vara da Comarca de Escada,4ª CCJ,Prioridade Legal
0000253-24.2022.8.17.2570,14/05/2026,2ª Vara da Comarca de Escada,4ª CCJ,Prioridade Legal
0000346-76.1999.8.17.0570,27/04/2026,2ª Vara da Comarca de Escada,5ª CC,Prioridade Legal
0000398-75.2025.8.17.2570,29/04/2026,2ª Vara da Comarca de Escada,4ª CCJ,Prioridade Legal
0000406-91.2021.8.17.2570,23/04/2026,2ª Vara da Comarca de Escada,4ª CCJ,Sem prioridade
0000442-94.2025.8.17.2570,29/04/2026,2ª Vara da Comarca de Escada,5ª CC,Sem prioridade
0000474-02.2025.8.17.2570,27/04/2026,2ª Vara da Comarca de Escada,5ª CC,Prioridade Legal
0000852-56.2016.8.17.0570,13/05/2026,2ª Vara da Comarca de Escada,5ª CC,Prioridade Legal
0000890-09.2021.8.17.2570,07/05/2026,2ª Vara da Comarca de Escada,4ª CCJ,Prioridade Legal
0001141-85.2025.8.17.2570,30/04/2026,2ª Vara da Comarca de Escada,5ª CC,Prioridade Legal
0001254-78.2021.8.17.2570,27/04/2026,2ª Vara da Comarca de Escada,5ª CC,Prioridade Legal
0001295-40.2024.8.17.2570,29/04/2026,2ª Vara da Comarca de Escada,5ª CC,Prioridade Legal
0001390-76.2012.8.17.0570,28/04/2026,2ª Vara da Comarca de Escada,4ª CCJ,Sem prioridade
0001640-40.2023.8.17.2570,24/04/2026,2ª Vara da Comarca de Escada,5ª CC,Sem prioridade
0001822-89.2024.8.17.2570,17/04/2026,2ª Vara da Comarca de Escada,4ª CCJ,Prioridade Legal
0001946-44.2013.8.17.0570,14/05/2026,2ª Vara da Comarca de Escada,5ª CC,Prioridade Legal
0002129-43.2024.8.17.2570,12/05/2026,2ª Vara da Comarca de Escada,5ª CC,Prioridade Legal
0002218-03.2023.8.17.2570,08/05/2026,2ª Vara da Comarca de Escada,4ª CCJ,Prioridade Legal
0002238-91.2023.8.17.2570,30/04/2026,2ª Vara da Comarca de Escada,5ª CC,Sem prioridade
0050282-97.2021.8.17.8201,19/04/2026,2ª Vara da Comarca de Escada,4ª CCJ,Prioridade Legal
0000099-11.2012.8.17.0580,08/05/2026,Vara Única da Comarca de Exu,7ª CC,Sem prioridade
0000128-55.2024.8.17.2580,27/04/2026,Vara Única da Comarca de Exu,6ª CCJ,Sem prioridade
0000198-43.2022.8.17.2580,03/05/2026,Vara Única da Comarca de Exu,6ª CCJ,Sem prioridade
0000243-47.2022.8.17.2580,06/05/2026,Vara Única da Comarca de Exu,7ª CC,Prioridade Legal
0000264-81.2021.8.17.2960,15/05/2026,Vara Única da Comarca de Exu,7ª CC,Prioridade Legal
0000310-70.2021.8.17.2960,15/05/2026,Vara Única da Comarca de Exu,7ª CC,Prioridade Legal
0000443-16.2022.8.17.6020,06/05/2026,Vara Única da Comarca de Exu,7ª CC,Prioridade Legal
0000935-12.2023.8.17.2580,06/05/2026,Vara Única da Comarca de Exu,6ª CCJ,Sem prioridade
0001388-41.2022.8.17.2580,22/04/2026,Vara Única da Comarca de Exu,6ª CCJ,Prioridade Legal
0001390-11.2022.8.17.2580,22/04/2026,Vara Única da Comarca de Exu,6ª CCJ,Sem prioridade
0001400-55.2022.8.17.2580,03/05/2026,Vara Única da Comarca de Exu,6ª CCJ,Sem prioridade
0000009-06.2020.8.17.2590,14/05/2026,Vara Única da Comarca de Feira Nova,5ª CCJ,Prioridade Legal
0000015-65.2024.8.17.4920,15/05/2026,Vara Única da Comarca de Feira Nova,6ª CC,Prioridade Legal
0000021-07.2000.8.17.0590,30/04/2026,Vara Única da Comarca de Feira Nova,5ª CCJ,Sem prioridade
0000247-30.2017.8.17.2590,23/04/2026,Vara Única da Comarca de Feira Nova,5ª CCJ,Sem prioridade
0000483-35.2024.8.17.2590,10/04/2026,Vara Única da Comarca de Feira Nova,5ª CCJ,Prioridade Legal
0000526-12.2011.8.17.0590,07/05/2026,Vara Única da Comarca de Feira Nova,5ª CCJ,Sem prioridade
0000695-22.2025.8.17.2590,13/05/2026,Vara Única da Comarca de Feira Nova,6ª CC,Prioridade Legal
0000015-87.2020.8.17.3600,28/04/2026,Vara Única do Arquipélago de Fernando de Noronha,5ª CC,Prioridade Legal
0000080-09.2025.8.17.3600,29/04/2026,Vara Única do Arquipélago de Fernando de Noronha,5ª CC,Sem prioridade
0000145-48.2018.8.17.3600,14/05/2026,Vara Única do Arquipélago de Fernando de Noronha,5ª CC,Sem prioridade
0000269-89.2022.8.17.3600,07/05/2026,Vara Única do Arquipélago de Fernando de Noronha,5ª CC,Sem prioridade
0000361-67.2022.8.17.3600,27/04/2026,Vara Única do Arquipélago de Fernando de Noronha,5ª CC,Sem prioridade
0000584-49.2024.8.17.3600,28/04/2026,Vara Única do Arquipélago de Fernando de Noronha,5ª CC,Prioridade Legal
0000006-93.2017.8.17.2610,05/05/2026,Vara Única da Comarca de Flores,6ª CCJ,Prioridade Legal
0000017-44.2025.8.17.2610,06/05/2026,Vara Única da Comarca de Flores,7ª CC,Prioridade Legal
0000033-37.2021.8.17.2610,29/04/2026,Vara Única da Comarca de Flores,6ª CCJ,Prioridade Legal
0000053-62.2020.8.17.2610,29/04/2026,Vara Única da Comarca de Flores,6ª CCJ,Prioridade Legal
0000064-52.2024.8.17.2610,06/05/2026,Vara Única da Comarca de Flores,7ª CC,Prioridade Legal
0000150-67.2017.8.17.2610,23/04/2026,Vara Única da Comarca de Flores,6ª CCJ,Prioridade Legal
0000289-77.2021.8.17.2610,28/04/2026,Vara Única da Comarca de Flores,7ª CC,Sem prioridade
0000438-15.2017.8.17.2610,14/05/2026,Vara Única da Comarca de Flores,7ª CC,Prioridade Legal
0000520-65.2025.8.17.2610,14/05/2026,Vara Única da Comarca de Flores,7ª CC,Prioridade Legal
0000544-30.2024.8.17.2610,29/04/2026,Vara Única da Comarca de Flores,7ª CC,Prioridade Legal
0000714-02.2024.8.17.2610,11/05/2026,Vara Única da Comarca de Flores,7ª CC,Prioridade Legal
0000856-06.2024.8.17.2610,08/05/2026,Vara Única da Comarca de Flores,7ª CC,Prioridade Legal
0000947-67.2022.8.17.2610,06/05/2026,Vara Única da Comarca de Flores,7ª CC,Prioridade Legal
0000010-77.2003.8.17.0620,15/05/2026,Vara Única da Comarca de Floresta,6ª CCJ,Sem prioridade
0000154-26.2018.8.17.0620,06/05/2026,Vara Única da Comarca de Floresta,7ª CC,Prioridade Legal
0000233-77.2022.8.17.2620,05/05/2026,Vara Única da Comarca de Floresta,7ª CC,Prioridade Legal
0000606-74.2023.8.17.2620,07/05/2026,Vara Única da Comarca de Floresta,7ª CC,Prioridade Legal
0000681-56.2010.8.17.0620,06/05/2026,Vara Única da Comarca de Floresta,7ª CC,Sem prioridade
0000885-48.2023.8.17.4370,06/05/2026,Vara Única da Comarca de Floresta,7ª CC,Prioridade Legal
0001919-24.2024.8.17.4370,06/05/2026,Vara Única da Comarca de Floresta,7ª CC,Prioridade Legal
0000077-93.2021.8.17.2630,24/04/2026,Vara Única da Comarca de Gameleira,4ª CCJ,Sem prioridade
0000092-67.2018.8.17.2630,15/04/2026,Vara Única da Comarca de Gameleira,4ª CCJ,Prioridade Legal
0000105-03.2017.8.17.2630,15/04/2026,Vara Única da Comarca de Gameleira,4ª CCJ,Prioridade Legal
0000123-43.2025.8.17.2630,29/04/2026,Vara Única da Comarca de Gameleira,5ª CC,Prioridade Legal
0000138-71.2020.8.17.0630,29/04/2026,Vara Única da Comarca de Gameleira,5ª CC,Super prioridade
0000183-94.2017.8.17.2630,28/04/2026,Vara Única da Comarca de Gameleira,4ª CCJ,Sem prioridade
0000349-82.2024.8.17.2630,27/04/2026,Vara Única da Comarca de Gameleira,5ª CC,Prioridade Legal
0000597-82.2023.8.17.2630,27/04/2026,Vara Única da Comarca de Gameleira,5ª CC,Sem prioridade
0000565-34.2024.8.17.5640,15/05/2026,1ª Vara Criminal da Comarca de Garanhuns,2ª CC,Prioridade Legal
0000012-39.2019.8.17.2640,05/05/2026,1ª Vara Cível da Comarca de Garanhuns,1ª CCJ,Prioridade Legal
0001543-87.2024.8.17.2640,28/04/2026,1ª Vara Cível da Comarca de Garanhuns,1ª CCJ,Prioridade Legal
0001555-04.2024.8.17.2640,10/04/2026,1ª Vara Cível da Comarca de Garanhuns,1ª CCJ,Prioridade Legal
0001578-13.2025.8.17.2640,07/05/2026,1ª Vara Cível da Comarca de Garanhuns,3ª CC,Prioridade Legal
0002023-75.2018.8.17.2640,07/04/2026,1ª Vara Cível da Comarca de Garanhuns,1ª CCJ,Prioridade Legal
0003569-58.2024.8.17.2640,07/05/2026,1ª Vara Cível da Comarca de Garanhuns,3ª CC,Super prioridade
0003984-17.2019.8.17.2640,07/05/2026,1ª Vara Cível da Comarca de Garanhuns,1ª CCJ,Prioridade Legal
0004323-97.2024.8.17.2640,07/05/2026,1ª Vara Cível da Comarca de Garanhuns,3ª CC,Prioridade Legal
0004341-94.2019.8.17.2640,28/04/2026,1ª Vara Cível da Comarca de Garanhuns,3ª CC,Sem prioridade
0006095-33.2014.8.17.0640,07/05/2026,1ª Vara Cível da Comarca de Garanhuns,1ª CCJ,Prioridade Legal
0006106-32.2021.8.17.2640,04/05/2026,1ª Vara Cível da Comarca de Garanhuns,3ª CC,Prioridade Legal
0007782-78.2022.8.17.2640,06/05/2026,1ª Vara Cível da Comarca de Garanhuns,1ª CCJ,Prioridade Legal
0000530-82.2026.8.17.2640,06/05/2026,1ª Vara de Família e Reg. Civil da Comarca de Garanhuns,3ª CC,Prioridade Legal
0004240-47.2025.8.17.2640,04/05/2026,1ª Vara de Família e Reg. Civil da Comarca de Garanhuns,3ª CC,Prioridade Legal
0006474-07.2022.8.17.2640,28/04/2026,1ª Vara de Família e Reg. Civil da Comarca de Garanhuns,3ª CCJ,Super prioridade
0007680-85.2024.8.17.2640,14/05/2026,1ª Vara de Família e Reg. Civil da Comarca de Garanhuns,3ª CC,Prioridade Legal
0003012-33.2019.8.17.0640,15/05/2026,2ª Vara Criminal da Comarca de Garanhuns,2ª CC,Prioridade Legal
0002687-04.2021.8.17.2640,16/04/2026,2ª Vara Cível da Comarca de Garanhuns,1ª CCJ,Prioridade Legal
0003850-53.2020.8.17.2640,11/05/2026,2ª Vara Cível da Comarca de Garanhuns,3ª CC,Sem prioridade
0004940-62.2021.8.17.2640,13/05/2026,2ª Vara Cível da Comarca de Garanhuns,3ª CC,Prioridade Legal
0005566-47.2022.8.17.2640,16/04/2026,2ª Vara Cível da Comarca de Garanhuns,1ª CCJ,Prioridade Legal
0005667-16.2024.8.17.2640,03/05/2026,2ª Vara Cível da Comarca de Garanhuns,1ª CCJ,Prioridade Legal
0006868-48.2021.8.17.2640,08/04/2026,2ª Vara Cível da Comarca de Garanhuns,1ª CCJ,Prioridade Legal
0001024-88.2019.8.17.2640,13/05/2026,2ª Vara de Família e Reg. Civil da Comarca de Garanhuns,3ª CCJ,Sem prioridade
0003116-29.2025.8.17.2640,14/05/2026,2ª Vara de Família e Reg. Civil da Comarca de Garanhuns,3ª CC,Prioridade Legal
0003136-59.2021.8.17.2640,12/05/2026,2ª Vara de Família e Reg. Civil da Comarca de Garanhuns,3ª CC,Prioridade Legal
0003388-33.2019.8.17.2640,08/05/2026,2ª Vara de Família e Reg. Civil da Comarca de Garanhuns,3ª CC,Prioridade Legal
0004770-51.2025.8.17.2640,08/05/2026,2ª Vara de Família e Reg. Civil da Comarca de Garanhuns,3ª CC,Prioridade Legal
0000068-61.2021.8.17.2330,13/05/2026,3ª Vara Cível da Comarca de Garanhuns,3ª CC,Prioridade Legal
0005000-06.2019.8.17.2640,30/03/2026,3ª Vara Cível da Comarca de Garanhuns,1ª CCJ,Sem prioridade
0005217-78.2021.8.17.2640,15/05/2026,3ª Vara Cível da Comarca de Garanhuns,3ª CC,Prioridade Legal
0005271-78.2020.8.17.2640,05/05/2026,3ª Vara Cível da Comarca de Garanhuns,3ª CC,Prioridade Legal
0006605-16.2021.8.17.2640,13/05/2026,3ª Vara Cível da Comarca de Garanhuns,3ª CC,Prioridade Legal
0008242-60.2025.8.17.2640,07/05/2026,3ª Vara Cível da Comarca de Garanhuns,3ª CC,Prioridade Legal
0009383-22.2022.8.17.2640,06/04/2026,3ª Vara Cível da Comarca de Garanhuns,1ª CCJ,Prioridade Legal
0013301-68.2021.8.17.2640,16/04/2026,3ª Vara Cível da Comarca de Garanhuns,1ª CCJ,Prioridade Legal
0000085-72.2026.8.17.8231,29/04/2026,Juizado Especial Cível e das Relações de Consumo de Garanhuns - Turno Manhã - 08:00h às 14:00h,1ª CCJ,Sem prioridade
0000271-32.2025.8.17.8231,29/04/2026,Juizado Especial Cível e das Relações de Consumo de Garanhuns - Turno Manhã - 08:00h às 14:00h,1ª CCJ,Prioridade Legal
0000427-20.2025.8.17.8231,29/04/2026,Juizado Especial Cível e das Relações de Consumo de Garanhuns - Turno Manhã - 08:00h às 14:00h,1ª CCJ,Prioridade Legal
0000777-13.2022.8.17.8231,06/05/2026,Juizado Especial Cível e das Relações de Consumo de Garanhuns - Turno Manhã - 08:00h às 14:00h,1ª CCJ,Prioridade Legal
0000957-24.2025.8.17.8231,05/05/2026,Juizado Especial Cível e das Relações de Consumo de Garanhuns - Turno Manhã - 08:00h às 14:00h,1ª CCJ,Prioridade Legal
0000983-22.2025.8.17.8231,14/05/2026,Juizado Especial Cível e das Relações de Consumo de Garanhuns - Turno Manhã - 08:00h às 14:00h,1ª CCJ,Prioridade Legal
0001154-18.2021.8.17.8231,08/05/2026,Juizado Especial Cível e das Relações de Consumo de Garanhuns - Turno Manhã - 08:00h às 14:00h,1ª CCJ,Prioridade Legal
0001394-07.2021.8.17.8231,08/05/2026,Juizado Especial Cível e das Relações de Consumo de Garanhuns - Turno Manhã - 08:00h às 14:00h,1ª CCJ,Prioridade Legal
0001660-57.2022.8.17.8231,29/04/2026,Juizado Especial Cível e das Relações de Consumo de Garanhuns - Turno Manhã - 08:00h às 14:00h,1ª CCJ,Prioridade Legal
0001724-62.2025.8.17.8231,29/04/2026,Juizado Especial Cível e das Relações de Consumo de Garanhuns - Turno Manhã - 08:00h às 14:00h,1ª CCJ,Prioridade Legal
0001739-36.2022.8.17.8231,29/04/2026,Juizado Especial Cível e das Relações de Consumo de Garanhuns - Turno Manhã - 08:00h às 14:00h,1ª CCJ,Prioridade Legal
0002072-17.2024.8.17.8231,29/04/2026,Juizado Especial Cível e das Relações de Consumo de Garanhuns - Turno Manhã - 08:00h às 14:00h,1ª CCJ,Prioridade Legal
0002299-70.2025.8.17.8231,29/04/2026,Juizado Especial Cível e das Relações de Consumo de Garanhuns - Turno Manhã - 08:00h às 14:00h,1ª CCJ,Prioridade Legal
0002374-12.2025.8.17.8231,29/04/2026,Juizado Especial Cível e das Relações de Consumo de Garanhuns - Turno Manhã - 08:00h às 14:00h,1ª CCJ,Prioridade Legal
0002459-66.2023.8.17.8231,12/05/2026,Juizado Especial Cível e das Relações de Consumo de Garanhuns - Turno Manhã - 08:00h às 14:00h,1ª CCJ,Prioridade Legal
0000033-10.2022.8.17.2640,29/04/2026,Vara da Fazenda Pública da Comarca de Garanhuns,4ª CC,Sem prioridade
0000579-02.2021.8.17.2640,14/05/2026,Vara da Fazenda Pública da Comarca de Garanhuns,4ª CC,Sem prioridade
0000580-84.2021.8.17.2640,28/04/2026,Vara da Fazenda Pública da Comarca de Garanhuns,4ª CC,Sem prioridade
0000583-39.2021.8.17.2640,14/05/2026,Vara da Fazenda Pública da Comarca de Garanhuns,4ª CC,Sem prioridade
0000644-31.2020.8.17.2640,15/05/2026,Vara da Fazenda Pública da Comarca de Garanhuns,4ª CC,Prioridade Legal
0001101-58.2023.8.17.2640,14/05/2026,Vara da Fazenda Pública da Comarca de Garanhuns,4ª CC,Sem prioridade
0002055-17.2017.8.17.2640,16/04/2026,Vara da Fazenda Pública da Comarca de Garanhuns,2ª CCJ,Sem prioridade
0002361-49.2018.8.17.2640,28/04/2026,Vara da Fazenda Pública da Comarca de Garanhuns,2ª CCJ,Prioridade Legal
0002380-21.2019.8.17.2640,28/04/2026,Vara da Fazenda Pública da Comarca de Garanhuns,4ª CC,Prioridade Legal
0003616-32.2024.8.17.2640,29/04/2026,Vara da Fazenda Pública da Comarca de Garanhuns,4ª CC,Prioridade Legal
0003926-09.2022.8.17.2640,16/04/2026,Vara da Fazenda Pública da Comarca de Garanhuns,2ª CCJ,Prioridade Legal
0004204-44.2021.8.17.2640,08/05/2026,Vara da Fazenda Pública da Comarca de Garanhuns,4ª CC,Prioridade Legal
0004538-73.2024.8.17.2640,30/04/2026,Vara da Fazenda Pública da Comarca de Garanhuns,4ª CC,Prioridade Legal
0004935-98.2025.8.17.2640,29/04/2026,Vara da Fazenda Pública da Comarca de Garanhuns,4ª CC,Sem prioridade
0005501-52.2022.8.17.2640,28/04/2026,Vara da Fazenda Pública da Comarca de Garanhuns,4ª CC,Sem prioridade
0007048-64.2021.8.17.2640,28/04/2026,Vara da Fazenda Pública da Comarca de Garanhuns,4ª CC,Prioridade Legal
0008866-17.2022.8.17.2640,29/04/2026,Vara da Fazenda Pública da Comarca de Garanhuns,4ª CC,Prioridade Legal
0010345-45.2022.8.17.2640,11/05/2026,Vara da Fazenda Pública da Comarca de Garanhuns,4ª CC,Sem prioridade
0000138-26.2011.8.17.0650,23/04/2026,Vara Única da Comarca de Glória do Goitá,5ª CC,Sem prioridade
0000208-71.2022.8.17.2650,04/05/2026,Vara Única da Comarca de Glória do Goitá,5ª CC,Prioridade Legal
0000211-94.2020.8.17.2650,17/04/2026,Vara Única da Comarca de Glória do Goitá,4ª CCJ,Prioridade Legal
0000303-97.2016.8.17.0650,27/04/2026,Vara Única da Comarca de Glória do Goitá,4ª CCJ,Sem prioridade
0000336-86.2025.8.17.2650,06/05/2026,Vara Única da Comarca de Glória do Goitá,5ª CC,Prioridade Legal
0000387-34.2024.8.17.2650,23/04/2026,Vara Única da Comarca de Glória do Goitá,5ª CC,Super prioridade
0000562-33.2021.8.17.2650,08/05/2026,Vara Única da Comarca de Glória do Goitá,5ª CC,Prioridade Legal
0000591-85.2024.8.17.5590,05/05/2026,Vara Única da Comarca de Glória do Goitá,5ª CC,Prioridade Legal
0000798-43.2025.8.17.2650,11/05/2026,Vara Única da Comarca de Glória do Goitá,5ª CC,Prioridade Legal
0000837-74.2024.8.17.2650,06/05/2026,Vara Única da Comarca de Glória do Goitá,5ª CC,Prioridade Legal
0000874-04.2024.8.17.2650,08/05/2026,Vara Única da Comarca de Glória do Goitá,5ª CC,Super prioridade
0000913-35.2023.8.17.2650,30/04/2026,Vara Única da Comarca de Glória do Goitá,5ª CC,Super prioridade
0001105-66.2014.8.17.0650,08/05/2026,Vara Única da Comarca de Glória do Goitá,5ª CC,Sem prioridade
0001481-06.2018.8.17.1590,07/05/2026,Vara Única da Comarca de Glória do Goitá,5ª CC,Sem prioridade
0001493-65.2023.8.17.2650,06/05/2026,Vara Única da Comarca de Glória do Goitá,5ª CC,Prioridade Legal
0028427-68.2014.8.17.0001,07/05/2026,Vara Única da Comarca de Glória do Goitá,5ª CC,Sem prioridade
0000215-59.2026.8.17.2218,28/04/2026,1ª Vara Cível da Comarca de Goiana,5ª CC,Prioridade Legal
0000232-95.2026.8.17.2218,04/05/2026,1ª Vara Cível da Comarca de Goiana,5ª CC,Prioridade Legal
0000478-28.2025.8.17.2218,09/05/2026,1ª Vara Cível da Comarca de Goiana,5ª CC,Prioridade Legal
0000687-60.2026.8.17.2218,08/05/2026,1ª Vara Cível da Comarca de Goiana,5ª CC,Prioridade Legal
0000701-44.2026.8.17.2218,27/04/2026,1ª Vara Cível da Comarca de Goiana,5ª CC,Prioridade Legal
0000750-56.2024.8.17.2218,23/04/2026,1ª Vara Cível da Comarca de Goiana,5ª CC,Prioridade Legal
0001017-57.2026.8.17.2218,05/05/2026,1ª Vara Cível da Comarca de Goiana,5ª CC,Prioridade Legal
0001027-04.2026.8.17.2218,06/05/2026,1ª Vara Cível da Comarca de Goiana,5ª CC,Prioridade Legal
0001054-26.2022.8.17.2218,08/05/2026,1ª Vara Cível da Comarca de Goiana,5ª CC,Prioridade Legal
0001169-08.2026.8.17.2218,06/05/2026,1ª Vara Cível da Comarca de Goiana,5ª CC,Prioridade Legal
0001350-53.2019.8.17.2218,30/04/2026,1ª Vara Cível da Comarca de Goiana,5ª CC,Sem prioridade
0001781-77.2025.8.17.2218,15/05/2026,1ª Vara Cível da Comarca de Goiana,5ª CC,Prioridade Legal
0002003-45.2025.8.17.2218,28/04/2026,1ª Vara Cível da Comarca de Goiana,5ª CC,Sem prioridade
0002364-96.2024.8.17.2218,14/05/2026,1ª Vara Cível da Comarca de Goiana,5ª CC,Prioridade Legal
0002856-59.2022.8.17.2218,30/04/2026,1ª Vara Cível da Comarca de Goiana,5ª CC,Prioridade Legal
0003039-25.2025.8.17.2218,14/05/2026,1ª Vara Cível da Comarca de Goiana,5ª CC,Prioridade Legal
0003043-96.2024.8.17.2218,24/04/2026,1ª Vara Cível da Comarca de Goiana,5ª CC,Prioridade Legal
0003775-43.2025.8.17.2218,27/04/2026,1ª Vara Cível da Comarca de Goiana,5ª CC,Prioridade Legal
0003794-49.2025.8.17.2218,27/04/2026,1ª Vara Cível da Comarca de Goiana,5ª CC,Prioridade Legal
0003830-91.2025.8.17.2218,05/05/2026,1ª Vara Cível da Comarca de Goiana,5ª CC,Prioridade Legal
0003867-21.2025.8.17.2218,12/05/2026,1ª Vara Cível da Comarca de Goiana,5ª CC,Prioridade Legal
0003891-49.2025.8.17.2218,05/05/2026,1ª Vara Cível da Comarca de Goiana,5ª CC,Prioridade Legal
0003979-87.2025.8.17.2218,08/05/2026,1ª Vara Cível da Comarca de Goiana,5ª CC,Prioridade Legal
0004336-72.2022.8.17.2218,22/04/2026,1ª Vara Cível da Comarca de Goiana,4ª CCJ,Prioridade Legal
0002018-58.2018.8.17.2218,05/05/2026,2ª Vara Cível da Comarca de Goiana,4ª CCJ,Prioridade Legal
0002139-76.2024.8.17.2218,04/05/2026,2ª Vara Cível da Comarca de Goiana,5ª CC,Prioridade Legal
0002677-62.2021.8.17.2218,06/05/2026,2ª Vara Cível da Comarca de Goiana,4ª CCJ,Prioridade Legal
0004625-68.2023.8.17.2218,05/05/2026,2ª Vara Cível da Comarca de Goiana,4ª CCJ,Prioridade Legal
0001514-39.2024.8.17.8233,14/05/2026,Juizado Especial Cível e das Relações de Consumo e Criminal de Goiana - Turno Manhã - 08:00h às 14:00h,1ª CCJ,Prioridade Legal
0001531-75.2024.8.17.8233,29/04/2026,Juizado Especial Cível e das Relações de Consumo e Criminal de Goiana - Turno Manhã - 08:00h às 14:00h,1ª CCJ,Prioridade Legal
0001784-05.2020.8.17.8233,29/04/2026,Juizado Especial Cível e das Relações de Consumo e Criminal de Goiana - Turno Manhã - 08:00h às 14:00h,1ª CCJ,Prioridade Legal
0001822-41.2025.8.17.8233,30/04/2026,Juizado Especial Cível e das Relações de Consumo e Criminal de Goiana - Turno Manhã - 08:00h às 14:00h,1ª CCJ,Prioridade Legal
0001845-21.2024.8.17.8233,04/05/2026,Juizado Especial Cível e das Relações de Consumo e Criminal de Goiana - Turno Manhã - 08:00h às 14:00h,1ª CCJ,Prioridade Legal
0001865-75.2025.8.17.8233,04/05/2026,Juizado Especial Cível e das Relações de Consumo e Criminal de Goiana - Turno Manhã - 08:00h às 14:00h,1ª CCJ,Prioridade Legal
0002126-74.2024.8.17.8233,04/05/2026,Juizado Especial Cível e das Relações de Consumo e Criminal de Goiana - Turno Manhã - 08:00h às 14:00h,1ª CCJ,Prioridade Legal
0001159-66.2022.8.17.5980,15/05/2026,Vara Criminal da Comarca de Goiana,2ª CC,Prioridade Legal
0000199-59.2016.8.17.2670,14/05/2026,1ª Vara Cível da Comarca de Gravatá,5ª CCJ,Prioridade Legal
0000243-98.2015.8.17.0670,07/05/2026,1ª Vara Cível da Comarca de Gravatá,6ª CC,Sem prioridade
0000289-86.2024.8.17.2670,08/05/2026,1ª Vara Cível da Comarca de Gravatá,6ª CC,Prioridade Legal
0000567-79.2001.8.17.0670,20/04/2026,1ª Vara Cível da Comarca de Gravatá,5ª CCJ,Prioridade Legal
0000660-94.2017.8.17.2670,31/03/2026,1ª Vara Cível da Comarca de Gravatá,5ª CCJ,Prioridade Legal
0000970-32.2019.8.17.2670,07/05/2026,1ª Vara Cível da Comarca de Gravatá,6ª CC,Sem prioridade
0001155-70.2019.8.17.2670,11/05/2026,1ª Vara Cível da Comarca de Gravatá,6ª CC,Sem prioridade
0001486-92.2006.8.17.0670,08/04/2026,1ª Vara Cível da Comarca de Gravatá,5ª CCJ,Prioridade Legal
0002285-96.2010.8.17.0670,15/05/2026,1ª Vara Cível da Comarca de Gravatá,6ª CC,Sem prioridade
0003637-15.2024.8.17.2670,15/05/2026,1ª Vara Cível da Comarca de Gravatá,6ª CC,Prioridade Legal
0004719-81.2024.8.17.2670,14/05/2026,1ª Vara Cível da Comarca de Gravatá,6ª CC,Prioridade Legal
0005088-75.2024.8.17.2670,11/05/2026,1ª Vara Cível da Comarca de Gravatá,6ª CC,Prioridade Legal
0005178-25.2020.8.17.2670,16/05/2026,1ª Vara Cível da Comarca de Gravatá,6ª CC,Prioridade Legal
0005828-33.2024.8.17.2670,14/05/2026,1ª Vara Cível da Comarca de Gravatá,6ª CC,Prioridade Legal
0008373-47.2022.8.17.2670,16/05/2026,1ª Vara Cível da Comarca de Gravatá,6ª CC,Prioridade Legal
0015004-79.2019.8.17.2001,14/05/2026,1ª Vara Cível da Comarca de Gravatá,6ª CC,Prioridade Legal
0000194-23.2016.8.17.0670,08/05/2026,2ª Vara Cível da Comarca de Gravatá,5ª CCJ,Sem prioridade
0000262-79.2019.8.17.2670,08/04/2026,2ª Vara Cível da Comarca de Gravatá,5ª CCJ,Prioridade Legal
0000943-89.2006.8.17.0670,22/04/2026,2ª Vara Cível da Comarca de Gravatá,5ª CCJ,Sem prioridade
0001431-57.2026.8.17.2670,12/05/2026,2ª Vara Cível da Comarca de Gravatá,6ª CC,Sem prioridade
0001442-28.2022.8.17.2670,30/04/2026,2ª Vara Cível da Comarca de Gravatá,5ª CCJ,Prioridade Legal
0001840-49.2008.8.17.0670,23/04/2026,2ª Vara Cível da Comarca de Gravatá,5ª CCJ,Sem prioridade
0004387-17.2024.8.17.2670,06/05/2026,2ª Vara Cível da Comarca de Gravatá,6ª CC,Prioridade Legal
0005905-42.2024.8.17.2670,22/04/2026,2ª Vara Cível da Comarca de Gravatá,5ª CCJ,Prioridade Legal
0000917-63.2025.8.17.8224,29/04/2026,Juizado Especial Cível e das Relações de Consumo e Criminal da Comarca de Gravatá,1ª CCJ,Prioridade Legal
0001422-54.2025.8.17.8224,30/04/2026,Juizado Especial Cível e das Relações de Consumo e Criminal da Comarca de Gravatá,1ª CCJ,Prioridade Legal
0001455-78.2024.8.17.8224,29/04/2026,Juizado Especial Cível e das Relações de Consumo e Criminal da Comarca de Gravatá,1ª CCJ,Prioridade Legal
0001566-28.2025.8.17.8224,07/05/2026,Juizado Especial Cível e das Relações de Consumo e Criminal da Comarca de Gravatá,1ª CCJ,Prioridade Legal
0000061-86.2021.8.17.2680,14/04/2026,Vara Única da Comarca de Iati,5ª CCJ,Sem prioridade
0000158-23.2020.8.17.2680,13/04/2026,Vara Única da Comarca de Iati,5ª CCJ,Prioridade Legal
0000183-41.2017.8.17.2680,07/04/2026,Vara Única da Comarca de Iati,5ª CCJ,Sem prioridade
0000239-93.2025.8.17.2680,14/05/2026,Vara Única da Comarca de Iati,6ª CC,Prioridade Legal
0000259-31.2018.8.17.2680,16/04/2026,Vara Única da Comarca de Iati,5ª CCJ,Prioridade Legal
0000345-36.2017.8.17.2680,15/05/2026,Vara Única da Comarca de Iati,5ª CCJ,Prioridade Legal
0000348-88.2017.8.17.2680,16/04/2026,Vara Única da Comarca de Iati,5ª CCJ,Prioridade Legal
0000398-13.2011.8.17.0680,15/05/2026,Vara Única da Comarca de Iati,6ª CC,Sem prioridade
0000472-95.2022.8.17.2680,22/04/2026,Vara Única da Comarca de Iati,5ª CCJ,Prioridade Legal
0000525-08.2024.8.17.2680,15/05/2026,Vara Única da Comarca de Iati,6ª CC,Prioridade Legal
0000607-44.2021.8.17.2680,13/05/2026,Vara Única da Comarca de Iati,6ª CC,Prioridade Legal
0000692-59.2023.8.17.2680,08/04/2026,Vara Única da Comarca de Iati,5ª CCJ,Prioridade Legal
0000195-06.2020.8.17.0690,06/05/2026,Vara Única da Comarca de Ibimirim,7ª CC,Sem prioridade
0000509-97.2024.8.17.5220,06/05/2026,Vara Única da Comarca de Ibimirim,7ª CC,Prioridade Legal
0000531-53.2022.8.17.2690,20/04/2026,Vara Única da Comarca de Ibimirim,6ª CCJ,Prioridade Legal
0000691-79.2013.8.17.0690,07/05/2026,Vara Única da Comarca de Ibimirim,6ª CCJ,Sem prioridade
0000050-59.2024.8.17.2710,27/04/2026,1ª Vara Cível da Comarca de Igarassu,5ª CC,Super prioridade
0000251-22.2022.8.17.2710,24/04/2026,1ª Vara Cível da Comarca de Igarassu,5ª CC,Super prioridade
0000579-44.2025.8.17.2710,08/05/2026,1ª Vara Cível da Comarca de Igarassu,5ª CC,Sem prioridade
0000729-90.1997.8.17.0710,27/04/2026,1ª Vara Cível da Comarca de Igarassu,5ª CC,Sem prioridade
0000807-35.2007.8.17.0710,08/05/2026,1ª Vara Cível da Comarca de Igarassu,5ª CC,Sem prioridade
0001249-64.2008.8.17.0710,30/04/2026,1ª Vara Cível da Comarca de Igarassu,5ª CC,Prioridade Legal
0001526-98.2025.8.17.2710,15/05/2026,1ª Vara Cível da Comarca de Igarassu,4ª CCJ,Prioridade Legal
0001543-97.2000.8.17.0710,05/05/2026,1ª Vara Cível da Comarca de Igarassu,5ª CC,Sem prioridade
0001557-89.2023.8.17.2710,07/05/2026,1ª Vara Cível da Comarca de Igarassu,5ª CC,Prioridade Legal
0001932-95.2020.8.17.2710,05/05/2026,1ª Vara Cível da Comarca de Igarassu,5ª CC,Prioridade Legal
0002063-31.2024.8.17.2710,24/04/2026,1ª Vara Cível da Comarca de Igarassu,5ª CC,Prioridade Legal
0002076-74.2017.8.17.2710,15/05/2026,1ª Vara Cível da Comarca de Igarassu,5ª CC,Prioridade Legal
0002156-96.2021.8.17.2710,30/04/2026,1ª Vara Cível da Comarca de Igarassu,5ª CC,Prioridade Legal
0002247-76.2001.8.17.0710,27/04/2026,1ª Vara Cível da Comarca de Igarassu,5ª CC,Prioridade Legal
0002365-66.2012.8.17.0710,12/05/2026,1ª Vara Cível da Comarca de Igarassu,4ª CCJ,Sem prioridade
0003883-91.2012.8.17.0710,28/04/2026,1ª Vara Cível da Comarca de Igarassu,5ª CC,Prioridade Legal
0004179-73.2025.8.17.2710,07/05/2026,1ª Vara Cível da Comarca de Igarassu,5ª CC,Prioridade Legal
0004274-45.2021.8.17.2710,13/05/2026,1ª Vara Cível da Comarca de Igarassu,5ª CC,Prioridade Legal
0004798-71.2023.8.17.2710,28/04/2026,1ª Vara Cível da Comarca de Igarassu,5ª CC,Prioridade Legal
0005207-13.2024.8.17.2710,07/05/2026,1ª Vara Cível da Comarca de Igarassu,5ª CC,Prioridade Legal
0006043-54.2022.8.17.2710,08/05/2026,1ª Vara Cível da Comarca de Igarassu,5ª CC,Super prioridade
0006787-15.2023.8.17.2710,28/04/2026,1ª Vara Cível da Comarca de Igarassu,5ª CC,Prioridade Legal
0006881-94.2022.8.17.2710,28/04/2026,1ª Vara Cível da Comarca de Igarassu,5ª CC,Prioridade Legal
0007893-12.2023.8.17.2710,24/04/2026,1ª Vara Cível da Comarca de Igarassu,5ª CC,Prioridade Legal
0000164-67.2013.8.17.0710,28/04/2026,2ª Vara Cível da Comarca de Igarassu,5ª CC,Sem prioridade
0001109-24.2020.8.17.2710,15/05/2026,2ª Vara Cível da Comarca de Igarassu,5ª CC,Sem prioridade
0001204-88.2019.8.17.2710,12/05/2026,2ª Vara Cível da Comarca de Igarassu,5ª CC,Prioridade Legal
0001525-26.2019.8.17.2710,28/04/2026,2ª Vara Cível da Comarca de Igarassu,5ª CC,Sem prioridade
0002496-06.2022.8.17.2710,06/05/2026,2ª Vara Cível da Comarca de Igarassu,5ª CC,Sem prioridade
0006150-98.2022.8.17.2710,04/05/2026,2ª Vara Cível da Comarca de Igarassu,5ª CC,Prioridade Legal
0025944-75.2021.8.17.2990,08/05/2026,2ª Vara Cível da Comarca de Igarassu,5ª CC,Prioridade Legal
0004302-37.2018.8.17.0990,15/05/2026,Vara Criminal da Comarca de Igarassu,2ª CC,Sem prioridade
0000778-45.2021.8.17.2730,14/05/2026,1ª Vara Cível da Comarca de Ipojuca,4ª CCJ,Prioridade Legal
0000840-90.2018.8.17.2730,04/05/2026,1ª Vara Cível da Comarca de Ipojuca,4ª CCJ,Sem prioridade
0001640-84.2019.8.17.2730,08/05/2026,1ª Vara Cível da Comarca de Ipojuca,5ª CC,Sem prioridade
0002003-95.2024.8.17.2730,28/04/2026,1ª Vara Cível da Comarca de Ipojuca,5ª CC,Prioridade Legal
0002257-34.2025.8.17.2730,07/05/2026,1ª Vara Cível da Comarca de Ipojuca,5ª CC,Prioridade Legal
0003183-15.2025.8.17.2730,30/04/2026,1ª Vara Cível da Comarca de Ipojuca,5ª CC,Prioridade Legal
0003367-68.2025.8.17.2730,09/05/2026,1ª Vara Cível da Comarca de Ipojuca,5ª CC,Sem prioridade
0003663-27.2024.8.17.2730,15/05/2026,1ª Vara Cível da Comarca de Ipojuca,4ª CCJ,Prioridade Legal
0004065-79.2022.8.17.2730,07/05/2026,1ª Vara Cível da Comarca de Ipojuca,5ª CC,Sem prioridade
0004801-97.2022.8.17.2730,13/05/2026,1ª Vara Cível da Comarca de Ipojuca,5ª CC,Sem prioridade
0000110-12.2011.8.17.0730,12/05/2026,2ª Vara Cível da Comarca de Ipojuca,5ª CC,Sem prioridade
0000263-68.2025.8.17.2730,04/05/2026,2ª Vara Cível da Comarca de Ipojuca,5ª CC,Prioridade Legal
0000327-20.2021.8.17.2730,29/04/2026,2ª Vara Cível da Comarca de Ipojuca,5ª CC,Prioridade Legal
0000343-66.2024.8.17.2730,04/05/2026,2ª Vara Cível da Comarca de Ipojuca,5ª CC,Prioridade Legal
0000370-89.2011.8.17.0730,28/04/2026,2ª Vara Cível da Comarca de Ipojuca,5ª CC,Sem prioridade
0000569-37.2025.8.17.2730,28/04/2026,2ª Vara Cível da Comarca de Ipojuca,5ª CC,Prioridade Legal
0000920-83.2020.8.17.2730,06/05/2026,2ª Vara Cível da Comarca de Ipojuca,5ª CC,Prioridade Legal
0001043-81.2020.8.17.2730,30/04/2026,2ª Vara Cível da Comarca de Ipojuca,5ª CC,Sem prioridade
0001200-78.2025.8.17.2730,06/05/2026,2ª Vara Cível da Comarca de Ipojuca,5ª CC,Prioridade Legal
0001267-43.2025.8.17.2730,29/04/2026,2ª Vara Cível da Comarca de Ipojuca,5ª CC,Prioridade Legal
0001358-70.2024.8.17.2730,07/05/2026,2ª Vara Cível da Comarca de Ipojuca,5ª CC,Prioridade Legal
0001506-23.2020.8.17.2730,28/04/2026,2ª Vara Cível da Comarca de Ipojuca,5ª CC,Sem prioridade
0001580-15.2010.8.17.0730,03/05/2026,2ª Vara Cível da Comarca de Ipojuca,5ª CC,Sem prioridade
0001643-29.2025.8.17.2730,05/05/2026,2ª Vara Cível da Comarca de Ipojuca,5ª CC,Prioridade Legal
0001838-19.2022.8.17.2730,06/05/2026,2ª Vara Cível da Comarca de Ipojuca,5ª CC,Prioridade Legal
0002163-23.2024.8.17.2730,22/04/2026,2ª Vara Cível da Comarca de Ipojuca,4ª CCJ,Sem prioridade
0002471-25.2025.8.17.2730,06/05/2026,2ª Vara Cível da Comarca de Ipojuca,5ª CC,Prioridade Legal
0002486-91.2025.8.17.2730,06/05/2026,2ª Vara Cível da Comarca de Ipojuca,5ª CC,Prioridade Legal
0002796-97.2025.8.17.2730,14/05/2026,2ª Vara Cível da Comarca de Ipojuca,5ª CC,Prioridade Legal
0003465-92.2021.8.17.2730,28/04/2026,2ª Vara Cível da Comarca de Ipojuca,5ª CC,Prioridade Legal
0003715-57.2023.8.17.2730,06/05/2026,2ª Vara Cível da Comarca de Ipojuca,5ª CC,Prioridade Legal
0003915-30.2024.8.17.2730,15/05/2026,2ª Vara Cível da Comarca de Ipojuca,5ª CC,Sem prioridade
0003960-34.2024.8.17.2730,04/05/2026,2ª Vara Cível da Comarca de Ipojuca,5ª CC,Prioridade Legal
0004069-19.2022.8.17.2730,20/04/2026,2ª Vara Cível da Comarca de Ipojuca,4ª CCJ,Prioridade Legal
0004131-88.2024.8.17.2730,06/05/2026,2ª Vara Cível da Comarca de Ipojuca,5ª CC,Sem prioridade
0004346-98.2023.8.17.2730,28/04/2026,2ª Vara Cível da Comarca de Ipojuca,5ª CC,Prioridade Legal
0004440-80.2022.8.17.2730,29/04/2026,2ª Vara Cível da Comarca de Ipojuca,5ª CC,Sem prioridade
0000376-90.2023.8.17.2730,30/04/2026,Vara da Fazenda Pública da Comarca de Ipojuca,2ª CCJ,Prioridade Legal
0000398-22.2021.8.17.2730,01/04/2026,Vara da Fazenda Pública da Comarca de Ipojuca,2ª CCJ,Prioridade Legal
0000432-94.2021.8.17.2730,17/04/2026,Vara da Fazenda Pública da Comarca de Ipojuca,2ª CCJ,Prioridade Legal
0000510-49.2025.8.17.2730,15/05/2026,Vara da Fazenda Pública da Comarca de Ipojuca,4ª CC,Prioridade Legal
0000728-53.2020.8.17.2730,30/04/2026,Vara da Fazenda Pública da Comarca de Ipojuca,2ª CCJ,Prioridade Legal
0000740-91.2025.8.17.2730,28/04/2026,Vara da Fazenda Pública da Comarca de Ipojuca,4ª CC,Prioridade Legal
0001394-25.2018.8.17.2730,30/04/2026,Vara da Fazenda Pública da Comarca de Ipojuca,2ª CCJ,Prioridade Legal
0001527-67.2018.8.17.2730,24/04/2026,Vara da Fazenda Pública da Comarca de Ipojuca,2ª CCJ,Prioridade Legal
0002693-90.2025.8.17.2730,06/05/2026,Vara da Fazenda Pública da Comarca de Ipojuca,4ª CC,Prioridade Legal
0003099-14.2025.8.17.2730,15/05/2026,Vara da Fazenda Pública da Comarca de Ipojuca,4ª CC,Sem prioridade
0003254-17.2025.8.17.2730,06/05/2026,Vara da Fazenda Pública da Comarca de Ipojuca,4ª CC,Sem prioridade
0003519-87.2023.8.17.2730,07/04/2026,Vara da Fazenda Pública da Comarca de Ipojuca,2ª CCJ,Sem prioridade
0003520-72.2023.8.17.2730,23/04/2026,Vara da Fazenda Pública da Comarca de Ipojuca,2ª CCJ,Prioridade Legal
0003674-90.2023.8.17.2730,30/04/2026,Vara da Fazenda Pública da Comarca de Ipojuca,4ª CC,Prioridade Legal
0004467-58.2025.8.17.2730,23/04/2026,Vara da Fazenda Pública da Comarca de Ipojuca,2ª CCJ,Prioridade Legal
0004505-07.2024.8.17.2730,06/05/2026,Vara da Fazenda Pública da Comarca de Ipojuca,4ª CC,Prioridade Legal
0005247-66.2023.8.17.2730,24/04/2026,Vara da Fazenda Pública da Comarca de Ipojuca,4ª CC,Prioridade Legal
0000352-45.2024.8.17.5020,06/05/2026,Vara Única da Comarca de Ipubi,7ª CC,Prioridade Legal
0000365-31.2023.8.17.2740,06/05/2026,Vara Única da Comarca de Ipubi,7ª CC,Prioridade Legal
0000475-06.2018.8.17.2740,06/05/2026,Vara Única da Comarca de Ipubi,6ª CCJ,Sem prioridade
0000511-72.2023.8.17.2740,06/05/2026,Vara Única da Comarca de Ipubi,6ª CCJ,Prioridade Legal
0000010-87.2025.8.17.2760,09/04/2026,Vara Única da Comarca de Itamaracá,4ª CCJ,Sem prioridade
0000013-10.1997.8.17.0760,23/04/2026,Vara Única da Comarca de Itamaracá,5ª CC,Prioridade Legal
0001154-39.2012.8.17.0760,24/04/2026,Vara Única da Comarca de Itamaracá,4ª CCJ,Sem prioridade
0005291-72.2020.8.17.0990,13/05/2026,Vara Única da Comarca de Itamaracá,5ª CC,Sem prioridade
0000049-64.2019.8.17.2770,27/04/2026,Vara Única da Comarca de Itambé,4ª CCJ,Sem prioridade
0000126-63.2025.8.17.2770,06/05/2026,Vara Única da Comarca de Itambé,5ª CC,Prioridade Legal
0000167-98.2023.8.17.2770,27/04/2026,Vara Única da Comarca de Itambé,5ª CC,Sem prioridade
0000220-11.2025.8.17.2770,28/04/2026,Vara Única da Comarca de Itambé,5ª CC,Prioridade Legal
0000228-85.2025.8.17.2770,27/04/2026,Vara Única da Comarca de Itambé,5ª CC,Prioridade Legal
0000250-46.2025.8.17.2770,27/04/2026,Vara Única da Comarca de Itambé,5ª CC,Prioridade Legal
0000261-41.2025.8.17.4980,05/05/2026,Vara Única da Comarca de Itambé,5ª CC,Prioridade Legal
0000285-06.2025.8.17.2770,13/05/2026,Vara Única da Comarca de Itambé,5ª CC,Prioridade Legal
0000301-96.2021.8.17.2770,27/04/2026,Vara Única da Comarca de Itambé,5ª CC,Sem prioridade
0000312-86.2025.8.17.2770,27/04/2026,Vara Única da Comarca de Itambé,5ª CC,Prioridade Legal
0000345-76.2025.8.17.2770,28/04/2026,Vara Única da Comarca de Itambé,5ª CC,Prioridade Legal
0000359-60.2025.8.17.2770,27/04/2026,Vara Única da Comarca de Itambé,5ª CC,Prioridade Legal
0000364-63.2017.8.17.2770,30/04/2026,Vara Única da Comarca de Itambé,5ª CC,Sem prioridade
0000426-98.2020.8.17.2770,25/04/2026,Vara Única da Comarca de Itambé,5ª CC,Prioridade Legal
0000500-50.2023.8.17.2770,07/05/2026,Vara Única da Comarca de Itambé,5ª CC,Prioridade Legal
0000539-76.2025.8.17.2770,29/04/2026,Vara Única da Comarca de Itambé,5ª CC,Prioridade Legal
0000543-16.2025.8.17.2770,24/04/2026,Vara Única da Comarca de Itambé,5ª CC,Prioridade Legal
0000565-74.2025.8.17.2770,07/05/2026,Vara Única da Comarca de Itambé,5ª CC,Prioridade Legal
0000574-36.2025.8.17.2770,27/04/2026,Vara Única da Comarca de Itambé,5ª CC,Sem prioridade
0000583-95.2025.8.17.2770,29/04/2026,Vara Única da Comarca de Itambé,5ª CC,Sem prioridade
0000597-84.2022.8.17.2770,07/05/2026,Vara Única da Comarca de Itambé,5ª CC,Prioridade Legal
0000619-45.2022.8.17.2770,27/04/2026,Vara Única da Comarca de Itambé,4ª CCJ,Sem prioridade
0000644-53.2025.8.17.2770,22/04/2026,Vara Única da Comarca de Itambé,5ª CC,Sem prioridade
0000828-14.2022.8.17.2770,01/05/2026,Vara Única da Comarca de Itambé,5ª CC,Prioridade Legal
0000849-54.2014.8.17.0770,27/04/2026,Vara Única da Comarca de Itambé,5ª CC,Sem prioridade
0000861-72.2020.8.17.2770,13/05/2026,Vara Única da Comarca de Itambé,5ª CC,Prioridade Legal
0000894-28.2021.8.17.2770,27/04/2026,Vara Única da Comarca de Itambé,5ª CC,Sem prioridade
0000995-31.2022.8.17.2770,28/04/2026,Vara Única da Comarca de Itambé,5ª CC,Prioridade Legal
0001042-39.2021.8.17.2770,13/05/2026,Vara Única da Comarca de Itambé,5ª CC,Prioridade Legal
0001151-48.2024.8.17.2770,28/04/2026,Vara Única da Comarca de Itambé,5ª CC,Prioridade Legal
0001383-60.2024.8.17.2770,27/04/2026,Vara Única da Comarca de Itambé,5ª CC,Prioridade Legal
0001407-25.2023.8.17.2770,15/05/2026,Vara Única da Comarca de Itambé,5ª CC,Prioridade Legal
0001421-09.2023.8.17.2770,27/04/2026,Vara Única da Comarca de Itambé,5ª CC,Prioridade Legal
0001444-52.2023.8.17.2770,07/05/2026,Vara Única da Comarca de Itambé,5ª CC,Prioridade Legal
0001554-17.2024.8.17.2770,15/05/2026,Vara Única da Comarca de Itambé,5ª CC,Prioridade Legal
0023525-08.2022.8.17.2001,24/04/2026,Vara Única da Comarca de Itambé,5ª CC,Prioridade Legal
0000001-65.2025.8.17.2780,08/05/2026,Vara Única da Comarca de Itapetim,7ª CC,Prioridade Legal
0000117-76.2022.8.17.2780,14/05/2026,Vara Única da Comarca de Itapetim,6ª CCJ,Prioridade Legal
0000325-02.2018.8.17.2780,11/05/2026,Vara Única da Comarca de Itapetim,7ª CC,Prioridade Legal
0000762-33.2024.8.17.2780,12/05/2026,Vara Única da Comarca de Itapetim,6ª CCJ,Prioridade Legal
0000114-19.2018.8.17.0790,22/04/2026,Vara Única da Comarca de Itapissuma,5ª CC,Prioridade Legal
0000130-45.2022.8.17.2790,05/05/2026,Vara Única da Comarca de Itapissuma,5ª CC,Prioridade Legal
0000212-47.2020.8.17.2790,27/04/2026,Vara Única da Comarca de Itapissuma,5ª CC,Sem prioridade
0000283-20.2018.8.17.2790,05/05/2026,Vara Única da Comarca de Itapissuma,5ª CC,Prioridade Legal
0000309-13.2021.8.17.2790,21/04/2026,Vara Única da Comarca de Itapissuma,5ª CC,Prioridade Legal
0000494-28.2007.8.17.0790,06/05/2026,Vara Única da Comarca de Itapissuma,5ª CC,Prioridade Legal
0000596-06.2014.8.17.0790,05/05/2026,Vara Única da Comarca de Itapissuma,5ª CC,Prioridade Legal
0000607-97.2024.8.17.2790,24/04/2026,Vara Única da Comarca de Itapissuma,5ª CC,Prioridade Legal
0000891-76.2022.8.17.2790,23/04/2026,Vara Única da Comarca de Itapissuma,5ª CC,Prioridade Legal
0003412-64.2019.8.17.0990,04/05/2026,Vara Única da Comarca de Itapissuma,5ª CC,Sem prioridade
0000086-30.2021.8.17.2800,07/05/2026,Vara Única da Comarca de Itaquitinga,5ª CC,Sem prioridade
0000148-70.2021.8.17.2800,30/04/2026,Vara Única da Comarca de Itaquitinga,5ª CC,Prioridade Legal
0000149-55.2021.8.17.2800,05/05/2026,Vara Única da Comarca de Itaquitinga,4ª CCJ,Prioridade Legal
0000152-68.2025.8.17.2800,07/05/2026,Vara Única da Comarca de Itaquitinga,5ª CC,Prioridade Legal
0000476-92.2024.8.17.2800,04/05/2026,Vara Única da Comarca de Itaquitinga,5ª CC,Prioridade Legal
0000507-15.2024.8.17.2800,21/04/2026,Vara Única da Comarca de Itaquitinga,5ª CC,Prioridade Legal
0000575-67.2021.8.17.2800,04/05/2026,Vara Única da Comarca de Itaquitinga,5ª CC,Prioridade Legal
0000598-76.2022.8.17.2800,07/05/2026,Vara Única da Comarca de Itaquitinga,5ª CC,Prioridade Legal
0000674-66.2023.8.17.2800,30/04/2026,Vara Única da Comarca de Itaquitinga,5ª CC,Prioridade Legal
0000729-80.2024.8.17.2800,04/05/2026,Vara Única da Comarca de Itaquitinga,5ª CC,Prioridade Legal
0000768-14.2023.8.17.2800,28/04/2026,Vara Única da Comarca de Itaquitinga,5ª CC,Prioridade Legal
0000918-85.2022.8.17.4980,05/05/2026,Vara Única da Comarca de Itaquitinga,5ª CC,Prioridade Legal
0000070-61.2023.8.17.2750,08/05/2026,Vara Única da Comarca de Itaíba,6ª CC,Prioridade Legal
0000211-12.2025.8.17.2750,07/05/2026,Vara Única da Comarca de Itaíba,6ª CC,Prioridade Legal
0000280-78.2024.8.17.2750,08/05/2026,Vara Única da Comarca de Itaíba,6ª CC,Sem prioridade
0000353-21.2022.8.17.2750,08/05/2026,Vara Única da Comarca de Itaíba,6ª CC,Prioridade Legal
0000419-64.2023.8.17.2750,23/04/2026,Vara Única da Comarca de Itaíba,5ª CCJ,Prioridade Legal
0000600-71.2011.8.17.0750,08/05/2026,Vara Única da Comarca de Itaíba,6ª CC,Sem prioridade
0000641-71.2019.8.17.2750,31/03/2026,Vara Única da Comarca de Itaíba,5ª CCJ,Sem prioridade
0000820-63.2023.8.17.2750,13/05/2026,Vara Única da Comarca de Itaíba,6ª CC,Sem prioridade
0000165-85.2024.8.17.4810,15/05/2026,1ª Vara Criminal da Comarca de Jaboatão dos Guararapes,2ª CC,Prioridade Legal
0000194-04.2025.8.17.4810,14/05/2026,1ª Vara Criminal da Comarca de Jaboatão dos Guararapes,2ª CC,Prioridade Legal
0001045-29.2025.8.17.2810,06/05/2026,1ª Vara Cível da Comarca de Jaboatão dos Guararapes,3ª CC,Prioridade Legal
0002686-87.2015.8.17.0810,28/04/2026,1ª Vara Cível da Comarca de Jaboatão dos Guararapes,3ª CC,Sem prioridade
0003977-53.2026.8.17.2810,07/05/2026,1ª Vara Cível da Comarca de Jaboatão dos Guararapes,3ª CC,Prioridade Legal
0005571-39.2025.8.17.2810,13/05/2026,1ª Vara Cível da Comarca de Jaboatão dos Guararapes,3ª CC,Prioridade Legal
0007198-59.2017.8.17.2810,07/05/2026,1ª Vara Cível da Comarca de Jaboatão dos Guararapes,3ª CC,Prioridade Legal
0009501-02.2024.8.17.2810,07/05/2026,1ª Vara Cível da Comarca de Jaboatão dos Guararapes,3ª CC,Prioridade Legal
0014798-53.2025.8.17.2810,15/05/2026,1ª Vara Cível da Comarca de Jaboatão dos Guararapes,3ª CC,Prioridade Legal
0016518-55.2025.8.17.2810,07/05/2026,1ª Vara Cível da Comarca de Jaboatão dos Guararapes,3ª CC,Prioridade Legal
0016668-36.2025.8.17.2810,08/05/2026,1ª Vara Cível da Comarca de Jaboatão dos Guararapes,3ª CC,Prioridade Legal
0027715-17.2019.8.17.2810,05/05/2026,1ª Vara Cível da Comarca de Jaboatão dos Guararapes,3ª CC,Prioridade Legal
0001076-83.2024.8.17.2810,15/05/2026,1ª Vara de Família e Registro Civil da Comarca de Jaboatão dos Guararapes,3ª CC,Sem prioridade
0005756-14.2024.8.17.2810,05/05/2026,1ª Vara de Família e Registro Civil da Comarca de Jaboatão dos Guararapes,3ª CC,Prioridade Legal
0011303-98.2025.8.17.2810,04/05/2026,1ª Vara de Família e Registro Civil da Comarca de Jaboatão dos Guararapes,3ª CC,Prioridade Legal
0012774-86.2024.8.17.2810,05/05/2026,1ª Vara de Família e Registro Civil da Comarca de Jaboatão dos Guararapes,3ª CC,Prioridade Legal
0018906-28.2025.8.17.2810,15/05/2026,1ª Vara de Família e Registro Civil da Comarca de Jaboatão dos Guararapes,3ª CC,Prioridade Legal
0030096-22.2024.8.17.2810,04/05/2026,1ª Vara de Família e Registro Civil da Comarca de Jaboatão dos Guararapes,3ª CC,Prioridade Legal
0030229-64.2024.8.17.2810,07/05/2026,1ª Vara de Família e Registro Civil da Comarca de Jaboatão dos Guararapes,3ª CC,Prioridade Legal
0064495-14.2023.8.17.2810,08/05/2026,1ª Vara de Família e Registro Civil da Comarca de Jaboatão dos Guararapes,3ª CC,Prioridade Legal
0000469-81.2025.8.17.8227,12/05/2026,1º Juizado Especial Cível e das Relações de Consumo de Jaboatão dos Guararapes - Turno Manhã - 08:00h às 14:00h,1ª CCJ,Prioridade Legal
0001572-26.2025.8.17.8227,04/05/2026,1º Juizado Especial Cível e das Relações de Consumo de Jaboatão dos Guararapes - Turno Manhã - 08:00h às 14:00h,1ª CCJ,Prioridade Legal
0002935-48.2025.8.17.8227,06/05/2026,1º Juizado Especial Cível e das Relações de Consumo de Jaboatão dos Guararapes - Turno Manhã - 08:00h às 14:00h,1ª CCJ,Prioridade Legal
0004966-12.2023.8.17.8227,28/04/2026,1º Juizado Especial Cível e das Relações de Consumo de Jaboatão dos Guararapes - Turno Manhã - 08:00h às 14:00h,1ª CCJ,Prioridade Legal
0005422-88.2025.8.17.8227,07/05/2026,1º Juizado Especial Cível e das Relações de Consumo de Jaboatão dos Guararapes - Turno Manhã - 08:00h às 14:00h,1ª CCJ,Prioridade Legal
0007947-77.2024.8.17.8227,28/04/2026,1º Juizado Especial Cível e das Relações de Consumo de Jaboatão dos Guararapes - Turno Manhã - 08:00h às 14:00h,1ª CCJ,Prioridade Legal
0003039-54.2020.8.17.0810,14/05/2026,2ª Vara Criminal da Comarca de Jaboatão dos Guararapes,2ª CC,Sem prioridade
0003605-03.2020.8.17.0810,05/05/2026,2ª Vara Criminal da Comarca de Jaboatão dos Guararapes,PARTIDOR,Sem prioridade
0007287-04.2025.8.17.2810,08/05/2026,2ª Vara Cível da Comarca de Jaboatão dos Guararapes,3ª CC,Prioridade Legal
0011148-37.2021.8.17.2810,08/05/2026,2ª Vara Cível da Comarca de Jaboatão dos Guararapes,3ª CC,Prioridade Legal
0012906-90.2017.8.17.2810,08/04/2026,2ª Vara Cível da Comarca de Jaboatão dos Guararapes,1ª CCJ,Prioridade Legal
0014573-33.2025.8.17.2810,14/05/2026,2ª Vara Cível da Comarca de Jaboatão dos Guararapes,3ª CC,Prioridade Legal
0014700-05.2024.8.17.2810,13/05/2026,2ª Vara Cível da Comarca de Jaboatão dos Guararapes,3ª CC,Prioridade Legal
0021301-66.2020.8.17.2810,01/04/2026,2ª Vara Cível da Comarca de Jaboatão dos Guararapes,1ª CCJ,Prioridade Legal
0023973-76.2022.8.17.2810,07/05/2026,2ª Vara Cível da Comarca de Jaboatão dos Guararapes,3ª CC,Prioridade Legal
0024415-71.2024.8.17.2810,17/05/2026,2ª Vara Cível da Comarca de Jaboatão dos Guararapes,1ª CCJ,Prioridade Legal
0026743-42.2022.8.17.2810,07/05/2026,2ª Vara Cível da Comarca de Jaboatão dos Guararapes,3ª CC,Prioridade Legal
0027531-61.2019.8.17.2810,06/04/2026,2ª Vara Cível da Comarca de Jaboatão dos Guararapes,1ª CCJ,Prioridade Legal
0048982-40.2022.8.17.2810,13/05/2026,2ª Vara Cível da Comarca de Jaboatão dos Guararapes,3ª CC,Prioridade Legal
0002949-50.2026.8.17.2810,29/04/2026,2ª Vara de Família e Registro Civil da Comarca de Jaboatão dos Guararapes,3ª CCJ,Prioridade Legal
0006994-05.2023.8.17.2810,06/05/2026,2ª Vara de Família e Registro Civil da Comarca de Jaboatão dos Guararapes,3ª CC,Prioridade Legal
0009308-50.2025.8.17.2810,07/05/2026,2ª Vara de Família e Registro Civil da Comarca de Jaboatão dos Guararapes,3ª CC,Prioridade Legal
0001619-68.2023.8.17.8227,04/05/2026,2º Juizado Especial Cível e das Relações de Consumo de Jaboatão dos Guararapes - Turno Manhã - 08:00h às 14:00h,1ª CCJ,Prioridade Legal
0003645-68.2025.8.17.8227,28/04/2026,2º Juizado Especial Cível e das Relações de Consumo de Jaboatão dos Guararapes - Turno Manhã - 08:00h às 14:00h,1ª CCJ,Prioridade Legal
0009498-92.2024.8.17.8227,29/04/2026,2º Juizado Especial Cível e das Relações de Consumo de Jaboatão dos Guararapes - Turno Manhã - 08:00h às 14:00h,1ª CCJ,Prioridade Legal
0039401-36.2012.8.17.0810,14/05/2026,3ª Vara Criminal da Comarca de Jaboatão dos Guararapes,2ª CC,Sem prioridade
0000242-85.2021.8.17.2810,07/05/2026,3ª Vara Cível da Comarca de Jaboatão dos Guararapes,1ª CCJ,Prioridade Legal
0004485-14.2017.8.17.2810,16/04/2026,3ª Vara Cível da Comarca de Jaboatão dos Guararapes,1ª CCJ,Sem prioridade
0005862-21.2008.8.17.0810,24/04/2026,3ª Vara Cível da Comarca de Jaboatão dos Guararapes,1ª CCJ,Sem prioridade
0013559-83.2014.8.17.0810,07/05/2026,3ª Vara Cível da Comarca de Jaboatão dos Guararapes,3ª CC,Prioridade Legal
0014228-43.2020.8.17.2810,24/04/2026,3ª Vara Cível da Comarca de Jaboatão dos Guararapes,3ª CC,Prioridade Legal
0030638-16.2019.8.17.2810,04/05/2026,3ª Vara Cível da Comarca de Jaboatão dos Guararapes,3ª CC,Sem prioridade
0044425-10.2022.8.17.2810,05/05/2026,3ª Vara Cível da Comarca de Jaboatão dos Guararapes,3ª CC,Prioridade Legal
0005352-26.2025.8.17.2810,28/04/2026,3ª Vara de Família e Registro Civil da Comarca de Jaboatão dos Guararapes,3ª CC,Prioridade Legal
0011794-08.2025.8.17.2810,06/05/2026,3ª Vara de Família e Registro Civil da Comarca de Jaboatão dos Guararapes,3ª CC,Prioridade Legal
0012171-76.2025.8.17.2810,08/05/2026,3ª Vara de Família e Registro Civil da Comarca de Jaboatão dos Guararapes,3ª CC,Sem prioridade
0024209-57.2024.8.17.2810,24/04/2026,3ª Vara de Família e Registro Civil da Comarca de Jaboatão dos Guararapes,3ª CC,Prioridade Legal
0031674-20.2024.8.17.2810,14/05/2026,3ª Vara de Família e Registro Civil da Comarca de Jaboatão dos Guararapes,3ª CC,Prioridade Legal
0002514-24.2026.8.17.8227,06/05/2026,3º Juizado Especial Cível e das Relações de Consumo de Jaboatão dos Guararapes - Turno Manhã - 08:00h às 14:00h,1ª CCJ,Prioridade Legal
0002530-75.2026.8.17.8227,06/05/2026,3º Juizado Especial Cível e das Relações de Consumo de Jaboatão dos Guararapes - Turno Manhã - 08:00h às 14:00h,1ª CCJ,Sem prioridade
0002730-82.2026.8.17.8227,06/05/2026,3º Juizado Especial Cível e das Relações de Consumo de Jaboatão dos Guararapes - Turno Manhã - 08:00h às 14:00h,1ª CCJ,Sem prioridade
0002748-06.2026.8.17.8227,05/05/2026,3º Juizado Especial Cível e das Relações de Consumo de Jaboatão dos Guararapes - Turno Manhã - 08:00h às 14:00h,1ª CCJ,Sem prioridade
0002844-21.2026.8.17.8227,06/05/2026,3º Juizado Especial Cível e das Relações de Consumo de Jaboatão dos Guararapes - Turno Manhã - 08:00h às 14:00h,1ª CCJ,Sem prioridade
0006937-61.2025.8.17.8227,04/05/2026,3º Juizado Especial Cível e das Relações de Consumo de Jaboatão dos Guararapes - Turno Manhã - 08:00h às 14:00h,1ª CCJ,Prioridade Legal
0007648-66.2025.8.17.8227,30/04/2026,3º Juizado Especial Cível e das Relações de Consumo de Jaboatão dos Guararapes - Turno Manhã - 08:00h às 14:00h,1ª CCJ,Prioridade Legal
0013038-85.2023.8.17.8227,30/04/2026,3º Juizado Especial Cível e das Relações de Consumo de Jaboatão dos Guararapes - Turno Manhã - 08:00h às 14:00h,1ª CCJ,Prioridade Legal
0000537-83.2025.8.17.2810,07/05/2026,4ª Vara Cível da Comarca de Jaboatão dos Guararapes,3ª CC,Prioridade Legal
0003276-40.2010.8.17.0810,29/04/2026,4ª Vara Cível da Comarca de Jaboatão dos Guararapes,3ª CC,Sem prioridade
0005412-33.2024.8.17.2810,11/05/2026,4ª Vara Cível da Comarca de Jaboatão dos Guararapes,3ª CC,Super prioridade
0005595-38.2023.8.17.2810,29/04/2026,4ª Vara Cível da Comarca de Jaboatão dos Guararapes,1ª CCJ,Sem prioridade
0022037-45.2024.8.17.2810,12/05/2026,4ª Vara Cível da Comarca de Jaboatão dos Guararapes,3ª CC,Prioridade Legal
0034566-72.2019.8.17.2810,14/05/2026,4ª Vara Cível da Comarca de Jaboatão dos Guararapes,3ª CC,Sem prioridade
0000720-54.2025.8.17.2810,15/05/2026,4ª Vara de Família e Registro Civil da Comarca de Jaboatão dos Guararapes,3ª CC,Prioridade Legal
0001267-94.2025.8.17.2810,15/05/2026,4ª Vara de Família e Registro Civil da Comarca de Jaboatão dos Guararapes,3ª CC,Prioridade Legal
0003441-13.2024.8.17.2810,15/05/2026,4ª Vara de Família e Registro Civil da Comarca de Jaboatão dos Guararapes,3ª CC,Prioridade Legal
0005853-77.2025.8.17.2810,14/05/2026,4ª Vara de Família e Registro Civil da Comarca de Jaboatão dos Guararapes,3ª CC,Prioridade Legal
0006455-68.2025.8.17.2810,05/05/2026,4ª Vara de Família e Registro Civil da Comarca de Jaboatão dos Guararapes,3ª CC,Prioridade Legal
0007029-91.2025.8.17.2810,27/04/2026,4ª Vara de Família e Registro Civil da Comarca de Jaboatão dos Guararapes,3ª CC,Sem prioridade
0007589-77.2018.8.17.2810,29/04/2026,4ª Vara de Família e Registro Civil da Comarca de Jaboatão dos Guararapes,3ª CCJ,Sem prioridade
0009851-87.2024.8.17.2810,24/04/2026,4ª Vara de Família e Registro Civil da Comarca de Jaboatão dos Guararapes,3ª CCJ,Prioridade Legal
0010336-53.2025.8.17.2810,05/05/2026,4ª Vara de Família e Registro Civil da Comarca de Jaboatão dos Guararapes,3ª CC,Prioridade Legal
0013624-43.2024.8.17.2810,27/04/2026,4ª Vara de Família e Registro Civil da Comarca de Jaboatão dos Guararapes,3ª CC,Prioridade Legal
0022942-89.2020.8.17.2810,15/05/2026,4ª Vara de Família e Registro Civil da Comarca de Jaboatão dos Guararapes,3ª CC,Prioridade Legal
0023778-91.2022.8.17.2810,30/04/2026,4ª Vara de Família e Registro Civil da Comarca de Jaboatão dos Guararapes,3ª CC,Prioridade Legal
0025827-37.2024.8.17.2810,15/05/2026,4ª Vara de Família e Registro Civil da Comarca de Jaboatão dos Guararapes,3ª CC,Prioridade Legal
0036708-10.2023.8.17.2810,05/05/2026,4ª Vara de Família e Registro Civil da Comarca de Jaboatão dos Guararapes,3ª CC,Prioridade Legal
0075162-90.2025.8.17.2001,15/05/2026,4ª Vara de Família e Registro Civil da Comarca de Jaboatão dos Guararapes,3ª CC,Prioridade Legal
0084440-86.2023.8.17.2001,05/05/2026,4ª Vara de Família e Registro Civil da Comarca de Jaboatão dos Guararapes,3ª CC,Prioridade Legal
0008817-82.2021.8.17.2810,08/05/2026,5ª Vara Cível da Comarca de Jaboatão dos Guararapes,3ª CC,Sem prioridade
0008977-39.2023.8.17.2810,20/04/2026,5ª Vara Cível da Comarca de Jaboatão dos Guararapes,1ª CCJ,Prioridade Legal
0022335-42.2021.8.17.2810,05/05/2026,5ª Vara Cível da Comarca de Jaboatão dos Guararapes,3ª CC,Prioridade Legal
0036523-75.2011.8.17.0810,08/05/2026,5ª Vara Cível da Comarca de Jaboatão dos Guararapes,3ª CC,Prioridade Legal
0049785-86.2023.8.17.2810,03/05/2026,5ª Vara Cível da Comarca de Jaboatão dos Guararapes,3ª CC,Prioridade Legal
0007604-02.2025.8.17.2810,14/05/2026,6ª Vara Cível da Comarca de Jaboatão dos Guararapes,3ª CC,Prioridade Legal
0005304-67.2025.8.17.2810,05/05/2026,7ª Vara Cível da Comarca de Jaboatão dos Guararapes,3ª CC,Prioridade Legal
0010467-62.2024.8.17.2810,07/05/2026,7ª Vara Cível da Comarca de Jaboatão dos Guararapes,3ª CC,Prioridade Legal
0023268-10.2024.8.17.2810,07/05/2026,7ª Vara Cível da Comarca de Jaboatão dos Guararapes,3ª CC,Prioridade Legal
0063457-64.2023.8.17.2810,12/05/2026,7ª Vara Cível da Comarca de Jaboatão dos Guararapes,3ª CC,Prioridade Legal
0001445-43.2025.8.17.2810,07/05/2026,8ª Vara Cível da Comarca de Jaboatão dos Guararapes,3ª CC,Prioridade Legal
0009565-12.2024.8.17.2810,14/05/2026,8ª Vara Cível da Comarca de Jaboatão dos Guararapes,3ª CC,Prioridade Legal
0014901-94.2024.8.17.2810,13/05/2026,8ª Vara Cível da Comarca de Jaboatão dos Guararapes,3ª CC,Prioridade Legal
0026961-02.2024.8.17.2810,14/05/2026,8ª Vara Cível da Comarca de Jaboatão dos Guararapes,3ª CC,Prioridade Legal
0027016-94.2017.8.17.2810,14/05/2026,8ª Vara Cível da Comarca de Jaboatão dos Guararapes,3ª CC,Prioridade Legal
0061341-85.2023.8.17.2810,14/05/2026,8ª Vara Cível da Comarca de Jaboatão dos Guararapes,3ª CC,Prioridade Legal
0062293-66.2023.8.17.2001,06/05/2026,8ª Vara Cível da Comarca de Jaboatão dos Guararapes,3ª CC,Prioridade Legal
0000084-32.1992.8.17.0810,11/04/2026,Vara da Fazenda Pública da Comarca de Jaboatão dos Guararapes,2ª CCJ,Sem prioridade
0000528-39.2016.8.17.2810,27/04/2026,Vara da Fazenda Pública da Comarca de Jaboatão dos Guararapes,2ª CCJ,Sem prioridade
0001857-23.2015.8.17.2810,23/04/2026,Vara da Fazenda Pública da Comarca de Jaboatão dos Guararapes,2ª CCJ,Prioridade Legal
0003095-62.2024.8.17.2810,04/05/2026,Vara da Fazenda Pública da Comarca de Jaboatão dos Guararapes,4ª CC,Prioridade Legal
0003623-34.2014.8.17.0810,09/05/2026,Vara da Fazenda Pública da Comarca de Jaboatão dos Guararapes,4ª CC,Prioridade Legal
0004653-79.2018.8.17.2810,30/04/2026,Vara da Fazenda Pública da Comarca de Jaboatão dos Guararapes,4ª CC,Sem prioridade
0006486-35.2018.8.17.2810,04/05/2026,Vara da Fazenda Pública da Comarca de Jaboatão dos Guararapes,4ª CC,Sem prioridade
0006775-65.2018.8.17.2810,30/04/2026,Vara da Fazenda Pública da Comarca de Jaboatão dos Guararapes,2ª CCJ,Prioridade Legal
0006997-97.2010.8.17.0810,30/04/2026,Vara da Fazenda Pública da Comarca de Jaboatão dos Guararapes,2ª CCJ,Sem prioridade
0009664-52.2017.8.17.8201,29/04/2026,Vara da Fazenda Pública da Comarca de Jaboatão dos Guararapes,4ª CC,Sem prioridade
0011287-91.2018.8.17.2810,07/05/2026,Vara da Fazenda Pública da Comarca de Jaboatão dos Guararapes,4ª CC,Super prioridade
0011890-39.2007.8.17.0810,08/05/2026,Vara da Fazenda Pública da Comarca de Jaboatão dos Guararapes,2ª CCJ,Sem prioridade
0012767-03.2012.8.17.0810,06/05/2026,Vara da Fazenda Pública da Comarca de Jaboatão dos Guararapes,2ª CCJ,Prioridade Legal
0015305-92.2017.8.17.2810,05/05/2026,Vara da Fazenda Pública da Comarca de Jaboatão dos Guararapes,2ª CCJ,Sem prioridade
0016157-49.2010.8.17.0810,16/04/2026,Vara da Fazenda Pública da Comarca de Jaboatão dos Guararapes,2ª CCJ,Sem prioridade
0017700-14.2015.8.17.0810,08/05/2026,Vara da Fazenda Pública da Comarca de Jaboatão dos Guararapes,2ª CCJ,Prioridade Legal
0018791-42.2015.8.17.0810,29/04/2026,Vara da Fazenda Pública da Comarca de Jaboatão dos Guararapes,4ª CC,Sem prioridade
0027953-94.2023.8.17.2810,02/05/2026,Vara da Fazenda Pública da Comarca de Jaboatão dos Guararapes,2ª CCJ,Prioridade Legal
0028827-21.2019.8.17.2810,29/04/2026,Vara da Fazenda Pública da Comarca de Jaboatão dos Guararapes,4ª CC,Prioridade Legal
0029966-03.2022.8.17.2810,07/05/2026,Vara da Fazenda Pública da Comarca de Jaboatão dos Guararapes,4ª CC,Sem prioridade
0030887-59.2022.8.17.2810,04/05/2026,Vara da Fazenda Pública da Comarca de Jaboatão dos Guararapes,4ª CC,Sem prioridade
0034785-52.2011.8.17.0810,05/05/2026,Vara da Fazenda Pública da Comarca de Jaboatão dos Guararapes,2ª CCJ,Sem prioridade
0008781-74.2020.8.17.2810,28/04/2026,Vara de Sucessões e Registros Públicos da Comarca de Jaboatão dos Guararapes,3ª CCJ,Sem prioridade
0009767-63.2010.8.17.0810,24/04/2026,Vara de Sucessões e Registros Públicos da Comarca de Jaboatão dos Guararapes,PARTIDOR,Sem prioridade
0012412-50.2025.8.17.2810,07/05/2026,Vara de Sucessões e Registros Públicos da Comarca de Jaboatão dos Guararapes,3ª CCJ,Prioridade Legal
0019433-19.2021.8.17.2810,28/04/2026,Vara de Sucessões e Registros Públicos da Comarca de Jaboatão dos Guararapes,PARTIDOR,Prioridade Legal
0020146-52.2025.8.17.2810,07/05/2026,Vara de Sucessões e Registros Públicos da Comarca de Jaboatão dos Guararapes,3ª CCJ,Prioridade Legal
0025268-27.2017.8.17.2810,08/05/2026,Vara de Sucessões e Registros Públicos da Comarca de Jaboatão dos Guararapes,3ª CCJ,Prioridade Legal
0001951-50.1998.8.17.0810,06/05/2026,Vara dos Executivos Fiscais da Comarca de Jaboatão dos Guararapes,4ª CC,Sem prioridade
0009774-21.2011.8.17.0810,05/05/2026,Vara dos Executivos Fiscais da Comarca de Jaboatão dos Guararapes,4ª CC,Sem prioridade
0010053-65.2015.8.17.0810,07/05/2026,Vara dos Executivos Fiscais da Comarca de Jaboatão dos Guararapes,4ª CC,Sem prioridade
0010645-85.2010.8.17.0810,14/05/2026,Vara dos Executivos Fiscais da Comarca de Jaboatão dos Guararapes,4ª CC,Sem prioridade
0013833-76.2016.8.17.0810,07/05/2026,Vara dos Executivos Fiscais da Comarca de Jaboatão dos Guararapes,4ª CC,Sem prioridade
0015198-34.2017.8.17.0810,29/04/2026,Vara dos Executivos Fiscais da Comarca de Jaboatão dos Guararapes,4ª CC,Prioridade Legal
0022336-96.2010.8.17.0810,28/04/2026,Vara dos Executivos Fiscais da Comarca de Jaboatão dos Guararapes,4ª CC,Prioridade Legal
0026575-45.2019.8.17.2810,28/04/2026,Vara dos Executivos Fiscais da Comarca de Jaboatão dos Guararapes,4ª CC,Sem prioridade
0034676-62.2016.8.17.0810,28/04/2026,Vara dos Executivos Fiscais da Comarca de Jaboatão dos Guararapes,4ª CC,Sem prioridade
0037233-26.2022.8.17.2810,04/05/2026,Vara dos Executivos Fiscais da Comarca de Jaboatão dos Guararapes,4ª CC,Sem prioridade
0062988-14.2017.8.17.0810,05/05/2026,Vara dos Executivos Fiscais da Comarca de Jaboatão dos Guararapes,4ª CC,Sem prioridade
0000269-13.2018.8.17.2830,05/05/2026,Vara Única da Comarca de João Alfredo,5ª CCJ,Prioridade Legal
0000332-38.2018.8.17.2830,13/05/2026,Vara Única da Comarca de João Alfredo,6ª CC,Prioridade Legal
0000346-51.2020.8.17.2830,14/05/2026,Vara Única da Comarca de João Alfredo,6ª CC,Sem prioridade
0000406-83.2015.8.17.0830,14/05/2026,Vara Única da Comarca de João Alfredo,6ª CC,Sem prioridade
0000428-82.2020.8.17.2830,14/05/2026,Vara Única da Comarca de João Alfredo,6ª CC,Prioridade Legal
0000558-96.2025.8.17.2830,04/05/2026,Vara Única da Comarca de João Alfredo,5ª CCJ,Prioridade Legal
0000851-71.2022.8.17.2830,14/05/2026,Vara Única da Comarca de João Alfredo,6ª CC,Prioridade Legal
0000029-52.2015.8.17.0850,14/05/2026,Vara Única da Comarca de Jupi,5ª CCJ,Sem prioridade
0000091-96.2021.8.17.2850,15/05/2026,Vara Única da Comarca de Jupi,6ª CC,Prioridade Legal
0000099-60.2001.8.17.0850,16/04/2026,Vara Única da Comarca de Jupi,5ª CCJ,Sem prioridade
0000126-56.2021.8.17.2850,14/05/2026,Vara Única da Comarca de Jupi,6ª CC,Prioridade Legal
0000189-23.2017.8.17.2850,06/05/2026,Vara Única da Comarca de Jupi,6ª CC,Sem prioridade
0000309-22.2024.8.17.2850,14/05/2026,Vara Única da Comarca de Jupi,5ª CCJ,Prioridade Legal
0000508-11.2016.8.17.0850,08/05/2026,Vara Única da Comarca de Jupi,6ª CC,Sem prioridade
0000535-28.2015.8.17.0850,06/05/2026,Vara Única da Comarca de Jupi,6ª CC,Prioridade Legal
0000541-68.2023.8.17.2850,14/05/2026,Vara Única da Comarca de Jupi,6ª CC,Prioridade Legal
0000786-16.2022.8.17.2850,30/04/2026,Vara Única da Comarca de Jupi,5ª CCJ,Sem prioridade
0001033-94.2022.8.17.2850,30/04/2026,Vara Única da Comarca de Jupi,5ª CCJ,Prioridade Legal
0000023-77.2025.8.17.2860,14/05/2026,Vara Única da Comarca de Jurema,6ª CC,Prioridade Legal
0000040-55.2021.8.17.2860,12/05/2026,Vara Única da Comarca de Jurema,6ª CC,Prioridade Legal
0000066-14.2025.8.17.2860,11/05/2026,Vara Única da Comarca de Jurema,6ª CC,Sem prioridade
0000248-10.2019.8.17.2860,10/04/2026,Vara Única da Comarca de Jurema,5ª CCJ,Prioridade Legal
0000281-24.2024.8.17.2860,15/05/2026,Vara Única da Comarca de Jurema,6ª CC,Prioridade Legal
0000304-67.2024.8.17.2860,14/05/2026,Vara Única da Comarca de Jurema,6ª CC,Prioridade Legal
0000401-67.2024.8.17.2860,08/05/2026,Vara Única da Comarca de Jurema,6ª CC,Prioridade Legal
0000499-57.2021.8.17.2860,15/05/2026,Vara Única da Comarca de Jurema,6ª CC,Super prioridade
0000605-14.2024.8.17.2860,07/05/2026,Vara Única da Comarca de Jurema,5ª CCJ,Sem prioridade
0000662-47.2022.8.17.2910,15/05/2026,Vara Única da Comarca de Jurema,6ª CC,Prioridade Legal
0000799-48.2023.8.17.2860,08/05/2026,Vara Única da Comarca de Jurema,6ª CC,Prioridade Legal
0000044-35.2022.8.17.2900,14/05/2026,Vara Única da Comarca de Lagoa Grande,6ª CCJ,Sem prioridade
0000225-12.2017.8.17.2900,04/05/2026,Vara Única da Comarca de Lagoa Grande,6ª CCJ,Prioridade Legal
0000254-62.2017.8.17.2900,29/04/2026,Vara Única da Comarca de Lagoa Grande,6ª CCJ,Prioridade Legal
0000287-08.2024.8.17.2900,06/05/2026,Vara Única da Comarca de Lagoa Grande,7ª CC,Sem prioridade
0000301-89.2024.8.17.2900,08/05/2026,Vara Única da Comarca de Lagoa Grande,7ª CC,Sem prioridade
0000375-85.2020.8.17.2900,07/05/2026,Vara Única da Comarca de Lagoa Grande,6ª CCJ,Sem prioridade
0000015-07.2024.8.17.2870,29/04/2026,Vara Única da Comarca de Lagoa do Itaenga,5ª CC,Sem prioridade
0000032-68.2020.8.17.0870,08/05/2026,Vara Única da Comarca de Lagoa do Itaenga,5ª CC,Super prioridade
0000128-96.2025.8.17.4980,07/05/2026,Vara Única da Comarca de Lagoa do Itaenga,5ª CC,Sem prioridade
0000129-14.2022.8.17.2870,14/05/2026,Vara Única da Comarca de Lagoa do Itaenga,5ª CC,Prioridade Legal
0000130-04.2019.8.17.2870,13/05/2026,Vara Única da Comarca de Lagoa do Itaenga,4ª CCJ,Sem prioridade
0000145-94.2024.8.17.2870,22/04/2026,Vara Única da Comarca de Lagoa do Itaenga,5ª CC,Sem prioridade
0000164-08.2021.8.17.2870,05/05/2026,Vara Única da Comarca de Lagoa do Itaenga,5ª CC,Prioridade Legal
0000462-58.2025.8.17.2870,12/05/2026,Vara Única da Comarca de Lagoa do Itaenga,4ª CCJ,Sem prioridade
0000585-95.2021.8.17.2870,29/04/2026,Vara Única da Comarca de Lagoa do Itaenga,5ª CC,Prioridade Legal
0000618-80.2024.8.17.2870,29/04/2026,Vara Única da Comarca de Lagoa do Itaenga,5ª CC,Prioridade Legal
0000660-32.2024.8.17.2870,30/04/2026,Vara Única da Comarca de Lagoa do Itaenga,5ª CC,Prioridade Legal
0000731-34.2024.8.17.2870,14/05/2026,Vara Única da Comarca de Lagoa do Itaenga,5ª CC,Prioridade Legal
0000027-92.2023.8.17.2890,06/05/2026,Vara Única da Comarca de Lagoa dos Gatos,5ª CCJ,Prioridade Legal
0000186-69.2022.8.17.2890,15/05/2026,Vara Única da Comarca de Lagoa dos Gatos,5ª CCJ,Prioridade Legal
0000261-51.2015.8.17.0240,15/05/2026,Vara Única da Comarca de Lagoa dos Gatos,6ª CC,Sem prioridade
0000581-76.2019.8.17.2240,30/03/2026,Vara Única da Comarca de Lagoa dos Gatos,5ª CCJ,Prioridade Legal
0000037-82.2011.8.17.0910,27/04/2026,1ª Vara da Comarca de Lajedo,5ª CCJ,Prioridade Legal
0000112-81.2024.8.17.2910,14/05/2026,1ª Vara da Comarca de Lajedo,6ª CC,Sem prioridade
0000161-25.2024.8.17.2910,14/05/2026,1ª Vara da Comarca de Lajedo,6ª CC,Sem prioridade
0000165-62.2024.8.17.2910,14/05/2026,1ª Vara da Comarca de Lajedo,6ª CC,Sem prioridade
0000283-38.2024.8.17.2910,14/05/2026,1ª Vara da Comarca de Lajedo,6ª CC,Sem prioridade
0000418-89.2020.8.17.2910,14/05/2026,1ª Vara da Comarca de Lajedo,6ª CC,Prioridade Legal
0000987-51.2024.8.17.2910,14/05/2026,1ª Vara da Comarca de Lajedo,6ª CC,Prioridade Legal
0000444-19.2022.8.17.2910,16/04/2026,2ª Vara da Comarca de Lajedo,5ª CCJ,Sem prioridade
0000702-58.2024.8.17.2910,16/04/2026,2ª Vara da Comarca de Lajedo,5ª CCJ,Sem prioridade
0001113-09.2021.8.17.2910,08/05/2026,2ª Vara da Comarca de Lajedo,5ª CCJ,Prioridade Legal
0001374-67.2015.8.17.0910,05/05/2026,2ª Vara da Comarca de Lajedo,5ª CCJ,Prioridade Legal
0001446-58.2021.8.17.2910,22/04/2026,2ª Vara da Comarca de Lajedo,5ª CCJ,Prioridade Legal
0001821-25.2022.8.17.2910,06/05/2026,2ª Vara da Comarca de Lajedo,6ª CC,Sem prioridade
0003077-42.2019.8.17.2640,16/04/2026,2ª Vara da Comarca de Lajedo,5ª CCJ,Sem prioridade
0000309-11.2021.8.17.2920,14/05/2026,1ª Vara Cível da Comarca de Limoeiro,6ª CC,Prioridade Legal
0000319-21.2022.8.17.2920,01/04/2026,1ª Vara Cível da Comarca de Limoeiro,5ª CCJ,Prioridade Legal
0000337-13.2020.8.17.2920,13/05/2026,1ª Vara Cível da Comarca de Limoeiro,6ª CC,Prioridade Legal
0000386-78.2025.8.17.2920,14/05/2026,1ª Vara Cível da Comarca de Limoeiro,6ª CC,Prioridade Legal
0000417-74.2020.8.17.2920,13/05/2026,1ª Vara Cível da Comarca de Limoeiro,5ª CCJ,Prioridade Legal
0000477-52.2017.8.17.2920,20/04/2026,1ª Vara Cível da Comarca de Limoeiro,5ª CCJ,Prioridade Legal
0000542-37.2023.8.17.2920,13/05/2026,1ª Vara Cível da Comarca de Limoeiro,6ª CC,Prioridade Legal
0000553-37.2021.8.17.2920,04/05/2026,1ª Vara Cível da Comarca de Limoeiro,5ª CCJ,Sem prioridade
0000570-34.2025.8.17.2920,13/05/2026,1ª Vara Cível da Comarca de Limoeiro,6ª CC,Prioridade Legal
0000595-52.2022.8.17.2920,07/05/2026,1ª Vara Cível da Comarca de Limoeiro,5ª CCJ,Prioridade Legal
0000656-05.2025.8.17.2920,05/05/2026,1ª Vara Cível da Comarca de Limoeiro,5ª CCJ,Prioridade Legal
0000732-97.2023.8.17.2920,27/04/2026,1ª Vara Cível da Comarca de Limoeiro,5ª CCJ,Prioridade Legal
0000748-85.2022.8.17.2920,10/04/2026,1ª Vara Cível da Comarca de Limoeiro,5ª CCJ,Prioridade Legal
0000884-53.2020.8.17.2920,05/05/2026,1ª Vara Cível da Comarca de Limoeiro,5ª CCJ,Sem prioridade
0001098-15.2018.8.17.2920,14/05/2026,1ª Vara Cível da Comarca de Limoeiro,6ª CC,Sem prioridade
0001165-96.2026.8.17.2920,15/05/2026,1ª Vara Cível da Comarca de Limoeiro,6ª CC,Prioridade Legal
0001340-03.2020.8.17.2920,20/04/2026,1ª Vara Cível da Comarca de Limoeiro,5ª CCJ,Prioridade Legal
0001504-94.2022.8.17.2920,15/05/2026,1ª Vara Cível da Comarca de Limoeiro,5ª CCJ,Prioridade Legal
0001567-85.2023.8.17.2920,20/04/2026,1ª Vara Cível da Comarca de Limoeiro,5ª CCJ,Sem prioridade
0001800-48.2024.8.17.2920,15/05/2026,1ª Vara Cível da Comarca de Limoeiro,6ª CC,Prioridade Legal
0001932-08.2024.8.17.2920,09/04/2026,1ª Vara Cível da Comarca de Limoeiro,5ª CCJ,Prioridade Legal
0002143-15.2022.8.17.2920,17/04/2026,1ª Vara Cível da Comarca de Limoeiro,5ª CCJ,Prioridade Legal
0002173-45.2025.8.17.2920,20/04/2026,1ª Vara Cível da Comarca de Limoeiro,5ª CCJ,Prioridade Legal
0002303-69.2024.8.17.2920,15/05/2026,1ª Vara Cível da Comarca de Limoeiro,6ª CC,Prioridade Legal
0002831-06.2024.8.17.2920,13/05/2026,1ª Vara Cível da Comarca de Limoeiro,6ª CC,Prioridade Legal
0002876-10.2024.8.17.2920,13/05/2026,1ª Vara Cível da Comarca de Limoeiro,6ª CC,Prioridade Legal
0002967-04.2015.8.17.0920,15/04/2026,1ª Vara Cível da Comarca de Limoeiro,5ª CCJ,Prioridade Legal
0002987-91.2024.8.17.2920,13/05/2026,1ª Vara Cível da Comarca de Limoeiro,6ª CC,Prioridade Legal
0002992-16.2024.8.17.2920,05/05/2026,1ª Vara Cível da Comarca de Limoeiro,5ª CCJ,Sem prioridade
0003003-45.2024.8.17.2920,13/05/2026,1ª Vara Cível da Comarca de Limoeiro,6ª CC,Prioridade Legal
0003068-40.2024.8.17.2920,12/05/2026,1ª Vara Cível da Comarca de Limoeiro,6ª CC,Prioridade Legal
0003165-06.2025.8.17.2920,15/05/2026,1ª Vara Cível da Comarca de Limoeiro,5ª CCJ,Prioridade Legal
0003200-97.2024.8.17.2920,22/04/2026,1ª Vara Cível da Comarca de Limoeiro,5ª CCJ,Prioridade Legal
0003212-48.2023.8.17.2920,15/05/2026,1ª Vara Cível da Comarca de Limoeiro,5ª CCJ,Prioridade Legal
0000040-98.2023.8.17.2920,06/05/2026,2ª Vara Cível da Comarca de Limoeiro,6ª CC,Prioridade Legal
0000135-18.2003.8.17.0920,06/05/2026,2ª Vara Cível da Comarca de Limoeiro,6ª CC,Sem prioridade
0000265-71.2004.8.17.0920,06/05/2026,2ª Vara Cível da Comarca de Limoeiro,5ª CCJ,Sem prioridade
0000309-84.2016.8.17.2920,10/04/2026,2ª Vara Cível da Comarca de Limoeiro,5ª CCJ,Sem prioridade
0000400-28.2026.8.17.2920,15/05/2026,2ª Vara Cível da Comarca de Limoeiro,6ª CC,Prioridade Legal
0000534-31.2021.8.17.2920,29/04/2026,2ª Vara Cível da Comarca de Limoeiro,5ª CCJ,Prioridade Legal
0000573-86.2025.8.17.2920,08/05/2026,2ª Vara Cível da Comarca de Limoeiro,6ª CC,Sem prioridade
0000686-98.2020.8.17.3410,22/04/2026,2ª Vara Cível da Comarca de Limoeiro,5ª CCJ,Prioridade Legal
0000955-89.2019.8.17.2920,12/05/2026,2ª Vara Cível da Comarca de Limoeiro,6ª CC,Sem prioridade
0001012-63.2026.8.17.2920,07/05/2026,2ª Vara Cível da Comarca de Limoeiro,6ª CC,Prioridade Legal
0001364-60.2022.8.17.2920,14/05/2026,2ª Vara Cível da Comarca de Limoeiro,6ª CC,Prioridade Legal
0001410-78.2024.8.17.2920,01/04/2026,2ª Vara Cível da Comarca de Limoeiro,5ª CCJ,Prioridade Legal
0001995-38.2021.8.17.2920,20/04/2026,2ª Vara Cível da Comarca de Limoeiro,5ª CCJ,Prioridade Legal
0001998-56.2022.8.17.2920,22/04/2026,2ª Vara Cível da Comarca de Limoeiro,5ª CCJ,Sem prioridade
0001998-90.2021.8.17.2920,06/05/2026,2ª Vara Cível da Comarca de Limoeiro,5ª CCJ,Prioridade Legal
0002174-98.2023.8.17.2920,08/05/2026,2ª Vara Cível da Comarca de Limoeiro,5ª CCJ,Prioridade Legal
0002376-75.2023.8.17.2920,21/04/2026,2ª Vara Cível da Comarca de Limoeiro,5ª CCJ,Prioridade Legal
0003209-93.2023.8.17.2920,30/04/2026,2ª Vara Cível da Comarca de Limoeiro,5ª CCJ,Prioridade Legal
0000131-80.2025.8.17.8236,29/04/2026,Juizado Especial Cível e das Relações de Consumo de Limoeiro - Turno Manhã - 08:00h às 14:00h,1ª CCJ,Prioridade Legal
0000208-61.2026.8.17.8234,04/05/2026,Juizado Especial Cível e das Relações de Consumo de Limoeiro - Turno Manhã - 08:00h às 14:00h,1ª CCJ,Prioridade Legal
0000272-36.2024.8.17.8236,30/04/2026,Juizado Especial Cível e das Relações de Consumo de Limoeiro - Turno Manhã - 08:00h às 14:00h,1ª CCJ,Prioridade Legal
0000400-22.2025.8.17.8236,15/05/2026,Juizado Especial Cível e das Relações de Consumo de Limoeiro - Turno Manhã - 08:00h às 14:00h,1ª CCJ,Prioridade Legal
0000438-21.2017.8.17.8234,29/04/2026,Juizado Especial Cível e das Relações de Consumo de Limoeiro - Turno Manhã - 08:00h às 14:00h,1ª CCJ,Prioridade Legal
0000453-87.2017.8.17.8234,29/04/2026,Juizado Especial Cível e das Relações de Consumo de Limoeiro - Turno Manhã - 08:00h às 14:00h,1ª CCJ,Prioridade Legal
0000485-08.2025.8.17.8236,29/04/2026,Juizado Especial Cível e das Relações de Consumo de Limoeiro - Turno Manhã - 08:00h às 14:00h,1ª CCJ,Prioridade Legal
0000621-45.2024.8.17.8234,30/04/2026,Juizado Especial Cível e das Relações de Consumo de Limoeiro - Turno Manhã - 08:00h às 14:00h,1ª CCJ,Prioridade Legal
0000760-60.2025.8.17.8234,29/04/2026,Juizado Especial Cível e das Relações de Consumo de Limoeiro - Turno Manhã - 08:00h às 14:00h,1ª CCJ,Prioridade Legal
0000862-82.2025.8.17.8234,04/05/2026,Juizado Especial Cível e das Relações de Consumo de Limoeiro - Turno Manhã - 08:00h às 14:00h,1ª CCJ,Prioridade Legal
0001098-05.2023.8.17.8234,30/04/2026,Juizado Especial Cível e das Relações de Consumo de Limoeiro - Turno Manhã - 08:00h às 14:00h,1ª CCJ,Sem prioridade
0001434-72.2024.8.17.8234,13/05/2026,Juizado Especial Cível e das Relações de Consumo de Limoeiro - Turno Manhã - 08:00h às 14:00h,1ª CCJ,Prioridade Legal
0002159-08.2017.8.17.8234,29/04/2026,Juizado Especial Cível e das Relações de Consumo de Limoeiro - Turno Manhã - 08:00h às 14:00h,1ª CCJ,Prioridade Legal
0002958-51.2017.8.17.8234,30/04/2026,Juizado Especial Cível e das Relações de Consumo de Limoeiro - Turno Manhã - 08:00h às 14:00h,1ª CCJ,Prioridade Legal
0000065-39.2003.8.17.1360,14/05/2026,Vara Única da Comarca de Macaparana,4ª CCJ,Sem prioridade
0000079-61.2017.8.17.0930,05/05/2026,Vara Única da Comarca de Macaparana,5ª CC,Prioridade Legal
0000088-63.2021.8.17.5980,05/05/2026,Vara Única da Comarca de Macaparana,5ª CC,Prioridade Legal
0000221-35.2024.8.17.2930,06/05/2026,Vara Única da Comarca de Macaparana,5ª CC,Prioridade Legal
0000262-70.2022.8.17.2930,29/04/2026,Vara Única da Comarca de Macaparana,5ª CC,Prioridade Legal
0000269-23.2026.8.17.2930,05/05/2026,Vara Única da Comarca de Macaparana,4ª CCJ,Prioridade Legal
0000293-32.2018.8.17.2930,14/05/2026,Vara Única da Comarca de Macaparana,5ª CC,Sem prioridade
0000573-27.2023.8.17.2930,15/05/2026,Vara Única da Comarca de Macaparana,5ª CC,Prioridade Legal
0001125-89.2023.8.17.2930,06/05/2026,Vara Única da Comarca de Macaparana,5ª CC,Sem prioridade
0000054-51.2025.8.17.2940,08/05/2026,Vara Única da Comarca de Maraial,5ª CC,Prioridade Legal
0000071-92.2022.8.17.2940,04/05/2026,Vara Única da Comarca de Maraial,4ª CCJ,Sem prioridade
0000079-46.2008.8.17.0940,30/04/2026,Vara Única da Comarca de Maraial,5ª CC,Prioridade Legal
0000251-84.2017.8.17.2940,06/05/2026,Vara Única da Comarca de Maraial,5ª CC,Sem prioridade
0000071-33.2020.8.17.2950,15/05/2026,Vara Única da Comarca de Mirandiba,7ª CC,Prioridade Legal
0000213-27.2026.8.17.2950,12/05/2026,Vara Única da Comarca de Mirandiba,7ª CC,Prioridade Legal
0000257-61.2017.8.17.2950,05/05/2026,Vara Única da Comarca de Mirandiba,6ª CCJ,Prioridade Legal
0000295-68.2020.8.17.2950,13/05/2026,Vara Única da Comarca de Mirandiba,6ª CCJ,Prioridade Legal
0000491-62.2025.8.17.2950,12/05/2026,Vara Única da Comarca de Mirandiba,7ª CC,Prioridade Legal
0000492-47.2025.8.17.2950,05/05/2026,Vara Única da Comarca de Mirandiba,6ª CCJ,Prioridade Legal
0000538-36.2025.8.17.2950,05/05/2026,Vara Única da Comarca de Mirandiba,6ª CCJ,Prioridade Legal
0000540-79.2020.8.17.2950,15/05/2026,Vara Única da Comarca de Mirandiba,7ª CC,Prioridade Legal
0000673-24.2020.8.17.2950,12/05/2026,Vara Única da Comarca de Mirandiba,7ª CC,Prioridade Legal
0001158-82.2024.8.17.2950,13/05/2026,Vara Única da Comarca de Mirandiba,7ª CC,Sem prioridade
0001226-32.2024.8.17.2950,12/05/2026,Vara Única da Comarca de Mirandiba,7ª CC,Prioridade Legal
0001666-02.2025.8.17.4370,08/05/2026,Vara Única da Comarca de Mirandiba,7ª CC,Prioridade Legal
0000168-95.2016.8.17.0970,16/04/2026,1ª Vara Cível da Comarca de Moreno,4ª CCJ,Sem prioridade
0000351-07.2021.8.17.2970,24/04/2026,1ª Vara Cível da Comarca de Moreno,5ª CC,Prioridade Legal
0000417-45.2025.8.17.2970,24/04/2026,1ª Vara Cível da Comarca de Moreno,5ª CC,Prioridade Legal
0000487-62.2025.8.17.2970,07/05/2026,1ª Vara Cível da Comarca de Moreno,5ª CC,Prioridade Legal
0000622-74.2025.8.17.2970,04/05/2026,1ª Vara Cível da Comarca de Moreno,5ª CC,Prioridade Legal
0000661-47.2020.8.17.2970,27/04/2026,1ª Vara Cível da Comarca de Moreno,5ª CC,Prioridade Legal
0000712-82.2025.8.17.2970,15/05/2026,1ª Vara Cível da Comarca de Moreno,5ª CC,Prioridade Legal
0000772-26.2023.8.17.2970,07/05/2026,1ª Vara Cível da Comarca de Moreno,4ª CCJ,Prioridade Legal
0000856-66.2019.8.17.2970,08/04/2026,1ª Vara Cível da Comarca de Moreno,4ª CCJ,Prioridade Legal
0000893-55.2014.8.17.0970,30/04/2026,1ª Vara Cível da Comarca de Moreno,5ª CC,Prioridade Legal
0000992-53.2025.8.17.2970,27/04/2026,1ª Vara Cível da Comarca de Moreno,4ª CCJ,Sem prioridade
0001174-44.2022.8.17.2970,27/04/2026,1ª Vara Cível da Comarca de Moreno,5ª CC,Prioridade Legal
0001230-72.2025.8.17.2970,22/04/2026,1ª Vara Cível da Comarca de Moreno,5ª CC,Prioridade Legal
0001272-92.2023.8.17.2970,24/04/2026,1ª Vara Cível da Comarca de Moreno,5ª CC,Prioridade Legal
0001298-22.2025.8.17.2970,08/05/2026,1ª Vara Cível da Comarca de Moreno,4ª CCJ,Prioridade Legal
0001330-27.2025.8.17.2970,08/05/2026,1ª Vara Cível da Comarca de Moreno,4ª CCJ,Prioridade Legal
0001339-57.2023.8.17.2970,07/05/2026,1ª Vara Cível da Comarca de Moreno,5ª CC,Prioridade Legal
0001496-93.2024.8.17.2970,07/05/2026,1ª Vara Cível da Comarca de Moreno,5ª CC,Prioridade Legal
0001523-76.2024.8.17.2970,15/05/2026,1ª Vara Cível da Comarca de Moreno,5ª CC,Prioridade Legal
0001683-67.2025.8.17.2970,30/04/2026,1ª Vara Cível da Comarca de Moreno,5ª CC,Prioridade Legal
0001710-50.2025.8.17.2970,29/04/2026,1ª Vara Cível da Comarca de Moreno,4ª CCJ,Sem prioridade
0001957-37.2013.8.17.0970,27/04/2026,1ª Vara Cível da Comarca de Moreno,5ª CC,Prioridade Legal
0018968-39.2023.8.17.2810,23/04/2026,1ª Vara Cível da Comarca de Moreno,5ª CC,Prioridade Legal
0000008-56.1987.8.17.0980,22/04/2026,Vara Única da Comarca de Nazaré da Mata,4ª CCJ,Sem prioridade
0000099-13.2017.8.17.2980,04/05/2026,Vara Única da Comarca de Nazaré da Mata,4ª CCJ,Prioridade Legal
0000103-41.2014.8.17.0980,11/05/2026,Vara Única da Comarca de Nazaré da Mata,5ª CC,Prioridade Legal
0000300-83.2020.8.17.0980,08/05/2026,Vara Única da Comarca de Nazaré da Mata,5ª CC,Prioridade Legal
0000324-28.2020.8.17.2980,28/04/2026,Vara Única da Comarca de Nazaré da Mata,5ª CC,Prioridade Legal
0000438-93.2022.8.17.2980,14/05/2026,Vara Única da Comarca de Nazaré da Mata,5ª CC,Prioridade Legal
0000448-50.2016.8.17.2980,14/04/2026,Vara Única da Comarca de Nazaré da Mata,4ª CCJ,Prioridade Legal
0000481-39.2025.8.17.4980,08/05/2026,Vara Única da Comarca de Nazaré da Mata,5ª CC,Prioridade Legal
0000505-63.2019.8.17.2980,23/04/2026,Vara Única da Comarca de Nazaré da Mata,4ª CCJ,Sem prioridade
0000524-74.2016.8.17.2980,14/05/2026,Vara Única da Comarca de Nazaré da Mata,5ª CC,Prioridade Legal
0000561-86.2025.8.17.2980,05/05/2026,Vara Única da Comarca de Nazaré da Mata,5ª CC,Prioridade Legal
0000644-79.2011.8.17.0980,10/04/2026,Vara Única da Comarca de Nazaré da Mata,4ª CCJ,Prioridade Legal
0000679-96.2024.8.17.2980,28/04/2026,Vara Única da Comarca de Nazaré da Mata,5ª CC,Prioridade Legal
0000688-58.2024.8.17.2980,14/05/2026,Vara Única da Comarca de Nazaré da Mata,5ª CC,Sem prioridade
0000709-40.2012.8.17.0980,05/05/2026,Vara Única da Comarca de Nazaré da Mata,5ª CC,Prioridade Legal
0000749-85.2013.8.17.0980,06/05/2026,Vara Única da Comarca de Nazaré da Mata,5ª CC,Sem prioridade
0000895-57.2024.8.17.2980,04/05/2026,Vara Única da Comarca de Nazaré da Mata,5ª CC,Prioridade Legal
0001221-18.2015.8.17.0980,04/05/2026,Vara Única da Comarca de Nazaré da Mata,5ª CC,Prioridade Legal
0001241-08.2024.8.17.2980,08/05/2026,Vara Única da Comarca de Nazaré da Mata,5ª CC,Prioridade Legal
0001261-96.2024.8.17.2980,06/05/2026,Vara Única da Comarca de Nazaré da Mata,5ª CC,Prioridade Legal
0001267-11.2021.8.17.2980,13/05/2026,Vara Única da Comarca de Nazaré da Mata,5ª CC,Prioridade Legal
0001417-21.2023.8.17.2980,29/04/2026,Vara Única da Comarca de Nazaré da Mata,5ª CC,Sem prioridade
0010520-52.2019.8.17.3090,03/05/2026,Núcleo de Justiça 4.0 - Seguro Habitacional - SFH,1ª CC,Prioridade Legal
0015542-52.2023.8.17.3090,08/05/2026,Núcleo de Justiça 4.0 - Seguro Habitacional - SFH,1ª CC,Prioridade Legal
0019575-61.2018.8.17.3090,08/05/2026,Núcleo de Justiça 4.0 - Seguro Habitacional - SFH,1ª CC,Prioridade Legal
0104357-10.2018.8.17.2990,08/05/2026,Núcleo de Justiça 4.0 - Seguro Habitacional - SFH,1ª CC,Prioridade Legal
0000043-68.2022.8.17.2021,30/04/2026,Núcleo de Justiça 4.0 - de Saúde da Infância e Juventude,1ª CC,Super prioridade
0000058-32.2025.8.17.2021,08/05/2026,Núcleo de Justiça 4.0 - de Saúde da Infância e Juventude,1ª CC,Prioridade Legal
0000169-50.2024.8.17.2021,24/04/2026,Núcleo de Justiça 4.0 - de Saúde da Infância e Juventude,1ª CC,Prioridade Legal
0000228-04.2025.8.17.2021,30/04/2026,Núcleo de Justiça 4.0 - de Saúde da Infância e Juventude,1ª CC,Prioridade Legal
0000349-64.2021.8.17.2670,29/04/2026,Núcleo de Justiça 4.0 - de Saúde da Infância e Juventude,1ª CC,Prioridade Legal
0000463-68.2025.8.17.2021,04/05/2026,Núcleo de Justiça 4.0 - de Saúde da Infância e Juventude,1ª CC,Prioridade Legal
0000671-52.2025.8.17.2021,13/05/2026,Núcleo de Justiça 4.0 - de Saúde da Infância e Juventude,1ª CC,Sem prioridade
0000692-28.2025.8.17.2021,07/05/2026,Núcleo de Justiça 4.0 - de Saúde da Infância e Juventude,1ª CC,Prioridade Legal
0001188-57.2025.8.17.2021,30/04/2026,Núcleo de Justiça 4.0 - de Saúde da Infância e Juventude,1ª CC,Prioridade Legal
0001227-54.2025.8.17.2021,28/04/2026,Núcleo de Justiça 4.0 - de Saúde da Infância e Juventude,1ª CC,Prioridade Legal
0001361-81.2025.8.17.2021,15/05/2026,Núcleo de Justiça 4.0 - de Saúde da Infância e Juventude,1ª CC,Prioridade Legal
0001394-71.2025.8.17.2021,24/04/2026,Núcleo de Justiça 4.0 - de Saúde da Infância e Juventude,1ª CC,Prioridade Legal
0001397-26.2025.8.17.2021,29/04/2026,Núcleo de Justiça 4.0 - de Saúde da Infância e Juventude,1ª CC,Prioridade Legal
0001438-90.2025.8.17.2021,15/05/2026,Núcleo de Justiça 4.0 - de Saúde da Infância e Juventude,1ª CC,Prioridade Legal
0001533-23.2025.8.17.2021,07/05/2026,Núcleo de Justiça 4.0 - de Saúde da Infância e Juventude,1ª CC,Prioridade Legal
0001858-95.2025.8.17.2021,29/04/2026,Núcleo de Justiça 4.0 - de Saúde da Infância e Juventude,1ª CC,Prioridade Legal
0002323-41.2024.8.17.2021,07/05/2026,Núcleo de Justiça 4.0 - de Saúde da Infância e Juventude,1ª CC,Prioridade Legal
0002401-35.2024.8.17.2021,13/05/2026,Núcleo de Justiça 4.0 - de Saúde da Infância e Juventude,1ª CC,Super prioridade
0002486-21.2024.8.17.2021,14/05/2026,Núcleo de Justiça 4.0 - de Saúde da Infância e Juventude,1ª CC,Prioridade Legal
0002508-79.2024.8.17.2021,15/05/2026,Núcleo de Justiça 4.0 - de Saúde da Infância e Juventude,1ª CC,Prioridade Legal
0019444-22.2023.8.17.2990,30/04/2026,Núcleo de Justiça 4.0 - de Saúde da Infância e Juventude,1ª CC,Prioridade Legal
0001686-21.2020.8.17.0990,16/05/2026,1ª Vara Criminal da Comarca de Olinda,2ª CC,Prioridade Legal
0000854-02.2020.8.17.2990,29/04/2026,1ª Vara Cível da Comarca de Olinda,1ª CCJ,Sem prioridade
0001062-59.2015.8.17.2990,30/04/2026,1ª Vara Cível da Comarca de Olinda,3ª CC,Sem prioridade
0001064-53.2020.8.17.2990,06/05/2026,1ª Vara Cível da Comarca de Olinda,3ª CC,Prioridade Legal
0001315-47.2015.8.17.2990,13/05/2026,1ª Vara Cível da Comarca de Olinda,3ª CC,Prioridade Legal
0002888-87.2007.8.17.0990,17/04/2026,1ª Vara Cível da Comarca de Olinda,3ª CC,Prioridade Legal
0003207-78.2021.8.17.2990,15/05/2026,1ª Vara Cível da Comarca de Olinda,3ª CC,Prioridade Legal
0005834-31.2016.8.17.2990,06/05/2026,1ª Vara Cível da Comarca de Olinda,3ª CC,Prioridade Legal
0009677-29.2012.8.17.0990,10/04/2026,1ª Vara Cível da Comarca de Olinda,1ª CCJ,Sem prioridade
0010883-72.2024.8.17.2990,15/05/2026,1ª Vara Cível da Comarca de Olinda,3ª CC,Prioridade Legal
0011766-19.2024.8.17.2990,04/05/2026,1ª Vara Cível da Comarca de Olinda,3ª CC,Prioridade Legal
0012651-67.2023.8.17.2990,03/05/2026,1ª Vara Cível da Comarca de Olinda,3ª CC,Prioridade Legal
0016446-47.2024.8.17.2990,13/05/2026,1ª Vara Cível da Comarca de Olinda,3ª CC,Prioridade Legal
0020338-37.2019.8.17.2990,30/04/2026,1ª Vara Cível da Comarca de Olinda,3ª CC,Sem prioridade
0021027-13.2021.8.17.2990,15/05/2026,1ª Vara Cível da Comarca de Olinda,3ª CC,Prioridade Legal
0053690-38.2022.8.17.2001,08/05/2026,1ª Vara Cível da Comarca de Olinda,3ª CC,Prioridade Legal
0056216-23.2019.8.17.2990,13/04/2026,1ª Vara Cível da Comarca de Olinda,1ª CCJ,Prioridade Legal
0057483-30.2019.8.17.2990,08/04/2026,1ª Vara Cível da Comarca de Olinda,1ª CCJ,Prioridade Legal
0113767-92.2018.8.17.2990,15/05/2026,1ª Vara Cível da Comarca de Olinda,3ª CC,Prioridade Legal
0122201-54.2023.8.17.2001,14/05/2026,1ª Vara Cível da Comarca de Olinda,3ª CC,Prioridade Legal
0126890-60.2018.8.17.2990,06/05/2026,1ª Vara Cível da Comarca de Olinda,1ª CCJ,Prioridade Legal
0000406-97.2018.8.17.2990,10/04/2026,1ª Vara da Fazenda Pública da Comarca de Olinda,2ª CCJ,Prioridade Legal
0002071-48.1992.8.17.0990,14/05/2026,1ª Vara da Fazenda Pública da Comarca de Olinda,4ª CC,Sem prioridade
0002534-27.2017.8.17.2990,24/04/2026,1ª Vara da Fazenda Pública da Comarca de Olinda,4ª CC,Sem prioridade
0002589-12.2016.8.17.2990,06/05/2026,1ª Vara da Fazenda Pública da Comarca de Olinda,2ª CCJ,Prioridade Legal
0004962-45.2018.8.17.2990,10/04/2026,1ª Vara da Fazenda Pública da Comarca de Olinda,2ª CCJ,Prioridade Legal
0005744-08.2025.8.17.2990,15/05/2026,1ª Vara da Fazenda Pública da Comarca de Olinda,2ª CCJ,Sem prioridade
0005986-74.2019.8.17.2990,04/05/2026,1ª Vara da Fazenda Pública da Comarca de Olinda,2ª CCJ,Prioridade Legal
0009089-79.2025.8.17.2990,07/05/2026,1ª Vara da Fazenda Pública da Comarca de Olinda,2ª CCJ,Super prioridade
0009091-49.2025.8.17.2990,14/05/2026,1ª Vara da Fazenda Pública da Comarca de Olinda,2ª CCJ,Super prioridade
0009097-56.2025.8.17.2990,13/05/2026,1ª Vara da Fazenda Pública da Comarca de Olinda,2ª CCJ,Super prioridade
0009385-04.2025.8.17.2990,08/05/2026,1ª Vara da Fazenda Pública da Comarca de Olinda,2ª CCJ,Super prioridade
0009390-26.2025.8.17.2990,08/05/2026,1ª Vara da Fazenda Pública da Comarca de Olinda,2ª CCJ,Super prioridade
0010671-90.2020.8.17.2990,29/04/2026,1ª Vara da Fazenda Pública da Comarca de Olinda,2ª CCJ,Sem prioridade
0011896-48.2020.8.17.2990,24/04/2026,1ª Vara da Fazenda Pública da Comarca de Olinda,2ª CCJ,Prioridade Legal
0013198-11.2014.8.17.0990,31/03/2026,1ª Vara da Fazenda Pública da Comarca de Olinda,2ª CCJ,Prioridade Legal
0017928-64.2023.8.17.2990,06/05/2026,1ª Vara da Fazenda Pública da Comarca de Olinda,2ª CCJ,Prioridade Legal
0018095-47.2024.8.17.2990,07/05/2026,1ª Vara da Fazenda Pública da Comarca de Olinda,4ª CC,Super prioridade
0036506-85.2017.8.17.2990,10/04/2026,1ª Vara da Fazenda Pública da Comarca de Olinda,2ª CCJ,Sem prioridade
0043194-92.2019.8.17.2990,06/05/2026,1ª Vara da Fazenda Pública da Comarca de Olinda,2ª CCJ,Prioridade Legal
0057396-74.2019.8.17.2990,13/05/2026,1ª Vara da Fazenda Pública da Comarca de Olinda,2ª CCJ,Prioridade Legal
0083432-51.2022.8.17.2990,10/04/2026,1ª Vara da Fazenda Pública da Comarca de Olinda,2ª CCJ,Prioridade Legal
0104224-65.2018.8.17.2990,14/05/2026,1ª Vara da Fazenda Pública da Comarca de Olinda,2ª CCJ,Sem prioridade
0160394-57.2018.8.17.2990,09/04/2026,1ª Vara da Fazenda Pública da Comarca de Olinda,2ª CCJ,Prioridade Legal
0000190-58.2026.8.17.2990,21/04/2026,1ª Vara de Família e Registro Civil da Comarca de Olinda,3ª CCJ,Prioridade Legal
0001435-80.2021.8.17.2990,08/05/2026,1ª Vara de Família e Registro Civil da Comarca de Olinda,3ª CC,Prioridade Legal
0004850-95.2026.8.17.2990,14/05/2026,1ª Vara de Família e Registro Civil da Comarca de Olinda,3ª CCJ,Prioridade Legal
0018231-10.2025.8.17.2990,14/05/2026,1ª Vara de Família e Registro Civil da Comarca de Olinda,3ª CCJ,Prioridade Legal
0019053-96.2025.8.17.2990,04/05/2026,1ª Vara de Família e Registro Civil da Comarca de Olinda,3ª CC,Prioridade Legal
0001555-36.2024.8.17.8223,04/05/2026,1º Juizado Especial Cível e das Relações de Consumo de Olinda - Turno Manhã - 07:00h às 13:00h,1ª CCJ,Prioridade Legal
0002747-67.2025.8.17.8223,12/05/2026,1º Juizado Especial Cível e das Relações de Consumo de Olinda - Turno Manhã - 07:00h às 13:00h,1ª CCJ,Prioridade Legal
0006782-07.2024.8.17.8223,06/05/2026,1º Juizado Especial Cível e das Relações de Consumo de Olinda - Turno Manhã - 07:00h às 13:00h,1ª CCJ,Prioridade Legal
0006890-36.2024.8.17.8223,14/05/2026,1º Juizado Especial Cível e das Relações de Consumo de Olinda - Turno Manhã - 07:00h às 13:00h,1ª CCJ,Prioridade Legal
0006952-42.2025.8.17.8223,12/05/2026,1º Juizado Especial Cível e das Relações de Consumo de Olinda - Turno Manhã - 07:00h às 13:00h,1ª CCJ,Prioridade Legal
0002277-51.2018.8.17.0990,16/05/2026,2ª Vara Criminal da Comarca de Olinda,2ª CC,Sem prioridade
0006438-70.2019.8.17.0990,16/05/2026,2ª Vara Criminal da Comarca de Olinda,2ª CC,Sem prioridade
0024092-45.2023.8.17.2990,15/05/2026,2ª Vara Criminal da Comarca de Olinda,2ª CC,Prioridade Legal
0000982-95.2015.8.17.2990,30/04/2026,2ª Vara Cível da Comarca de Olinda,3ª CC,Sem prioridade
0001356-38.2020.8.17.2990,07/04/2026,2ª Vara Cível da Comarca de Olinda,1ª CCJ,Prioridade Legal
0003110-05.2026.8.17.2990,15/05/2026,2ª Vara Cível da Comarca de Olinda,3ª CC,Prioridade Legal
0006226-19.2026.8.17.2990,12/05/2026,2ª Vara Cível da Comarca de Olinda,3ª CC,Prioridade Legal
0017053-26.2025.8.17.2990,13/05/2026,2ª Vara Cível da Comarca de Olinda,3ª CC,Sem prioridade
0041914-86.2019.8.17.2990,28/04/2026,2ª Vara Cível da Comarca de Olinda,3ª CC,Prioridade Legal
0074139-80.2023.8.17.2001,14/05/2026,2ª Vara Cível da Comarca de Olinda,3ª CC,Prioridade Legal
0006066-04.2020.8.17.2990,08/05/2026,2ª Vara da Fazenda Pública da Comarca de Olinda,4ª CC,Prioridade Legal
0007186-59.2006.8.17.0990,11/05/2026,2ª Vara da Fazenda Pública da Comarca de Olinda,4ª CC,Sem prioridade
0011142-39.2013.8.17.0990,04/05/2026,2ª Vara da Fazenda Pública da Comarca de Olinda,4ª CC,Sem prioridade
0011455-67.2020.8.17.2990,15/04/2026,2ª Vara da Fazenda Pública da Comarca de Olinda,2ª CCJ,Prioridade Legal
0013322-56.2024.8.17.2990,30/04/2026,2ª Vara da Fazenda Pública da Comarca de Olinda,2ª CCJ,Prioridade Legal
0015206-92.2013.8.17.0990,04/05/2026,2ª Vara da Fazenda Pública da Comarca de Olinda,4ª CC,Sem prioridade
0025532-76.2023.8.17.2990,30/04/2026,2ª Vara da Fazenda Pública da Comarca de Olinda,2ª CCJ,Sem prioridade
0027948-27.2017.8.17.2990,14/04/2026,2ª Vara da Fazenda Pública da Comarca de Olinda,2ª CCJ,Prioridade Legal
0032415-78.2019.8.17.2990,11/05/2026,2ª Vara da Fazenda Pública da Comarca de Olinda,4ª CC,Super prioridade
0042535-83.2019.8.17.2990,11/05/2026,2ª Vara da Fazenda Pública da Comarca de Olinda,4ª CC,Prioridade Legal
0044070-47.2019.8.17.2990,28/04/2026,2ª Vara da Fazenda Pública da Comarca de Olinda,2ª CCJ,Prioridade Legal
0083431-66.2022.8.17.2990,13/04/2026,2ª Vara da Fazenda Pública da Comarca de Olinda,2ª CCJ,Sem prioridade
0104060-03.2018.8.17.2990,14/05/2026,2ª Vara da Fazenda Pública da Comarca de Olinda,4ª CC,Sem prioridade
0113483-84.2018.8.17.2990,04/05/2026,2ª Vara da Fazenda Pública da Comarca de Olinda,2ª CCJ,Prioridade Legal
0010090-37.2015.8.17.0990,24/04/2026,2ª Vara de Família e Registro Civil da Comarca de Olinda,3ª CCJ,Sem prioridade
0017263-77.2025.8.17.2990,11/05/2026,2ª Vara de Família e Registro Civil da Comarca de Olinda,3ª CCJ,Prioridade Legal
0001266-11.2021.8.17.8223,07/05/2026,2º Juizado Especial Cível e das Relações de Consumo de Olinda - Turno Manhã - 07:00h às 13:00h,1ª CCJ,Prioridade Legal
0001474-87.2024.8.17.8223,15/05/2026,2º Juizado Especial Cível e das Relações de Consumo de Olinda - Turno Manhã - 07:00h às 13:00h,1ª CCJ,Prioridade Legal
0001642-60.2022.8.17.8223,07/05/2026,2º Juizado Especial Cível e das Relações de Consumo de Olinda - Turno Manhã - 07:00h às 13:00h,1ª CCJ,Prioridade Legal
0002095-50.2025.8.17.8223,28/04/2026,2º Juizado Especial Cível e das Relações de Consumo de Olinda - Turno Manhã - 07:00h às 13:00h,1ª CCJ,Prioridade Legal
0003393-77.2025.8.17.8223,06/05/2026,2º Juizado Especial Cível e das Relações de Consumo de Olinda - Turno Manhã - 07:00h às 13:00h,1ª CCJ,Prioridade Legal
0004243-34.2025.8.17.8223,28/04/2026,2º Juizado Especial Cível e das Relações de Consumo de Olinda - Turno Manhã - 07:00h às 13:00h,1ª CCJ,Prioridade Legal
0004465-02.2025.8.17.8223,12/05/2026,2º Juizado Especial Cível e das Relações de Consumo de Olinda - Turno Manhã - 07:00h às 13:00h,1ª CCJ,Prioridade Legal
0004706-73.2025.8.17.8223,07/05/2026,2º Juizado Especial Cível e das Relações de Consumo de Olinda - Turno Manhã - 07:00h às 13:00h,1ª CCJ,Prioridade Legal
0005515-97.2024.8.17.8223,28/04/2026,2º Juizado Especial Cível e das Relações de Consumo de Olinda - Turno Manhã - 07:00h às 13:00h,1ª CCJ,Prioridade Legal
0005575-36.2025.8.17.8223,06/05/2026,2º Juizado Especial Cível e das Relações de Consumo de Olinda - Turno Manhã - 07:00h às 13:00h,1ª CCJ,Prioridade Legal
0007077-78.2023.8.17.8223,07/05/2026,2º Juizado Especial Cível e das Relações de Consumo de Olinda - Turno Manhã - 07:00h às 13:00h,1ª CCJ,Prioridade Legal
0007368-44.2024.8.17.8223,15/05/2026,2º Juizado Especial Cível e das Relações de Consumo de Olinda - Turno Manhã - 07:00h às 13:00h,1ª CCJ,Prioridade Legal
0006128-74.2013.8.17.0990,30/04/2026,3ª Vara Cível da Comarca de Olinda,3ª CC,Sem prioridade
0012112-05.2014.8.17.0990,07/04/2026,3ª Vara Cível da Comarca de Olinda,1ª CCJ,Sem prioridade
0019056-51.2025.8.17.2990,04/05/2026,3ª Vara Cível da Comarca de Olinda,1ª CCJ,Sem prioridade
0001337-56.2025.8.17.2990,28/04/2026,3ª Vara de Família e Registro Civil da Comarca de Olinda,3ª CCJ,Prioridade Legal
0002350-27.2024.8.17.2990,29/04/2026,3ª Vara de Família e Registro Civil da Comarca de Olinda,3ª CC,Prioridade Legal
0012126-17.2025.8.17.2990,05/05/2026,3ª Vara de Família e Registro Civil da Comarca de Olinda,3ª CCJ,Sem prioridade
0000227-03.2026.8.17.8223,07/05/2026,3º Juizado Especial Cível e das Relações de Consumo de Olinda - Turno Manhã - 07:00h às 13:00h,1ª CCJ,Prioridade Legal
0000752-82.2026.8.17.8223,08/05/2026,3º Juizado Especial Cível e das Relações de Consumo de Olinda - Turno Manhã - 07:00h às 13:00h,1ª CCJ,Prioridade Legal
0001032-24.2024.8.17.8223,29/04/2026,3º Juizado Especial Cível e das Relações de Consumo de Olinda - Turno Manhã - 07:00h às 13:00h,1ª CCJ,Prioridade Legal
0005577-06.2025.8.17.8223,29/04/2026,3º Juizado Especial Cível e das Relações de Consumo de Olinda - Turno Manhã - 07:00h às 13:00h,1ª CCJ,Prioridade Legal
0005838-68.2025.8.17.8223,30/04/2026,3º Juizado Especial Cível e das Relações de Consumo de Olinda - Turno Manhã - 07:00h às 13:00h,1ª CCJ,Prioridade Legal
0000468-22.2001.8.17.0990,22/04/2026,4ª Vara Cível da Comarca de Olinda,3ª CC,Prioridade Legal
0003887-39.2016.8.17.2990,14/05/2026,4ª Vara Cível da Comarca de Olinda,3ª CC,Prioridade Legal
0006300-45.2015.8.17.0990,13/05/2026,4ª Vara Cível da Comarca de Olinda,3ª CC,Sem prioridade
0007999-81.2009.8.17.0990,24/04/2026,4ª Vara Cível da Comarca de Olinda,3ª CC,Prioridade Legal
0008173-71.2001.8.17.0990,10/05/2026,4ª Vara Cível da Comarca de Olinda,3ª CC,Prioridade Legal
0009478-35.2023.8.17.2990,08/05/2026,4ª Vara Cível da Comarca de Olinda,3ª CC,Sem prioridade
0013453-70.2020.8.17.2990,14/05/2026,4ª Vara Cível da Comarca de Olinda,3ª CC,Prioridade Legal
0015071-50.2020.8.17.2990,27/04/2026,4ª Vara Cível da Comarca de Olinda,3ª CC,Prioridade Legal
0020212-45.2023.8.17.2990,06/05/2026,4ª Vara Cível da Comarca de Olinda,3ª CC,Prioridade Legal
0113762-70.2018.8.17.2990,07/04/2026,4ª Vara Cível da Comarca de Olinda,1ª CCJ,Sem prioridade
0000171-72.2014.8.17.2990,05/05/2026,5ª Vara Cível da Comarca de Olinda,3ª CC,Prioridade Legal
0000559-23.2024.8.17.2990,08/05/2026,5ª Vara Cível da Comarca de Olinda,3ª CC,Prioridade Legal
0005445-71.2012.8.17.0990,30/04/2026,5ª Vara Cível da Comarca de Olinda,3ª CC,Sem prioridade
0023791-11.2017.8.17.2990,08/05/2026,5ª Vara Cível da Comarca de Olinda,1ª CCJ,Prioridade Legal
0053019-60.2019.8.17.2990,13/05/2026,5ª Vara Cível da Comarca de Olinda,3ª CC,Sem prioridade
0000145-35.2018.8.17.2990,14/04/2026,6ª Vara Cível da Comarca de Olinda,1ª CCJ,Prioridade Legal
0000288-77.2025.8.17.2990,15/05/2026,6ª Vara Cível da Comarca de Olinda,3ª CC,Prioridade Legal
0013675-67.2022.8.17.2990,24/04/2026,6ª Vara Cível da Comarca de Olinda,1ª CCJ,Prioridade Legal
0016694-52.2020.8.17.2990,07/05/2026,6ª Vara Cível da Comarca de Olinda,1ª CCJ,Prioridade Legal
0019082-20.2023.8.17.2990,14/05/2026,6ª Vara Cível da Comarca de Olinda,1ª CCJ,Prioridade Legal
0021337-14.2024.8.17.2990,13/05/2026,6ª Vara Cível da Comarca de Olinda,3ª CC,Prioridade Legal
0030837-41.2023.8.17.2990,07/05/2026,6ª Vara Cível da Comarca de Olinda,3ª CC,Prioridade Legal
0042434-46.2019.8.17.2990,06/05/2026,6ª Vara Cível da Comarca de Olinda,3ª CC,Prioridade Legal
0003431-12.2015.8.17.0990,08/05/2026,Vara de Sucessões e Registros Públicos da Comarca de Olinda,PARTIDOR,Sem prioridade
0004595-40.2026.8.17.2990,14/05/2026,Vara de Sucessões e Registros Públicos da Comarca de Olinda,3ª CCJ,Prioridade Legal
0005270-03.2026.8.17.2990,14/05/2026,Vara de Sucessões e Registros Públicos da Comarca de Olinda,3ª CCJ,Sem prioridade
0005499-41.2018.8.17.2990,08/05/2026,Vara de Sucessões e Registros Públicos da Comarca de Olinda,3ª CCJ,Sem prioridade
0005528-91.2018.8.17.2990,14/05/2026,Vara de Sucessões e Registros Públicos da Comarca de Olinda,3ª CCJ,Prioridade Legal
0006865-08.2024.8.17.2990,15/05/2026,Vara de Sucessões e Registros Públicos da Comarca de Olinda,3ª CCJ,Super prioridade
0007300-45.2025.8.17.2990,29/04/2026,Vara de Sucessões e Registros Públicos da Comarca de Olinda,3ª CCJ,Prioridade Legal
0007654-12.2021.8.17.2990,16/05/2026,Vara de Sucessões e Registros Públicos da Comarca de Olinda,3ª CCJ,Prioridade Legal
0008976-97.2014.8.17.0990,15/05/2026,Vara de Sucessões e Registros Públicos da Comarca de Olinda,3ª CCJ,Sem prioridade
0009021-66.2024.8.17.2990,14/05/2026,Vara de Sucessões e Registros Públicos da Comarca de Olinda,3ª CCJ,Sem prioridade
0014134-64.2025.8.17.2990,15/05/2026,Vara de Sucessões e Registros Públicos da Comarca de Olinda,3ª CCJ,Prioridade Legal
0014421-95.2023.8.17.2990,16/05/2026,Vara de Sucessões e Registros Públicos da Comarca de Olinda,3ª CCJ,Prioridade Legal
0016878-32.2025.8.17.2990,15/05/2026,Vara de Sucessões e Registros Públicos da Comarca de Olinda,3ª CCJ,Prioridade Legal
0020410-14.2025.8.17.2990,23/04/2026,Vara de Sucessões e Registros Públicos da Comarca de Olinda,3ª CCJ,Sem prioridade
0021420-30.2024.8.17.2990,15/05/2026,Vara de Sucessões e Registros Públicos da Comarca de Olinda,3ª CCJ,Prioridade Legal
0045883-07.2022.8.17.2990,14/05/2026,Vara de Sucessões e Registros Públicos da Comarca de Olinda,3ª CCJ,Prioridade Legal
0049739-81.2019.8.17.2990,20/04/2026,Vara de Sucessões e Registros Públicos da Comarca de Olinda,3ª CCJ,Sem prioridade
0066001-04.2022.8.17.2990,24/04/2026,Vara de Sucessões e Registros Públicos da Comarca de Olinda,3ª CCJ,Prioridade Legal
0000008-78.2021.8.17.4920,15/05/2026,Vara Única da Comarca de Orobó,6ª CC,Sem prioridade
0000205-71.2012.8.17.1000,14/05/2026,Vara Única da Comarca de Orobó,6ª CC,Sem prioridade
0000463-45.2024.8.17.5920,15/05/2026,Vara Única da Comarca de Orobó,6ª CC,Prioridade Legal
0000624-56.2022.8.17.3000,07/05/2026,Vara Única da Comarca de Orobó,5ª CCJ,Prioridade Legal
0000695-58.2022.8.17.3000,15/05/2026,Vara Única da Comarca de Orobó,6ª CC,Prioridade Legal
0000986-58.2022.8.17.3000,08/05/2026,Vara Única da Comarca de Orobó,5ª CCJ,Sem prioridade
0001098-90.2023.8.17.3000,15/05/2026,Vara Única da Comarca de Orobó,6ª CC,Prioridade Legal
0000149-42.2024.8.17.5260,06/05/2026,Vara Única da Comarca de Orocó,7ª CC,Prioridade Legal
0000291-06.2024.8.17.3010,06/05/2026,Vara Única da Comarca de Orocó,7ª CC,Prioridade Legal
0000458-28.2021.8.17.3010,13/05/2026,Vara Única da Comarca de Orocó,7ª CC,Prioridade Legal
0000464-69.2020.8.17.3010,06/05/2026,Vara Única da Comarca de Orocó,7ª CC,Prioridade Legal
0000608-72.2022.8.17.3010,15/05/2026,Vara Única da Comarca de Orocó,7ª CC,Prioridade Legal
0000624-89.2023.8.17.3010,23/04/2026,Vara Única da Comarca de Orocó,6ª CCJ,Sem prioridade
0000678-21.2024.8.17.3010,15/05/2026,Vara Única da Comarca de Orocó,6ª CCJ,Prioridade Legal
0000715-53.2021.8.17.3010,07/05/2026,Vara Única da Comarca de Orocó,7ª CC,Prioridade Legal
0000825-18.2022.8.17.3010,13/05/2026,Vara Única da Comarca de Orocó,7ª CC,Prioridade Legal
0000844-24.2022.8.17.3010,06/05/2026,Vara Única da Comarca de Orocó,6ª CCJ,Prioridade Legal
0000995-19.2024.8.17.3010,06/05/2026,Vara Única da Comarca de Orocó,7ª CC,Prioridade Legal
0000714-83.2005.8.17.1020,07/05/2026,1ª Vara Cível da Comarca de Ouricuri,7ª CC,Prioridade Legal
0001663-62.2021.8.17.3020,11/05/2026,1ª Vara Cível da Comarca de Ouricuri,7ª CC,Prioridade Legal
0001861-08.2009.8.17.1020,27/04/2026,1ª Vara Cível da Comarca de Ouricuri,6ª CCJ,Sem prioridade
0001949-98.2025.8.17.3020,06/05/2026,1ª Vara Cível da Comarca de Ouricuri,7ª CC,Prioridade Legal
0002083-33.2022.8.17.3020,28/04/2026,1ª Vara Cível da Comarca de Ouricuri,7ª CC,Prioridade Legal
0000542-28.2023.8.17.3020,07/05/2026,2ª Vara Cível da Comarca de Ouricuri,7ª CC,Prioridade Legal
0000904-06.2018.8.17.3020,06/05/2026,2ª Vara Cível da Comarca de Ouricuri,7ª CC,Prioridade Legal
0003760-35.2021.8.17.3020,07/05/2026,2ª Vara Cível da Comarca de Ouricuri,7ª CC,Prioridade Legal
0000062-34.2023.8.17.5030,15/05/2026,1ª Vara Criminal da Comarca de Palmares,2ª CC,Sem prioridade
0000284-51.2024.8.17.3030,07/05/2026,1ª Vara Cível da Comarca de Palmares,4ª CCJ,Prioridade Legal
0000721-58.2025.8.17.3030,30/04/2026,1ª Vara Cível da Comarca de Palmares,4ª CCJ,Prioridade Legal
0000747-66.2019.8.17.3030,14/05/2026,1ª Vara Cível da Comarca de Palmares,4ª CCJ,Prioridade Legal
0001227-68.2024.8.17.3030,13/04/2026,1ª Vara Cível da Comarca de Palmares,4ª CCJ,Prioridade Legal
0001409-30.2019.8.17.3030,05/05/2026,1ª Vara Cível da Comarca de Palmares,4ª CCJ,Sem prioridade
0001572-78.2017.8.17.3030,28/04/2026,1ª Vara Cível da Comarca de Palmares,5ª CC,Sem prioridade
0001737-81.2024.8.17.3030,28/04/2026,1ª Vara Cível da Comarca de Palmares,5ª CC,Prioridade Legal
0001773-02.2019.8.17.3030,14/05/2026,1ª Vara Cível da Comarca de Palmares,4ª CCJ,Prioridade Legal
0002172-55.2024.8.17.3030,09/04/2026,1ª Vara Cível da Comarca de Palmares,4ª CCJ,Prioridade Legal
0002395-71.2025.8.17.3030,24/04/2026,1ª Vara Cível da Comarca de Palmares,5ª CC,Super prioridade
0002476-25.2022.8.17.3030,04/05/2026,1ª Vara Cível da Comarca de Palmares,4ª CCJ,Sem prioridade
0003356-80.2023.8.17.3030,30/04/2026,1ª Vara Cível da Comarca de Palmares,4ª CCJ,Prioridade Legal
0003616-60.2023.8.17.3030,14/05/2026,1ª Vara Cível da Comarca de Palmares,5ª CC,Sem prioridade
0003641-10.2022.8.17.3030,17/04/2026,1ª Vara Cível da Comarca de Palmares,4ª CCJ,Prioridade Legal
0000038-21.2025.8.17.3030,10/04/2026,2ª Vara Cível da Comarca de Palmares,4ª CCJ,Prioridade Legal
0000137-93.2022.8.17.3030,28/04/2026,2ª Vara Cível da Comarca de Palmares,5ª CC,Sem prioridade
0000298-67.2017.8.17.2840,20/04/2026,2ª Vara Cível da Comarca de Palmares,4ª CCJ,Sem prioridade
0000498-13.2022.8.17.3030,22/04/2026,2ª Vara Cível da Comarca de Palmares,4ª CCJ,Sem prioridade
0001047-91.2020.8.17.3030,27/04/2026,2ª Vara Cível da Comarca de Palmares,5ª CC,Prioridade Legal
0001429-11.2025.8.17.3030,15/05/2026,2ª Vara Cível da Comarca de Palmares,5ª CC,Prioridade Legal
0002048-38.2025.8.17.3030,08/05/2026,2ª Vara Cível da Comarca de Palmares,5ª CC,Prioridade Legal
0003219-36.2013.8.17.1030,14/05/2026,2ª Vara Cível da Comarca de Palmares,5ª CC,Sem prioridade
0003303-36.2022.8.17.3030,15/05/2026,2ª Vara Cível da Comarca de Palmares,4ª CCJ,Prioridade Legal
0003758-64.2023.8.17.3030,28/04/2026,2ª Vara Cível da Comarca de Palmares,5ª CC,Prioridade Legal
0004079-02.2023.8.17.3030,28/04/2026,2ª Vara Cível da Comarca de Palmares,5ª CC,Prioridade Legal
0000254-21.2021.8.17.3030,12/05/2026,3ª Vara Cível e Regional da Infância e juventude da Comarca de Palmares,5ª CC,Prioridade Legal
0000263-46.2022.8.17.3030,29/04/2026,3ª Vara Cível e Regional da Infância e juventude da Comarca de Palmares,5ª CC,Prioridade Legal
0000396-49.2026.8.17.3030,06/05/2026,3ª Vara Cível e Regional da Infância e juventude da Comarca de Palmares,4ª CCJ,Prioridade Legal
0000433-23.2019.8.17.3030,10/05/2026,3ª Vara Cível e Regional da Infância e juventude da Comarca de Palmares,4ª CCJ,Sem prioridade
0000442-53.2017.8.17.3030,23/04/2026,3ª Vara Cível e Regional da Infância e juventude da Comarca de Palmares,4ª CCJ,Prioridade Legal
0000475-28.2026.8.17.3030,27/04/2026,3ª Vara Cível e Regional da Infância e juventude da Comarca de Palmares,5ª CC,Prioridade Legal
0000509-47.2019.8.17.3030,04/05/2026,3ª Vara Cível e Regional da Infância e juventude da Comarca de Palmares,4ª CCJ,Prioridade Legal
0000904-29.2025.8.17.3030,15/05/2026,3ª Vara Cível e Regional da Infância e juventude da Comarca de Palmares,5ª CC,Prioridade Legal
0001186-67.2025.8.17.3030,13/04/2026,3ª Vara Cível e Regional da Infância e juventude da Comarca de Palmares,4ª CCJ,Prioridade Legal
0001388-44.2025.8.17.3030,05/05/2026,3ª Vara Cível e Regional da Infância e juventude da Comarca de Palmares,4ª CCJ,Sem prioridade
0001692-43.2025.8.17.3030,28/04/2026,3ª Vara Cível e Regional da Infância e juventude da Comarca de Palmares,5ª CC,Prioridade Legal
0001962-67.2025.8.17.3030,05/05/2026,3ª Vara Cível e Regional da Infância e juventude da Comarca de Palmares,5ª CC,Prioridade Legal
0002144-53.2025.8.17.3030,15/05/2026,3ª Vara Cível e Regional da Infância e juventude da Comarca de Palmares,4ª CCJ,Prioridade Legal
0002274-77.2024.8.17.3030,14/05/2026,3ª Vara Cível e Regional da Infância e juventude da Comarca de Palmares,5ª CC,Prioridade Legal
0002401-83.2022.8.17.3030,05/05/2026,3ª Vara Cível e Regional da Infância e juventude da Comarca de Palmares,4ª CCJ,Sem prioridade
0002656-41.2022.8.17.3030,29/04/2026,3ª Vara Cível e Regional da Infância e juventude da Comarca de Palmares,5ª CC,Prioridade Legal
0002668-50.2025.8.17.3030,05/05/2026,3ª Vara Cível e Regional da Infância e juventude da Comarca de Palmares,5ª CC,Prioridade Legal
0000128-09.2012.8.17.1050,07/05/2026,Vara Única da Comarca de Panelas,6ª CC,Sem prioridade
0000449-05.2016.8.17.1050,22/04/2026,Vara Única da Comarca de Panelas,5ª CCJ,Sem prioridade
0000132-84.2010.8.17.1060,15/05/2026,Vara Única da Comarca de Parnamirim,6ª CCJ,Sem prioridade
0000188-43.2024.8.17.3060,12/05/2026,Vara Única da Comarca de Parnamirim,6ª CCJ,Prioridade Legal
0000292-69.2023.8.17.3060,24/04/2026,Vara Única da Comarca de Parnamirim,6ª CCJ,Sem prioridade
0000368-25.2025.8.17.3060,29/04/2026,Vara Única da Comarca de Parnamirim,6ª CCJ,Prioridade Legal
0000593-16.2023.8.17.3060,06/05/2026,Vara Única da Comarca de Parnamirim,6ª CCJ,Prioridade Legal
0000595-83.2023.8.17.3060,13/05/2026,Vara Única da Comarca de Parnamirim,6ª CCJ,Prioridade Legal
0000605-30.2023.8.17.3060,07/05/2026,Vara Única da Comarca de Parnamirim,6ª CCJ,Prioridade Legal
0000606-15.2023.8.17.3060,28/04/2026,Vara Única da Comarca de Parnamirim,6ª CCJ,Prioridade Legal
0000607-29.2025.8.17.3060,07/05/2026,Vara Única da Comarca de Parnamirim,7ª CC,Prioridade Legal
0000614-89.2023.8.17.3060,13/05/2026,Vara Única da Comarca de Parnamirim,6ª CCJ,Prioridade Legal
0000618-92.2024.8.17.3060,24/04/2026,Vara Única da Comarca de Parnamirim,6ª CCJ,Prioridade Legal
0000619-14.2023.8.17.3060,08/05/2026,Vara Única da Comarca de Parnamirim,6ª CCJ,Prioridade Legal
0000624-36.2023.8.17.3060,13/05/2026,Vara Única da Comarca de Parnamirim,6ª CCJ,Prioridade Legal
0000691-98.2023.8.17.3060,13/05/2026,Vara Única da Comarca de Parnamirim,6ª CCJ,Prioridade Legal
0000697-08.2023.8.17.3060,08/05/2026,Vara Única da Comarca de Parnamirim,6ª CCJ,Prioridade Legal
0000817-22.2021.8.17.3060,13/05/2026,Vara Única da Comarca de Parnamirim,6ª CCJ,Prioridade Legal
0000869-47.2023.8.17.3060,13/05/2026,Vara Única da Comarca de Parnamirim,6ª CCJ,Prioridade Legal
0000902-37.2023.8.17.3060,04/05/2026,Vara Única da Comarca de Parnamirim,6ª CCJ,Prioridade Legal
0000934-71.2025.8.17.3060,14/05/2026,Vara Única da Comarca de Parnamirim,7ª CC,Prioridade Legal
0000941-34.2023.8.17.3060,06/05/2026,Vara Única da Comarca de Parnamirim,6ª CCJ,Prioridade Legal
0000969-65.2024.8.17.3060,07/05/2026,Vara Única da Comarca de Parnamirim,7ª CC,Prioridade Legal
0001003-74.2023.8.17.3060,13/05/2026,Vara Única da Comarca de Parnamirim,6ª CCJ,Prioridade Legal
0001019-28.2023.8.17.3060,28/04/2026,Vara Única da Comarca de Parnamirim,6ª CCJ,Prioridade Legal
0001039-19.2023.8.17.3060,04/05/2026,Vara Única da Comarca de Parnamirim,6ª CCJ,Prioridade Legal
0001062-62.2023.8.17.3060,07/05/2026,Vara Única da Comarca de Parnamirim,6ª CCJ,Prioridade Legal
0001072-09.2023.8.17.3060,15/05/2026,Vara Única da Comarca de Parnamirim,7ª CC,Prioridade Legal
0001085-08.2023.8.17.3060,06/05/2026,Vara Única da Comarca de Parnamirim,6ª CCJ,Prioridade Legal
0001088-26.2024.8.17.3060,06/05/2026,Vara Única da Comarca de Parnamirim,6ª CCJ,Prioridade Legal
0001090-93.2024.8.17.3060,12/05/2026,Vara Única da Comarca de Parnamirim,6ª CCJ,Prioridade Legal
0001105-96.2023.8.17.3060,13/05/2026,Vara Única da Comarca de Parnamirim,6ª CCJ,Sem prioridade
0001110-21.2023.8.17.3060,04/05/2026,Vara Única da Comarca de Parnamirim,6ª CCJ,Prioridade Legal
0001121-50.2023.8.17.3060,28/04/2026,Vara Única da Comarca de Parnamirim,6ª CCJ,Prioridade Legal
0001123-20.2023.8.17.3060,14/05/2026,Vara Única da Comarca de Parnamirim,6ª CCJ,Prioridade Legal
0001179-53.2023.8.17.3060,28/04/2026,Vara Única da Comarca de Parnamirim,6ª CCJ,Prioridade Legal
0001536-33.2023.8.17.3060,08/05/2026,Vara Única da Comarca de Parnamirim,7ª CC,Prioridade Legal
0001538-03.2023.8.17.3060,28/04/2026,Vara Única da Comarca de Parnamirim,6ª CCJ,Prioridade Legal
0001698-28.2023.8.17.3060,13/05/2026,Vara Única da Comarca de Parnamirim,7ª CC,Sem prioridade
0001845-54.2023.8.17.3060,24/04/2026,Vara Única da Comarca de Parnamirim,6ª CCJ,Prioridade Legal
0000229-87.2018.8.17.3070,28/04/2026,Vara Única da Comarca de Passira,5ª CCJ,Prioridade Legal
0000230-72.2018.8.17.3070,28/04/2026,Vara Única da Comarca de Passira,5ª CCJ,Prioridade Legal
0000446-28.2021.8.17.3070,06/04/2026,Vara Única da Comarca de Passira,5ª CCJ,Sem prioridade
0000009-40.2021.8.17.1080,14/05/2026,1ª Vara da Comarca de Paudalho,5ª CC,Sem prioridade
0000230-66.2023.8.17.3080,14/05/2026,1ª Vara da Comarca de Paudalho,5ª CC,Sem prioridade
0000310-93.2024.8.17.3080,04/05/2026,1ª Vara da Comarca de Paudalho,5ª CC,Sem prioridade
0000357-72.2021.8.17.3080,06/05/2026,1ª Vara da Comarca de Paudalho,5ª CC,Prioridade Legal
0000462-49.2021.8.17.3080,30/04/2026,1ª Vara da Comarca de Paudalho,4ª CCJ,Prioridade Legal
0000540-38.2024.8.17.3080,07/05/2026,1ª Vara da Comarca de Paudalho,5ª CC,Prioridade Legal
0000570-11.2021.8.17.5980,14/05/2026,1ª Vara da Comarca de Paudalho,5ª CC,Prioridade Legal
0000628-13.2023.8.17.3080,30/04/2026,1ª Vara da Comarca de Paudalho,5ª CC,Prioridade Legal
0000975-80.2019.8.17.0980,07/05/2026,1ª Vara da Comarca de Paudalho,5ª CC,Sem prioridade
0001086-30.2023.8.17.3080,07/05/2026,1ª Vara da Comarca de Paudalho,5ª CC,Prioridade Legal
0001275-37.2025.8.17.3080,29/04/2026,1ª Vara da Comarca de Paudalho,4ª CCJ,Prioridade Legal
0001305-73.2023.8.17.5980,27/04/2026,1ª Vara da Comarca de Paudalho,5ª CC,Prioridade Legal
0001336-97.2022.8.17.3080,27/04/2026,1ª Vara da Comarca de Paudalho,5ª CC,Prioridade Legal
0001678-11.2022.8.17.3080,30/04/2026,1ª Vara da Comarca de Paudalho,5ª CC,Prioridade Legal
0001730-36.2024.8.17.3080,28/04/2026,1ª Vara da Comarca de Paudalho,5ª CC,Prioridade Legal
0002141-79.2024.8.17.3080,06/05/2026,1ª Vara da Comarca de Paudalho,5ª CC,Prioridade Legal
0002326-20.2024.8.17.3080,06/05/2026,1ª Vara da Comarca de Paudalho,5ª CC,Prioridade Legal
0002580-27.2023.8.17.3080,28/04/2026,1ª Vara da Comarca de Paudalho,5ª CC,Sem prioridade
0000076-03.2025.8.17.4980,06/05/2026,2ª Vara da Comarca de Paudalho,5ª CC,Prioridade Legal
0000360-22.2024.8.17.3080,04/05/2026,2ª Vara da Comarca de Paudalho,5ª CC,Prioridade Legal
0001155-28.2024.8.17.3080,04/05/2026,2ª Vara da Comarca de Paudalho,5ª CC,Prioridade Legal
0001189-60.2023.8.17.4980,08/05/2026,2ª Vara da Comarca de Paudalho,5ª CC,Prioridade Legal
0001492-18.2022.8.17.5980,05/05/2026,2ª Vara da Comarca de Paudalho,5ª CC,Prioridade Legal
0002108-89.2024.8.17.3080,28/04/2026,2ª Vara da Comarca de Paudalho,5ª CC,Prioridade Legal
0000514-38.2021.8.17.4990,15/05/2026,1ª Vara Criminal da Comarca de Paulista,2ª CC,Sem prioridade
0001023-39.2022.8.17.5990,14/05/2026,1ª Vara Criminal da Comarca de Paulista,2ª CC,Prioridade Legal
0001993-09.2019.8.17.0990,16/05/2026,1ª Vara Criminal da Comarca de Paulista,2ª CC,Prioridade Legal
0003015-97.2025.8.17.3090,12/04/2026,1ª Vara Cível da Comarca de Paulista,1ª CCJ,Prioridade Legal
0003677-53.2002.8.17.1090,22/04/2026,1ª Vara Cível da Comarca de Paulista,3ª CC,Sem prioridade
0007908-68.2024.8.17.3090,23/04/2026,1ª Vara Cível da Comarca de Paulista,1ª CCJ,Prioridade Legal
0009500-21.2022.8.17.3090,12/05/2026,1ª Vara Cível da Comarca de Paulista,3ª CC,Prioridade Legal
0009572-03.2025.8.17.3090,14/05/2026,1ª Vara Cível da Comarca de Paulista,3ª CC,Prioridade Legal
0009699-43.2022.8.17.3090,12/05/2026,1ª Vara Cível da Comarca de Paulista,3ª CC,Prioridade Legal
0009861-67.2024.8.17.3090,12/05/2026,1ª Vara Cível da Comarca de Paulista,3ª CC,Prioridade Legal
0009921-40.2024.8.17.3090,23/04/2026,1ª Vara Cível da Comarca de Paulista,3ª CC,Prioridade Legal
0013848-77.2025.8.17.3090,05/05/2026,1ª Vara Cível da Comarca de Paulista,3ª CC,Prioridade Legal
0015521-76.2023.8.17.3090,12/05/2026,1ª Vara Cível da Comarca de Paulista,3ª CC,Prioridade Legal
0041839-67.2021.8.17.3090,12/05/2026,1ª Vara Cível da Comarca de Paulista,3ª CC,Prioridade Legal
0000209-07.2016.8.17.3090,28/04/2026,1ª Vara de Família e Registro Civil da Comarca de Paulista,3ª CC,Sem prioridade
0002530-96.2025.8.17.2670,08/05/2026,1ª Vara de Família e Registro Civil da Comarca de Paulista,3ª CC,Super prioridade
0000084-51.2025.8.17.8222,28/04/2026,1º Juizado Especial Cível e das Relações de Consumo de Paulista - Turno Manhã - 08:00h às 14:00h,1ª CCJ,Prioridade Legal
0000722-89.2022.8.17.8222,28/04/2026,1º Juizado Especial Cível e das Relações de Consumo de Paulista - Turno Manhã - 08:00h às 14:00h,1ª CCJ,Prioridade Legal
0000776-65.2016.8.17.8222,07/05/2026,1º Juizado Especial Cível e das Relações de Consumo de Paulista - Turno Manhã - 08:00h às 14:00h,1ª CCJ,Prioridade Legal
0000964-48.2022.8.17.8222,06/05/2026,1º Juizado Especial Cível e das Relações de Consumo de Paulista - Turno Manhã - 08:00h às 14:00h,1ª CCJ,Prioridade Legal
0001619-15.2025.8.17.8222,28/04/2026,1º Juizado Especial Cível e das Relações de Consumo de Paulista - Turno Manhã - 08:00h às 14:00h,1ª CCJ,Prioridade Legal
0001684-10.2025.8.17.8222,06/05/2026,1º Juizado Especial Cível e das Relações de Consumo de Paulista - Turno Manhã - 08:00h às 14:00h,1ª CCJ,Sem prioridade
0001732-03.2024.8.17.8222,28/04/2026,1º Juizado Especial Cível e das Relações de Consumo de Paulista - Turno Manhã - 08:00h às 14:00h,1ª CCJ,Prioridade Legal
0002093-83.2025.8.17.8222,15/05/2026,1º Juizado Especial Cível e das Relações de Consumo de Paulista - Turno Manhã - 08:00h às 14:00h,1ª CCJ,Prioridade Legal
0002222-88.2025.8.17.8222,15/05/2026,1º Juizado Especial Cível e das Relações de Consumo de Paulista - Turno Manhã - 08:00h às 14:00h,1ª CCJ,Prioridade Legal
0002525-05.2025.8.17.8222,15/05/2026,1º Juizado Especial Cível e das Relações de Consumo de Paulista - Turno Manhã - 08:00h às 14:00h,1ª CCJ,Prioridade Legal
0003439-69.2025.8.17.8222,15/05/2026,1º Juizado Especial Cível e das Relações de Consumo de Paulista - Turno Manhã - 08:00h às 14:00h,1ª CCJ,Prioridade Legal
0003561-53.2023.8.17.8222,28/04/2026,1º Juizado Especial Cível e das Relações de Consumo de Paulista - Turno Manhã - 08:00h às 14:00h,1ª CCJ,Prioridade Legal
0003696-36.2021.8.17.8222,29/04/2026,1º Juizado Especial Cível e das Relações de Consumo de Paulista - Turno Manhã - 08:00h às 14:00h,1ª CCJ,Prioridade Legal
0004139-50.2022.8.17.8222,28/04/2026,1º Juizado Especial Cível e das Relações de Consumo de Paulista - Turno Manhã - 08:00h às 14:00h,1ª CCJ,Prioridade Legal
0004671-24.2022.8.17.8222,04/05/2026,1º Juizado Especial Cível e das Relações de Consumo de Paulista - Turno Manhã - 08:00h às 14:00h,1ª CCJ,Prioridade Legal
0005747-83.2022.8.17.8222,05/05/2026,1º Juizado Especial Cível e das Relações de Consumo de Paulista - Turno Manhã - 08:00h às 14:00h,1ª CC,Sem prioridade
0005830-31.2024.8.17.8222,08/05/2026,1º Juizado Especial Cível e das Relações de Consumo de Paulista - Turno Manhã - 08:00h às 14:00h,1ª CCJ,Prioridade Legal
0006051-14.2024.8.17.8222,29/04/2026,1º Juizado Especial Cível e das Relações de Consumo de Paulista - Turno Manhã - 08:00h às 14:00h,1ª CCJ,Prioridade Legal
0006159-77.2023.8.17.8222,29/04/2026,1º Juizado Especial Cível e das Relações de Consumo de Paulista - Turno Manhã - 08:00h às 14:00h,1ª CCJ,Prioridade Legal
0009723-71.2022.8.17.3090,07/05/2026,2ª Vara Criminal da Comarca de Paulista,2ª CC,Prioridade Legal
0001841-88.2015.8.17.1090,05/05/2026,2ª Vara Cível da Comarca de Paulista,1ª CCJ,Prioridade Legal
0001869-90.2014.8.17.1090,22/04/2026,2ª Vara Cível da Comarca de Paulista,3ª CC,Sem prioridade
0001979-35.2016.8.17.3090,20/04/2026,2ª Vara Cível da Comarca de Paulista,3ª CC,Prioridade Legal
0002047-67.2025.8.17.3090,12/05/2026,2ª Vara Cível da Comarca de Paulista,3ª CC,Prioridade Legal
0004977-58.2025.8.17.3090,14/05/2026,2ª Vara Cível da Comarca de Paulista,3ª CC,Prioridade Legal
0005831-34.2008.8.17.1090,14/05/2026,2ª Vara Cível da Comarca de Paulista,3ª CC,Sem prioridade
0006941-23.2024.8.17.3090,15/05/2026,2ª Vara Cível da Comarca de Paulista,3ª CC,Prioridade Legal
0007128-94.2025.8.17.3090,12/05/2026,2ª Vara Cível da Comarca de Paulista,3ª CC,Prioridade Legal
0007787-16.2019.8.17.3090,10/04/2026,2ª Vara Cível da Comarca de Paulista,1ª CCJ,Prioridade Legal
0012766-21.2019.8.17.3090,08/05/2026,2ª Vara Cível da Comarca de Paulista,1ª CCJ,Prioridade Legal
0013084-91.2025.8.17.3090,05/05/2026,2ª Vara Cível da Comarca de Paulista,3ª CC,Prioridade Legal
0018275-64.2018.8.17.3090,30/04/2026,2ª Vara Cível da Comarca de Paulista,1ª CCJ,Sem prioridade
0019941-03.2018.8.17.3090,07/05/2026,2ª Vara Cível da Comarca de Paulista,1ª CCJ,Sem prioridade
0028682-56.2023.8.17.3090,28/04/2026,2ª Vara Cível da Comarca de Paulista,1ª CCJ,Prioridade Legal
0030425-72.2021.8.17.3090,06/04/2026,2ª Vara Cível da Comarca de Paulista,1ª CCJ,Prioridade Legal
0033851-92.2021.8.17.3090,15/05/2026,2ª Vara Cível da Comarca de Paulista,1ª CCJ,Prioridade Legal
0000439-49.2016.8.17.3090,29/04/2026,2ª Vara de Família e Registro Civil da Comarca de Paulista,3ª CCJ,Sem prioridade
0000789-57.2015.8.17.1090,15/05/2026,2ª Vara de Família e Registro Civil da Comarca de Paulista,3ª CCJ,Prioridade Legal
0002938-88.2025.8.17.3090,15/05/2026,2ª Vara de Família e Registro Civil da Comarca de Paulista,3ª CCJ,Prioridade Legal
0007065-74.2022.8.17.3090,29/04/2026,2ª Vara de Família e Registro Civil da Comarca de Paulista,3ª CCJ,Prioridade Legal
0009599-20.2024.8.17.3090,14/05/2026,2ª Vara de Família e Registro Civil da Comarca de Paulista,3ª CC,Prioridade Legal
0011334-88.2024.8.17.3090,29/04/2026,2ª Vara de Família e Registro Civil da Comarca de Paulista,3ª CCJ,Prioridade Legal
0012625-94.2022.8.17.3090,07/05/2026,2ª Vara de Família e Registro Civil da Comarca de Paulista,3ª CC,Prioridade Legal
0013839-52.2024.8.17.3090,08/05/2026,2ª Vara de Família e Registro Civil da Comarca de Paulista,3ª CC,Prioridade Legal
0015907-72.2024.8.17.3090,30/04/2026,2ª Vara de Família e Registro Civil da Comarca de Paulista,3ª CCJ,Sem prioridade
0032881-92.2021.8.17.3090,30/04/2026,2ª Vara de Família e Registro Civil da Comarca de Paulista,3ª CCJ,Prioridade Legal
0040609-87.2021.8.17.3090,08/05/2026,2ª Vara de Família e Registro Civil da Comarca de Paulista,3ª CC,Prioridade Legal
0000940-49.2024.8.17.8222,28/04/2026,2º Juizado Especial Cível e das Relações de Consumo de Paulista - Turno Manhã - 08:00h às 14:00h,1ª CCJ,Prioridade Legal
0003551-87.2015.8.17.8222,04/05/2026,2º Juizado Especial Cível e das Relações de Consumo de Paulista - Turno Manhã - 08:00h às 14:00h,1ª CCJ,Prioridade Legal
0004940-92.2024.8.17.8222,15/05/2026,2º Juizado Especial Cível e das Relações de Consumo de Paulista - Turno Manhã - 08:00h às 14:00h,1ª CCJ,Prioridade Legal
0001548-14.2022.8.17.4990,15/05/2026,3ª Vara Criminal da Comarca de Paulista,2ª CC,Prioridade Legal
0000415-11.2022.8.17.3090,21/04/2026,3ª Vara Cível da Comarca de Paulista,1ª CCJ,Prioridade Legal
0000899-21.2025.8.17.3090,07/05/2026,3ª Vara Cível da Comarca de Paulista,3ª CC,Prioridade Legal
0001288-69.2026.8.17.3090,13/05/2026,3ª Vara Cível da Comarca de Paulista,3ª CC,Prioridade Legal
0004273-79.2024.8.17.3090,15/05/2026,3ª Vara Cível da Comarca de Paulista,3ª CC,Prioridade Legal
0005339-41.2017.8.17.3090,22/04/2026,3ª Vara Cível da Comarca de Paulista,3ª CC,Prioridade Legal
0006007-31.2025.8.17.3090,08/05/2026,3ª Vara Cível da Comarca de Paulista,1ª CCJ,Prioridade Legal
0006552-72.2023.8.17.3090,14/05/2026,3ª Vara Cível da Comarca de Paulista,3ª CC,Prioridade Legal
0007820-07.2010.8.17.1090,14/05/2026,3ª Vara Cível da Comarca de Paulista,3ª CC,Prioridade Legal
0010663-31.2025.8.17.3090,27/04/2026,3ª Vara Cível da Comarca de Paulista,1ª CCJ,Prioridade Legal
0012174-98.2024.8.17.3090,08/04/2026,3ª Vara Cível da Comarca de Paulista,1ª CCJ,Prioridade Legal
0014412-56.2025.8.17.3090,28/04/2026,3ª Vara Cível da Comarca de Paulista,1ª CCJ,Prioridade Legal
0015377-44.2019.8.17.3090,19/04/2026,3ª Vara Cível da Comarca de Paulista,1ª CCJ,Sem prioridade
0016123-96.2025.8.17.3090,16/05/2026,3ª Vara Cível da Comarca de Paulista,1ª CCJ,Prioridade Legal
0018177-69.2024.8.17.3090,07/05/2026,3ª Vara Cível da Comarca de Paulista,3ª CC,Super prioridade
0019554-17.2020.8.17.3090,21/04/2026,3ª Vara Cível da Comarca de Paulista,1ª CCJ,Prioridade Legal
0030176-24.2021.8.17.3090,15/05/2026,3ª Vara Cível da Comarca de Paulista,3ª CC,Prioridade Legal
0030676-90.2021.8.17.3090,15/05/2026,3ª Vara Cível da Comarca de Paulista,3ª CC,Prioridade Legal
0034614-93.2021.8.17.3090,13/05/2026,3ª Vara Cível da Comarca de Paulista,3ª CC,Prioridade Legal
0001781-51.2023.8.17.3090,07/05/2026,4ª Vara Cível da Comarca de Paulista,3ª CC,Super prioridade
0002912-90.2025.8.17.3090,08/05/2026,4ª Vara Cível da Comarca de Paulista,3ª CC,Prioridade Legal
0002931-67.2023.8.17.3090,08/05/2026,4ª Vara Cível da Comarca de Paulista,3ª CC,Sem prioridade
0004705-98.2024.8.17.3090,05/05/2026,4ª Vara Cível da Comarca de Paulista,1ª CCJ,Prioridade Legal
0014517-38.2022.8.17.3090,02/04/2026,4ª Vara Cível da Comarca de Paulista,1ª CCJ,Sem prioridade
0016483-36.2022.8.17.3090,16/05/2026,4ª Vara Cível da Comarca de Paulista,1ª CCJ,Prioridade Legal
0024356-53.2023.8.17.3090,08/05/2026,4ª Vara Cível da Comarca de Paulista,3ª CC,Prioridade Legal
0140424-55.2023.8.17.2001,08/05/2026,4ª Vara Cível da Comarca de Paulista,3ª CC,Prioridade Legal
0000422-13.2016.8.17.3090,08/04/2026,6ª Vara Cível da Comarca de Paulista,1ª CCJ,Prioridade Legal
0005240-95.2022.8.17.3090,13/05/2026,6ª Vara Cível da Comarca de Paulista,3ª CC,Prioridade Legal
0019972-52.2020.8.17.3090,15/05/2026,6ª Vara Cível da Comarca de Paulista,3ª CC,Prioridade Legal
0024286-36.2023.8.17.3090,08/05/2026,6ª Vara Cível da Comarca de Paulista,3ª CC,Prioridade Legal
0000235-68.2017.8.17.3090,30/04/2026,Vara da Fazenda Pública da Comarca de Paulista,2ª CCJ,Prioridade Legal
0002439-76.2014.8.17.1090,15/05/2026,Vara da Fazenda Pública da Comarca de Paulista,4ª CC,Prioridade Legal
0003163-11.2025.8.17.3090,15/05/2026,Vara da Fazenda Pública da Comarca de Paulista,4ª CC,Prioridade Legal
0003274-92.2025.8.17.3090,07/05/2026,Vara da Fazenda Pública da Comarca de Paulista,4ª CC,Sem prioridade
0003438-53.2019.8.17.1090,15/05/2026,Vara da Fazenda Pública da Comarca de Paulista,4ª CC,Prioridade Legal
0003533-40.2006.8.17.1090,20/04/2026,Vara da Fazenda Pública da Comarca de Paulista,2ª CCJ,Sem prioridade
0004029-88.2014.8.17.1090,14/05/2026,Vara da Fazenda Pública da Comarca de Paulista,4ª CC,Prioridade Legal
0004093-10.2017.8.17.3090,13/05/2026,Vara da Fazenda Pública da Comarca de Paulista,4ª CC,Prioridade Legal
0004110-03.2015.8.17.1090,15/05/2026,Vara da Fazenda Pública da Comarca de Paulista,4ª CC,Prioridade Legal
0004694-51.2007.8.17.1090,28/04/2026,Vara da Fazenda Pública da Comarca de Paulista,2ª CCJ,Sem prioridade
0004928-52.2015.8.17.1090,13/05/2026,Vara da Fazenda Pública da Comarca de Paulista,4ª CC,Prioridade Legal
0005400-23.2022.8.17.3090,14/05/2026,Vara da Fazenda Pública da Comarca de Paulista,4ª CC,Prioridade Legal
0005855-52.2014.8.17.1090,15/05/2026,Vara da Fazenda Pública da Comarca de Paulista,4ª CC,Sem prioridade
0005890-11.2023.8.17.3090,15/05/2026,Vara da Fazenda Pública da Comarca de Paulista,4ª CC,Prioridade Legal
0005988-94.2014.8.17.1090,20/04/2026,Vara da Fazenda Pública da Comarca de Paulista,2ª CCJ,Sem prioridade
0008895-07.2024.8.17.3090,14/05/2026,Vara da Fazenda Pública da Comarca de Paulista,4ª CC,Prioridade Legal
0008978-86.2025.8.17.3090,15/05/2026,Vara da Fazenda Pública da Comarca de Paulista,4ª CC,Prioridade Legal
0009394-94.2012.8.17.1090,15/05/2026,Vara da Fazenda Pública da Comarca de Paulista,4ª CC,Prioridade Legal
0009787-76.2025.8.17.3090,07/05/2026,Vara da Fazenda Pública da Comarca de Paulista,4ª CC,Sem prioridade
0010068-76.2018.8.17.3090,30/04/2026,Vara da Fazenda Pública da Comarca de Paulista,2ª CCJ,Prioridade Legal
0010218-81.2023.8.17.3090,04/05/2026,Vara da Fazenda Pública da Comarca de Paulista,2ª CCJ,Sem prioridade
0010332-59.2019.8.17.3090,25/04/2026,Vara da Fazenda Pública da Comarca de Paulista,2ª CCJ,Prioridade Legal
0010685-26.2024.8.17.3090,14/05/2026,Vara da Fazenda Pública da Comarca de Paulista,2ª CCJ,Prioridade Legal
0010726-66.2019.8.17.3090,15/05/2026,Vara da Fazenda Pública da Comarca de Paulista,4ª CC,Prioridade Legal
0011778-97.2019.8.17.3090,25/04/2026,Vara da Fazenda Pública da Comarca de Paulista,2ª CCJ,Prioridade Legal
0012623-27.2022.8.17.3090,15/05/2026,Vara da Fazenda Pública da Comarca de Paulista,4ª CC,Prioridade Legal
0013474-32.2023.8.17.3090,30/04/2026,Vara da Fazenda Pública da Comarca de Paulista,4ª CC,Prioridade Legal
0013838-04.2023.8.17.3090,15/05/2026,Vara da Fazenda Pública da Comarca de Paulista,4ª CC,Prioridade Legal
0013862-71.2019.8.17.3090,15/05/2026,Vara da Fazenda Pública da Comarca de Paulista,4ª CC,Prioridade Legal
0014018-25.2020.8.17.3090,25/04/2026,Vara da Fazenda Pública da Comarca de Paulista,2ª CCJ,Prioridade Legal
0014325-13.2019.8.17.3090,06/05/2026,Vara da Fazenda Pública da Comarca de Paulista,2ª CCJ,Prioridade Legal
0015407-74.2022.8.17.3090,15/05/2026,Vara da Fazenda Pública da Comarca de Paulista,4ª CC,Prioridade Legal
0015587-61.2020.8.17.3090,15/05/2026,Vara da Fazenda Pública da Comarca de Paulista,4ª CC,Sem prioridade
0016720-41.2020.8.17.3090,07/05/2026,Vara da Fazenda Pública da Comarca de Paulista,4ª CC,Prioridade Legal
0017192-37.2023.8.17.3090,29/04/2026,Vara da Fazenda Pública da Comarca de Paulista,4ª CC,Prioridade Legal
0017642-43.2024.8.17.3090,22/04/2026,Vara da Fazenda Pública da Comarca de Paulista,2ª CCJ,Sem prioridade
0017668-41.2024.8.17.3090,13/04/2026,Vara da Fazenda Pública da Comarca de Paulista,2ª CCJ,Prioridade Legal
0018988-68.2020.8.17.3090,13/05/2026,Vara da Fazenda Pública da Comarca de Paulista,4ª CC,Prioridade Legal
0019709-20.2020.8.17.3090,15/05/2026,Vara da Fazenda Pública da Comarca de Paulista,4ª CC,Prioridade Legal
0020220-13.2023.8.17.3090,15/05/2026,Vara da Fazenda Pública da Comarca de Paulista,2ª CCJ,Sem prioridade
0020700-54.2024.8.17.3090,15/05/2026,Vara da Fazenda Pública da Comarca de Paulista,4ª CC,Prioridade Legal
0021465-64.2020.8.17.3090,04/05/2026,Vara da Fazenda Pública da Comarca de Paulista,4ª CC,Prioridade Legal
0024605-77.2018.8.17.3090,06/05/2026,Vara da Fazenda Pública da Comarca de Paulista,4ª CC,Prioridade Legal
0025952-77.2020.8.17.3090,15/05/2026,Vara da Fazenda Pública da Comarca de Paulista,4ª CC,Sem prioridade
0026882-95.2020.8.17.3090,06/05/2026,Vara da Fazenda Pública da Comarca de Paulista,2ª CCJ,Prioridade Legal
0027334-71.2021.8.17.3090,06/05/2026,Vara da Fazenda Pública da Comarca de Paulista,2ª CCJ,Prioridade Legal
0030619-72.2021.8.17.3090,13/05/2026,Vara da Fazenda Pública da Comarca de Paulista,4ª CC,Prioridade Legal
0032201-10.2021.8.17.3090,14/05/2026,Vara da Fazenda Pública da Comarca de Paulista,4ª CC,Prioridade Legal
0041010-86.2021.8.17.3090,04/05/2026,Vara da Fazenda Pública da Comarca de Paulista,4ª CC,Super prioridade
0043412-43.2021.8.17.3090,07/05/2026,Vara da Fazenda Pública da Comarca de Paulista,4ª CC,Prioridade Legal
0043857-61.2021.8.17.3090,06/05/2026,Vara da Fazenda Pública da Comarca de Paulista,2ª CCJ,Prioridade Legal
0000226-32.2024.8.17.3100,13/04/2026,Vara Única da Comarca de Pedra,5ª CCJ,Sem prioridade
0000464-57.2012.8.17.1100,16/04/2026,Vara Única da Comarca de Pedra,5ª CCJ,Prioridade Legal
0000498-03.2010.8.17.1100,14/04/2026,Vara Única da Comarca de Pedra,5ª CCJ,Sem prioridade
0000677-02.2024.8.17.5220,15/05/2026,Vara Única da Comarca de Pedra,6ª CC,Prioridade Legal
0000099-13.2020.8.17.3140,27/04/2026,1ª Vara Cível da Comarca de Pesqueira,5ª CCJ,Prioridade Legal
0000141-84.2022.8.17.3110,27/04/2026,1ª Vara Cível da Comarca de Pesqueira,5ª CCJ,Prioridade Legal
0000339-31.2022.8.17.3140,15/05/2026,1ª Vara Cível da Comarca de Pesqueira,6ª CC,Sem prioridade
0001165-79.2024.8.17.3110,27/04/2026,1ª Vara Cível da Comarca de Pesqueira,5ª CCJ,Prioridade Legal
0001214-57.2023.8.17.3110,14/05/2026,1ª Vara Cível da Comarca de Pesqueira,5ª CCJ,Prioridade Legal
0001535-92.2023.8.17.3110,17/04/2026,1ª Vara Cível da Comarca de Pesqueira,5ª CCJ,Prioridade Legal
0001970-37.2021.8.17.3110,14/04/2026,1ª Vara Cível da Comarca de Pesqueira,5ª CCJ,Prioridade Legal
0002212-64.2019.8.17.3110,06/04/2026,1ª Vara Cível da Comarca de Pesqueira,5ª CCJ,Sem prioridade
0002436-60.2023.8.17.3110,14/05/2026,1ª Vara Cível da Comarca de Pesqueira,5ª CCJ,Prioridade Legal
0002615-28.2022.8.17.3110,08/05/2026,1ª Vara Cível da Comarca de Pesqueira,5ª CCJ,Prioridade Legal
0003052-45.2017.8.17.3110,17/04/2026,1ª Vara Cível da Comarca de Pesqueira,5ª CCJ,Prioridade Legal
0003293-09.2023.8.17.3110,14/05/2026,1ª Vara Cível da Comarca de Pesqueira,5ª CCJ,Prioridade Legal
0003610-70.2024.8.17.3110,14/05/2026,1ª Vara Cível da Comarca de Pesqueira,6ª CC,Sem prioridade
0004014-58.2023.8.17.3110,14/05/2026,1ª Vara Cível da Comarca de Pesqueira,6ª CC,Prioridade Legal
0004142-15.2022.8.17.3110,22/04/2026,1ª Vara Cível da Comarca de Pesqueira,5ª CCJ,Prioridade Legal
0004400-54.2024.8.17.3110,12/05/2026,1ª Vara Cível da Comarca de Pesqueira,6ª CC,Prioridade Legal
0004510-24.2022.8.17.3110,14/05/2026,1ª Vara Cível da Comarca de Pesqueira,6ª CC,Sem prioridade
0004864-15.2023.8.17.3110,15/04/2026,1ª Vara Cível da Comarca de Pesqueira,5ª CCJ,Prioridade Legal
0005210-63.2023.8.17.3110,14/05/2026,1ª Vara Cível da Comarca de Pesqueira,6ª CC,Sem prioridade
0005401-11.2023.8.17.3110,14/05/2026,1ª Vara Cível da Comarca de Pesqueira,5ª CCJ,Prioridade Legal
0005590-86.2023.8.17.3110,14/05/2026,1ª Vara Cível da Comarca de Pesqueira,6ª CC,Prioridade Legal
0000049-82.2017.8.17.3110,23/04/2026,2ª Vara Cível da Comarca de Pesqueira,6ª CC,Prioridade Legal
0000158-86.2023.8.17.3110,05/05/2026,2ª Vara Cível da Comarca de Pesqueira,5ª CCJ,Prioridade Legal
0001033-27.2021.8.17.3110,23/04/2026,2ª Vara Cível da Comarca de Pesqueira,5ª CCJ,Prioridade Legal
0001074-57.2022.8.17.3110,04/05/2026,2ª Vara Cível da Comarca de Pesqueira,5ª CCJ,Prioridade Legal
0001083-48.2024.8.17.3110,23/04/2026,2ª Vara Cível da Comarca de Pesqueira,5ª CCJ,Prioridade Legal
0001193-81.2023.8.17.3110,08/05/2026,2ª Vara Cível da Comarca de Pesqueira,6ª CC,Prioridade Legal
0001310-09.2022.8.17.3110,04/05/2026,2ª Vara Cível da Comarca de Pesqueira,5ª CCJ,Prioridade Legal
0001727-59.2022.8.17.3110,31/03/2026,2ª Vara Cível da Comarca de Pesqueira,5ª CCJ,Prioridade Legal
0002365-29.2021.8.17.3110,15/05/2026,2ª Vara Cível da Comarca de Pesqueira,6ª CC,Prioridade Legal
0002552-66.2023.8.17.3110,07/05/2026,2ª Vara Cível da Comarca de Pesqueira,5ª CCJ,Prioridade Legal
0002916-72.2022.8.17.3110,14/05/2026,2ª Vara Cível da Comarca de Pesqueira,5ª CCJ,Prioridade Legal
0002922-55.2017.8.17.3110,28/04/2026,2ª Vara Cível da Comarca de Pesqueira,5ª CCJ,Prioridade Legal
0003138-40.2022.8.17.3110,15/05/2026,2ª Vara Cível da Comarca de Pesqueira,6ª CC,Prioridade Legal
0003419-94.2013.8.17.1110,08/05/2026,2ª Vara Cível da Comarca de Pesqueira,5ª CCJ,Prioridade Legal
0003587-61.2023.8.17.3110,29/04/2026,2ª Vara Cível da Comarca de Pesqueira,5ª CCJ,Prioridade Legal
0003622-84.2024.8.17.3110,06/05/2026,2ª Vara Cível da Comarca de Pesqueira,5ª CCJ,Sem prioridade
0003654-60.2022.8.17.3110,15/05/2026,2ª Vara Cível da Comarca de Pesqueira,6ª CC,Prioridade Legal
0003709-75.2014.8.17.1110,28/04/2026,2ª Vara Cível da Comarca de Pesqueira,6ª CC,Sem prioridade
0003852-34.2021.8.17.3110,07/05/2026,2ª Vara Cível da Comarca de Pesqueira,6ª CC,Prioridade Legal
0004007-67.2014.8.17.1110,16/04/2026,2ª Vara Cível da Comarca de Pesqueira,5ª CCJ,Sem prioridade
0004421-35.2021.8.17.3110,14/04/2026,2ª Vara Cível da Comarca de Pesqueira,5ª CCJ,Prioridade Legal
0004622-90.2022.8.17.3110,22/04/2026,2ª Vara Cível da Comarca de Pesqueira,6ª CC,Prioridade Legal
0004718-71.2023.8.17.3110,14/05/2026,2ª Vara Cível da Comarca de Pesqueira,5ª CCJ,Prioridade Legal
0006052-43.2023.8.17.3110,23/04/2026,2ª Vara Cível da Comarca de Pesqueira,5ª CCJ,Prioridade Legal
0000087-30.2026.8.17.8235,06/05/2026,Juizado Especial Cível e das Relações de Consumo e Criminal da Comarca de Pesqueira,1ª CCJ,Prioridade Legal
0000005-03.2017.8.17.3130,16/05/2026,1ª Vara Cível da Comarca de Petrolina,1ª CCJ,Prioridade Legal
0000121-28.2025.8.17.3130,08/05/2026,1ª Vara Cível da Comarca de Petrolina,3ª CC,Prioridade Legal
0000479-90.2025.8.17.3130,11/05/2026,1ª Vara Cível da Comarca de Petrolina,3ª CC,Prioridade Legal
0003919-31.2024.8.17.3130,14/05/2026,1ª Vara Cível da Comarca de Petrolina,3ª CC,Prioridade Legal
0004533-70.2023.8.17.3130,14/05/2026,1ª Vara Cível da Comarca de Petrolina,3ª CC,Prioridade Legal
0006006-57.2024.8.17.3130,14/05/2026,1ª Vara Cível da Comarca de Petrolina,3ª CC,Sem prioridade
0011271-40.2024.8.17.3130,14/05/2026,1ª Vara Cível da Comarca de Petrolina,3ª CC,Prioridade Legal
0011504-71.2023.8.17.3130,06/05/2026,1ª Vara Cível da Comarca de Petrolina,3ª CC,Prioridade Legal
0014590-80.2016.8.17.1130,14/05/2026,1ª Vara Cível da Comarca de Petrolina,3ª CC,Prioridade Legal
0015861-60.2024.8.17.3130,13/05/2026,1ª Vara Cível da Comarca de Petrolina,3ª CC,Prioridade Legal
0016542-94.2016.8.17.1130,14/05/2026,1ª Vara Cível da Comarca de Petrolina,3ª CC,Prioridade Legal
0016568-28.2024.8.17.3130,07/05/2026,1ª Vara Cível da Comarca de Petrolina,3ª CC,Prioridade Legal
0017018-68.2024.8.17.3130,13/05/2026,1ª Vara Cível da Comarca de Petrolina,3ª CC,Prioridade Legal
0019729-46.2024.8.17.3130,07/05/2026,1ª Vara Cível da Comarca de Petrolina,3ª CC,Prioridade Legal
0020233-23.2022.8.17.3130,14/05/2026,1ª Vara Cível da Comarca de Petrolina,3ª CC,Prioridade Legal
0006978-61.2023.8.17.3130,29/04/2026,1ª Vara de Família e Registro Civil da Comarca de Petrolina,3ª CC,Prioridade Legal
0009308-60.2025.8.17.3130,04/05/2026,1ª Vara de Família e Registro Civil da Comarca de Petrolina,3ª CC,Prioridade Legal
0011727-53.2025.8.17.3130,07/05/2026,1ª Vara de Família e Registro Civil da Comarca de Petrolina,3ª CC,Prioridade Legal
0012936-57.2025.8.17.3130,13/05/2026,1ª Vara de Família e Registro Civil da Comarca de Petrolina,3ª CC,Prioridade Legal
0013976-74.2025.8.17.3130,11/05/2026,1ª Vara de Família e Registro Civil da Comarca de Petrolina,3ª CC,Prioridade Legal
0018729-45.2023.8.17.3130,15/05/2026,1ª Vara de Família e Registro Civil da Comarca de Petrolina,3ª CCJ,Sem prioridade
0023348-18.2023.8.17.3130,28/04/2026,1ª Vara de Família e Registro Civil da Comarca de Petrolina,3ª CC,Prioridade Legal
0001691-87.2025.8.17.8226,28/04/2026,1º Juizado Especial Cível e das Relações de Consumo de Petrolina - Turno Manhã - 07:00h às 13:00h,1ª CCJ,Prioridade Legal
0006687-36.2022.8.17.8226,28/04/2026,1º Juizado Especial Cível e das Relações de Consumo de Petrolina - Turno Manhã - 07:00h às 13:00h,1ª CCJ,Prioridade Legal
0009662-60.2024.8.17.8226,14/05/2026,1º Juizado Especial Cível e das Relações de Consumo de Petrolina - Turno Manhã - 07:00h às 13:00h,1ª CCJ,Prioridade Legal
0012141-26.2024.8.17.8226,14/05/2026,1º Juizado Especial Cível e das Relações de Consumo de Petrolina - Turno Manhã - 07:00h às 13:00h,1ª CCJ,Prioridade Legal
0000808-73.2023.8.17.3130,12/05/2026,2ª Vara Cível da Comarca de Petrolina,3ª CC,Prioridade Legal
0006625-85.2015.8.17.1130,06/05/2026,2ª Vara Cível da Comarca de Petrolina,3ª CC,Prioridade Legal
0006950-98.2020.8.17.3130,12/05/2026,2ª Vara Cível da Comarca de Petrolina,3ª CC,Sem prioridade
0011559-51.2025.8.17.3130,06/05/2026,2ª Vara Cível da Comarca de Petrolina,3ª CC,Super prioridade
0021185-31.2024.8.17.3130,07/05/2026,2ª Vara Cível da Comarca de Petrolina,3ª CC,Prioridade Legal
0003190-05.2024.8.17.3130,07/05/2026,2ª Vara de Família e Registro Civil da Comarca de Petrolina,3ª CC,Prioridade Legal
0007381-69.2019.8.17.3130,08/05/2026,2ª Vara de Família e Registro Civil da Comarca de Petrolina,3ª CC,Prioridade Legal
0007516-71.2025.8.17.3130,06/05/2026,2ª Vara de Família e Registro Civil da Comarca de Petrolina,3ª CC,Prioridade Legal
0013922-45.2024.8.17.3130,07/05/2026,2ª Vara de Família e Registro Civil da Comarca de Petrolina,3ª CC,Prioridade Legal
0018255-40.2024.8.17.3130,15/05/2026,2ª Vara de Família e Registro Civil da Comarca de Petrolina,3ª CC,Prioridade Legal
0018930-03.2024.8.17.3130,13/05/2026,2ª Vara de Família e Registro Civil da Comarca de Petrolina,3ª CC,Prioridade Legal
0006838-94.2025.8.17.8226,13/05/2026,2º Juizado Especial Cível e das Relações de Consumo de Petrolina - Turno Tarde - 13:00h às 19:00h,1ª CCJ,Prioridade Legal
0000364-50.2017.8.17.3130,15/04/2026,3ª Vara Cível da Comarca de Petrolina,1ª CCJ,Prioridade Legal
0000464-24.2025.8.17.3130,09/05/2026,3ª Vara Cível da Comarca de Petrolina,3ª CC,Sem prioridade
0004254-60.2018.8.17.3130,07/05/2026,3ª Vara Cível da Comarca de Petrolina,3ª CC,Prioridade Legal
0005338-28.2020.8.17.3130,26/04/2026,3ª Vara Cível da Comarca de Petrolina,3ª CC,Prioridade Legal
0006131-93.2022.8.17.3130,30/04/2026,3ª Vara Cível da Comarca de Petrolina,1ª CCJ,Sem prioridade
0009974-66.2022.8.17.3130,13/05/2026,3ª Vara Cível da Comarca de Petrolina,3ª CC,Prioridade Legal
0011011-65.2021.8.17.3130,06/05/2026,3ª Vara Cível da Comarca de Petrolina,3ª CC,Prioridade Legal
0013613-24.2024.8.17.3130,30/04/2026,3ª Vara Cível da Comarca de Petrolina,1ª CCJ,Sem prioridade
0014337-92.2016.8.17.1130,13/05/2026,3ª Vara Cível da Comarca de Petrolina,3ª CC,Prioridade Legal
0016189-24.2023.8.17.3130,26/04/2026,3ª Vara Cível da Comarca de Petrolina,1ª CCJ,Prioridade Legal
0023400-14.2023.8.17.3130,07/05/2026,3ª Vara Cível da Comarca de Petrolina,3ª CC,Sem prioridade
0005396-31.2020.8.17.3130,13/05/2026,4ª Vara Cível da Comarca de Petrolina,3ª CC,Prioridade Legal
0006790-39.2021.8.17.3130,19/04/2026,4ª Vara Cível da Comarca de Petrolina,1ª CCJ,Prioridade Legal
0006843-25.2018.8.17.3130,15/05/2026,4ª Vara Cível da Comarca de Petrolina,3ª CC,Prioridade Legal
0008166-65.2018.8.17.3130,22/04/2026,4ª Vara Cível da Comarca de Petrolina,1ª CCJ,Sem prioridade
0010536-07.2024.8.17.3130,22/04/2026,4ª Vara Cível da Comarca de Petrolina,1ª CCJ,Sem prioridade
0013758-85.2021.8.17.3130,15/05/2026,4ª Vara Cível da Comarca de Petrolina,3ª CC,Prioridade Legal
0000468-27.2026.8.17.3130,13/05/2026,5ª Vara Cível da Comarca de Petrolina,1ª CCJ,Prioridade Legal
0003554-74.2024.8.17.3130,10/04/2026,5ª Vara Cível da Comarca de Petrolina,1ª CCJ,Sem prioridade
0003749-94.2014.8.17.1130,15/05/2026,5ª Vara Cível da Comarca de Petrolina,3ª CC,Sem prioridade
0004431-49.2014.8.17.1130,30/04/2026,5ª Vara Cível da Comarca de Petrolina,3ª CC,Prioridade Legal
0005630-18.2017.8.17.3130,23/04/2026,5ª Vara Cível da Comarca de Petrolina,1ª CCJ,Prioridade Legal
0006549-65.2021.8.17.3130,16/05/2026,5ª Vara Cível da Comarca de Petrolina,1ª CCJ,Prioridade Legal
0011298-92.2013.8.17.1130,13/05/2026,5ª Vara Cível da Comarca de Petrolina,1ª CCJ,Prioridade Legal
0011517-36.2024.8.17.3130,01/05/2026,5ª Vara Cível da Comarca de Petrolina,3ª CC,Sem prioridade
0012083-48.2025.8.17.3130,07/05/2026,5ª Vara Cível da Comarca de Petrolina,3ª CC,Prioridade Legal
0014726-18.2021.8.17.3130,06/04/2026,5ª Vara Cível da Comarca de Petrolina,1ª CCJ,Prioridade Legal
0016810-84.2024.8.17.3130,08/05/2026,5ª Vara Cível da Comarca de Petrolina,3ª CC,Prioridade Legal
0018362-21.2023.8.17.3130,05/05/2026,5ª Vara Cível da Comarca de Petrolina,3ª CC,Prioridade Legal
0020878-77.2024.8.17.3130,14/05/2026,5ª Vara Cível da Comarca de Petrolina,3ª CC,Sem prioridade
0000030-71.1995.8.17.1130,08/05/2026,Vara da Fazenda Pública da Comarca de Petrolina,4ª CC,Prioridade Legal
0000339-66.2019.8.17.3130,07/05/2026,Vara da Fazenda Pública da Comarca de Petrolina,4ª CC,Sem prioridade
0000710-59.2021.8.17.3130,14/05/2026,Vara da Fazenda Pública da Comarca de Petrolina,2ª CCJ,Prioridade Legal
0000725-15.2001.8.17.1130,11/05/2026,Vara da Fazenda Pública da Comarca de Petrolina,2ª CCJ,Prioridade Legal
0000890-46.2019.8.17.3130,07/05/2026,Vara da Fazenda Pública da Comarca de Petrolina,2ª CCJ,Sem prioridade
0001175-30.2016.8.17.1130,01/05/2026,Vara da Fazenda Pública da Comarca de Petrolina,2ª CCJ,Prioridade Legal
0001315-44.2017.8.17.3130,07/05/2026,Vara da Fazenda Pública da Comarca de Petrolina,2ª CCJ,Prioridade Legal
0001547-80.2022.8.17.3130,05/05/2026,Vara da Fazenda Pública da Comarca de Petrolina,2ª CCJ,Prioridade Legal
0001659-88.2018.8.17.3130,07/05/2026,Vara da Fazenda Pública da Comarca de Petrolina,2ª CCJ,Prioridade Legal
0001898-53.2022.8.17.3130,05/05/2026,Vara da Fazenda Pública da Comarca de Petrolina,2ª CCJ,Prioridade Legal
0001920-82.2020.8.17.3130,06/05/2026,Vara da Fazenda Pública da Comarca de Petrolina,2ª CCJ,Prioridade Legal
0002020-04.2012.8.17.1130,29/04/2026,Vara da Fazenda Pública da Comarca de Petrolina,2ª CCJ,Prioridade Legal
0002333-03.2017.8.17.3130,06/05/2026,Vara da Fazenda Pública da Comarca de Petrolina,2ª CCJ,Prioridade Legal
0002545-87.2018.8.17.3130,07/05/2026,Vara da Fazenda Pública da Comarca de Petrolina,4ª CC,Sem prioridade
0002568-96.2019.8.17.3130,14/05/2026,Vara da Fazenda Pública da Comarca de Petrolina,4ª CC,Prioridade Legal
0002597-83.2018.8.17.3130,07/05/2026,Vara da Fazenda Pública da Comarca de Petrolina,4ª CC,Super prioridade
0003068-02.2018.8.17.3130,06/05/2026,Vara da Fazenda Pública da Comarca de Petrolina,4ª CC,Prioridade Legal
0003270-13.2017.8.17.3130,24/04/2026,Vara da Fazenda Pública da Comarca de Petrolina,2ª CCJ,Sem prioridade
0003300-72.2022.8.17.3130,05/05/2026,Vara da Fazenda Pública da Comarca de Petrolina,2ª CCJ,Prioridade Legal
0003384-05.2024.8.17.3130,08/05/2026,Vara da Fazenda Pública da Comarca de Petrolina,4ª CC,Prioridade Legal
0003862-57.2017.8.17.3130,07/05/2026,Vara da Fazenda Pública da Comarca de Petrolina,4ª CC,Prioridade Legal
0004753-78.2017.8.17.3130,07/05/2026,Vara da Fazenda Pública da Comarca de Petrolina,4ª CC,Sem prioridade
0005160-17.2010.8.17.1130,08/05/2026,Vara da Fazenda Pública da Comarca de Petrolina,2ª CCJ,Sem prioridade
0006301-70.2019.8.17.3130,11/04/2026,Vara da Fazenda Pública da Comarca de Petrolina,2ª CCJ,Prioridade Legal
0006463-02.2018.8.17.3130,15/04/2026,Vara da Fazenda Pública da Comarca de Petrolina,2ª CCJ,Prioridade Legal
0006991-94.2022.8.17.3130,06/05/2026,Vara da Fazenda Pública da Comarca de Petrolina,4ª CC,Prioridade Legal
0008248-28.2020.8.17.3130,07/05/2026,Vara da Fazenda Pública da Comarca de Petrolina,4ª CC,Prioridade Legal
0008275-36.2016.8.17.1130,06/05/2026,Vara da Fazenda Pública da Comarca de Petrolina,4ª CC,Sem prioridade
0008416-30.2020.8.17.3130,28/04/2026,Vara da Fazenda Pública da Comarca de Petrolina,2ª CCJ,Prioridade Legal
0008990-77.2025.8.17.3130,06/05/2026,Vara da Fazenda Pública da Comarca de Petrolina,4ª CC,Prioridade Legal
0009001-09.2025.8.17.3130,05/05/2026,Vara da Fazenda Pública da Comarca de Petrolina,4ª CC,Prioridade Legal
0010409-79.2018.8.17.3130,15/04/2026,Vara da Fazenda Pública da Comarca de Petrolina,2ª CCJ,Sem prioridade
0010727-23.2022.8.17.3130,14/05/2026,Vara da Fazenda Pública da Comarca de Petrolina,4ª CC,Sem prioridade
0011262-83.2021.8.17.3130,29/04/2026,Vara da Fazenda Pública da Comarca de Petrolina,2ª CCJ,Prioridade Legal
0011720-71.2019.8.17.3130,07/05/2026,Vara da Fazenda Pública da Comarca de Petrolina,2ª CCJ,Prioridade Legal
0011836-44.2011.8.17.1130,28/04/2026,Vara da Fazenda Pública da Comarca de Petrolina,4ª CC,Sem prioridade
0012307-89.2013.8.17.1130,11/04/2026,Vara da Fazenda Pública da Comarca de Petrolina,2ª CCJ,Sem prioridade
0012545-06.2016.8.17.1130,06/05/2026,Vara da Fazenda Pública da Comarca de Petrolina,4ª CC,Prioridade Legal
0014201-02.2022.8.17.3130,07/04/2026,Vara da Fazenda Pública da Comarca de Petrolina,2ª CCJ,Prioridade Legal
0014365-93.2024.8.17.3130,07/05/2026,Vara da Fazenda Pública da Comarca de Petrolina,4ª CC,Sem prioridade
0014631-85.2021.8.17.3130,05/05/2026,Vara da Fazenda Pública da Comarca de Petrolina,2ª CCJ,Prioridade Legal
0016543-15.2024.8.17.3130,14/05/2026,Vara da Fazenda Pública da Comarca de Petrolina,4ª CC,Sem prioridade
0016934-34.2016.8.17.1130,09/04/2026,Vara da Fazenda Pública da Comarca de Petrolina,2ª CCJ,Sem prioridade
0022758-41.2023.8.17.3130,14/05/2026,Vara da Fazenda Pública da Comarca de Petrolina,4ª CC,Prioridade Legal
0027830-09.2023.8.17.3130,05/05/2026,Vara da Fazenda Pública da Comarca de Petrolina,4ª CC,Sem prioridade
0000014-69.2019.8.17.2620,07/05/2026,1ª Vara da Comarca de Petrolândia,7ª CC,Prioridade Legal
0000112-05.2019.8.17.1440,23/04/2026,1ª Vara da Comarca de Petrolândia,7ª CC,Sem prioridade
0000227-64.2018.8.17.3120,30/04/2026,1ª Vara da Comarca de Petrolândia,6ª CCJ,Prioridade Legal
0000270-11.2018.8.17.3440,05/05/2026,1ª Vara da Comarca de Petrolândia,7ª CC,Prioridade Legal
0000558-37.2015.8.17.1120,27/04/2026,1ª Vara da Comarca de Petrolândia,6ª CCJ,Prioridade Legal
0001103-44.2014.8.17.1120,27/04/2026,1ª Vara da Comarca de Petrolândia,6ª CCJ,Sem prioridade
0001256-77.2014.8.17.1120,08/05/2026,1ª Vara da Comarca de Petrolândia,6ª CCJ,Prioridade Legal
0001280-08.2014.8.17.1120,27/04/2026,1ª Vara da Comarca de Petrolândia,6ª CCJ,Prioridade Legal
0000008-96.2002.8.17.1120,27/04/2026,2ª Vara da Comarca de Petrolândia,6ª CCJ,Prioridade Legal
0000377-16.2022.8.17.3440,06/05/2026,2ª Vara da Comarca de Petrolândia,7ª CC,Prioridade Legal
0000416-76.2017.8.17.3120,15/05/2026,2ª Vara da Comarca de Petrolândia,6ª CCJ,Prioridade Legal
0000429-32.2015.8.17.1120,08/05/2026,2ª Vara da Comarca de Petrolândia,7ª CC,Sem prioridade
0000524-66.2021.8.17.3120,29/04/2026,2ª Vara da Comarca de Petrolândia,6ª CCJ,Prioridade Legal
0000672-10.2014.8.17.1120,08/05/2026,2ª Vara da Comarca de Petrolândia,6ª CCJ,Sem prioridade
0000687-86.2008.8.17.1120,07/05/2026,2ª Vara da Comarca de Petrolândia,7ª CC,Sem prioridade
0000914-94.2025.8.17.3120,15/05/2026,2ª Vara da Comarca de Petrolândia,7ª CC,Prioridade Legal
0000946-71.2014.8.17.1120,07/05/2026,2ª Vara da Comarca de Petrolândia,7ª CC,Sem prioridade
0002887-21.2024.8.17.3120,05/05/2026,2ª Vara da Comarca de Petrolândia,7ª CC,Prioridade Legal
0000002-85.2017.8.17.3150,04/05/2026,Vara Única da Comarca de Pombos,4ª CCJ,Prioridade Legal
0000038-84.2015.8.17.1150,07/05/2026,Vara Única da Comarca de Pombos,5ª CC,Prioridade Legal
0000071-91.2025.8.17.5590,22/04/2026,Vara Única da Comarca de Pombos,5ª CC,Prioridade Legal
0000186-02.2021.8.17.3150,06/05/2026,Vara Única da Comarca de Pombos,5ª CC,Prioridade Legal
0000230-46.2017.8.17.1150,08/05/2026,Vara Única da Comarca de Pombos,5ª CC,Sem prioridade
0000233-44.2019.8.17.3150,04/05/2026,Vara Única da Comarca de Pombos,4ª CCJ,Prioridade Legal
0000426-26.2011.8.17.1150,07/05/2026,Vara Única da Comarca de Pombos,5ª CC,Sem prioridade
0000525-19.2025.8.17.3150,24/04/2026,Vara Única da Comarca de Pombos,5ª CC,Prioridade Legal
0000544-25.2025.8.17.3150,06/05/2026,Vara Única da Comarca de Pombos,4ª CCJ,Prioridade Legal
0000644-14.2024.8.17.3150,12/05/2026,Vara Única da Comarca de Pombos,5ª CC,Prioridade Legal
0000661-50.2024.8.17.3150,27/04/2026,Vara Única da Comarca de Pombos,5ª CC,Prioridade Legal
0000667-92.2014.8.17.1150,28/04/2026,Vara Única da Comarca de Pombos,5ª CC,Prioridade Legal
0000723-61.2022.8.17.3150,04/05/2026,Vara Única da Comarca de Pombos,5ª CC,Prioridade Legal
0000807-96.2021.8.17.3150,30/04/2026,Vara Única da Comarca de Pombos,5ª CC,Sem prioridade
0000809-95.2023.8.17.3150,15/04/2026,Vara Única da Comarca de Pombos,4ª CCJ,Prioridade Legal
0000832-42.2014.8.17.1150,15/04/2026,Vara Única da Comarca de Pombos,4ª CCJ,Sem prioridade
0000874-27.2022.8.17.3150,29/04/2026,Vara Única da Comarca de Pombos,5ª CC,Prioridade Legal
0000914-72.2023.8.17.3150,08/05/2026,Vara Única da Comarca de Pombos,5ª CC,Prioridade Legal
0000944-11.2014.8.17.1150,07/05/2026,Vara Única da Comarca de Pombos,5ª CC,Sem prioridade
0000965-49.2024.8.17.3150,08/05/2026,Vara Única da Comarca de Pombos,5ª CC,Prioridade Legal
0000988-92.2024.8.17.3150,13/05/2026,Vara Única da Comarca de Pombos,5ª CC,Prioridade Legal
0000994-02.2024.8.17.3150,04/05/2026,Vara Única da Comarca de Pombos,5ª CC,Prioridade Legal
0001009-05.2023.8.17.3150,08/05/2026,Vara Única da Comarca de Pombos,5ª CC,Prioridade Legal
0001025-56.2023.8.17.3150,15/05/2026,Vara Única da Comarca de Pombos,5ª CC,Prioridade Legal
0001067-42.2022.8.17.3150,04/05/2026,Vara Única da Comarca de Pombos,5ª CC,Prioridade Legal
0001478-51.2023.8.17.3150,04/05/2026,Vara Única da Comarca de Pombos,5ª CC,Prioridade Legal
0000032-55.2020.8.17.3170,22/04/2026,Vara Única da Comarca de Quipapá,5ª CC,Prioridade Legal
0000047-53.2022.8.17.3170,15/05/2026,Vara Única da Comarca de Quipapá,5ª CC,Prioridade Legal
0000061-97.1997.8.17.1170,07/05/2026,Vara Única da Comarca de Quipapá,4ª CCJ,Sem prioridade
0000088-15.2025.8.17.3170,30/04/2026,Vara Única da Comarca de Quipapá,5ª CC,Super prioridade
0000168-81.2022.8.17.3170,29/04/2026,Vara Única da Comarca de Quipapá,5ª CC,Prioridade Legal
0000297-91.2019.8.17.3170,15/05/2026,Vara Única da Comarca de Quipapá,5ª CC,Prioridade Legal
0000361-91.2025.8.17.3170,15/05/2026,Vara Única da Comarca de Quipapá,5ª CC,Prioridade Legal
0000410-35.2025.8.17.3170,14/05/2026,Vara Única da Comarca de Quipapá,5ª CC,Prioridade Legal
0000451-02.2025.8.17.3170,10/05/2026,Vara Única da Comarca de Quipapá,5ª CC,Prioridade Legal
0000498-10.2024.8.17.3170,15/05/2026,Vara Única da Comarca de Quipapá,5ª CC,Prioridade Legal
0000517-90.2010.8.17.1170,13/05/2026,Vara Única da Comarca de Quipapá,5ª CC,Prioridade Legal
0000549-85.2016.8.17.1170,30/04/2026,Vara Única da Comarca de Quipapá,5ª CC,Sem prioridade
0000693-92.2024.8.17.3170,07/05/2026,Vara Única da Comarca de Quipapá,5ª CC,Prioridade Legal
0000707-76.2024.8.17.3170,30/04/2026,Vara Única da Comarca de Quipapá,5ª CC,Prioridade Legal
0000735-78.2023.8.17.3170,11/05/2026,Vara Única da Comarca de Quipapá,5ª CC,Prioridade Legal
0000857-91.2023.8.17.3170,07/05/2026,Vara Única da Comarca de Quipapá,4ª CCJ,Sem prioridade
0001013-79.2023.8.17.3170,23/04/2026,Vara Única da Comarca de Quipapá,5ª CC,Prioridade Legal
0001024-11.2023.8.17.3170,29/04/2026,Vara Única da Comarca de Quipapá,5ª CC,Sem prioridade
0001078-11.2022.8.17.3170,30/04/2026,Vara Única da Comarca de Quipapá,5ª CC,Sem prioridade
0003400-14.2025.8.17.2001,04/05/2026,10ª Vara de Família e Registro Civil da Capital,3ª CC,Prioridade Legal
0044865-03.2025.8.17.2001,14/05/2026,10ª Vara de Família e Registro Civil da Capital,3ª CC,Prioridade Legal
0048539-57.2023.8.17.2001,30/04/2026,10ª Vara de Família e Registro Civil da Capital,3ª CC,Prioridade Legal
0048989-29.2025.8.17.2001,05/05/2026,10ª Vara de Família e Registro Civil da Capital,3ª CC,Prioridade Legal
0050098-25.2018.8.17.2001,04/05/2026,10ª Vara de Família e Registro Civil da Capital,3ª CC,Super prioridade
0064198-72.2024.8.17.2001,06/05/2026,10ª Vara de Família e Registro Civil da Capital,3ª CC,Prioridade Legal
0096865-77.2025.8.17.2001,07/05/2026,10ª Vara de Família e Registro Civil da Capital,3ª CC,Prioridade Legal
0001590-91.2026.8.17.8201,04/05/2026,10º Juizado Especial Cível e das Relações de Consumo da Capital - Turno Tarde - 13:00h às 19:00h,1ª CCJ,Prioridade Legal
0011418-82.2024.8.17.8201,07/05/2026,10º Juizado Especial Cível e das Relações de Consumo da Capital - Turno Tarde - 13:00h às 19:00h,1ª CCJ,Prioridade Legal
0018369-58.2025.8.17.8201,05/05/2026,10º Juizado Especial Cível e das Relações de Consumo da Capital - Turno Tarde - 13:00h às 19:00h,1ª CCJ,Prioridade Legal
0025575-26.2025.8.17.8201,04/05/2026,10º Juizado Especial Cível e das Relações de Consumo da Capital - Turno Tarde - 13:00h às 19:00h,1ª CCJ,Prioridade Legal
0050879-27.2025.8.17.8201,04/05/2026,10º Juizado Especial Cível e das Relações de Consumo da Capital - Turno Tarde - 13:00h às 19:00h,1ª CCJ,Prioridade Legal
0053910-55.2025.8.17.8201,29/04/2026,10º Juizado Especial Cível e das Relações de Consumo da Capital - Turno Tarde - 13:00h às 19:00h,1ª CCJ,Prioridade Legal
0017415-32.2018.8.17.2001,06/05/2026,11ª Vara de Família e Registro Civil da Capital,3ª CCJ,Sem prioridade
0062577-40.2024.8.17.2001,05/05/2026,11ª Vara de Família e Registro Civil da Capital,3ª CC,Sem prioridade
0115909-53.2023.8.17.2001,15/05/2026,11ª Vara de Família e Registro Civil da Capital,3ª CC,Prioridade Legal
0125317-34.2024.8.17.2001,28/04/2026,11ª Vara de Família e Registro Civil da Capital,3ª CCJ,Prioridade Legal
0136366-72.2024.8.17.2001,30/04/2026,11ª Vara de Família e Registro Civil da Capital,3ª CCJ,Prioridade Legal
0011188-06.2025.8.17.8201,30/04/2026,11º Juizado Especial Cível e das Relações de Consumo da Capital - Turno Tarde - 13:00h às 19:00h,1ª CCJ,Prioridade Legal
0013004-57.2024.8.17.8201,28/04/2026,11º Juizado Especial Cível e das Relações de Consumo da Capital - Turno Tarde - 13:00h às 19:00h,1ª CCJ,Sem prioridade
0016531-80.2025.8.17.8201,04/05/2026,11º Juizado Especial Cível e das Relações de Consumo da Capital - Turno Tarde - 13:00h às 19:00h,1ª CCJ,Prioridade Legal
0033811-98.2024.8.17.8201,04/05/2026,11º Juizado Especial Cível e das Relações de Consumo da Capital - Turno Tarde - 13:00h às 19:00h,1ª CCJ,Prioridade Legal
0037346-98.2025.8.17.8201,30/04/2026,11º Juizado Especial Cível e das Relações de Consumo da Capital - Turno Tarde - 13:00h às 19:00h,1ª CCJ,Prioridade Legal
0041851-35.2025.8.17.8201,04/05/2026,11º Juizado Especial Cível e das Relações de Consumo da Capital - Turno Tarde - 13:00h às 19:00h,1ª CCJ,Prioridade Legal
0043958-86.2024.8.17.8201,04/05/2026,11º Juizado Especial Cível e das Relações de Consumo da Capital - Turno Tarde - 13:00h às 19:00h,1ª CCJ,Prioridade Legal
0008780-81.2026.8.17.2001,05/05/2026,12ª Vara de Família e Registro Civil da Capital,3ª CCJ,Prioridade Legal
0059789-24.2022.8.17.2001,08/05/2026,12ª Vara de Família e Registro Civil da Capital,3ª CC,Prioridade Legal
0066144-79.2024.8.17.2001,07/05/2026,12ª Vara de Família e Registro Civil da Capital,3ª CC,Prioridade Legal
0090272-32.2025.8.17.2001,14/05/2026,12ª Vara de Família e Registro Civil da Capital,3ª CC,Prioridade Legal
0101404-86.2025.8.17.2001,14/05/2026,12ª Vara de Família e Registro Civil da Capital,3ª CC,Prioridade Legal
0006448-63.2023.8.17.4001,16/05/2026,13ª Vara Criminal da Capital,2ª CC,Sem prioridade
0027457-96.2025.8.17.2001,15/05/2026,13ª Vara Criminal da Capital,2ª CC,Prioridade Legal
0058831-38.2022.8.17.2001,04/03/2026,13ª Vara de Família e Registro Civil da Capital,3ª CCJ,Prioridade Legal
0158826-87.2023.8.17.2001,06/05/2026,13ª Vara de Família e Registro Civil da Capital,3ª CC,Prioridade Legal
0014979-51.2023.8.17.8201,14/05/2026,13º Juizado Especial Cível e das Relações de Consumo da Capital - Turno Tarde - 13:00h às 19:00h,1ª CCJ,Sem prioridade
0015814-10.2021.8.17.8201,07/05/2026,13º Juizado Especial Cível e das Relações de Consumo da Capital - Turno Tarde - 13:00h às 19:00h,1ª CCJ,Prioridade Legal
0036561-39.2025.8.17.8201,04/05/2026,13º Juizado Especial Cível e das Relações de Consumo da Capital - Turno Tarde - 13:00h às 19:00h,1ª CCJ,Prioridade Legal
0048853-56.2025.8.17.8201,14/05/2026,13º Juizado Especial Cível e das Relações de Consumo da Capital - Turno Tarde - 13:00h às 19:00h,1ª CCJ,Prioridade Legal
0055193-84.2023.8.17.8201,14/05/2026,13º Juizado Especial Cível e das Relações de Consumo da Capital - Turno Tarde - 13:00h às 19:00h,1ª CCJ,Sem prioridade
0000375-53.2021.8.17.5001,16/05/2026,14ª Vara Criminal da Capital,2ª CC,Prioridade Legal
0000411-88.2021.8.17.4001,16/05/2026,14ª Vara Criminal da Capital,2ª CC,Sem prioridade
0031197-97.2015.8.17.0001,14/05/2026,14ª Vara Criminal da Capital,2ª CC,Sem prioridade
0003160-25.2025.8.17.2001,23/04/2026,14ª Vara de Família e Registro Civil da Capital,3ª CCJ,Prioridade Legal
0082415-32.2025.8.17.2001,06/05/2026,14ª Vara de Família e Registro Civil da Capital,3ª CC,Prioridade Legal
0084172-32.2023.8.17.2001,12/05/2026,14ª Vara de Família e Registro Civil da Capital,3ª CC,Prioridade Legal
0114163-53.2023.8.17.2001,08/05/2026,14ª Vara de Família e Registro Civil da Capital,3ª CC,Prioridade Legal
0052478-45.2023.8.17.2001,16/05/2026,15ª Vara Criminal da Capital,2ª CC,Prioridade Legal
0002523-35.2024.8.17.8201,28/04/2026,15º Juizado Especial Cível e das Relações de Consumo da Capital - Turno Tarde - 13:00h às 19:00h,1ª CCJ,Prioridade Legal
0025143-12.2022.8.17.8201,29/04/2026,15º Juizado Especial Cível e das Relações de Consumo da Capital - Turno Tarde - 13:00h às 19:00h,1ª CCJ,Prioridade Legal
0032601-75.2025.8.17.8201,14/05/2026,15º Juizado Especial Cível e das Relações de Consumo da Capital - Turno Tarde - 13:00h às 19:00h,1ª CCJ,Prioridade Legal
0003619-12.2023.8.17.4001,14/05/2026,16ª Vara Criminal da Capital,2ª CC,Sem prioridade
0009797-51.2020.8.17.0001,15/05/2026,16ª Vara Criminal da Capital,2ª CC,Super prioridade
0015853-37.2019.8.17.0001,15/05/2026,16ª Vara Criminal da Capital,2ª CC,Sem prioridade
0029666-73.2015.8.17.0001,15/05/2026,16ª Vara Criminal da Capital,2ª CC,Sem prioridade
0001085-03.2026.8.17.8201,29/04/2026,16º Juizado Especial Cível e das Relações de Consumo da Capital - Turno Manhã - 07:00h às 13:00h,1ª CCJ,Prioridade Legal
0011007-68.2026.8.17.8201,29/04/2026,16º Juizado Especial Cível e das Relações de Consumo da Capital - Turno Manhã - 07:00h às 13:00h,1ª CCJ,Prioridade Legal
0027780-62.2024.8.17.8201,29/04/2026,16º Juizado Especial Cível e das Relações de Consumo da Capital - Turno Manhã - 07:00h às 13:00h,1ª CCJ,Prioridade Legal
0030023-42.2025.8.17.8201,05/05/2026,16º Juizado Especial Cível e das Relações de Consumo da Capital - Turno Manhã - 07:00h às 13:00h,1ª CCJ,Prioridade Legal
0030878-21.2025.8.17.8201,29/04/2026,16º Juizado Especial Cível e das Relações de Consumo da Capital - Turno Manhã - 07:00h às 13:00h,1ª CCJ,Prioridade Legal
0043205-32.2024.8.17.8201,28/04/2026,16º Juizado Especial Cível e das Relações de Consumo da Capital - Turno Manhã - 07:00h às 13:00h,1ª CCJ,Prioridade Legal
0047308-82.2024.8.17.8201,29/04/2026,16º Juizado Especial Cível e das Relações de Consumo da Capital - Turno Manhã - 07:00h às 13:00h,1ª CCJ,Prioridade Legal
0049195-67.2025.8.17.8201,29/04/2026,16º Juizado Especial Cível e das Relações de Consumo da Capital - Turno Manhã - 07:00h às 13:00h,1ª CCJ,Prioridade Legal
0050325-92.2025.8.17.8201,29/04/2026,16º Juizado Especial Cível e das Relações de Consumo da Capital - Turno Manhã - 07:00h às 13:00h,1ª CCJ,Prioridade Legal
0050371-18.2024.8.17.8201,29/04/2026,16º Juizado Especial Cível e das Relações de Consumo da Capital - Turno Manhã - 07:00h às 13:00h,1ª CCJ,Prioridade Legal
0002782-27.2024.8.17.5001,16/05/2026,17ª Vara Criminal da Capital,2ª CC,Prioridade Legal
0002806-82.2023.8.17.4001,16/05/2026,17ª Vara Criminal da Capital,2ª CC,Prioridade Legal
0009242-34.2020.8.17.0001,14/05/2026,17ª Vara Criminal da Capital,2ª CC,Sem prioridade
0009961-84.2018.8.17.0001,15/05/2026,17ª Vara Criminal da Capital,2ª CC,Sem prioridade
0017913-51.2017.8.17.0001,16/05/2026,17ª Vara Criminal da Capital,2ª CC,Sem prioridade
0020067-70.2023.8.17.8201,28/04/2026,17º Juizado Especial Cível e das Relações de Consumo da Capital - Turno Tarde - 13:00h às 19:00h,1ª CCJ,Prioridade Legal
0048775-62.2025.8.17.8201,14/05/2026,17º Juizado Especial Cível e das Relações de Consumo da Capital - Turno Tarde - 13:00h às 19:00h,1ª CCJ,Prioridade Legal
0002426-02.2021.8.17.0001,15/05/2026,18ª Vara Criminal da Capital,2ª CC,Prioridade Legal
0003992-54.2019.8.17.0001,15/05/2026,18ª Vara Criminal da Capital,2ª CC,Sem prioridade
0018591-95.2019.8.17.0001,15/05/2026,18ª Vara Criminal da Capital,2ª CC,Sem prioridade
0080970-13.2024.8.17.2001,16/05/2026,18ª Vara Criminal da Capital,2ª CC,Prioridade Legal
0009390-10.2025.8.17.8201,02/05/2026,18º Juizado Especial Cível e das Relações de Consumo da Capital - Turno Tarde - 13:00h às 19:00h,1ª CCJ,Prioridade Legal
0034298-34.2025.8.17.8201,30/04/2026,18º Juizado Especial Cível e das Relações de Consumo da Capital - Turno Tarde - 13:00h às 19:00h,1ª CCJ,Prioridade Legal
0036777-97.2025.8.17.8201,14/05/2026,18º Juizado Especial Cível e das Relações de Consumo da Capital - Turno Tarde - 13:00h às 19:00h,1ª CCJ,Prioridade Legal
0059177-76.2023.8.17.8201,05/05/2026,18º Juizado Especial Cível e das Relações de Consumo da Capital - Turno Tarde - 13:00h às 19:00h,1ª CCJ,Prioridade Legal
0001029-91.2025.8.17.4001,15/05/2026,19ª Vara Criminal da Capital,2ª CC,Prioridade Legal
0035581-05.2024.8.17.2001,14/05/2026,19ª Vara Criminal da Capital,2ª CC,Prioridade Legal
0009892-33.2010.8.17.0001,23/04/2026,1ª Vara da Fazenda Pública da Capital,2ª CCJ,Sem prioridade
0012535-02.2015.8.17.2001,07/05/2026,1ª Vara da Fazenda Pública da Capital,4ª CC,Prioridade Legal
0014239-11.2019.8.17.2001,07/05/2026,1ª Vara da Fazenda Pública da Capital,2ª CCJ,Prioridade Legal
0014859-57.2018.8.17.2001,14/05/2026,1ª Vara da Fazenda Pública da Capital,4ª CC,Sem prioridade
0015848-20.2016.8.17.0001,22/04/2026,1ª Vara da Fazenda Pública da Capital,2ª CCJ,Sem prioridade
0016018-35.2018.8.17.2001,15/05/2026,1ª Vara da Fazenda Pública da Capital,4ª CC,Prioridade Legal
0018749-33.2020.8.17.2001,05/05/2026,1ª Vara da Fazenda Pública da Capital,4ª CC,Super prioridade
0025905-33.2024.8.17.2001,14/05/2026,1ª Vara da Fazenda Pública da Capital,4ª CC,Sem prioridade
0027852-98.2019.8.17.2001,05/05/2026,1ª Vara da Fazenda Pública da Capital,4ª CC,Prioridade Legal
0033085-87.2004.8.17.0001,10/04/2026,1ª Vara da Fazenda Pública da Capital,2ª CCJ,Sem prioridade
0034006-25.2025.8.17.2001,15/05/2026,1ª Vara da Fazenda Pública da Capital,4ª CC,Prioridade Legal
0035992-29.2016.8.17.2001,04/05/2026,1ª Vara da Fazenda Pública da Capital,4ª CC,Prioridade Legal
0037459-09.2017.8.17.2001,13/05/2026,1ª Vara da Fazenda Pública da Capital,2ª CCJ,Prioridade Legal
0040170-21.2016.8.17.2001,07/05/2026,1ª Vara da Fazenda Pública da Capital,4ª CC,Prioridade Legal
0041594-54.2023.8.17.2001,07/05/2026,1ª Vara da Fazenda Pública da Capital,4ª CC,Super prioridade
0042682-31.2014.8.17.0001,22/04/2026,1ª Vara da Fazenda Pública da Capital,2ª CCJ,Sem prioridade
0043609-06.2017.8.17.2001,08/05/2026,1ª Vara da Fazenda Pública da Capital,4ª CC,Prioridade Legal
0045284-04.2017.8.17.2001,15/04/2026,1ª Vara da Fazenda Pública da Capital,2ª CCJ,Prioridade Legal
0059434-78.2014.8.17.0001,05/05/2026,1ª Vara da Fazenda Pública da Capital,4ª CC,Prioridade Legal
0059562-34.2022.8.17.2001,04/05/2026,1ª Vara da Fazenda Pública da Capital,4ª CC,Prioridade Legal
0062177-27.2015.8.17.0001,06/05/2026,1ª Vara da Fazenda Pública da Capital,2ª CCJ,Sem prioridade
0063056-34.2015.8.17.0001,19/04/2026,1ª Vara da Fazenda Pública da Capital,2ª CCJ,Sem prioridade
0064742-32.2013.8.17.0001,07/05/2026,1ª Vara da Fazenda Pública da Capital,4ª CC,Sem prioridade
0076229-71.2017.8.17.2001,13/05/2026,1ª Vara da Fazenda Pública da Capital,4ª CC,Prioridade Legal
0076588-11.2023.8.17.2001,14/05/2026,1ª Vara da Fazenda Pública da Capital,2ª CCJ,Prioridade Legal
0084668-37.2018.8.17.2001,05/05/2026,1ª Vara da Fazenda Pública da Capital,4ª CC,Prioridade Legal
0086944-96.1996.8.17.0001,14/04/2026,1ª Vara da Fazenda Pública da Capital,2ª CCJ,Sem prioridade
0091247-98.2018.8.17.2001,04/05/2026,1ª Vara da Fazenda Pública da Capital,4ª CC,Prioridade Legal
0095902-74.2022.8.17.2001,03/04/2026,1ª Vara da Fazenda Pública da Capital,2ª CCJ,Sem prioridade
0099870-78.2023.8.17.2001,01/04/2026,1ª Vara da Fazenda Pública da Capital,2ª CCJ,Sem prioridade
0101972-11.2013.8.17.0001,05/05/2026,1ª Vara da Fazenda Pública da Capital,2ª CCJ,Sem prioridade
0102591-38.2013.8.17.0001,15/05/2026,1ª Vara da Fazenda Pública da Capital,4ª CC,Sem prioridade
0120686-57.2018.8.17.2001,05/05/2026,1ª Vara da Fazenda Pública da Capital,2ª CCJ,Prioridade Legal
0121049-84.2005.8.17.0001,29/04/2026,1ª Vara da Fazenda Pública da Capital,4ª CC,Prioridade Legal
0123278-98.2023.8.17.2001,14/05/2026,1ª Vara da Fazenda Pública da Capital,4ª CC,Super prioridade
0129969-94.2024.8.17.2001,30/04/2026,1ª Vara da Fazenda Pública da Capital,4ª CC,Prioridade Legal
0133425-05.2005.8.17.0001,30/04/2026,1ª Vara da Fazenda Pública da Capital,4ª CC,Sem prioridade
0145271-37.2022.8.17.2001,06/05/2026,1ª Vara da Fazenda Pública da Capital,4ª CC,Super prioridade
0154399-47.2023.8.17.2001,04/05/2026,1ª Vara da Fazenda Pública da Capital,4ª CC,Sem prioridade
0170664-61.2022.8.17.2001,14/05/2026,1ª Vara da Fazenda Pública da Capital,4ª CC,Super prioridade
0204109-52.2005.8.17.0001,04/05/2026,1ª Vara da Fazenda Pública da Capital,4ª CC,Sem prioridade
0002439-11.2015.8.17.0001,04/05/2026,1ª Vara de Acidentes de Trabalho da Capital,2ª CCJ,Sem prioridade
0006744-76.2020.8.17.2001,27/04/2026,1ª Vara de Acidentes de Trabalho da Capital,2ª CCJ,Prioridade Legal
0048685-11.2017.8.17.2001,25/04/2026,1ª Vara de Acidentes de Trabalho da Capital,2ª CCJ,Prioridade Legal
0004369-50.2025.8.17.5001,16/05/2026,1ª Vara de Enfrentamento à Violência Doméstica e Familiar contra a Mulher,2ª CC,Prioridade Legal
0027006-71.2025.8.17.2001,08/05/2026,1ª Vara de Família e Registro Civil da Capital,3ª CC,Prioridade Legal
0028959-81.2023.8.17.2990,05/05/2026,1ª Vara de Família e Registro Civil da Capital,3ª CC,Prioridade Legal
0053825-89.2018.8.17.2001,06/05/2026,1ª Vara de Família e Registro Civil da Capital,3ª CC,Prioridade Legal
0098653-29.2025.8.17.2001,08/05/2026,1ª Vara de Família e Registro Civil da Capital,3ª CC,Super prioridade
0004628-06.2008.8.17.0001,08/05/2026,1ª Vara de Sucessões e Registros Públicos da Capital,3ª CCJ,Sem prioridade
0011037-08.2002.8.17.0001,27/04/2026,1ª Vara de Sucessões e Registros Públicos da Capital,3ª CCJ,Prioridade Legal
0014680-31.2015.8.17.2001,15/05/2026,1ª Vara de Sucessões e Registros Públicos da Capital,3ª CCJ,Prioridade Legal
0021858-50.2023.8.17.2001,08/05/2026,1ª Vara de Sucessões e Registros Públicos da Capital,3ª CCJ,Prioridade Legal
0031990-79.2017.8.17.2001,14/05/2026,1ª Vara de Sucessões e Registros Públicos da Capital,3ª CCJ,Prioridade Legal
0050647-59.2023.8.17.2001,08/05/2026,1ª Vara de Sucessões e Registros Públicos da Capital,3ª CCJ,Sem prioridade
0061100-21.2020.8.17.2001,29/04/2026,1ª Vara de Sucessões e Registros Públicos da Capital,3ª CCJ,Sem prioridade
0064786-21.2020.8.17.2001,28/04/2026,1ª Vara de Sucessões e Registros Públicos da Capital,3ª CCJ,Sem prioridade
0088695-87.2023.8.17.2001,14/05/2026,1ª Vara de Sucessões e Registros Públicos da Capital,3ª CCJ,Prioridade Legal
0153517-22.2022.8.17.2001,26/04/2026,1ª Vara de Sucessões e Registros Públicos da Capital,3ª CCJ,Prioridade Legal
0002939-76.2024.8.17.2001,27/04/2026,1ª Vara dos Executivos Fiscais Estaduais da Capital,2ª CCJ,Sem prioridade
0005460-44.2005.8.17.0001,05/05/2026,1ª Vara dos Executivos Fiscais Estaduais da Capital,4ª CC,Sem prioridade
0007803-90.2017.8.17.0001,29/04/2026,1ª Vara dos Executivos Fiscais Estaduais da Capital,2ª CCJ,Sem prioridade
0010521-69.2020.8.17.2001,14/05/2026,1ª Vara dos Executivos Fiscais Estaduais da Capital,2ª CCJ,Sem prioridade
0012033-14.2025.8.17.2001,14/05/2026,1ª Vara dos Executivos Fiscais Estaduais da Capital,2ª CCJ,Sem prioridade
0019102-31.1998.8.17.0001,15/05/2026,1ª Vara dos Executivos Fiscais Estaduais da Capital,4ª CC,Sem prioridade
0022980-42.1990.8.17.0001,03/05/2026,1ª Vara dos Executivos Fiscais Estaduais da Capital,4ª CC,Sem prioridade
0029415-21.2016.8.17.0001,29/04/2026,1ª Vara dos Executivos Fiscais Estaduais da Capital,4ª CC,Sem prioridade
0035046-24.2008.8.17.0001,15/05/2026,1ª Vara dos Executivos Fiscais Estaduais da Capital,4ª CC,Sem prioridade
0036500-78.2004.8.17.0001,01/05/2026,1ª Vara dos Executivos Fiscais Estaduais da Capital,2ª CCJ,Sem prioridade
0038535-87.2025.8.17.2001,28/04/2026,1ª Vara dos Executivos Fiscais Estaduais da Capital,2ª CCJ,Prioridade Legal
0040846-61.2019.8.17.2001,05/05/2026,1ª Vara dos Executivos Fiscais Estaduais da Capital,4ª CC,Sem prioridade
0043885-56.2025.8.17.2001,13/05/2026,1ª Vara dos Executivos Fiscais Estaduais da Capital,2ª CCJ,Sem prioridade
0068829-64.2021.8.17.2001,06/05/2026,1ª Vara dos Executivos Fiscais Estaduais da Capital,4ª CC,Prioridade Legal
0094368-27.2024.8.17.2001,28/04/2026,1ª Vara dos Executivos Fiscais Estaduais da Capital,2ª CCJ,Sem prioridade
0012410-09.2025.8.17.8201,30/04/2026,1º Juizado Especial Cível e das Relações de Consumo da Capital - Turno Manhã - 07:00h às 13:00h,1ª CCJ,Sem prioridade
0017198-66.2025.8.17.8201,27/04/2026,1º Juizado Especial Cível e das Relações de Consumo da Capital - Turno Manhã - 07:00h às 13:00h,1ª CCJ,Prioridade Legal
0017400-43.2025.8.17.8201,30/04/2026,1º Juizado Especial Cível e das Relações de Consumo da Capital - Turno Manhã - 07:00h às 13:00h,1ª CCJ,Prioridade Legal
0039387-72.2024.8.17.8201,30/04/2026,1º Juizado Especial Cível e das Relações de Consumo da Capital - Turno Manhã - 07:00h às 13:00h,1ª CCJ,Prioridade Legal
0042004-44.2020.8.17.8201,12/05/2026,1º Juizado Especial Cível e das Relações de Consumo da Capital - Turno Manhã - 07:00h às 13:00h,1ª CCJ,Prioridade Legal
0002044-52.2018.8.17.8201,04/05/2026,21º Juizado Especial Cível e das Relações de Consumo da Capital - Turno Manhã - 07:00h às 13:00h,1ª CCJ,Prioridade Legal
0004700-69.2024.8.17.8201,04/05/2026,21º Juizado Especial Cível e das Relações de Consumo da Capital - Turno Manhã - 07:00h às 13:00h,1ª CCJ,Prioridade Legal
0006451-33.2020.8.17.8201,30/04/2026,21º Juizado Especial Cível e das Relações de Consumo da Capital - Turno Manhã - 07:00h às 13:00h,1ª CCJ,Prioridade Legal
0009627-78.2024.8.17.8201,04/05/2026,21º Juizado Especial Cível e das Relações de Consumo da Capital - Turno Manhã - 07:00h às 13:00h,1ª CCJ,Prioridade Legal
0012041-49.2024.8.17.8201,14/05/2026,21º Juizado Especial Cível e das Relações de Consumo da Capital - Turno Manhã - 07:00h às 13:00h,1ª CCJ,Prioridade Legal
0022224-45.2025.8.17.8201,05/05/2026,21º Juizado Especial Cível e das Relações de Consumo da Capital - Turno Manhã - 07:00h às 13:00h,1ª CCJ,Prioridade Legal
0030279-24.2021.8.17.8201,05/05/2026,21º Juizado Especial Cível e das Relações de Consumo da Capital - Turno Manhã - 07:00h às 13:00h,1ª CCJ,Prioridade Legal
0037137-66.2024.8.17.8201,05/05/2026,21º Juizado Especial Cível e das Relações de Consumo da Capital - Turno Manhã - 07:00h às 13:00h,1ª CC,Sem prioridade
0038262-74.2021.8.17.8201,28/04/2026,21º Juizado Especial Cível e das Relações de Consumo da Capital - Turno Manhã - 07:00h às 13:00h,1ª CCJ,Prioridade Legal
0039338-31.2024.8.17.8201,04/05/2026,21º Juizado Especial Cível e das Relações de Consumo da Capital - Turno Manhã - 07:00h às 13:00h,1ª CCJ,Prioridade Legal
0041358-34.2020.8.17.8201,29/04/2026,21º Juizado Especial Cível e das Relações de Consumo da Capital - Turno Manhã - 07:00h às 13:00h,1ª CCJ,Prioridade Legal
0045838-16.2024.8.17.8201,29/04/2026,21º Juizado Especial Cível e das Relações de Consumo da Capital - Turno Manhã - 07:00h às 13:00h,1ª CCJ,Prioridade Legal
0050540-05.2024.8.17.8201,15/05/2026,21º Juizado Especial Cível e das Relações de Consumo da Capital - Turno Manhã - 07:00h às 13:00h,1ª CCJ,Prioridade Legal
0056739-77.2023.8.17.8201,14/05/2026,21º Juizado Especial Cível e das Relações de Consumo da Capital - Turno Manhã - 07:00h às 13:00h,1ª CCJ,Prioridade Legal
0057712-32.2023.8.17.8201,05/05/2026,21º Juizado Especial Cível e das Relações de Consumo da Capital - Turno Manhã - 07:00h às 13:00h,1ª CCJ,Sem prioridade
0004377-30.2025.8.17.8201,14/05/2026,22º Juizado Especial Cível e das Relações de Consumo da Capital - Turno Manhã - 07:00h às 13:00h,1ª CCJ,Prioridade Legal
0025708-68.2025.8.17.8201,29/04/2026,22º Juizado Especial Cível e das Relações de Consumo da Capital - Turno Manhã - 07:00h às 13:00h,1ª CCJ,Prioridade Legal
0026829-34.2025.8.17.8201,06/05/2026,22º Juizado Especial Cível e das Relações de Consumo da Capital - Turno Manhã - 07:00h às 13:00h,1ª CCJ,Prioridade Legal
0027103-66.2023.8.17.8201,29/04/2026,22º Juizado Especial Cível e das Relações de Consumo da Capital - Turno Manhã - 07:00h às 13:00h,1ª CCJ,Prioridade Legal
0027461-36.2020.8.17.8201,29/04/2026,22º Juizado Especial Cível e das Relações de Consumo da Capital - Turno Manhã - 07:00h às 13:00h,1ª CCJ,Prioridade Legal
0029471-53.2020.8.17.8201,04/05/2026,22º Juizado Especial Cível e das Relações de Consumo da Capital - Turno Manhã - 07:00h às 13:00h,1ª CCJ,Prioridade Legal
0034380-36.2023.8.17.8201,04/05/2026,22º Juizado Especial Cível e das Relações de Consumo da Capital - Turno Manhã - 07:00h às 13:00h,1ª CCJ,Prioridade Legal
0034762-58.2025.8.17.8201,29/04/2026,22º Juizado Especial Cível e das Relações de Consumo da Capital - Turno Manhã - 07:00h às 13:00h,1ª CCJ,Prioridade Legal
0046392-48.2024.8.17.8201,14/05/2026,22º Juizado Especial Cível e das Relações de Consumo da Capital - Turno Manhã - 07:00h às 13:00h,1ª CCJ,Prioridade Legal
0012785-44.2024.8.17.8201,14/05/2026,23º Juizado Especial Cível e das Relações de Consumo da Capital - Turno Tarde - 13:00h às 19:00h,1ª CCJ,Prioridade Legal
0015370-69.2024.8.17.8201,28/04/2026,23º Juizado Especial Cível e das Relações de Consumo da Capital - Turno Tarde - 13:00h às 19:00h,1ª CCJ,Prioridade Legal
0020244-39.2020.8.17.8201,14/05/2026,23º Juizado Especial Cível e das Relações de Consumo da Capital - Turno Tarde - 13:00h às 19:00h,1ª CCJ,Prioridade Legal
0020833-89.2024.8.17.8201,04/05/2026,23º Juizado Especial Cível e das Relações de Consumo da Capital - Turno Tarde - 13:00h às 19:00h,1ª CCJ,Prioridade Legal
0021991-82.2024.8.17.8201,04/05/2026,23º Juizado Especial Cível e das Relações de Consumo da Capital - Turno Tarde - 13:00h às 19:00h,1ª CCJ,Prioridade Legal
0023229-05.2025.8.17.8201,28/04/2026,23º Juizado Especial Cível e das Relações de Consumo da Capital - Turno Tarde - 13:00h às 19:00h,1ª CCJ,Prioridade Legal
0035204-97.2020.8.17.8201,07/05/2026,23º Juizado Especial Cível e das Relações de Consumo da Capital - Turno Tarde - 13:00h às 19:00h,1ª CCJ,Sem prioridade
0039480-40.2021.8.17.8201,04/05/2026,23º Juizado Especial Cível e das Relações de Consumo da Capital - Turno Tarde - 13:00h às 19:00h,1ª CCJ,Sem prioridade
0043739-39.2025.8.17.8201,14/05/2026,23º Juizado Especial Cível e das Relações de Consumo da Capital - Turno Tarde - 13:00h às 19:00h,1ª CCJ,Prioridade Legal
0004420-30.2026.8.17.8201,14/05/2026,24º Juizado Especial Cível e das Relações de Consumo da Capital - Turno Tarde - 13:00h às 19:00h,1ª CCJ,Prioridade Legal
0017958-20.2022.8.17.8201,28/04/2026,24º Juizado Especial Cível e das Relações de Consumo da Capital - Turno Tarde - 13:00h às 19:00h,1ª CCJ,Prioridade Legal
0050154-38.2025.8.17.8201,30/04/2026,24º Juizado Especial Cível e das Relações de Consumo da Capital - Turno Tarde - 13:00h às 19:00h,1ª CC,Prioridade Legal
0052903-96.2023.8.17.8201,28/04/2026,24º Juizado Especial Cível e das Relações de Consumo da Capital - Turno Tarde - 13:00h às 19:00h,1ª CCJ,Sem prioridade
0004455-24.2025.8.17.8201,28/04/2026,25º Juizado Especial Cível e das Relações de Consumo da Capital - Turno Manhã - 07:00h às 13:00h,1ª CCJ,Prioridade Legal
0007408-92.2024.8.17.8201,04/05/2026,25º Juizado Especial Cível e das Relações de Consumo da Capital - Turno Manhã - 07:00h às 13:00h,1ª CCJ,Prioridade Legal
0007813-07.2019.8.17.8201,29/04/2026,25º Juizado Especial Cível e das Relações de Consumo da Capital - Turno Manhã - 07:00h às 13:00h,1ª CCJ,Prioridade Legal
0022161-06.2014.8.17.8201,28/04/2026,25º Juizado Especial Cível e das Relações de Consumo da Capital - Turno Manhã - 07:00h às 13:00h,1ª CCJ,Prioridade Legal
0024433-84.2025.8.17.8201,29/04/2026,25º Juizado Especial Cível e das Relações de Consumo da Capital - Turno Manhã - 07:00h às 13:00h,1ª CCJ,Prioridade Legal
0025692-17.2025.8.17.8201,28/04/2026,25º Juizado Especial Cível e das Relações de Consumo da Capital - Turno Manhã - 07:00h às 13:00h,1ª CCJ,Prioridade Legal
0031338-62.2012.8.17.8201,14/05/2026,25º Juizado Especial Cível e das Relações de Consumo da Capital - Turno Manhã - 07:00h às 13:00h,1ª CCJ,Prioridade Legal
0042071-67.2024.8.17.8201,28/04/2026,25º Juizado Especial Cível e das Relações de Consumo da Capital - Turno Manhã - 07:00h às 13:00h,1ª CCJ,Prioridade Legal
0044921-70.2019.8.17.8201,28/04/2026,25º Juizado Especial Cível e das Relações de Consumo da Capital - Turno Manhã - 07:00h às 13:00h,1ª CCJ,Prioridade Legal
0045891-65.2022.8.17.8201,29/04/2026,25º Juizado Especial Cível e das Relações de Consumo da Capital - Turno Manhã - 07:00h às 13:00h,1ª CCJ,Prioridade Legal
0004200-34.2023.8.17.5001,15/05/2026,2ª Vara Criminal da Capital,2ª CC,Prioridade Legal
0016402-47.2019.8.17.0001,15/05/2026,2ª Vara Criminal da Capital,2ª CC,Prioridade Legal
0000163-74.2022.8.17.2001,15/05/2026,2ª Vara da Fazenda Pública da Capital,4ª CC,Sem prioridade
0001180-77.2024.8.17.2001,13/05/2026,2ª Vara da Fazenda Pública da Capital,4ª CC,Prioridade Legal
0003691-45.1998.8.17.0001,14/05/2026,2ª Vara da Fazenda Pública da Capital,2ª CCJ,Sem prioridade
0007715-85.2025.8.17.2001,09/04/2026,2ª Vara da Fazenda Pública da Capital,2ª CCJ,Sem prioridade
0016604-63.2015.8.17.0001,29/04/2026,2ª Vara da Fazenda Pública da Capital,4ª CC,Sem prioridade
0020138-64.2005.8.17.0001,30/04/2026,2ª Vara da Fazenda Pública da Capital,4ª CC,Prioridade Legal
0022936-26.2016.8.17.2001,29/04/2026,2ª Vara da Fazenda Pública da Capital,2ª CCJ,Prioridade Legal
0026897-04.2018.8.17.2001,08/05/2026,2ª Vara da Fazenda Pública da Capital,4ª CC,Sem prioridade
0027047-38.2025.8.17.2001,05/05/2026,2ª Vara da Fazenda Pública da Capital,4ª CC,Sem prioridade
0041079-19.2023.8.17.2001,04/05/2026,2ª Vara da Fazenda Pública da Capital,2ª CCJ,Sem prioridade
0045341-57.2007.8.17.0001,14/04/2026,2ª Vara da Fazenda Pública da Capital,2ª CCJ,Sem prioridade
0048272-17.2025.8.17.2001,13/05/2026,2ª Vara da Fazenda Pública da Capital,4ª CC,Sem prioridade
0053525-25.2021.8.17.2001,07/05/2026,2ª Vara da Fazenda Pública da Capital,2ª CCJ,Prioridade Legal
0054858-17.2018.8.17.2001,06/05/2026,2ª Vara da Fazenda Pública da Capital,2ª CCJ,Prioridade Legal
0055654-33.2014.8.17.0001,08/05/2026,2ª Vara da Fazenda Pública da Capital,4ª CC,Sem prioridade
0063126-94.2017.8.17.2001,08/05/2026,2ª Vara da Fazenda Pública da Capital,4ª CC,Prioridade Legal
0071112-31.2019.8.17.2001,26/04/2026,2ª Vara da Fazenda Pública da Capital,4ª CC,Prioridade Legal
0084160-86.2021.8.17.2001,09/04/2026,2ª Vara da Fazenda Pública da Capital,2ª CCJ,Sem prioridade
0122486-18.2021.8.17.2001,15/05/2026,2ª Vara da Fazenda Pública da Capital,2ª CCJ,Prioridade Legal
0170021-06.2022.8.17.2001,30/04/2026,2ª Vara da Fazenda Pública da Capital,4ª CC,Prioridade Legal
0022102-86.2017.8.17.2001,14/05/2026,2ª Vara de Acidentes de Trabalho da Capital,4ª CC,Prioridade Legal
0026449-65.2017.8.17.2001,14/04/2026,2ª Vara de Família e Registro Civil da Capital,3ª CCJ,Prioridade Legal
0027887-29.2017.8.17.2001,14/04/2026,2ª Vara de Família e Registro Civil da Capital,3ª CCJ,Prioridade Legal
0046217-69.2015.8.17.8201,20/04/2026,2ª Vara de Família e Registro Civil da Capital,3ª CC,Prioridade Legal
0001220-75.2006.8.17.0001,16/05/2026,2ª Vara de Sucessões e Registros Públicos da Capital,3ª CCJ,Sem prioridade
0001865-21.2023.8.17.2001,11/05/2026,2ª Vara de Sucessões e Registros Públicos da Capital,PARTIDOR,Prioridade Legal
0002503-59.2020.8.17.2001,24/04/2026,2ª Vara de Sucessões e Registros Públicos da Capital,3ª CCJ,Sem prioridade
0003223-21.2023.8.17.2001,14/05/2026,2ª Vara de Sucessões e Registros Públicos da Capital,3ª CCJ,Sem prioridade
0003305-23.2021.8.17.2001,14/05/2026,2ª Vara de Sucessões e Registros Públicos da Capital,PARTIDOR,Sem prioridade
0005519-79.2024.8.17.2001,12/05/2026,2ª Vara de Sucessões e Registros Públicos da Capital,3ª CCJ,Prioridade Legal
0006923-84.2006.8.17.0001,15/05/2026,2ª Vara de Sucessões e Registros Públicos da Capital,3ª CCJ,Sem prioridade
0008326-87.2015.8.17.2001,28/04/2026,2ª Vara de Sucessões e Registros Públicos da Capital,3ª CCJ,Prioridade Legal
0009362-24.2013.8.17.0001,30/04/2026,2ª Vara de Sucessões e Registros Públicos da Capital,3ª CCJ,Sem prioridade
0010679-17.2026.8.17.2001,07/05/2026,2ª Vara de Sucessões e Registros Públicos da Capital,3ª CCJ,Prioridade Legal
0013504-07.2021.8.17.2001,07/05/2026,2ª Vara de Sucessões e Registros Públicos da Capital,3ª CCJ,Prioridade Legal
0014865-80.2000.8.17.0001,05/05/2026,2ª Vara de Sucessões e Registros Públicos da Capital,3ª CCJ,Prioridade Legal
0026560-83.2016.8.17.2001,13/05/2026,2ª Vara de Sucessões e Registros Públicos da Capital,3ª CCJ,Prioridade Legal
0030708-35.2019.8.17.2001,03/05/2026,2ª Vara de Sucessões e Registros Públicos da Capital,3ª CCJ,Prioridade Legal
0031613-65.2015.8.17.0001,14/05/2026,2ª Vara de Sucessões e Registros Públicos da Capital,PARTIDOR,Sem prioridade
0032316-89.1998.8.17.0001,27/04/2026,2ª Vara de Sucessões e Registros Públicos da Capital,3ª CCJ,Sem prioridade
0032937-86.1998.8.17.0001,23/04/2026,2ª Vara de Sucessões e Registros Públicos da Capital,PARTIDOR,Prioridade Legal
0034298-83.2020.8.17.2001,14/05/2026,2ª Vara de Sucessões e Registros Públicos da Capital,3ª CCJ,Prioridade Legal
0038018-97.2016.8.17.2001,05/05/2026,2ª Vara de Sucessões e Registros Públicos da Capital,3ª CCJ,Prioridade Legal
0042387-61.2021.8.17.2001,07/05/2026,2ª Vara de Sucessões e Registros Públicos da Capital,3ª CCJ,Prioridade Legal
0049353-40.2021.8.17.2001,29/04/2026,2ª Vara de Sucessões e Registros Públicos da Capital,3ª CCJ,Sem prioridade
0054981-36.1997.8.17.0001,14/05/2026,2ª Vara de Sucessões e Registros Públicos da Capital,PARTIDOR,Prioridade Legal
0057161-91.2024.8.17.2001,15/05/2026,2ª Vara de Sucessões e Registros Públicos da Capital,3ª CCJ,Prioridade Legal
0060195-79.2021.8.17.2001,27/04/2026,2ª Vara de Sucessões e Registros Públicos da Capital,3ª CCJ,Prioridade Legal
0065677-66.2025.8.17.2001,06/05/2026,2ª Vara de Sucessões e Registros Públicos da Capital,3ª CCJ,Prioridade Legal
0072672-95.2025.8.17.2001,15/05/2026,2ª Vara de Sucessões e Registros Públicos da Capital,3ª CCJ,Super prioridade
0074490-82.2025.8.17.2001,06/05/2026,2ª Vara de Sucessões e Registros Públicos da Capital,3ª CCJ,Prioridade Legal
0079410-70.2023.8.17.2001,07/05/2026,2ª Vara de Sucessões e Registros Públicos da Capital,3ª CCJ,Prioridade Legal
0081023-59.1996.8.17.0001,30/04/2026,2ª Vara de Sucessões e Registros Públicos da Capital,3ª CCJ,Prioridade Legal
0083549-65.2023.8.17.2001,14/05/2026,2ª Vara de Sucessões e Registros Públicos da Capital,3ª CCJ,Prioridade Legal
0088484-51.2023.8.17.2001,12/05/2026,2ª Vara de Sucessões e Registros Públicos da Capital,3ª CCJ,Sem prioridade
0090422-19.2013.8.17.0001,29/04/2026,2ª Vara de Sucessões e Registros Públicos da Capital,3ª CCJ,Prioridade Legal
0093372-63.2023.8.17.2001,17/04/2026,2ª Vara de Sucessões e Registros Públicos da Capital,3ª CCJ,Sem prioridade
0093672-25.2023.8.17.2001,29/04/2026,2ª Vara de Sucessões e Registros Públicos da Capital,3ª CCJ,Sem prioridade
0094642-25.2023.8.17.2001,08/05/2026,2ª Vara de Sucessões e Registros Públicos da Capital,3ª CCJ,Prioridade Legal
0095029-12.2012.8.17.0001,14/05/2026,2ª Vara de Sucessões e Registros Públicos da Capital,PARTIDOR,Prioridade Legal
0115755-06.2021.8.17.2001,29/04/2026,2ª Vara de Sucessões e Registros Públicos da Capital,3ª CCJ,Sem prioridade
0129463-32.2009.8.17.0001,05/05/2026,2ª Vara de Sucessões e Registros Públicos da Capital,PARTIDOR,Prioridade Legal
0137582-73.2021.8.17.2001,29/04/2026,2ª Vara de Sucessões e Registros Públicos da Capital,3ª CCJ,Prioridade Legal
0029008-49.2015.8.17.0001,15/05/2026,2ª Vara do Tribunal do Júri Capital,2ª CC,Sem prioridade
0008299-27.2014.8.17.0001,15/05/2026,2ª Vara dos Executivos Fiscais Estaduais da Capital,4ª CC,Sem prioridade
0019391-90.2000.8.17.0001,06/05/2026,2ª Vara dos Executivos Fiscais Estaduais da Capital,4ª CC,Sem prioridade
0019396-15.2000.8.17.0001,05/05/2026,2ª Vara dos Executivos Fiscais Estaduais da Capital,4ª CC,Sem prioridade
0020679-34.2004.8.17.0001,14/05/2026,2ª Vara dos Executivos Fiscais Estaduais da Capital,4ª CC,Sem prioridade
0029161-47.2025.8.17.2001,07/05/2026,2ª Vara dos Executivos Fiscais Estaduais da Capital,4ª CC,Prioridade Legal
0049825-46.2018.8.17.2001,25/04/2026,2ª Vara dos Executivos Fiscais Estaduais da Capital,4ª CC,Prioridade Legal
0068264-42.2017.8.17.2001,06/05/2026,2ª Vara dos Executivos Fiscais Estaduais da Capital,4ª CC,Sem prioridade
0129652-64.1996.8.17.0001,06/05/2026,2ª Vara dos Executivos Fiscais Estaduais da Capital,4ª CC,Sem prioridade
0151125-52.2009.8.17.0001,05/05/2026,2ª Vara dos Executivos Fiscais Estaduais da Capital,4ª CC,Prioridade Legal
0175135-58.2012.8.17.0001,05/05/2026,2ª Vara dos Executivos Fiscais Estaduais da Capital,4ª CC,Sem prioridade
0610445-17.1999.8.17.0001,14/05/2026,2ª Vara dos Executivos Fiscais Estaduais da Capital,4ª CC,Prioridade Legal
0612468-33.1999.8.17.0001,09/05/2026,2ª Vara dos Executivos Fiscais Estaduais da Capital,4ª CC,Prioridade Legal
0040293-67.2021.8.17.8201,29/04/2026,2º Juizado Especial Cível e das Relações de Consumo da Capital - Turno Manhã - 07:00h às 13:00h,1ª CCJ,Prioridade Legal
0046854-05.2024.8.17.8201,29/04/2026,2º Juizado Especial Cível e das Relações de Consumo da Capital - Turno Manhã - 07:00h às 13:00h,1ª CCJ,Prioridade Legal
0008813-37.2022.8.17.8201,27/04/2026,2º Juizado Especial da Fazenda Pública da Capital - Turno Manhã - 07:00h às 13:00h,1ª CCJ,Sem prioridade
0005252-15.2021.8.17.2001,03/05/2026,3ª Vara da Fazenda Pública da Capital,2ª CCJ,Sem prioridade
0006615-42.2018.8.17.2001,23/04/2026,3ª Vara da Fazenda Pública da Capital,2ª CCJ,Prioridade Legal
0006959-48.2014.8.17.0001,30/04/2026,3ª Vara da Fazenda Pública da Capital,2ª CCJ,Prioridade Legal
0009276-20.1994.8.17.0001,20/04/2026,3ª Vara da Fazenda Pública da Capital,2ª CCJ,Sem prioridade
0010632-20.2012.8.17.0001,29/04/2026,3ª Vara da Fazenda Pública da Capital,4ª CC,Sem prioridade
0014294-93.2018.8.17.2001,04/05/2026,3ª Vara da Fazenda Pública da Capital,2ª CCJ,Prioridade Legal
0015096-78.1998.8.17.0001,08/05/2026,3ª Vara da Fazenda Pública da Capital,2ª CCJ,Prioridade Legal
0015293-80.2017.8.17.2001,28/04/2026,3ª Vara da Fazenda Pública da Capital,4ª CC,Sem prioridade
0015402-60.2018.8.17.2001,08/05/2026,3ª Vara da Fazenda Pública da Capital,2ª CCJ,Prioridade Legal
0020172-73.2004.8.17.0001,16/04/2026,3ª Vara da Fazenda Pública da Capital,2ª CCJ,Sem prioridade
0023349-29.2022.8.17.2001,06/05/2026,3ª Vara da Fazenda Pública da Capital,4ª CC,Prioridade Legal
0024075-71.2015.8.17.8201,20/04/2026,3ª Vara da Fazenda Pública da Capital,2ª CCJ,Prioridade Legal
0029561-37.2020.8.17.2001,29/04/2026,3ª Vara da Fazenda Pública da Capital,2ª CCJ,Prioridade Legal
0029905-23.2017.8.17.2001,28/04/2026,3ª Vara da Fazenda Pública da Capital,2ª CCJ,Prioridade Legal
0030689-40.2004.8.17.0001,28/04/2026,3ª Vara da Fazenda Pública da Capital,2ª CCJ,Sem prioridade
0030851-64.2006.8.17.0001,20/04/2026,3ª Vara da Fazenda Pública da Capital,2ª CCJ,Sem prioridade
0034504-63.2021.8.17.2001,17/04/2026,3ª Vara da Fazenda Pública da Capital,2ª CCJ,Prioridade Legal
0035074-89.2008.8.17.0001,03/04/2026,3ª Vara da Fazenda Pública da Capital,2ª CCJ,Sem prioridade
0035243-09.1990.8.17.0001,08/05/2026,3ª Vara da Fazenda Pública da Capital,2ª CCJ,Prioridade Legal
0037223-53.2011.8.17.0001,29/04/2026,3ª Vara da Fazenda Pública da Capital,2ª CCJ,Sem prioridade
0038989-39.2014.8.17.0001,12/05/2026,3ª Vara da Fazenda Pública da Capital,4ª CC,Sem prioridade
0039984-18.2015.8.17.0001,15/04/2026,3ª Vara da Fazenda Pública da Capital,2ª CCJ,Sem prioridade
0040649-09.2019.8.17.2001,30/04/2026,3ª Vara da Fazenda Pública da Capital,2ª CCJ,Prioridade Legal
0041967-32.2016.8.17.2001,08/05/2026,3ª Vara da Fazenda Pública da Capital,2ª CCJ,Prioridade Legal
0045764-11.2019.8.17.2001,08/04/2026,3ª Vara da Fazenda Pública da Capital,2ª CCJ,Prioridade Legal
0047267-28.2023.8.17.2001,28/04/2026,3ª Vara da Fazenda Pública da Capital,2ª CCJ,Prioridade Legal
0047316-51.2006.8.17.0001,09/04/2026,3ª Vara da Fazenda Pública da Capital,2ª CCJ,Sem prioridade
0047826-58.2018.8.17.2001,03/05/2026,3ª Vara da Fazenda Pública da Capital,4ª CC,Super prioridade
0052951-60.2025.8.17.2001,05/05/2026,3ª Vara da Fazenda Pública da Capital,4ª CC,Prioridade Legal
0060246-91.2012.8.17.0001,04/05/2026,3ª Vara da Fazenda Pública da Capital,2ª CCJ,Prioridade Legal
0071230-75.2017.8.17.2001,08/05/2026,3ª Vara da Fazenda Pública da Capital,2ª CCJ,Sem prioridade
0072299-45.2017.8.17.2001,30/04/2026,3ª Vara da Fazenda Pública da Capital,4ª CC,Prioridade Legal
0073136-27.2022.8.17.2001,13/05/2026,3ª Vara da Fazenda Pública da Capital,2ª CCJ,Prioridade Legal
0074038-53.2017.8.17.2001,29/04/2026,3ª Vara da Fazenda Pública da Capital,2ª CCJ,Prioridade Legal
0081581-97.2023.8.17.2001,02/04/2026,3ª Vara da Fazenda Pública da Capital,2ª CCJ,Prioridade Legal
0085042-77.2023.8.17.2001,28/04/2026,3ª Vara da Fazenda Pública da Capital,2ª CCJ,Prioridade Legal
0114931-47.2021.8.17.2001,29/04/2026,3ª Vara da Fazenda Pública da Capital,2ª CCJ,Prioridade Legal
0119550-20.2021.8.17.2001,13/05/2026,3ª Vara da Fazenda Pública da Capital,2ª CCJ,Prioridade Legal
0123314-09.2024.8.17.2001,30/04/2026,3ª Vara da Fazenda Pública da Capital,2ª CCJ,Prioridade Legal
0131720-30.2009.8.17.0001,12/05/2026,3ª Vara da Fazenda Pública da Capital,2ª CCJ,Sem prioridade
0160218-96.2022.8.17.2001,08/05/2026,3ª Vara da Fazenda Pública da Capital,4ª CC,Super prioridade
0000519-49.2023.8.17.4001,14/05/2026,3ª Vara de Enfrentamento à Violência Doméstica e Familiar contra a Mulher,2ª CC,Prioridade Legal
0012663-12.2021.8.17.2001,15/05/2026,3ª Vara de Enfrentamento à Violência Doméstica e Familiar contra a Mulher,2ª CC,Prioridade Legal
0011989-92.2025.8.17.2001,14/05/2026,3ª Vara de Família e Registro Civil da Capital,3ª CC,Prioridade Legal
0013354-84.2025.8.17.2001,14/05/2026,3ª Vara de Família e Registro Civil da Capital,3ª CC,Prioridade Legal
0024045-60.2025.8.17.2001,12/05/2026,3ª Vara de Família e Registro Civil da Capital,3ª CC,Prioridade Legal
0062338-02.2025.8.17.2001,12/05/2026,3ª Vara de Família e Registro Civil da Capital,3ª CC,Prioridade Legal
0074700-75.2021.8.17.2001,14/05/2026,3ª Vara de Família e Registro Civil da Capital,3ª CCJ,Prioridade Legal
0001102-41.2002.8.17.0001,13/05/2026,3ª Vara de Sucessões e Registros Públicos da Capital,3ª CCJ,Sem prioridade
0001163-46.2021.8.17.2001,06/05/2026,3ª Vara de Sucessões e Registros Públicos da Capital,3ª CCJ,Prioridade Legal
0002669-81.2026.8.17.2001,05/05/2026,3ª Vara de Sucessões e Registros Públicos da Capital,3ª CCJ,Prioridade Legal
0007354-15.2018.8.17.2001,15/05/2026,3ª Vara de Sucessões e Registros Públicos da Capital,PARTIDOR,Prioridade Legal
0009317-29.2016.8.17.2001,28/04/2026,3ª Vara de Sucessões e Registros Públicos da Capital,3ª CCJ,Sem prioridade
0015133-79.2022.8.17.2001,05/05/2026,3ª Vara de Sucessões e Registros Públicos da Capital,3ª CCJ,Sem prioridade
0020114-89.2012.8.17.0001,14/05/2026,3ª Vara de Sucessões e Registros Públicos da Capital,3ª CCJ,Prioridade Legal
0020333-28.2026.8.17.2001,14/05/2026,3ª Vara de Sucessões e Registros Públicos da Capital,3ª CC,Prioridade Legal
0027491-37.2026.8.17.2001,15/05/2026,3ª Vara de Sucessões e Registros Públicos da Capital,3ª CCJ,Prioridade Legal
0065148-47.2025.8.17.2001,05/05/2026,3ª Vara de Sucessões e Registros Públicos da Capital,3ª CCJ,Prioridade Legal
0076388-05.2014.8.17.0001,14/05/2026,3ª Vara de Sucessões e Registros Públicos da Capital,3ª CCJ,Prioridade Legal
0100722-34.2025.8.17.2001,13/05/2026,3ª Vara de Sucessões e Registros Públicos da Capital,3ª CC,Prioridade Legal
0131647-97.2005.8.17.0001,05/05/2026,3ª Vara de Sucessões e Registros Públicos da Capital,3ª CCJ,Prioridade Legal
0170044-49.2022.8.17.2001,07/05/2026,3ª Vara de Sucessões e Registros Públicos da Capital,3ª CCJ,Prioridade Legal
0017455-63.2019.8.17.0001,15/05/2026,3ª Vara do Tribunal do Júri Capital,2ª CC,Prioridade Legal
0037648-30.2025.8.17.8201,16/05/2026,3º Juizado Especial Cível e das Relações de Consumo da Capital - Turno Manhã - 07:00h às 13:00h,1ª CCJ,Prioridade Legal
0000528-50.2025.8.17.8201,08/04/2026,3º Juizado Especial da Fazenda Pública da Capital - Turno Manhã - 07:00h às 13:00h,1ª CCJ,Prioridade Legal
0010281-36.2022.8.17.8201,28/04/2026,3º Juizado Especial da Fazenda Pública da Capital - Turno Manhã - 07:00h às 13:00h,1ª CCJ,Prioridade Legal
0011077-61.2021.8.17.8201,27/04/2026,3º Juizado Especial da Fazenda Pública da Capital - Turno Manhã - 07:00h às 13:00h,1ª CCJ,Prioridade Legal
0012495-05.2024.8.17.2001,07/05/2026,3º Juizado Especial da Fazenda Pública da Capital - Turno Manhã - 07:00h às 13:00h,1ª CCJ,Prioridade Legal
0031067-14.2016.8.17.8201,30/04/2026,3º Juizado Especial da Fazenda Pública da Capital - Turno Manhã - 07:00h às 13:00h,1ª CCJ,Prioridade Legal
0033895-07.2021.8.17.8201,28/04/2026,3º Juizado Especial da Fazenda Pública da Capital - Turno Manhã - 07:00h às 13:00h,1ª CCJ,Prioridade Legal
0036651-52.2022.8.17.8201,29/04/2026,3º Juizado Especial da Fazenda Pública da Capital - Turno Manhã - 07:00h às 13:00h,1ª CCJ,Prioridade Legal
0042777-55.2021.8.17.8201,28/04/2026,3º Juizado Especial da Fazenda Pública da Capital - Turno Manhã - 07:00h às 13:00h,1ª CCJ,Prioridade Legal
0053457-41.2022.8.17.2001,30/04/2026,3º Juizado Especial da Fazenda Pública da Capital - Turno Manhã - 07:00h às 13:00h,1ª CCJ,Prioridade Legal
0062961-61.2023.8.17.8201,27/04/2026,3º Juizado Especial da Fazenda Pública da Capital - Turno Manhã - 07:00h às 13:00h,1ª CCJ,Prioridade Legal
0001841-82.2021.8.17.5001,15/05/2026,4ª Vara Criminal da Capital,2ª CC,Sem prioridade
0003174-64.2024.8.17.5001,15/05/2026,4ª Vara Criminal da Capital,2ª CC,Sem prioridade
0001829-76.2023.8.17.2001,11/05/2026,4ª Vara da Fazenda Pública da Capital,2ª CCJ,Prioridade Legal
0007347-63.2005.8.17.0001,29/04/2026,4ª Vara da Fazenda Pública da Capital,4ª CC,Sem prioridade
0036384-85.2019.8.17.8201,08/05/2026,4ª Vara da Fazenda Pública da Capital,4ª CC,Prioridade Legal
0045884-84.2012.8.17.0001,16/05/2026,4ª Vara da Fazenda Pública da Capital,4ª CC,Sem prioridade
0054341-12.2018.8.17.2001,08/04/2026,4ª Vara da Fazenda Pública da Capital,2ª CCJ,Prioridade Legal
0060040-71.2024.8.17.2001,14/05/2026,4ª Vara da Fazenda Pública da Capital,4ª CC,Prioridade Legal
0068351-91.2011.8.17.0001,05/05/2026,4ª Vara da Fazenda Pública da Capital,2ª CCJ,Sem prioridade
0068924-31.2020.8.17.2001,27/04/2026,4ª Vara da Fazenda Pública da Capital,2ª CCJ,Prioridade Legal
0074443-11.2025.8.17.2001,13/05/2026,4ª Vara da Fazenda Pública da Capital,4ª CC,Prioridade Legal
0075151-61.2025.8.17.2001,13/05/2026,4ª Vara da Fazenda Pública da Capital,4ª CC,Prioridade Legal
0094755-14.2013.8.17.0001,13/04/2026,4ª Vara da Fazenda Pública da Capital,2ª CCJ,Sem prioridade
0098302-27.2023.8.17.2001,11/05/2026,4ª Vara da Fazenda Pública da Capital,2ª CCJ,Prioridade Legal
0103866-84.2023.8.17.2001,16/04/2026,4ª Vara da Fazenda Pública da Capital,2ª CCJ,Sem prioridade
0111412-93.2023.8.17.2001,15/05/2026,4ª Vara da Fazenda Pública da Capital,4ª CC,Sem prioridade
0118868-60.2024.8.17.2001,29/04/2026,4ª Vara da Fazenda Pública da Capital,4ª CC,Prioridade Legal
0128619-42.2022.8.17.2001,16/05/2026,4ª Vara da Fazenda Pública da Capital,4ª CC,Sem prioridade
0135986-83.2023.8.17.2001,08/05/2026,4ª Vara da Fazenda Pública da Capital,4ª CC,Prioridade Legal
0157403-92.2023.8.17.2001,14/05/2026,4ª Vara da Fazenda Pública da Capital,4ª CC,Sem prioridade
0035996-51.2025.8.17.2001,29/04/2026,4ª Vara de Família e Registro Civil da Capital,3ª CCJ,Prioridade Legal
0045671-48.2019.8.17.2001,06/05/2026,4ª Vara de Família e Registro Civil da Capital,3ª CC,Prioridade Legal
0047230-30.2025.8.17.2001,14/05/2026,4ª Vara de Família e Registro Civil da Capital,3ª CCJ,Prioridade Legal
0068582-44.2025.8.17.2001,05/05/2026,4ª Vara de Família e Registro Civil da Capital,3ª CC,Prioridade Legal
0009034-95.1993.8.17.0001,05/05/2026,4ª Vara de Sucessões e Registros Públicos da Capital,PARTIDOR,Prioridade Legal
0010697-87.2016.8.17.2001,29/04/2026,4ª Vara de Sucessões e Registros Públicos da Capital,3ª CCJ,Prioridade Legal
0015170-53.2015.8.17.2001,12/05/2026,4ª Vara de Sucessões e Registros Públicos da Capital,3ª CCJ,Sem prioridade
0030006-62.1988.8.17.0001,28/04/2026,4ª Vara de Sucessões e Registros Públicos da Capital,3ª CCJ,Sem prioridade
0036321-41.2016.8.17.2001,07/05/2026,4ª Vara de Sucessões e Registros Públicos da Capital,3ª CCJ,Prioridade Legal
0043688-15.2010.8.17.0001,06/05/2026,4ª Vara de Sucessões e Registros Públicos da Capital,3ª CCJ,Sem prioridade
0046118-67.1992.8.17.0001,08/05/2026,4ª Vara de Sucessões e Registros Públicos da Capital,3ª CCJ,Prioridade Legal
0048553-80.2019.8.17.2001,05/05/2026,4ª Vara de Sucessões e Registros Públicos da Capital,3ª CCJ,Prioridade Legal
0049391-96.2014.8.17.2001,09/05/2026,4ª Vara de Sucessões e Registros Públicos da Capital,3ª CCJ,Sem prioridade
0055802-48.2020.8.17.2001,06/05/2026,4ª Vara de Sucessões e Registros Públicos da Capital,3ª CCJ,Prioridade Legal
0055946-82.1995.8.17.0001,29/04/2026,4ª Vara de Sucessões e Registros Públicos da Capital,3ª CCJ,Prioridade Legal
0058484-39.2021.8.17.2001,05/05/2026,4ª Vara de Sucessões e Registros Públicos da Capital,3ª CCJ,Sem prioridade
0069317-55.1991.8.17.0001,27/04/2026,4ª Vara de Sucessões e Registros Públicos da Capital,3ª CCJ,Sem prioridade
0085511-91.1995.8.17.0001,07/05/2026,4ª Vara de Sucessões e Registros Públicos da Capital,3ª CCJ,Sem prioridade
0087700-11.2022.8.17.2001,06/05/2026,4ª Vara de Sucessões e Registros Públicos da Capital,3ª CCJ,Prioridade Legal
0097790-75.1996.8.17.0001,26/04/2026,4ª Vara de Sucessões e Registros Públicos da Capital,3ª CCJ,Super prioridade
0108724-61.2023.8.17.2001,28/04/2026,4ª Vara de Sucessões e Registros Públicos da Capital,3ª CCJ,Prioridade Legal
0119312-30.2023.8.17.2001,14/05/2026,4ª Vara de Sucessões e Registros Públicos da Capital,3ª CCJ,Sem prioridade
0122360-94.2023.8.17.2001,23/04/2026,4ª Vara de Sucessões e Registros Públicos da Capital,3ª CCJ,Sem prioridade
0124984-87.2021.8.17.2001,13/05/2026,4ª Vara de Sucessões e Registros Públicos da Capital,3ª CCJ,Prioridade Legal
0000442-58.2021.8.17.3080,16/05/2026,4ª Vara do Tribunal do Júri Capital,2ª CC,Prioridade Legal
0013707-85.2024.8.17.8201,07/05/2026,4º Juizado Especial Cível e das Relações de Consumo da Capital - Turno Manhã - 07:00h às 13:00h,1ª CCJ,Prioridade Legal
0025159-29.2023.8.17.8201,05/05/2026,4º Juizado Especial Cível e das Relações de Consumo da Capital - Turno Manhã - 07:00h às 13:00h,1ª CCJ,Prioridade Legal
0000999-27.2023.8.17.4001,15/05/2026,5ª Vara Criminal da Capital,2ª CC,Sem prioridade
0101661-82.2023.8.17.2001,16/05/2026,5ª Vara Criminal da Capital,2ª CC,Sem prioridade
0005456-31.2010.8.17.0001,08/05/2026,5ª Vara da Fazenda Pública da Capital,2ª CCJ,Sem prioridade
0007281-49.2006.8.17.0001,08/05/2026,5ª Vara da Fazenda Pública da Capital,2ª CCJ,Sem prioridade
0009426-96.2023.8.17.2001,07/05/2026,5ª Vara da Fazenda Pública da Capital,2ª CCJ,Prioridade Legal
0011707-98.2018.8.17.2001,29/04/2026,5ª Vara da Fazenda Pública da Capital,2ª CCJ,Prioridade Legal
0021111-13.2017.8.17.2001,30/04/2026,5ª Vara da Fazenda Pública da Capital,4ª CC,Sem prioridade
0027775-94.2016.8.17.2001,17/04/2026,5ª Vara da Fazenda Pública da Capital,2ª CCJ,Sem prioridade
0028810-37.2000.8.17.0001,08/05/2026,5ª Vara da Fazenda Pública da Capital,4ª CC,Sem prioridade
0030189-22.2014.8.17.0001,27/04/2026,5ª Vara da Fazenda Pública da Capital,2ª CCJ,Sem prioridade
0044629-95.2018.8.17.2001,28/04/2026,5ª Vara da Fazenda Pública da Capital,2ª CCJ,Sem prioridade
0049897-63.2011.8.17.0001,07/05/2026,5ª Vara da Fazenda Pública da Capital,2ª CCJ,Sem prioridade
0050325-68.2025.8.17.2001,06/05/2026,5ª Vara da Fazenda Pública da Capital,4ª CC,Prioridade Legal
0052429-67.2024.8.17.2001,16/04/2026,5ª Vara da Fazenda Pública da Capital,2ª CCJ,Prioridade Legal
0052883-92.2008.8.17.0001,19/04/2026,5ª Vara da Fazenda Pública da Capital,2ª CCJ,Sem prioridade
0054579-23.1995.8.17.0001,07/05/2026,5ª Vara da Fazenda Pública da Capital,4ª CC,Sem prioridade
0055016-10.2008.8.17.0001,15/05/2026,5ª Vara da Fazenda Pública da Capital,4ª CC,Prioridade Legal
0060124-09.2023.8.17.2001,07/05/2026,5ª Vara da Fazenda Pública da Capital,4ª CC,Prioridade Legal
0064707-77.2010.8.17.0001,07/05/2026,5ª Vara da Fazenda Pública da Capital,4ª CC,Sem prioridade
0066266-35.2011.8.17.0001,06/05/2026,5ª Vara da Fazenda Pública da Capital,2ª CCJ,Sem prioridade
0070771-92.2025.8.17.2001,06/05/2026,5ª Vara da Fazenda Pública da Capital,4ª CC,Prioridade Legal
0075595-94.2025.8.17.2001,20/04/2026,5ª Vara da Fazenda Pública da Capital,2ª CCJ,Sem prioridade
0082163-29.2025.8.17.2001,16/04/2026,5ª Vara da Fazenda Pública da Capital,2ª CCJ,Sem prioridade
0085444-27.2024.8.17.2001,29/04/2026,5ª Vara da Fazenda Pública da Capital,4ª CC,Sem prioridade
0104016-03.2013.8.17.0001,30/04/2026,5ª Vara da Fazenda Pública da Capital,4ª CC,Sem prioridade
0108953-21.2023.8.17.2001,07/05/2026,5ª Vara da Fazenda Pública da Capital,4ª CC,Super prioridade
0135063-57.2023.8.17.2001,06/05/2026,5ª Vara da Fazenda Pública da Capital,2ª CCJ,Prioridade Legal
0137921-61.2023.8.17.2001,14/05/2026,5ª Vara da Fazenda Pública da Capital,4ª CC,Super prioridade
0139863-31.2023.8.17.2001,09/04/2026,5ª Vara da Fazenda Pública da Capital,2ª CCJ,Sem prioridade
0007512-02.2020.8.17.2001,24/03/2026,5ª Vara de Família e Registro Civil da Capital,3ª CCJ,Prioridade Legal
0023044-84.2018.8.17.2001,22/04/2026,5ª Vara de Família e Registro Civil da Capital,3ª CCJ,Prioridade Legal
0025671-66.2015.8.17.2001,08/05/2026,5ª Vara de Família e Registro Civil da Capital,3ª CCJ,Prioridade Legal
0032531-78.2018.8.17.2001,25/03/2026,5ª Vara de Família e Registro Civil da Capital,3ª CCJ,Prioridade Legal
0035390-57.2024.8.17.2001,28/04/2026,5ª Vara de Família e Registro Civil da Capital,3ª CCJ,Prioridade Legal
0044152-28.2025.8.17.2001,05/05/2026,5ª Vara de Família e Registro Civil da Capital,3ª CC,Prioridade Legal
0046993-74.2017.8.17.2001,22/04/2026,5ª Vara de Família e Registro Civil da Capital,3ª CCJ,Sem prioridade
0049006-36.2023.8.17.2001,07/05/2026,5ª Vara de Família e Registro Civil da Capital,3ª CC,Super prioridade
0051884-60.2025.8.17.2001,13/05/2026,5ª Vara de Família e Registro Civil da Capital,3ª CC,Prioridade Legal
0057454-66.2021.8.17.2001,24/04/2026,5ª Vara de Família e Registro Civil da Capital,3ª CCJ,Prioridade Legal
0083259-84.2022.8.17.2001,04/05/2026,5ª Vara de Família e Registro Civil da Capital,3ª CC,Prioridade Legal
0097538-70.2025.8.17.2001,07/05/2026,5ª Vara de Família e Registro Civil da Capital,3ª CC,Prioridade Legal
0121380-16.2024.8.17.2001,08/05/2026,5ª Vara de Família e Registro Civil da Capital,3ª CC,Sem prioridade
0002839-05.2016.8.17.2001,29/04/2026,5ª Vara de Sucessões e Registros Públicos da Capital,3ª CCJ,Prioridade Legal
0002923-30.2021.8.17.2001,10/04/2026,5ª Vara de Sucessões e Registros Públicos da Capital,3ª CCJ,Sem prioridade
0008026-57.2017.8.17.2001,27/04/2026,5ª Vara de Sucessões e Registros Públicos da Capital,3ª CCJ,Sem prioridade
0009333-03.2015.8.17.0001,30/04/2026,5ª Vara de Sucessões e Registros Públicos da Capital,PARTIDOR,Sem prioridade
0009835-09.2022.8.17.2001,08/05/2026,5ª Vara de Sucessões e Registros Públicos da Capital,3ª CCJ,Prioridade Legal
0012082-02.2018.8.17.2001,30/04/2026,5ª Vara de Sucessões e Registros Públicos da Capital,3ª CCJ,Prioridade Legal
0013173-64.2017.8.17.2001,30/04/2026,5ª Vara de Sucessões e Registros Públicos da Capital,3ª CCJ,Prioridade Legal
0016186-03.2019.8.17.2001,15/05/2026,5ª Vara de Sucessões e Registros Públicos da Capital,3ª CCJ,Prioridade Legal
0016248-09.2020.8.17.2001,07/05/2026,5ª Vara de Sucessões e Registros Públicos da Capital,3ª CCJ,Prioridade Legal
0018347-26.2006.8.17.0001,29/04/2026,5ª Vara de Sucessões e Registros Públicos da Capital,3ª CCJ,Prioridade Legal
0019824-49.2016.8.17.2001,04/05/2026,5ª Vara de Sucessões e Registros Públicos da Capital,3ª CCJ,Sem prioridade
0020848-97.2025.8.17.2001,30/04/2026,5ª Vara de Sucessões e Registros Públicos da Capital,3ª CCJ,Prioridade Legal
0021252-03.2015.8.17.2001,14/05/2026,5ª Vara de Sucessões e Registros Públicos da Capital,3ª CCJ,Sem prioridade
0021959-88.2014.8.17.0001,30/04/2026,5ª Vara de Sucessões e Registros Públicos da Capital,3ª CCJ,Sem prioridade
0023123-97.2017.8.17.2001,04/05/2026,5ª Vara de Sucessões e Registros Públicos da Capital,3ª CCJ,Sem prioridade
0026237-98.2015.8.17.0001,13/05/2026,5ª Vara de Sucessões e Registros Públicos da Capital,3ª CCJ,Sem prioridade
0027441-71.2001.8.17.0001,28/04/2026,5ª Vara de Sucessões e Registros Públicos da Capital,3ª CCJ,Sem prioridade
0027601-42.2014.8.17.0001,17/04/2026,5ª Vara de Sucessões e Registros Públicos da Capital,3ª CCJ,Sem prioridade
0029124-59.2021.8.17.2001,14/05/2026,5ª Vara de Sucessões e Registros Públicos da Capital,3ª CCJ,Sem prioridade
0029730-58.2019.8.17.2001,29/04/2026,5ª Vara de Sucessões e Registros Públicos da Capital,3ª CCJ,Sem prioridade
0031175-54.2006.8.17.0001,24/04/2026,5ª Vara de Sucessões e Registros Públicos da Capital,3ª CCJ,Sem prioridade
0032563-83.2018.8.17.2001,05/05/2026,5ª Vara de Sucessões e Registros Públicos da Capital,3ª CCJ,Prioridade Legal
0035606-23.2021.8.17.2001,05/05/2026,5ª Vara de Sucessões e Registros Públicos da Capital,PARTIDOR,Prioridade Legal
0035655-25.2025.8.17.2001,11/05/2026,5ª Vara de Sucessões e Registros Públicos da Capital,PARTIDOR,Sem prioridade
0036918-29.2024.8.17.2001,30/04/2026,5ª Vara de Sucessões e Registros Públicos da Capital,3ª CCJ,Prioridade Legal
0038188-69.2016.8.17.2001,05/05/2026,5ª Vara de Sucessões e Registros Públicos da Capital,PARTIDOR,Prioridade Legal
0038418-09.2019.8.17.2001,28/04/2026,5ª Vara de Sucessões e Registros Públicos da Capital,3ª CCJ,Sem prioridade
0039859-84.2014.8.17.0001,23/04/2026,5ª Vara de Sucessões e Registros Públicos da Capital,3ª CCJ,Prioridade Legal
0040286-56.2018.8.17.2001,29/04/2026,5ª Vara de Sucessões e Registros Públicos da Capital,3ª CCJ,Sem prioridade
0042109-65.2018.8.17.2001,08/05/2026,5ª Vara de Sucessões e Registros Públicos da Capital,3ª CCJ,Prioridade Legal
0042322-62.2015.8.17.0001,29/04/2026,5ª Vara de Sucessões e Registros Públicos da Capital,3ª CCJ,Sem prioridade
0044974-95.2017.8.17.2001,15/05/2026,5ª Vara de Sucessões e Registros Públicos da Capital,3ª CCJ,Sem prioridade
0045016-66.2025.8.17.2001,29/04/2026,5ª Vara de Sucessões e Registros Públicos da Capital,3ª CCJ,Prioridade Legal
0045361-47.2016.8.17.2001,14/05/2026,5ª Vara de Sucessões e Registros Públicos da Capital,3ª CCJ,Sem prioridade
0051489-78.2019.8.17.2001,13/05/2026,5ª Vara de Sucessões e Registros Públicos da Capital,3ª CCJ,Prioridade Legal
0051743-12.2023.8.17.2001,13/05/2026,5ª Vara de Sucessões e Registros Públicos da Capital,3ª CCJ,Prioridade Legal
0053045-18.2019.8.17.2001,28/04/2026,5ª Vara de Sucessões e Registros Públicos da Capital,3ª CCJ,Prioridade Legal
0058304-53.2014.8.17.0001,04/05/2026,5ª Vara de Sucessões e Registros Públicos da Capital,PARTIDOR,Sem prioridade
0061384-92.2021.8.17.2001,14/05/2026,5ª Vara de Sucessões e Registros Públicos da Capital,3ª CCJ,Prioridade Legal
0061952-45.2020.8.17.2001,04/05/2026,5ª Vara de Sucessões e Registros Públicos da Capital,3ª CCJ,Sem prioridade
0062136-93.2023.8.17.2001,04/05/2026,5ª Vara de Sucessões e Registros Públicos da Capital,3ª CCJ,Prioridade Legal
0064170-08.2015.8.17.0001,23/04/2026,5ª Vara de Sucessões e Registros Públicos da Capital,3ª CCJ,Sem prioridade
0064853-20.2019.8.17.2001,24/04/2026,5ª Vara de Sucessões e Registros Públicos da Capital,3ª CCJ,Prioridade Legal
0066292-90.2024.8.17.2001,04/05/2026,5ª Vara de Sucessões e Registros Públicos da Capital,3ª CCJ,Prioridade Legal
0072571-68.2019.8.17.2001,22/04/2026,5ª Vara de Sucessões e Registros Públicos da Capital,3ª CCJ,Prioridade Legal
0073144-72.2020.8.17.2001,24/04/2026,5ª Vara de Sucessões e Registros Públicos da Capital,3ª CCJ,Prioridade Legal
0073227-49.2024.8.17.2001,13/05/2026,5ª Vara de Sucessões e Registros Públicos da Capital,3ª CCJ,Prioridade Legal
0075108-03.2020.8.17.2001,14/05/2026,5ª Vara de Sucessões e Registros Públicos da Capital,3ª CCJ,Prioridade Legal
0076079-18.2013.8.17.0001,24/04/2026,5ª Vara de Sucessões e Registros Públicos da Capital,3ª CCJ,Sem prioridade
0076959-77.2020.8.17.2001,30/04/2026,5ª Vara de Sucessões e Registros Públicos da Capital,3ª CCJ,Prioridade Legal
0077340-51.2021.8.17.2001,14/05/2026,5ª Vara de Sucessões e Registros Públicos da Capital,3ª CCJ,Sem prioridade
0083239-98.2019.8.17.2001,29/04/2026,5ª Vara de Sucessões e Registros Públicos da Capital,3ª CCJ,Prioridade Legal
0084023-36.2023.8.17.2001,30/04/2026,5ª Vara de Sucessões e Registros Públicos da Capital,3ª CCJ,Prioridade Legal
0092962-40.2013.8.17.0001,14/05/2026,5ª Vara de Sucessões e Registros Públicos da Capital,3ª CCJ,Sem prioridade
0092971-35.2021.8.17.2001,15/05/2026,5ª Vara de Sucessões e Registros Públicos da Capital,3ª CCJ,Prioridade Legal
0102828-72.2013.8.17.0001,27/04/2026,5ª Vara de Sucessões e Registros Públicos da Capital,3ª CCJ,Sem prioridade
0104337-37.2022.8.17.2001,30/04/2026,5ª Vara de Sucessões e Registros Públicos da Capital,3ª CCJ,Sem prioridade
0105163-06.2009.8.17.0001,06/05/2026,5ª Vara de Sucessões e Registros Públicos da Capital,PARTIDOR,Sem prioridade
0107511-51.1996.8.17.0001,30/04/2026,5ª Vara de Sucessões e Registros Públicos da Capital,3ª CCJ,Sem prioridade
0109373-89.2024.8.17.2001,30/04/2026,5ª Vara de Sucessões e Registros Públicos da Capital,3ª CCJ,Sem prioridade
0138636-69.2024.8.17.2001,30/04/2026,5ª Vara de Sucessões e Registros Públicos da Capital,3ª CCJ,Sem prioridade
0160921-27.2022.8.17.2001,23/04/2026,5ª Vara de Sucessões e Registros Públicos da Capital,3ª CCJ,Sem prioridade
0000100-05.2024.8.17.8201,13/05/2026,5º Juizado Especial Cível e das Relações de Consumo da Capital - Turno Manhã - 07:00h às 13:00h,1ª CCJ,Prioridade Legal
0003894-34.2024.8.17.8201,04/05/2026,5º Juizado Especial Cível e das Relações de Consumo da Capital - Turno Manhã - 07:00h às 13:00h,1ª CCJ,Sem prioridade
0005825-09.2023.8.17.8201,28/04/2026,5º Juizado Especial Cível e das Relações de Consumo da Capital - Turno Manhã - 07:00h às 13:00h,1ª CCJ,Prioridade Legal
0010240-98.2024.8.17.8201,13/05/2026,5º Juizado Especial Cível e das Relações de Consumo da Capital - Turno Manhã - 07:00h às 13:00h,1ª CCJ,Prioridade Legal
0012401-47.2025.8.17.8201,04/05/2026,5º Juizado Especial Cível e das Relações de Consumo da Capital - Turno Manhã - 07:00h às 13:00h,1ª CCJ,Prioridade Legal
0014332-22.2024.8.17.8201,04/05/2026,5º Juizado Especial Cível e das Relações de Consumo da Capital - Turno Manhã - 07:00h às 13:00h,1ª CCJ,Prioridade Legal
0015804-29.2022.8.17.8201,13/05/2026,5º Juizado Especial Cível e das Relações de Consumo da Capital - Turno Manhã - 07:00h às 13:00h,1ª CCJ,Prioridade Legal
0021151-24.2014.8.17.8201,13/05/2026,5º Juizado Especial Cível e das Relações de Consumo da Capital - Turno Manhã - 07:00h às 13:00h,1ª CCJ,Prioridade Legal
0022557-94.2025.8.17.8201,13/05/2026,5º Juizado Especial Cível e das Relações de Consumo da Capital - Turno Manhã - 07:00h às 13:00h,1ª CCJ,Prioridade Legal
0045902-89.2025.8.17.8201,13/05/2026,5º Juizado Especial Cível e das Relações de Consumo da Capital - Turno Manhã - 07:00h às 13:00h,1ª CCJ,Prioridade Legal
0002142-80.2025.8.17.4001,15/05/2026,6ª Vara da Fazenda Pública da Capital,4ª CC,Prioridade Legal
0002237-83.2005.8.17.0001,15/05/2026,6ª Vara da Fazenda Pública da Capital,4ª CC,Sem prioridade
0006792-80.2004.8.17.0001,06/05/2026,6ª Vara da Fazenda Pública da Capital,4ª CC,Sem prioridade
0014312-08.2015.8.17.0001,14/05/2026,6ª Vara da Fazenda Pública da Capital,4ª CC,Sem prioridade
0015420-58.2004.8.17.0001,11/04/2026,6ª Vara da Fazenda Pública da Capital,2ª CCJ,Sem prioridade
0021459-94.2018.8.17.2001,16/04/2026,6ª Vara da Fazenda Pública da Capital,2ª CCJ,Prioridade Legal
0026947-59.2020.8.17.2001,09/04/2026,6ª Vara da Fazenda Pública da Capital,2ª CCJ,Sem prioridade
0043012-61.2022.8.17.2001,11/05/2026,6ª Vara da Fazenda Pública da Capital,4ª CC,Sem prioridade
0081033-77.2020.8.17.2001,06/05/2026,6ª Vara da Fazenda Pública da Capital,4ª CC,Sem prioridade
0614834-45.1999.8.17.0001,06/05/2026,6ª Vara da Fazenda Pública da Capital,4ª CC,Sem prioridade
0001604-85.2025.8.17.2001,13/05/2026,6ª Vara de Família e Registro Civil da Capital,3ª CC,Prioridade Legal
0002023-13.2022.8.17.2001,06/05/2026,6ª Vara de Família e Registro Civil da Capital,3ª CC,Prioridade Legal
0011286-30.2026.8.17.2001,07/05/2026,6ª Vara de Família e Registro Civil da Capital,3ª CC,Prioridade Legal
0026180-21.2020.8.17.2001,11/05/2026,6ª Vara de Família e Registro Civil da Capital,3ª CC,Prioridade Legal
0038772-24.2025.8.17.2001,07/05/2026,6ª Vara de Família e Registro Civil da Capital,3ª CC,Prioridade Legal
0060024-25.2021.8.17.2001,08/05/2026,6ª Vara de Família e Registro Civil da Capital,3ª CCJ,Prioridade Legal
0082435-33.2019.8.17.2001,22/04/2026,6ª Vara de Família e Registro Civil da Capital,3ª CC,Prioridade Legal
0108939-37.2023.8.17.2001,13/05/2026,6ª Vara de Família e Registro Civil da Capital,3ª CC,Prioridade Legal
0130682-40.2022.8.17.2001,27/04/2026,6ª Vara de Família e Registro Civil da Capital,3ª CCJ,Prioridade Legal
0134719-47.2021.8.17.2001,04/05/2026,6ª Vara de Família e Registro Civil da Capital,3ª CC,Prioridade Legal
0135466-89.2024.8.17.2001,05/05/2026,6ª Vara de Família e Registro Civil da Capital,3ª CC,Prioridade Legal
0029405-34.2024.8.17.8201,15/05/2026,6º Juizado Especial Cível e das Relações de Consumo da Capital - Turno Manhã - 07:00h às 13:00h,1ª CCJ,Prioridade Legal
0034670-80.2025.8.17.8201,29/04/2026,6º Juizado Especial Cível e das Relações de Consumo da Capital - Turno Manhã - 07:00h às 13:00h,1ª CCJ,Prioridade Legal
0050517-59.2024.8.17.8201,14/05/2026,6º Juizado Especial Cível e das Relações de Consumo da Capital - Turno Manhã - 07:00h às 13:00h,1ª CCJ,Prioridade Legal
0060196-54.2022.8.17.8201,28/04/2026,6º Juizado Especial Cível e das Relações de Consumo da Capital - Turno Manhã - 07:00h às 13:00h,1ª CCJ,Sem prioridade
0009622-57.2020.8.17.0001,15/05/2026,7ª Vara Criminal da Capital,2ª CC,Prioridade Legal
0015338-02.2019.8.17.0001,15/05/2026,7ª Vara Criminal da Capital,2ª CC,Prioridade Legal
0023467-74.2011.8.17.0001,06/05/2026,7ª Vara da Fazenda Pública da Capital,4ª CC,Sem prioridade
0029455-02.2025.8.17.2001,05/05/2026,7ª Vara da Fazenda Pública da Capital,4ª CC,Sem prioridade
0088932-97.2018.8.17.2001,05/05/2026,7ª Vara da Fazenda Pública da Capital,4ª CC,Sem prioridade
0098879-68.2024.8.17.2001,14/05/2026,7ª Vara da Fazenda Pública da Capital,4ª CC,Prioridade Legal
0022616-58.2025.8.17.2001,13/05/2026,7ª Vara de Família e Registro Civil da Capital,3ª CC,Prioridade Legal
0040041-74.2020.8.17.2001,06/05/2026,7ª Vara de Família e Registro Civil da Capital,3ª CCJ,Prioridade Legal
0060208-39.2025.8.17.2001,07/05/2026,7ª Vara de Família e Registro Civil da Capital,3ª CCJ,Prioridade Legal
0016932-79.2025.8.17.8201,29/04/2026,7º Juizado Especial Cível e das Relações de Consumo da Capital - Turno Manhã - 07:00h às 13:00h,1ª CCJ,Prioridade Legal
0043484-81.2025.8.17.8201,28/04/2026,7º Juizado Especial Cível e das Relações de Consumo da Capital - Turno Manhã - 07:00h às 13:00h,1ª CCJ,Prioridade Legal
0054078-96.2021.8.17.8201,15/05/2026,8ª Vara Criminal da Capital,2ª CC,Prioridade Legal
0000280-71.2010.8.17.0001,15/05/2026,8ª Vara da Fazenda Pública da Capital,2ª CCJ,Sem prioridade
0003919-67.2017.8.17.2001,28/04/2026,8ª Vara da Fazenda Pública da Capital,2ª CCJ,Sem prioridade
0006328-11.2020.8.17.2001,27/04/2026,8ª Vara da Fazenda Pública da Capital,2ª CCJ,Prioridade Legal
0011224-29.2022.8.17.2001,23/04/2026,8ª Vara da Fazenda Pública da Capital,2ª CCJ,Super prioridade
0011821-95.2022.8.17.2001,15/05/2026,8ª Vara da Fazenda Pública da Capital,4ª CC,Prioridade Legal
0015202-48.2021.8.17.2001,14/04/2026,8ª Vara da Fazenda Pública da Capital,2ª CCJ,Prioridade Legal
0017786-54.2022.8.17.2001,14/04/2026,8ª Vara da Fazenda Pública da Capital,2ª CCJ,Prioridade Legal
0018457-77.2022.8.17.2001,17/04/2026,8ª Vara da Fazenda Pública da Capital,2ª CCJ,Prioridade Legal
0018994-73.2022.8.17.2001,08/04/2026,8ª Vara da Fazenda Pública da Capital,2ª CCJ,Sem prioridade
0019356-75.2022.8.17.2001,25/04/2026,8ª Vara da Fazenda Pública da Capital,2ª CCJ,Prioridade Legal
0020116-24.2022.8.17.2001,29/04/2026,8ª Vara da Fazenda Pública da Capital,2ª CCJ,Prioridade Legal
0020238-37.2022.8.17.2001,30/04/2026,8ª Vara da Fazenda Pública da Capital,2ª CCJ,Prioridade Legal
0021015-22.2022.8.17.2001,28/04/2026,8ª Vara da Fazenda Pública da Capital,2ª CCJ,Prioridade Legal
0021938-43.2025.8.17.2001,17/04/2026,8ª Vara da Fazenda Pública da Capital,2ª CCJ,Sem prioridade
0022762-07.2022.8.17.2001,15/05/2026,8ª Vara da Fazenda Pública da Capital,2ª CCJ,Sem prioridade
0022989-94.2022.8.17.2001,17/04/2026,8ª Vara da Fazenda Pública da Capital,2ª CCJ,Prioridade Legal
0023141-45.2022.8.17.2001,22/04/2026,8ª Vara da Fazenda Pública da Capital,2ª CCJ,Sem prioridade
0023944-34.2010.8.17.0001,06/05/2026,8ª Vara da Fazenda Pública da Capital,4ª CC,Sem prioridade
0026007-26.2022.8.17.2001,04/05/2026,8ª Vara da Fazenda Pública da Capital,2ª CCJ,Prioridade Legal
0029529-67.2010.8.17.0001,26/04/2026,8ª Vara da Fazenda Pública da Capital,4ª CC,Sem prioridade
0032736-63.2025.8.17.2001,17/04/2026,8ª Vara da Fazenda Pública da Capital,2ª CCJ,Sem prioridade
0034079-65.2023.8.17.2001,20/04/2026,8ª Vara da Fazenda Pública da Capital,2ª CCJ,Prioridade Legal
0034632-44.2025.8.17.2001,13/05/2026,8ª Vara da Fazenda Pública da Capital,2ª CCJ,Prioridade Legal
0035050-84.2022.8.17.2001,23/04/2026,8ª Vara da Fazenda Pública da Capital,2ª CCJ,Prioridade Legal
0036818-79.2021.8.17.2001,15/05/2026,8ª Vara da Fazenda Pública da Capital,4ª CC,Prioridade Legal
0038602-57.2022.8.17.2001,22/04/2026,8ª Vara da Fazenda Pública da Capital,2ª CCJ,Prioridade Legal
0044567-50.2021.8.17.2001,16/04/2026,8ª Vara da Fazenda Pública da Capital,2ª CCJ,Prioridade Legal
0047617-60.2016.8.17.2001,16/04/2026,8ª Vara da Fazenda Pública da Capital,2ª CCJ,Sem prioridade
0053115-64.2021.8.17.2001,20/04/2026,8ª Vara da Fazenda Pública da Capital,2ª CCJ,Prioridade Legal
0062665-15.2023.8.17.2001,27/04/2026,8ª Vara da Fazenda Pública da Capital,2ª CCJ,Prioridade Legal
0067646-19.2025.8.17.2001,25/04/2026,8ª Vara da Fazenda Pública da Capital,2ª CCJ,Sem prioridade
0069492-42.2023.8.17.2001,06/05/2026,8ª Vara da Fazenda Pública da Capital,2ª CCJ,Sem prioridade
0070387-03.2023.8.17.2001,07/04/2026,8ª Vara da Fazenda Pública da Capital,2ª CCJ,Sem prioridade
0070505-76.2023.8.17.2001,05/05/2026,8ª Vara da Fazenda Pública da Capital,2ª CCJ,Sem prioridade
0071008-97.2023.8.17.2001,15/05/2026,8ª Vara da Fazenda Pública da Capital,4ª CC,Sem prioridade
0079187-88.2021.8.17.2001,08/04/2026,8ª Vara da Fazenda Pública da Capital,2ª CCJ,Sem prioridade
0087934-27.2021.8.17.2001,12/05/2026,8ª Vara da Fazenda Pública da Capital,2ª CCJ,Prioridade Legal
0088777-89.2021.8.17.2001,15/04/2026,8ª Vara da Fazenda Pública da Capital,2ª CCJ,Prioridade Legal
0099426-79.2022.8.17.2001,24/04/2026,8ª Vara da Fazenda Pública da Capital,2ª CCJ,Prioridade Legal
0101543-09.2023.8.17.2001,17/04/2026,8ª Vara da Fazenda Pública da Capital,2ª CCJ,Sem prioridade
0104130-78.2009.8.17.0001,06/05/2026,8ª Vara da Fazenda Pública da Capital,4ª CC,Sem prioridade
0107798-51.2021.8.17.2001,14/05/2026,8ª Vara da Fazenda Pública da Capital,2ª CCJ,Sem prioridade
0115392-19.2021.8.17.2001,23/04/2026,8ª Vara da Fazenda Pública da Capital,2ª CCJ,Prioridade Legal
0116812-59.2021.8.17.2001,23/04/2026,8ª Vara da Fazenda Pública da Capital,2ª CCJ,Prioridade Legal
0123000-63.2024.8.17.2001,23/04/2026,8ª Vara da Fazenda Pública da Capital,2ª CCJ,Prioridade Legal
0129579-32.2021.8.17.2001,24/04/2026,8ª Vara da Fazenda Pública da Capital,2ª CCJ,Prioridade Legal
0137578-65.2023.8.17.2001,07/05/2026,8ª Vara da Fazenda Pública da Capital,2ª CCJ,Prioridade Legal
0143290-02.2024.8.17.2001,23/04/2026,8ª Vara da Fazenda Pública da Capital,2ª CCJ,Sem prioridade
0143802-82.2024.8.17.2001,05/05/2026,8ª Vara da Fazenda Pública da Capital,2ª CCJ,Prioridade Legal
0151943-27.2023.8.17.2001,23/04/2026,8ª Vara da Fazenda Pública da Capital,2ª CCJ,Sem prioridade
0153082-88.2009.8.17.0001,30/04/2026,8ª Vara da Fazenda Pública da Capital,4ª CC,Sem prioridade
0008711-57.2020.8.17.2810,04/05/2026,8ª Vara de Família e Registro Civil da Capital,3ª CC,Prioridade Legal
0009278-80.2026.8.17.2001,12/05/2026,8ª Vara de Família e Registro Civil da Capital,3ª CC,Prioridade Legal
0011541-22.2025.8.17.2001,28/04/2026,8ª Vara de Família e Registro Civil da Capital,3ª CC,Prioridade Legal
0019913-23.2026.8.17.2001,15/05/2026,8ª Vara de Família e Registro Civil da Capital,3ª CC,Prioridade Legal
0021297-21.2026.8.17.2001,16/05/2026,8ª Vara de Família e Registro Civil da Capital,3ª CC,Prioridade Legal
0035949-54.2011.8.17.0001,30/04/2026,8ª Vara de Família e Registro Civil da Capital,3ª CC,Prioridade Legal
0040875-38.2024.8.17.2001,05/05/2026,8ª Vara de Família e Registro Civil da Capital,3ª CCJ,Prioridade Legal
0051613-51.2025.8.17.2001,14/05/2026,8ª Vara de Família e Registro Civil da Capital,3ª CC,Prioridade Legal
0076793-74.2022.8.17.2001,28/04/2026,8ª Vara de Família e Registro Civil da Capital,3ª CC,Prioridade Legal
0087478-72.2024.8.17.2001,05/05/2026,8ª Vara de Família e Registro Civil da Capital,3ª CC,Prioridade Legal
0090749-94.2021.8.17.2001,13/05/2026,8ª Vara de Família e Registro Civil da Capital,3ª CC,Prioridade Legal
0109005-80.2024.8.17.2001,11/05/2026,8ª Vara de Família e Registro Civil da Capital,3ª CC,Prioridade Legal
0114755-63.2024.8.17.2001,13/05/2026,8ª Vara de Família e Registro Civil da Capital,3ª CCJ,Prioridade Legal
0126542-89.2024.8.17.2001,14/05/2026,8ª Vara de Família e Registro Civil da Capital,3ª CC,Prioridade Legal
0005467-73.2025.8.17.8201,14/05/2026,8º Juizado Especial Cível e das Relações de Consumo da Capital - Turno Tarde - 13:00h às 19:00h,1ª CC,Sem prioridade
0009255-95.2025.8.17.8201,13/05/2026,8º Juizado Especial Cível e das Relações de Consumo da Capital - Turno Tarde - 13:00h às 19:00h,1ª CCJ,Prioridade Legal
0012024-47.2023.8.17.8201,28/04/2026,8º Juizado Especial Cível e das Relações de Consumo da Capital - Turno Tarde - 13:00h às 19:00h,1ª CCJ,Prioridade Legal
0014444-20.2026.8.17.8201,28/04/2026,8º Juizado Especial Cível e das Relações de Consumo da Capital - Turno Tarde - 13:00h às 19:00h,1ª CCJ,Sem prioridade
0016629-02.2024.8.17.8201,28/04/2026,8º Juizado Especial Cível e das Relações de Consumo da Capital - Turno Tarde - 13:00h às 19:00h,1ª CCJ,Prioridade Legal
0027717-71.2023.8.17.8201,28/04/2026,8º Juizado Especial Cível e das Relações de Consumo da Capital - Turno Tarde - 13:00h às 19:00h,1ª CCJ,Prioridade Legal
0032735-05.2025.8.17.8201,29/04/2026,8º Juizado Especial Cível e das Relações de Consumo da Capital - Turno Tarde - 13:00h às 19:00h,1ª CCJ,Prioridade Legal
0043480-15.2023.8.17.8201,29/04/2026,8º Juizado Especial Cível e das Relações de Consumo da Capital - Turno Tarde - 13:00h às 19:00h,1ª CCJ,Prioridade Legal
0044702-18.2023.8.17.8201,14/05/2026,8º Juizado Especial Cível e das Relações de Consumo da Capital - Turno Tarde - 13:00h às 19:00h,1ª CCJ,Prioridade Legal
0047319-82.2022.8.17.8201,29/04/2026,8º Juizado Especial Cível e das Relações de Consumo da Capital - Turno Tarde - 13:00h às 19:00h,1ª CCJ,Prioridade Legal
0048666-19.2023.8.17.8201,28/04/2026,8º Juizado Especial Cível e das Relações de Consumo da Capital - Turno Tarde - 13:00h às 19:00h,1ª CCJ,Prioridade Legal
0011053-72.2022.8.17.2001,08/05/2026,9ª Vara de Família e Registro Civil da Capital,3ª CC,Sem prioridade
0029130-95.2023.8.17.2001,08/05/2026,9ª Vara de Família e Registro Civil da Capital,3ª CC,Prioridade Legal
0044699-68.2025.8.17.2001,08/05/2026,9ª Vara de Família e Registro Civil da Capital,3ª CC,Prioridade Legal
0055969-89.2025.8.17.2001,13/05/2026,9ª Vara de Família e Registro Civil da Capital,3ª CC,Prioridade Legal
0101457-67.2025.8.17.2001,08/05/2026,9ª Vara de Família e Registro Civil da Capital,3ª CC,Prioridade Legal
0142589-75.2023.8.17.2001,14/05/2026,9ª Vara de Família e Registro Civil da Capital,3ª CC,Prioridade Legal
0000221-62.2026.8.17.8201,14/05/2026,9º Juizado Especial Cível e das Relações de Consumo da Capital - Turno Tarde - 13:00h às 19:00h,1ª CCJ,Prioridade Legal
0001342-28.2026.8.17.8201,14/05/2026,9º Juizado Especial Cível e das Relações de Consumo da Capital - Turno Tarde - 13:00h às 19:00h,1ª CCJ,Prioridade Legal
0002147-15.2025.8.17.8201,13/05/2026,9º Juizado Especial Cível e das Relações de Consumo da Capital - Turno Tarde - 13:00h às 19:00h,1ª CCJ,Prioridade Legal
0009864-44.2026.8.17.8201,13/05/2026,9º Juizado Especial Cível e das Relações de Consumo da Capital - Turno Tarde - 13:00h às 19:00h,1ª CC,Prioridade Legal
0013634-50.2023.8.17.8201,13/05/2026,9º Juizado Especial Cível e das Relações de Consumo da Capital - Turno Tarde - 13:00h às 19:00h,1ª CCJ,Prioridade Legal
0015679-90.2024.8.17.8201,30/04/2026,9º Juizado Especial Cível e das Relações de Consumo da Capital - Turno Tarde - 13:00h às 19:00h,1ª CCJ,Prioridade Legal
0020807-57.2025.8.17.8201,28/04/2026,9º Juizado Especial Cível e das Relações de Consumo da Capital - Turno Tarde - 13:00h às 19:00h,1ª CCJ,Prioridade Legal
0046134-04.2025.8.17.8201,29/04/2026,9º Juizado Especial Cível e das Relações de Consumo da Capital - Turno Tarde - 13:00h às 19:00h,1ª CCJ,Prioridade Legal
0049076-43.2024.8.17.8201,30/04/2026,9º Juizado Especial Cível e das Relações de Consumo da Capital - Turno Tarde - 13:00h às 19:00h,1ª CCJ,Prioridade Legal
0000204-04.2025.8.17.6021,06/05/2026,Seção A da 10ª Vara Cível da Capital,1ª CC,Prioridade Legal
0002655-19.2023.8.17.4001,29/04/2026,Seção A da 10ª Vara Cível da Capital,1ª CC,Prioridade Legal
0005131-17.2014.8.17.0001,07/05/2026,Seção A da 10ª Vara Cível da Capital,1ª CC,Prioridade Legal
0005389-94.2021.8.17.2001,04/05/2026,Seção A da 10ª Vara Cível da Capital,1ª CC,Super prioridade
0008642-85.2024.8.17.2001,15/05/2026,Seção A da 10ª Vara Cível da Capital,1ª CC,Prioridade Legal
0010845-88.2022.8.17.2001,06/05/2026,Seção A da 10ª Vara Cível da Capital,1ª CC,Prioridade Legal
0017379-19.2020.8.17.2001,05/05/2026,Seção A da 10ª Vara Cível da Capital,1ª CC,Sem prioridade
0018865-39.2020.8.17.2001,30/04/2026,Seção A da 10ª Vara Cível da Capital,1ª CCJ,Prioridade Legal
0034859-73.2021.8.17.2001,08/05/2026,Seção A da 10ª Vara Cível da Capital,1ª CC,Sem prioridade
0039593-67.2021.8.17.2001,29/04/2026,Seção A da 10ª Vara Cível da Capital,1ª CCJ,Prioridade Legal
0040896-77.2025.8.17.2001,30/04/2026,Seção A da 10ª Vara Cível da Capital,1ª CC,Prioridade Legal
0043557-69.2012.8.17.0001,08/05/2026,Seção A da 10ª Vara Cível da Capital,1ª CC,Prioridade Legal
0044961-49.1998.8.17.0001,13/05/2026,Seção A da 10ª Vara Cível da Capital,1ª CC,Super prioridade
0049329-12.2021.8.17.2001,23/04/2026,Seção A da 10ª Vara Cível da Capital,1ª CC,Prioridade Legal
0051089-25.2023.8.17.2001,15/05/2026,Seção A da 10ª Vara Cível da Capital,1ª CC,Prioridade Legal
0053824-31.2023.8.17.2001,14/05/2026,Seção A da 10ª Vara Cível da Capital,1ª CCJ,Sem prioridade
0055401-89.2007.8.17.0001,07/05/2026,Seção A da 10ª Vara Cível da Capital,1ª CC,Sem prioridade
0057500-21.2022.8.17.2001,08/05/2026,Seção A da 10ª Vara Cível da Capital,1ª CC,Sem prioridade
0059840-35.2022.8.17.2001,20/04/2026,Seção A da 10ª Vara Cível da Capital,1ª CCJ,Prioridade Legal
0063565-27.2025.8.17.2001,15/05/2026,Seção A da 10ª Vara Cível da Capital,1ª CC,Prioridade Legal
0065644-47.2023.8.17.2001,11/05/2026,Seção A da 10ª Vara Cível da Capital,1ª CC,Prioridade Legal
0079371-78.2020.8.17.2001,08/05/2026,Seção A da 10ª Vara Cível da Capital,1ª CCJ,Prioridade Legal
0086532-66.2025.8.17.2001,27/04/2026,Seção A da 10ª Vara Cível da Capital,1ª CC,Prioridade Legal
0090787-04.2024.8.17.2001,04/05/2026,Seção A da 10ª Vara Cível da Capital,1ª CC,Sem prioridade
0095230-61.2025.8.17.2001,11/05/2026,Seção A da 10ª Vara Cível da Capital,1ª CCJ,Prioridade Legal
0095329-36.2022.8.17.2001,29/04/2026,Seção A da 10ª Vara Cível da Capital,1ª CC,Sem prioridade
0098034-07.2022.8.17.2001,23/04/2026,Seção A da 10ª Vara Cível da Capital,1ª CC,Prioridade Legal
0109430-73.2025.8.17.2001,15/05/2026,Seção A da 10ª Vara Cível da Capital,1ª CC,Prioridade Legal
0121003-45.2024.8.17.2001,28/04/2026,Seção A da 10ª Vara Cível da Capital,1ª CC,Prioridade Legal
0129260-93.2023.8.17.2001,13/05/2026,Seção A da 10ª Vara Cível da Capital,1ª CC,Prioridade Legal
0137596-86.2023.8.17.2001,06/05/2026,Seção A da 10ª Vara Cível da Capital,1ª CC,Prioridade Legal
0138562-15.2024.8.17.2001,29/04/2026,Seção A da 10ª Vara Cível da Capital,1ª CC,Sem prioridade
0152607-58.2023.8.17.2001,06/05/2026,Seção A da 10ª Vara Cível da Capital,1ª CC,Prioridade Legal
0166142-88.2022.8.17.2001,29/04/2026,Seção A da 10ª Vara Cível da Capital,1ª CC,Prioridade Legal
0003839-40.2016.8.17.2001,14/05/2026,Seção A da 11ª Vara Cível da Capital,1ª CC,Sem prioridade
0007682-42.2018.8.17.2001,30/04/2026,Seção A da 11ª Vara Cível da Capital,1ª CC,Sem prioridade
0011375-29.2021.8.17.2001,08/05/2026,Seção A da 11ª Vara Cível da Capital,1ª CC,Prioridade Legal
0012332-64.2020.8.17.2001,30/04/2026,Seção A da 11ª Vara Cível da Capital,1ª CC,Sem prioridade
0019929-46.2015.8.17.0001,05/05/2026,Seção A da 11ª Vara Cível da Capital,1ª CC,Sem prioridade
0024205-56.2023.8.17.2001,15/05/2026,Seção A da 11ª Vara Cível da Capital,1ª CC,Prioridade Legal
0027717-92.2007.8.17.0001,06/05/2026,Seção A da 11ª Vara Cível da Capital,1ª CC,Prioridade Legal
0029836-78.2023.8.17.2001,04/05/2026,Seção A da 11ª Vara Cível da Capital,1ª CC,Prioridade Legal
0041692-83.2016.8.17.2001,30/04/2026,Seção A da 11ª Vara Cível da Capital,1ª CC,Sem prioridade
0053111-22.2024.8.17.2001,05/05/2026,Seção A da 11ª Vara Cível da Capital,1ª CC,Prioridade Legal
0055831-40.2016.8.17.2001,16/04/2026,Seção A da 11ª Vara Cível da Capital,1ª CCJ,Prioridade Legal
0057642-20.2025.8.17.2001,06/05/2026,Seção A da 11ª Vara Cível da Capital,1ª CC,Prioridade Legal
0063370-42.2025.8.17.2001,06/05/2026,Seção A da 11ª Vara Cível da Capital,1ª CC,Prioridade Legal
0077945-55.2025.8.17.2001,06/05/2026,Seção A da 11ª Vara Cível da Capital,1ª CC,Prioridade Legal
0083233-23.2021.8.17.2001,06/05/2026,Seção A da 11ª Vara Cível da Capital,1ª CC,Sem prioridade
0097388-31.2021.8.17.2001,07/04/2026,Seção A da 11ª Vara Cível da Capital,1ª CCJ,Prioridade Legal
0103359-26.2023.8.17.2001,13/05/2026,Seção A da 11ª Vara Cível da Capital,1ª CC,Prioridade Legal
0114964-32.2024.8.17.2001,06/05/2026,Seção A da 11ª Vara Cível da Capital,1ª CC,Prioridade Legal
0126676-19.2024.8.17.2001,13/05/2026,Seção A da 11ª Vara Cível da Capital,1ª CC,Prioridade Legal
0132617-47.2024.8.17.2001,28/04/2026,Seção A da 11ª Vara Cível da Capital,1ª CC,Prioridade Legal
0132966-50.2024.8.17.2001,16/04/2026,Seção A da 11ª Vara Cível da Capital,1ª CCJ,Sem prioridade
0134692-93.2023.8.17.2001,28/04/2026,Seção A da 11ª Vara Cível da Capital,1ª CC,Prioridade Legal
0001806-28.2026.8.17.2001,07/05/2026,Seção A da 12ª Vara Cível da Capital,1ª CC,Prioridade Legal
0002467-81.2012.8.17.0001,23/04/2026,Seção A da 12ª Vara Cível da Capital,1ª CC,Prioridade Legal
0002944-35.2023.8.17.2001,04/05/2026,Seção A da 12ª Vara Cível da Capital,1ª CC,Sem prioridade
0013324-83.2024.8.17.2001,08/05/2026,Seção A da 12ª Vara Cível da Capital,1ª CCJ,Prioridade Legal
0017148-16.2025.8.17.2001,05/05/2026,Seção A da 12ª Vara Cível da Capital,1ª CC,Prioridade Legal
0017964-95.2025.8.17.2001,07/05/2026,Seção A da 12ª Vara Cível da Capital,1ª CC,Prioridade Legal
0023077-30.2025.8.17.2001,04/05/2026,Seção A da 12ª Vara Cível da Capital,1ª CC,Prioridade Legal
0023178-67.2025.8.17.2001,07/05/2026,Seção A da 12ª Vara Cível da Capital,1ª CC,Prioridade Legal
0033581-37.2021.8.17.2001,08/05/2026,Seção A da 12ª Vara Cível da Capital,1ª CC,Prioridade Legal
0034424-31.2023.8.17.2001,05/05/2026,Seção A da 12ª Vara Cível da Capital,1ª CC,Sem prioridade
0037380-93.2018.8.17.2001,14/05/2026,Seção A da 12ª Vara Cível da Capital,1ª CC,Prioridade Legal
0039156-94.2019.8.17.2001,07/04/2026,Seção A da 12ª Vara Cível da Capital,1ª CCJ,Prioridade Legal
0043754-81.2025.8.17.2001,04/05/2026,Seção A da 12ª Vara Cível da Capital,1ª CC,Sem prioridade
0055905-50.2023.8.17.2001,14/05/2026,Seção A da 12ª Vara Cível da Capital,1ª CC,Sem prioridade
0056262-98.2021.8.17.2001,04/05/2026,Seção A da 12ª Vara Cível da Capital,1ª CC,Super prioridade
0057468-16.2022.8.17.2001,08/05/2026,Seção A da 12ª Vara Cível da Capital,1ª CC,Prioridade Legal
0059843-53.2023.8.17.2001,07/05/2026,Seção A da 12ª Vara Cível da Capital,1ª CC,Prioridade Legal
0067833-03.2020.8.17.2001,13/05/2026,Seção A da 12ª Vara Cível da Capital,1ª CC,Prioridade Legal
0089863-66.2019.8.17.2001,07/05/2026,Seção A da 12ª Vara Cível da Capital,1ª CCJ,Prioridade Legal
0093896-26.2024.8.17.2001,07/05/2026,Seção A da 12ª Vara Cível da Capital,1ª CC,Prioridade Legal
0099619-26.2024.8.17.2001,05/05/2026,Seção A da 12ª Vara Cível da Capital,1ª CC,Prioridade Legal
0110448-03.2023.8.17.2001,28/04/2026,Seção A da 12ª Vara Cível da Capital,1ª CC,Prioridade Legal
0141678-29.2024.8.17.2001,06/05/2026,Seção A da 12ª Vara Cível da Capital,1ª CC,Prioridade Legal
0158288-09.2023.8.17.2001,30/04/2026,Seção A da 12ª Vara Cível da Capital,1ª CC,Prioridade Legal
0001137-24.2016.8.17.2001,06/05/2026,Seção A da 13ª Vara Cível da Capital,1ª CCJ,Prioridade Legal
0003615-53.2026.8.17.2001,14/05/2026,Seção A da 13ª Vara Cível da Capital,1ª CC,Prioridade Legal
0008756-63.2020.8.17.2001,30/04/2026,Seção A da 13ª Vara Cível da Capital,1ª CC,Prioridade Legal
0008862-88.2021.8.17.2001,11/05/2026,Seção A da 13ª Vara Cível da Capital,1ª CC,Prioridade Legal
0026581-78.2024.8.17.2001,29/04/2026,Seção A da 13ª Vara Cível da Capital,1ª CC,Sem prioridade
0031045-14.2025.8.17.2001,15/05/2026,Seção A da 13ª Vara Cível da Capital,1ª CC,Sem prioridade
0031175-82.2017.8.17.2001,15/05/2026,Seção A da 13ª Vara Cível da Capital,1ª CCJ,Prioridade Legal
0033108-22.2019.8.17.2001,24/04/2026,Seção A da 13ª Vara Cível da Capital,1ª CC,Sem prioridade
0039053-58.2017.8.17.2001,11/05/2026,Seção A da 13ª Vara Cível da Capital,1ª CC,Sem prioridade
0040365-98.2019.8.17.2001,15/04/2026,Seção A da 13ª Vara Cível da Capital,1ª CCJ,Prioridade Legal
0041470-81.2017.8.17.2001,29/04/2026,Seção A da 13ª Vara Cível da Capital,1ª CC,Sem prioridade
0047606-60.2018.8.17.2001,11/04/2026,Seção A da 13ª Vara Cível da Capital,1ª CCJ,Prioridade Legal
0053121-66.2024.8.17.2001,13/05/2026,Seção A da 13ª Vara Cível da Capital,1ª CC,Prioridade Legal
0055391-63.2024.8.17.2001,11/05/2026,Seção A da 13ª Vara Cível da Capital,1ª CC,Sem prioridade
0058805-35.2025.8.17.2001,14/05/2026,Seção A da 13ª Vara Cível da Capital,1ª CC,Prioridade Legal
0072842-67.2025.8.17.2001,04/05/2026,Seção A da 13ª Vara Cível da Capital,1ª CC,Prioridade Legal
0082878-81.2019.8.17.2001,24/04/2026,Seção A da 13ª Vara Cível da Capital,1ª CC,Sem prioridade
0084744-86.2014.8.17.0001,27/04/2026,Seção A da 13ª Vara Cível da Capital,1ª CC,Prioridade Legal
0085895-52.2024.8.17.2001,11/05/2026,Seção A da 13ª Vara Cível da Capital,1ª CC,Prioridade Legal
0090229-08.2019.8.17.2001,29/04/2026,Seção A da 13ª Vara Cível da Capital,1ª CC,Sem prioridade
0104453-09.2023.8.17.2001,30/04/2026,Seção A da 13ª Vara Cível da Capital,1ª CC,Prioridade Legal
0120128-75.2024.8.17.2001,13/05/2026,Seção A da 13ª Vara Cível da Capital,1ª CC,Prioridade Legal
0137939-48.2024.8.17.2001,29/04/2026,Seção A da 13ª Vara Cível da Capital,1ª CC,Prioridade Legal
0168347-90.2022.8.17.2001,04/05/2026,Seção A da 13ª Vara Cível da Capital,1ª CC,Sem prioridade
0001537-23.2025.8.17.2001,28/04/2026,Seção A da 15ª Vara Cível da Capital,1ª CC,Prioridade Legal
0006861-91.2025.8.17.2001,08/05/2026,Seção A da 15ª Vara Cível da Capital,1ª CC,Prioridade Legal
0008562-34.2018.8.17.2001,24/04/2026,Seção A da 15ª Vara Cível da Capital,1ª CCJ,Prioridade Legal
0011557-49.2020.8.17.2001,23/04/2026,Seção A da 15ª Vara Cível da Capital,1ª CC,Sem prioridade
0011604-86.2021.8.17.2001,08/05/2026,Seção A da 15ª Vara Cível da Capital,1ª CC,Prioridade Legal
0016388-39.2014.8.17.0001,08/05/2026,Seção A da 15ª Vara Cível da Capital,1ª CC,Prioridade Legal
0022311-50.2020.8.17.2001,13/05/2026,Seção A da 15ª Vara Cível da Capital,1ª CCJ,Prioridade Legal
0024796-28.2017.8.17.2001,08/05/2026,Seção A da 15ª Vara Cível da Capital,1ª CC,Prioridade Legal
0029988-29.2023.8.17.2001,08/05/2026,Seção A da 15ª Vara Cível da Capital,1ª CC,Prioridade Legal
0030413-32.2018.8.17.2001,04/05/2026,Seção A da 15ª Vara Cível da Capital,1ª CC,Sem prioridade
0049053-83.2018.8.17.2001,28/04/2026,Seção A da 15ª Vara Cível da Capital,1ª CC,Prioridade Legal
0050322-50.2024.8.17.2001,08/05/2026,Seção A da 15ª Vara Cível da Capital,1ª CC,Prioridade Legal
0053051-15.2025.8.17.2001,08/05/2026,Seção A da 15ª Vara Cível da Capital,1ª CC,Prioridade Legal
0056693-98.2022.8.17.2001,08/05/2026,Seção A da 15ª Vara Cível da Capital,1ª CC,Prioridade Legal
0056964-39.2024.8.17.2001,08/05/2026,Seção A da 15ª Vara Cível da Capital,1ª CC,Prioridade Legal
0058826-80.2014.8.17.0001,15/05/2026,Seção A da 15ª Vara Cível da Capital,1ª CC,Sem prioridade
0067954-71.2007.8.17.0001,07/05/2026,Seção A da 15ª Vara Cível da Capital,1ª CC,Sem prioridade
0069376-02.2024.8.17.2001,13/05/2026,Seção A da 15ª Vara Cível da Capital,1ª CC,Prioridade Legal
0072489-95.2023.8.17.2001,05/05/2026,Seção A da 15ª Vara Cível da Capital,1ª CC,Super prioridade
0072502-94.2023.8.17.2001,08/05/2026,Seção A da 15ª Vara Cível da Capital,1ª CC,Prioridade Legal
0074801-78.2022.8.17.2001,08/05/2026,Seção A da 15ª Vara Cível da Capital,1ª CC,Prioridade Legal
0077808-50.2011.8.17.0001,08/05/2026,Seção A da 15ª Vara Cível da Capital,1ª CC,Prioridade Legal
0095187-61.2024.8.17.2001,08/05/2026,Seção A da 15ª Vara Cível da Capital,1ª CC,Prioridade Legal
0100514-84.2024.8.17.2001,30/04/2026,Seção A da 15ª Vara Cível da Capital,1ª CC,Prioridade Legal
0112725-55.2024.8.17.2001,05/05/2026,Seção A da 15ª Vara Cível da Capital,1ª CC,Prioridade Legal
0120274-19.2024.8.17.2001,13/05/2026,Seção A da 15ª Vara Cível da Capital,1ª CC,Prioridade Legal
0125602-95.2022.8.17.2001,08/05/2026,Seção A da 15ª Vara Cível da Capital,1ª CC,Prioridade Legal
0142687-37.2009.8.17.0001,06/05/2026,Seção A da 15ª Vara Cível da Capital,1ª CC,Sem prioridade
0149592-81.2023.8.17.2001,08/05/2026,Seção A da 15ª Vara Cível da Capital,1ª CC,Prioridade Legal
0159508-76.2022.8.17.2001,08/05/2026,Seção A da 15ª Vara Cível da Capital,1ª CC,Prioridade Legal
0002318-31.2014.8.17.2001,04/05/2026,Seção A da 17ª Vara Cível da Capital,1ª CC,Sem prioridade
0002813-89.2025.8.17.2001,05/05/2026,Seção A da 17ª Vara Cível da Capital,1ª CC,Prioridade Legal
0011430-72.2024.8.17.2001,11/05/2026,Seção A da 17ª Vara Cível da Capital,1ª CC,Prioridade Legal
0014664-28.2025.8.17.2001,05/05/2026,Seção A da 17ª Vara Cível da Capital,1ª CC,Prioridade Legal
0034026-32.2007.8.17.0001,15/05/2026,Seção A da 17ª Vara Cível da Capital,1ª CC,Sem prioridade
0060810-06.2020.8.17.2001,04/05/2026,Seção A da 17ª Vara Cível da Capital,1ª CC,Super prioridade
0075975-30.2019.8.17.2001,08/04/2026,Seção A da 17ª Vara Cível da Capital,1ª CCJ,Prioridade Legal
0142564-28.2024.8.17.2001,13/05/2026,Seção A da 17ª Vara Cível da Capital,1ª CC,Prioridade Legal
0990004-95.2009.8.17.0001,06/05/2026,Seção A da 17ª Vara Cível da Capital,1ª CC,Prioridade Legal
0001456-74.2025.8.17.2001,13/05/2026,Seção A da 18ª Vara Cível da Capital,1ª CC,Prioridade Legal
0016050-74.2017.8.17.2001,27/04/2026,Seção A da 18ª Vara Cível da Capital,1ª CC,Sem prioridade
0016422-14.2014.8.17.0001,08/05/2026,Seção A da 18ª Vara Cível da Capital,1ª CC,Sem prioridade
0024519-70.2021.8.17.2001,12/05/2026,Seção A da 18ª Vara Cível da Capital,1ª CC,Prioridade Legal
0041673-72.2019.8.17.2001,15/05/2026,Seção A da 18ª Vara Cível da Capital,1ª CCJ,Prioridade Legal
0045067-19.2021.8.17.2001,08/05/2026,Seção A da 18ª Vara Cível da Capital,1ª CC,Sem prioridade
0045408-75.2014.8.17.0001,13/05/2026,Seção A da 18ª Vara Cível da Capital,1ª CC,Prioridade Legal
0048695-74.2025.8.17.2001,13/05/2026,Seção A da 18ª Vara Cível da Capital,1ª CC,Prioridade Legal
0052151-66.2024.8.17.2001,05/05/2026,Seção A da 18ª Vara Cível da Capital,1ª CC,Prioridade Legal
0075176-16.2021.8.17.2001,27/04/2026,Seção A da 18ª Vara Cível da Capital,1ª CC,Sem prioridade
0132607-37.2023.8.17.2001,12/05/2026,Seção A da 18ª Vara Cível da Capital,1ª CC,Prioridade Legal
0142241-23.2024.8.17.2001,08/05/2026,Seção A da 18ª Vara Cível da Capital,1ª CC,Prioridade Legal
0142773-31.2023.8.17.2001,27/04/2026,Seção A da 18ª Vara Cível da Capital,1ª CC,Prioridade Legal
0146263-61.2023.8.17.2001,27/04/2026,Seção A da 18ª Vara Cível da Capital,1ª CC,Prioridade Legal
0164773-59.2022.8.17.2001,04/05/2026,Seção A da 18ª Vara Cível da Capital,1ª CC,Sem prioridade
0009617-39.2026.8.17.2001,30/04/2026,Seção A da 19ª Vara Cível da Capital,1ª CC,Super prioridade
0012163-09.2022.8.17.2001,30/04/2026,Seção A da 19ª Vara Cível da Capital,1ª CC,Prioridade Legal
0048915-09.2024.8.17.2001,04/05/2026,Seção A da 19ª Vara Cível da Capital,1ª CC,Sem prioridade
0050209-33.2023.8.17.2001,29/04/2026,Seção A da 19ª Vara Cível da Capital,1ª CC,Sem prioridade
0068092-22.2025.8.17.2001,08/05/2026,Seção A da 19ª Vara Cível da Capital,1ª CC,Prioridade Legal
0092908-68.2025.8.17.2001,08/05/2026,Seção A da 19ª Vara Cível da Capital,1ª CC,Prioridade Legal
0144416-87.2024.8.17.2001,08/05/2026,Seção A da 19ª Vara Cível da Capital,1ª CC,Prioridade Legal
0007967-06.2016.8.17.2001,24/04/2026,Seção A da 1ª Vara Cível da Capital,1ª CC,Prioridade Legal
0021849-89.2014.8.17.0001,22/04/2026,Seção A da 1ª Vara Cível da Capital,1ª CC,Sem prioridade
0024833-51.2011.8.17.0001,29/04/2026,Seção A da 1ª Vara Cível da Capital,1ª CC,Prioridade Legal
0026695-85.2022.8.17.2001,04/05/2026,Seção A da 1ª Vara Cível da Capital,1ª CC,Sem prioridade
0026802-66.2021.8.17.2001,29/04/2026,Seção A da 1ª Vara Cível da Capital,1ª CC,Sem prioridade
0027831-84.2014.8.17.0001,29/04/2026,Seção A da 1ª Vara Cível da Capital,1ª CC,Prioridade Legal
0038905-03.2024.8.17.2001,27/04/2026,Seção A da 1ª Vara Cível da Capital,1ª CC,Prioridade Legal
0045111-14.2016.8.17.2001,04/05/2026,Seção A da 1ª Vara Cível da Capital,1ª CC,Sem prioridade
0047382-25.2018.8.17.2001,12/05/2026,Seção A da 1ª Vara Cível da Capital,1ª CC,Super prioridade
0065086-81.2011.8.17.0001,06/05/2026,Seção A da 1ª Vara Cível da Capital,1ª CC,Sem prioridade
0091239-79.1996.8.17.0001,11/05/2026,Seção A da 1ª Vara Cível da Capital,1ª CC,Sem prioridade
0002138-39.2019.8.17.2001,07/05/2026,Seção A da 20ª Vara Cível da Capital,1ª CC,Prioridade Legal
0007150-97.2020.8.17.2001,04/05/2026,Seção A da 20ª Vara Cível da Capital,1ª CC,Sem prioridade
0008919-78.2010.8.17.0001,06/05/2026,Seção A da 20ª Vara Cível da Capital,1ª CCJ,Sem prioridade
0013563-19.2026.8.17.2001,04/05/2026,Seção A da 20ª Vara Cível da Capital,1ª CCJ,Prioridade Legal
0015273-11.2025.8.17.2001,12/05/2026,Seção A da 20ª Vara Cível da Capital,1ª CC,Prioridade Legal
0017941-67.2016.8.17.2001,13/05/2026,Seção A da 20ª Vara Cível da Capital,1ª CCJ,Prioridade Legal
0023650-44.2020.8.17.2001,12/05/2026,Seção A da 20ª Vara Cível da Capital,1ª CC,Sem prioridade
0040575-23.2017.8.17.2001,12/05/2026,Seção A da 20ª Vara Cível da Capital,1ª CC,Sem prioridade
0042406-09.2017.8.17.2001,29/04/2026,Seção A da 20ª Vara Cível da Capital,1ª CC,Prioridade Legal
0052373-34.2024.8.17.2001,23/04/2026,Seção A da 20ª Vara Cível da Capital,1ª CC,Prioridade Legal
0054428-65.2018.8.17.2001,04/05/2026,Seção A da 20ª Vara Cível da Capital,1ª CC,Sem prioridade
0061533-25.2020.8.17.2001,06/05/2026,Seção A da 20ª Vara Cível da Capital,1ª CCJ,Sem prioridade
0064236-50.2025.8.17.2001,28/04/2026,Seção A da 20ª Vara Cível da Capital,1ª CC,Sem prioridade
0066222-73.2024.8.17.2001,30/04/2026,Seção A da 20ª Vara Cível da Capital,1ª CCJ,Prioridade Legal
0067329-21.2025.8.17.2001,12/05/2026,Seção A da 20ª Vara Cível da Capital,1ª CC,Super prioridade
0069491-67.2017.8.17.2001,08/04/2026,Seção A da 20ª Vara Cível da Capital,1ª CCJ,Prioridade Legal
0069581-70.2020.8.17.2001,06/05/2026,Seção A da 20ª Vara Cível da Capital,1ª CC,Prioridade Legal
0075277-14.2025.8.17.2001,30/04/2026,Seção A da 20ª Vara Cível da Capital,1ª CC,Prioridade Legal
0076597-02.2025.8.17.2001,04/05/2026,Seção A da 20ª Vara Cível da Capital,1ª CC,Sem prioridade
0082937-30.2023.8.17.2001,04/05/2026,Seção A da 20ª Vara Cível da Capital,1ª CC,Sem prioridade
0090744-72.2021.8.17.2001,04/05/2026,Seção A da 20ª Vara Cível da Capital,1ª CC,Sem prioridade
0110112-62.2024.8.17.2001,11/05/2026,Seção A da 20ª Vara Cível da Capital,1ª CC,Prioridade Legal
0111509-25.2025.8.17.2001,28/04/2026,Seção A da 20ª Vara Cível da Capital,1ª CC,Prioridade Legal
0121852-22.2021.8.17.2001,29/04/2026,Seção A da 20ª Vara Cível da Capital,1ª CC,Sem prioridade
0125758-15.2024.8.17.2001,14/05/2026,Seção A da 20ª Vara Cível da Capital,1ª CC,Prioridade Legal
0154565-79.2023.8.17.2001,29/04/2026,Seção A da 20ª Vara Cível da Capital,1ª CC,Sem prioridade
0160319-36.2022.8.17.2001,07/05/2026,Seção A da 20ª Vara Cível da Capital,1ª CC,Sem prioridade
0002968-78.2014.8.17.2001,14/05/2026,Seção A da 21ª Vara Cível da Capital,1ª CC,Prioridade Legal
0007771-89.2023.8.17.2001,06/05/2026,Seção A da 21ª Vara Cível da Capital,1ª CC,Prioridade Legal
0019984-06.2018.8.17.2001,07/05/2026,Seção A da 21ª Vara Cível da Capital,1ª CC,Sem prioridade
0022863-05.2026.8.17.2001,15/05/2026,Seção A da 21ª Vara Cível da Capital,1ª CC,Prioridade Legal
0034447-79.2020.8.17.2001,29/04/2026,Seção A da 21ª Vara Cível da Capital,1ª CC,Prioridade Legal
0036319-56.2025.8.17.2001,30/04/2026,Seção A da 21ª Vara Cível da Capital,1ª CCJ,Prioridade Legal
0036513-56.2025.8.17.2001,30/04/2026,Seção A da 21ª Vara Cível da Capital,1ª CC,Sem prioridade
0037558-32.2024.8.17.2001,11/05/2026,Seção A da 21ª Vara Cível da Capital,1ª CC,Sem prioridade
0046863-40.2024.8.17.2001,15/05/2026,Seção A da 21ª Vara Cível da Capital,1ª CC,Prioridade Legal
0047963-40.2018.8.17.2001,15/04/2026,Seção A da 21ª Vara Cível da Capital,1ª CCJ,Prioridade Legal
0048605-66.2025.8.17.2001,15/05/2026,Seção A da 21ª Vara Cível da Capital,1ª CCJ,Prioridade Legal
0052512-59.2019.8.17.2001,29/04/2026,Seção A da 21ª Vara Cível da Capital,1ª CC,Sem prioridade
0070724-26.2022.8.17.2001,04/05/2026,Seção A da 21ª Vara Cível da Capital,1ª CC,Prioridade Legal
0077725-29.2014.8.17.0001,07/05/2026,Seção A da 21ª Vara Cível da Capital,1ª CC,Prioridade Legal
0094513-83.2024.8.17.2001,04/05/2026,Seção A da 21ª Vara Cível da Capital,1ª CC,Sem prioridade
0119107-35.2022.8.17.2001,04/05/2026,Seção A da 21ª Vara Cível da Capital,1ª CC,Prioridade Legal
0121327-06.2022.8.17.2001,22/04/2026,Seção A da 21ª Vara Cível da Capital,1ª CCJ,Prioridade Legal
0122475-81.2024.8.17.2001,05/05/2026,Seção A da 21ª Vara Cível da Capital,1ª CC,Prioridade Legal
0133853-34.2024.8.17.2001,07/05/2026,Seção A da 21ª Vara Cível da Capital,1ª CC,Sem prioridade
0014438-39.2007.8.17.0001,07/05/2026,Seção A da 22ª Vara Cível da Capital,1ª CC,Sem prioridade
0024704-06.2024.8.17.2001,07/05/2026,Seção A da 22ª Vara Cível da Capital,1ª CC,Prioridade Legal
0025621-59.2023.8.17.2001,07/05/2026,Seção A da 22ª Vara Cível da Capital,1ª CC,Sem prioridade
0027781-28.2021.8.17.2001,12/05/2026,Seção A da 22ª Vara Cível da Capital,1ª CC,Sem prioridade
0031380-49.2007.8.17.0001,15/05/2026,Seção A da 22ª Vara Cível da Capital,1ª CC,Sem prioridade
0032409-31.2019.8.17.2001,12/05/2026,Seção A da 22ª Vara Cível da Capital,1ª CC,Sem prioridade
0034471-50.2007.8.17.0001,15/05/2026,Seção A da 22ª Vara Cível da Capital,1ª CC,Super prioridade
0045169-70.2023.8.17.2001,14/05/2026,Seção A da 22ª Vara Cível da Capital,1ª CC,Sem prioridade
0046177-53.2021.8.17.2001,29/04/2026,Seção A da 22ª Vara Cível da Capital,1ª CC,Prioridade Legal
0052541-81.2008.8.17.0001,11/05/2026,Seção A da 22ª Vara Cível da Capital,1ª CC,Sem prioridade
0056865-35.2025.8.17.2001,15/05/2026,Seção A da 22ª Vara Cível da Capital,1ª CC,Super prioridade
0057119-47.2021.8.17.2001,04/05/2026,Seção A da 22ª Vara Cível da Capital,1ª CC,Sem prioridade
0062907-19.2007.8.17.0001,29/04/2026,Seção A da 22ª Vara Cível da Capital,1ª CC,Prioridade Legal
0082211-85.2025.8.17.2001,28/04/2026,Seção A da 22ª Vara Cível da Capital,1ª CC,Prioridade Legal
0090954-55.2023.8.17.2001,06/05/2026,Seção A da 22ª Vara Cível da Capital,1ª CCJ,Prioridade Legal
0104916-14.2024.8.17.2001,04/05/2026,Seção A da 22ª Vara Cível da Capital,1ª CC,Prioridade Legal
0001373-29.2023.8.17.2001,30/04/2026,Seção A da 23ª Vara Cível da Capital,1ª CCJ,Sem prioridade
0002565-12.2014.8.17.2001,07/04/2026,Seção A da 23ª Vara Cível da Capital,1ª CCJ,Prioridade Legal
0002912-10.2024.8.17.4001,27/04/2026,Seção A da 23ª Vara Cível da Capital,1ª CC,Prioridade Legal
0012780-61.2025.8.17.2001,04/05/2026,Seção A da 23ª Vara Cível da Capital,1ª CC,Prioridade Legal
0017189-56.2020.8.17.2001,04/05/2026,Seção A da 23ª Vara Cível da Capital,1ª CC,Sem prioridade
0019431-22.2019.8.17.2001,29/04/2026,Seção A da 23ª Vara Cível da Capital,1ª CC,Prioridade Legal
0024505-81.2024.8.17.2001,04/05/2026,Seção A da 23ª Vara Cível da Capital,1ª CC,Prioridade Legal
0035315-81.2025.8.17.2001,12/05/2026,Seção A da 23ª Vara Cível da Capital,1ª CC,Super prioridade
0039946-68.2025.8.17.2001,30/04/2026,Seção A da 23ª Vara Cível da Capital,1ª CC,Prioridade Legal
0053059-89.2025.8.17.2001,23/04/2026,Seção A da 23ª Vara Cível da Capital,1ª CC,Sem prioridade
0053700-19.2021.8.17.2001,29/04/2026,Seção A da 23ª Vara Cível da Capital,1ª CC,Prioridade Legal
0054237-78.2022.8.17.2001,06/05/2026,Seção A da 23ª Vara Cível da Capital,1ª CCJ,Prioridade Legal
0059570-16.2019.8.17.2001,22/04/2026,Seção A da 23ª Vara Cível da Capital,1ª CCJ,Prioridade Legal
0069198-53.2024.8.17.2001,14/04/2026,Seção A da 23ª Vara Cível da Capital,1ª CCJ,Sem prioridade
0089867-06.2019.8.17.2001,13/05/2026,Seção A da 23ª Vara Cível da Capital,1ª CCJ,Prioridade Legal
0115359-24.2024.8.17.2001,11/05/2026,Seção A da 23ª Vara Cível da Capital,1ª CC,Sem prioridade
0002009-73.2015.8.17.2001,06/05/2026,Seção A da 24ª Vara Cível da Capital,1ª CCJ,Prioridade Legal
0008531-67.2025.8.17.2001,12/05/2026,Seção A da 24ª Vara Cível da Capital,1ª CC,Sem prioridade
0025713-76.2019.8.17.2001,04/05/2026,Seção A da 24ª Vara Cível da Capital,1ª CCJ,Prioridade Legal
0027314-50.2012.8.17.0001,08/05/2026,Seção A da 24ª Vara Cível da Capital,1ª CC,Super prioridade
0031892-94.2017.8.17.2001,13/04/2026,Seção A da 24ª Vara Cível da Capital,1ª CCJ,Prioridade Legal
0035772-89.2020.8.17.2001,30/04/2026,Seção A da 24ª Vara Cível da Capital,1ª CC,Prioridade Legal
0044682-48.2007.8.17.0001,06/04/2026,Seção A da 24ª Vara Cível da Capital,1ª CCJ,Sem prioridade
0057714-41.2024.8.17.2001,07/05/2026,Seção A da 24ª Vara Cível da Capital,1ª CC,Sem prioridade
0060863-11.2025.8.17.2001,13/05/2026,Seção A da 24ª Vara Cível da Capital,1ª CCJ,Prioridade Legal
0065226-41.2025.8.17.2001,27/04/2026,Seção A da 24ª Vara Cível da Capital,1ª CC,Prioridade Legal
0070693-69.2023.8.17.2001,23/04/2026,Seção A da 24ª Vara Cível da Capital,1ª CC,Prioridade Legal
0078671-29.2025.8.17.2001,11/05/2026,Seção A da 24ª Vara Cível da Capital,1ª CC,Prioridade Legal
0090241-51.2021.8.17.2001,29/04/2026,Seção A da 24ª Vara Cível da Capital,1ª CC,Sem prioridade
0095924-36.2013.8.17.0001,11/05/2026,Seção A da 24ª Vara Cível da Capital,1ª CC,Sem prioridade
0111022-55.2025.8.17.2001,15/05/2026,Seção A da 24ª Vara Cível da Capital,1ª CC,Prioridade Legal
0116040-05.2009.8.17.0001,14/05/2026,Seção A da 24ª Vara Cível da Capital,1ª CC,Sem prioridade
0125662-34.2023.8.17.2001,29/04/2026,Seção A da 24ª Vara Cível da Capital,1ª CC,Sem prioridade
0134271-69.2024.8.17.2001,14/05/2026,Seção A da 24ª Vara Cível da Capital,1ª CC,Prioridade Legal
0141153-81.2023.8.17.2001,06/05/2026,Seção A da 24ª Vara Cível da Capital,1ª CC,Super prioridade
0153693-64.2023.8.17.2001,04/05/2026,Seção A da 24ª Vara Cível da Capital,1ª CC,Sem prioridade
0193718-91.2012.8.17.0001,11/05/2026,Seção A da 24ª Vara Cível da Capital,1ª CC,Sem prioridade
0004767-39.2026.8.17.2001,30/04/2026,Seção A da 25ª Vara Cível da Capital,1ª CC,Sem prioridade
0007046-09.2011.8.17.0001,29/04/2026,Seção A da 25ª Vara Cível da Capital,1ª CC,Sem prioridade
0014031-95.2017.8.17.2001,06/04/2026,Seção A da 25ª Vara Cível da Capital,1ª CCJ,Sem prioridade
0022646-69.2020.8.17.2001,11/05/2026,Seção A da 25ª Vara Cível da Capital,1ª CC,Sem prioridade
0034633-92.2026.8.17.2001,15/05/2026,Seção A da 25ª Vara Cível da Capital,1ª CC,Prioridade Legal
0038908-89.2023.8.17.2001,06/05/2026,Seção A da 25ª Vara Cível da Capital,1ª CC,Sem prioridade
0039662-66.2013.8.17.0001,04/05/2026,Seção A da 25ª Vara Cível da Capital,1ª CC,Prioridade Legal
0053073-89.2007.8.17.0001,07/05/2026,Seção A da 25ª Vara Cível da Capital,1ª CC,Prioridade Legal
0056018-49.2007.8.17.0001,15/05/2026,Seção A da 25ª Vara Cível da Capital,1ª CC,Prioridade Legal
0062410-62.2020.8.17.2001,04/05/2026,Seção A da 25ª Vara Cível da Capital,1ª CC,Prioridade Legal
0079744-07.2023.8.17.2001,16/04/2026,Seção A da 25ª Vara Cível da Capital,1ª CCJ,Sem prioridade
0087219-43.2025.8.17.2001,14/05/2026,Seção A da 25ª Vara Cível da Capital,1ª CC,Prioridade Legal
0099898-46.2023.8.17.2001,23/04/2026,Seção A da 25ª Vara Cível da Capital,1ª CC,Sem prioridade
0100368-43.2024.8.17.2001,29/04/2026,Seção A da 25ª Vara Cível da Capital,1ª CC,Sem prioridade
0142197-04.2024.8.17.2001,11/05/2026,Seção A da 25ª Vara Cível da Capital,1ª CC,Sem prioridade
0002776-33.2023.8.17.2001,15/05/2026,Seção A da 26ª Vara Cível da Capital,1ª CC,Prioridade Legal
0004625-40.2023.8.17.2001,07/05/2026,Seção A da 26ª Vara Cível da Capital,1ª CC,Prioridade Legal
0004707-66.2026.8.17.2001,06/05/2026,Seção A da 26ª Vara Cível da Capital,1ª CC,Prioridade Legal
0009511-14.2025.8.17.2001,06/05/2026,Seção A da 26ª Vara Cível da Capital,1ª CC,Prioridade Legal
0013011-06.2016.8.17.2001,12/05/2026,Seção A da 26ª Vara Cível da Capital,1ª CC,Sem prioridade
0013178-14.2013.8.17.0001,14/05/2026,Seção A da 26ª Vara Cível da Capital,1ª CC,Prioridade Legal
0016874-52.2025.8.17.2001,15/05/2026,Seção A da 26ª Vara Cível da Capital,1ª CC,Prioridade Legal
0016890-45.2021.8.17.2001,23/04/2026,Seção A da 26ª Vara Cível da Capital,1ª CC,Prioridade Legal
0040920-08.2025.8.17.2001,15/05/2026,Seção A da 26ª Vara Cível da Capital,1ª CC,Prioridade Legal
0055046-68.2022.8.17.2001,07/05/2026,Seção A da 26ª Vara Cível da Capital,1ª CC,Prioridade Legal
0057673-40.2025.8.17.2001,07/05/2026,Seção A da 26ª Vara Cível da Capital,1ª CC,Prioridade Legal
0061033-56.2020.8.17.2001,30/04/2026,Seção A da 26ª Vara Cível da Capital,1ª CC,Super prioridade
0076664-64.2025.8.17.2001,04/05/2026,Seção A da 26ª Vara Cível da Capital,1ª CC,Sem prioridade
0083860-22.2024.8.17.2001,29/04/2026,Seção A da 26ª Vara Cível da Capital,1ª CC,Prioridade Legal
0086213-40.2021.8.17.2001,04/05/2026,Seção A da 26ª Vara Cível da Capital,1ª CC,Sem prioridade
0097549-36.2024.8.17.2001,07/05/2026,Seção A da 26ª Vara Cível da Capital,1ª CC,Prioridade Legal
0170186-53.2022.8.17.2001,04/05/2026,Seção A da 26ª Vara Cível da Capital,1ª CC,Sem prioridade
0002420-72.2022.8.17.2001,23/04/2026,Seção A da 27ª Vara Cível da Capital,1ª CCJ,Prioridade Legal
0002690-62.2023.8.17.2001,13/05/2026,Seção A da 27ª Vara Cível da Capital,1ª CC,Prioridade Legal
0005225-08.2016.8.17.2001,14/04/2026,Seção A da 27ª Vara Cível da Capital,1ª CCJ,Prioridade Legal
0009552-78.2025.8.17.2001,24/04/2026,Seção A da 27ª Vara Cível da Capital,1ª CCJ,Prioridade Legal
0011561-52.2021.8.17.2001,07/05/2026,Seção A da 27ª Vara Cível da Capital,1ª CC,Sem prioridade
0014243-59.2004.8.17.0001,23/04/2026,Seção A da 27ª Vara Cível da Capital,1ª CC,Sem prioridade
0018636-75.2014.8.17.0001,24/04/2026,Seção A da 27ª Vara Cível da Capital,1ª CC,Sem prioridade
0019054-13.2014.8.17.0001,24/04/2026,Seção A da 27ª Vara Cível da Capital,1ª CCJ,Sem prioridade
0023948-65.2022.8.17.2001,24/04/2026,Seção A da 27ª Vara Cível da Capital,1ª CC,Sem prioridade
0029778-17.2019.8.17.2001,24/04/2026,Seção A da 27ª Vara Cível da Capital,1ª CCJ,Prioridade Legal
0034497-13.2017.8.17.2001,24/04/2026,Seção A da 27ª Vara Cível da Capital,1ª CCJ,Prioridade Legal
0035749-80.2019.8.17.2001,23/04/2026,Seção A da 27ª Vara Cível da Capital,1ª CC,Sem prioridade
0036784-02.2024.8.17.2001,07/05/2026,Seção A da 27ª Vara Cível da Capital,1ª CC,Sem prioridade
0045474-60.2011.8.17.0001,04/05/2026,Seção A da 27ª Vara Cível da Capital,1ª CC,Prioridade Legal
0045897-82.2021.8.17.2001,24/04/2026,Seção A da 27ª Vara Cível da Capital,1ª CC,Super prioridade
0053683-46.2022.8.17.2001,29/04/2026,Seção A da 27ª Vara Cível da Capital,1ª CC,Sem prioridade
0068705-47.2022.8.17.2001,13/05/2026,Seção A da 27ª Vara Cível da Capital,1ª CC,Prioridade Legal
0068902-65.2023.8.17.2001,13/05/2026,Seção A da 27ª Vara Cível da Capital,1ª CC,Prioridade Legal
0078643-71.2019.8.17.2001,29/04/2026,Seção A da 27ª Vara Cível da Capital,1ª CC,Sem prioridade
0079197-98.2022.8.17.2001,13/05/2026,Seção A da 27ª Vara Cível da Capital,1ª CC,Sem prioridade
0082511-23.2020.8.17.2001,27/04/2026,Seção A da 27ª Vara Cível da Capital,1ª CC,Prioridade Legal
0101763-07.2023.8.17.2001,07/05/2026,Seção A da 27ª Vara Cível da Capital,1ª CC,Prioridade Legal
0112721-23.2021.8.17.2001,27/04/2026,Seção A da 27ª Vara Cível da Capital,1ª CC,Prioridade Legal
0140543-16.2023.8.17.2001,14/05/2026,Seção A da 27ª Vara Cível da Capital,1ª CC,Prioridade Legal
0162452-51.2022.8.17.2001,27/04/2026,Seção A da 27ª Vara Cível da Capital,1ª CC,Prioridade Legal
0005489-83.2020.8.17.2001,28/04/2026,Seção A da 28ª Vara Cível da Capital,1ª CCJ,Sem prioridade
0005856-48.2025.8.17.4001,13/05/2026,Seção A da 28ª Vara Cível da Capital,1ª CC,Prioridade Legal
0015798-61.2023.8.17.2001,24/04/2026,Seção A da 28ª Vara Cível da Capital,1ª CC,Prioridade Legal
0018905-45.2025.8.17.2001,15/05/2026,Seção A da 28ª Vara Cível da Capital,1ª CC,Prioridade Legal
0019589-19.2015.8.17.2001,08/05/2026,Seção A da 28ª Vara Cível da Capital,1ª CC,Prioridade Legal
0027396-41.2025.8.17.2001,11/05/2026,Seção A da 28ª Vara Cível da Capital,1ª CC,Sem prioridade
0028107-85.2021.8.17.2001,09/04/2026,Seção A da 28ª Vara Cível da Capital,1ª CCJ,Prioridade Legal
0041958-26.2023.8.17.2001,11/05/2026,Seção A da 28ª Vara Cível da Capital,1ª CC,Prioridade Legal
0045702-73.2016.8.17.2001,09/04/2026,Seção A da 28ª Vara Cível da Capital,1ª CCJ,Prioridade Legal
0049765-73.2018.8.17.2001,16/04/2026,Seção A da 28ª Vara Cível da Capital,1ª CCJ,Sem prioridade
0061786-13.2020.8.17.2001,04/05/2026,Seção A da 28ª Vara Cível da Capital,1ª CC,Sem prioridade
0063822-57.2022.8.17.2001,11/05/2026,Seção A da 28ª Vara Cível da Capital,1ª CC,Prioridade Legal
0069323-89.2022.8.17.2001,04/05/2026,Seção A da 28ª Vara Cível da Capital,1ª CC,Super prioridade
0072423-28.2017.8.17.2001,27/04/2026,Seção A da 28ª Vara Cível da Capital,1ª CC,Prioridade Legal
0075696-73.2021.8.17.2001,04/05/2026,Seção A da 28ª Vara Cível da Capital,1ª CC,Sem prioridade
0081778-86.2022.8.17.2001,15/05/2026,Seção A da 28ª Vara Cível da Capital,1ª CCJ,Sem prioridade
0110425-57.2023.8.17.2001,06/05/2026,Seção A da 28ª Vara Cível da Capital,1ª CC,Sem prioridade
0113944-40.2023.8.17.2001,29/04/2026,Seção A da 28ª Vara Cível da Capital,1ª CC,Prioridade Legal
0128784-21.2024.8.17.2001,14/05/2026,Seção A da 28ª Vara Cível da Capital,1ª CC,Prioridade Legal
0154815-15.2023.8.17.2001,07/05/2026,Seção A da 28ª Vara Cível da Capital,1ª CC,Prioridade Legal
0007620-21.2026.8.17.2001,08/05/2026,Seção A da 29ª Vara Cível da Capital,1ª CC,Prioridade Legal
0010778-84.2026.8.17.2001,08/05/2026,Seção A da 29ª Vara Cível da Capital,1ª CC,Super prioridade
0011470-30.2019.8.17.2001,24/04/2026,Seção A da 29ª Vara Cível da Capital,1ª CC,Prioridade Legal
0014406-23.2022.8.17.2001,13/05/2026,Seção A da 29ª Vara Cível da Capital,1ª CC,Sem prioridade
0014699-85.2025.8.17.2001,06/05/2026,Seção A da 29ª Vara Cível da Capital,1ª CCJ,Prioridade Legal
0022196-68.2016.8.17.2001,15/05/2026,Seção A da 29ª Vara Cível da Capital,1ª CCJ,Prioridade Legal
0025474-67.2022.8.17.2001,27/03/2026,Seção A da 29ª Vara Cível da Capital,1ª CCJ,Sem prioridade
0026482-16.2021.8.17.2001,28/04/2026,Seção A da 29ª Vara Cível da Capital,1ª CC,Prioridade Legal
0026508-43.2023.8.17.2001,07/05/2026,Seção A da 29ª Vara Cível da Capital,1ª CC,Prioridade Legal
0026848-89.2020.8.17.2001,05/05/2026,Seção A da 29ª Vara Cível da Capital,1ª CC,Prioridade Legal
0026965-07.2025.8.17.2001,06/05/2026,Seção A da 29ª Vara Cível da Capital,1ª CC,Prioridade Legal
0036400-39.2024.8.17.2001,13/05/2026,Seção A da 29ª Vara Cível da Capital,1ª CC,Sem prioridade
0038199-20.2024.8.17.2001,04/05/2026,Seção A da 29ª Vara Cível da Capital,1ª CC,Prioridade Legal
0038419-96.2016.8.17.2001,15/05/2026,Seção A da 29ª Vara Cível da Capital,1ª CCJ,Prioridade Legal
0040323-49.2019.8.17.2001,13/05/2026,Seção A da 29ª Vara Cível da Capital,1ª CC,Prioridade Legal
0040935-45.2023.8.17.2001,16/04/2026,Seção A da 29ª Vara Cível da Capital,1ª CCJ,Sem prioridade
0043534-25.2021.8.17.2001,24/04/2026,Seção A da 29ª Vara Cível da Capital,1ª CCJ,Prioridade Legal
0049003-86.2020.8.17.2001,15/05/2026,Seção A da 29ª Vara Cível da Capital,1ª CC,Prioridade Legal
0055943-63.2014.8.17.0001,07/05/2026,Seção A da 29ª Vara Cível da Capital,1ª CC,Sem prioridade
0070302-51.2022.8.17.2001,22/04/2026,Seção A da 29ª Vara Cível da Capital,1ª CCJ,Prioridade Legal
0080883-91.2023.8.17.2001,24/04/2026,Seção A da 29ª Vara Cível da Capital,1ª CC,Prioridade Legal
0090916-43.2023.8.17.2001,04/05/2026,Seção A da 29ª Vara Cível da Capital,1ª CC,Sem prioridade
0110837-51.2024.8.17.2001,30/04/2026,Seção A da 29ª Vara Cível da Capital,1ª CC,Sem prioridade
0129725-73.2021.8.17.2001,08/04/2026,Seção A da 29ª Vara Cível da Capital,1ª CCJ,Prioridade Legal
0002383-88.2024.8.17.4001,25/04/2026,Seção A da 2ª Vara Cível da Capital,1ª CC,Prioridade Legal
0017502-75.2024.8.17.2001,28/04/2026,Seção A da 2ª Vara Cível da Capital,1ª CCJ,Prioridade Legal
0025728-74.2021.8.17.2001,23/04/2026,Seção A da 2ª Vara Cível da Capital,1ª CC,Prioridade Legal
0026113-51.2023.8.17.2001,07/05/2026,Seção A da 2ª Vara Cível da Capital,1ª CC,Prioridade Legal
0026581-88.2018.8.17.2001,06/05/2026,Seção A da 2ª Vara Cível da Capital,1ª CC,Prioridade Legal
0028401-74.2020.8.17.2001,06/05/2026,Seção A da 2ª Vara Cível da Capital,1ª CC,Sem prioridade
0035873-53.2025.8.17.2001,07/05/2026,Seção A da 2ª Vara Cível da Capital,1ª CC,Prioridade Legal
0038358-41.2016.8.17.2001,13/04/2026,Seção A da 2ª Vara Cível da Capital,1ª CCJ,Prioridade Legal
0043499-26.2025.8.17.2001,25/04/2026,Seção A da 2ª Vara Cível da Capital,1ª CC,Prioridade Legal
0044935-30.2019.8.17.2001,14/05/2026,Seção A da 2ª Vara Cível da Capital,1ª CC,Prioridade Legal
0050216-93.2021.8.17.2001,27/04/2026,Seção A da 2ª Vara Cível da Capital,1ª CC,Sem prioridade
0055619-72.2023.8.17.2001,29/04/2026,Seção A da 2ª Vara Cível da Capital,1ª CC,Sem prioridade
0060184-50.2021.8.17.2001,14/05/2026,Seção A da 2ª Vara Cível da Capital,1ª CC,Prioridade Legal
0061770-59.2020.8.17.2001,04/05/2026,Seção A da 2ª Vara Cível da Capital,1ª CC,Super prioridade
0121198-98.2022.8.17.2001,07/05/2026,Seção A da 2ª Vara Cível da Capital,1ª CC,Sem prioridade
0126379-17.2021.8.17.2001,27/04/2026,Seção A da 2ª Vara Cível da Capital,1ª CC,Sem prioridade
0164681-81.2022.8.17.2001,16/04/2026,Seção A da 2ª Vara Cível da Capital,1ª CCJ,Prioridade Legal
0000500-38.2026.8.17.4001,06/05/2026,Seção A da 30ª Vara Cível da Capital,1ª CC,Super prioridade
0002730-39.2026.8.17.2001,15/05/2026,Seção A da 30ª Vara Cível da Capital,1ª CC,Prioridade Legal
0004344-16.2025.8.17.2001,11/05/2026,Seção A da 30ª Vara Cível da Capital,1ª CC,Prioridade Legal
0008352-41.2022.8.17.2001,11/05/2026,Seção A da 30ª Vara Cível da Capital,1ª CC,Sem prioridade
0012384-89.2022.8.17.2001,06/05/2026,Seção A da 30ª Vara Cível da Capital,1ª CC,Prioridade Legal
0019434-64.2025.8.17.2001,11/05/2026,Seção A da 30ª Vara Cível da Capital,1ª CC,Prioridade Legal
0020396-64.2011.8.17.0001,28/04/2026,Seção A da 30ª Vara Cível da Capital,1ª CC,Sem prioridade
0030613-06.2010.8.17.0001,12/05/2026,Seção A da 30ª Vara Cível da Capital,1ª CC,Sem prioridade
0032474-16.2025.8.17.2001,13/05/2026,Seção A da 30ª Vara Cível da Capital,1ª CC,Prioridade Legal
0066098-27.2023.8.17.2001,08/05/2026,Seção A da 30ª Vara Cível da Capital,1ª CC,Super prioridade
0097889-43.2025.8.17.2001,15/05/2026,Seção A da 30ª Vara Cível da Capital,1ª CC,Prioridade Legal
0116641-11.2009.8.17.0001,29/04/2026,Seção A da 30ª Vara Cível da Capital,1ª CC,Sem prioridade
0127943-26.2024.8.17.2001,11/05/2026,Seção A da 30ª Vara Cível da Capital,1ª CC,Prioridade Legal
0137730-50.2022.8.17.2001,05/05/2026,Seção A da 30ª Vara Cível da Capital,1ª CC,Prioridade Legal
0162144-15.2022.8.17.2001,06/05/2026,Seção A da 30ª Vara Cível da Capital,1ª CC,Prioridade Legal
0000395-58.2011.8.17.0001,14/05/2026,Seção A da 31ª Vara Cível da Capital,1ª CC,Super prioridade
0004367-98.2021.8.17.2001,13/05/2026,Seção A da 31ª Vara Cível da Capital,1ª CC,Sem prioridade
0011945-31.2003.8.17.0001,08/05/2026,Seção A da 31ª Vara Cível da Capital,1ª CC,Sem prioridade
0033425-10.2025.8.17.2001,30/04/2026,Seção A da 31ª Vara Cível da Capital,1ª CC,Prioridade Legal
0047328-25.2019.8.17.2001,11/05/2026,Seção A da 31ª Vara Cível da Capital,1ª CC,Prioridade Legal
0048005-79.2024.8.17.2001,06/05/2026,Seção A da 31ª Vara Cível da Capital,1ª CC,Prioridade Legal
0060195-74.2024.8.17.2001,05/05/2026,Seção A da 31ª Vara Cível da Capital,1ª CC,Prioridade Legal
0061299-04.2024.8.17.2001,05/05/2026,Seção A da 31ª Vara Cível da Capital,1ª CC,Prioridade Legal
0067350-31.2024.8.17.2001,13/05/2026,Seção A da 31ª Vara Cível da Capital,1ª CC,Sem prioridade
0078255-61.2025.8.17.2001,15/05/2026,Seção A da 31ª Vara Cível da Capital,1ª CC,Prioridade Legal
0091920-47.2025.8.17.2001,06/05/2026,Seção A da 31ª Vara Cível da Capital,1ª CC,Prioridade Legal
0133738-13.2024.8.17.2001,12/05/2026,Seção A da 31ª Vara Cível da Capital,1ª CC,Prioridade Legal
0141275-60.2024.8.17.2001,29/04/2026,Seção A da 31ª Vara Cível da Capital,1ª CC,Prioridade Legal
0000337-92.2025.8.17.4001,29/04/2026,Seção A da 32ª Vara Cível da Capital,1ª CC,Sem prioridade
0013485-64.2022.8.17.2001,06/05/2026,Seção A da 32ª Vara Cível da Capital,1ª CC,Prioridade Legal
0017534-46.2025.8.17.2001,05/05/2026,Seção A da 32ª Vara Cível da Capital,1ª CC,Sem prioridade
0032084-46.2025.8.17.2001,29/04/2026,Seção A da 32ª Vara Cível da Capital,1ª CC,Sem prioridade
0041437-13.2025.8.17.2001,05/05/2026,Seção A da 32ª Vara Cível da Capital,1ª CC,Prioridade Legal
0050802-91.2025.8.17.2001,30/04/2026,Seção A da 32ª Vara Cível da Capital,1ª CC,Prioridade Legal
0058907-91.2024.8.17.2001,29/04/2026,Seção A da 32ª Vara Cível da Capital,1ª CC,Prioridade Legal
0060741-32.2024.8.17.2001,05/05/2026,Seção A da 32ª Vara Cível da Capital,1ª CC,Prioridade Legal
0076973-85.2025.8.17.2001,30/04/2026,Seção A da 32ª Vara Cível da Capital,1ª CC,Prioridade Legal
0122671-85.2023.8.17.2001,04/05/2026,Seção A da 32ª Vara Cível da Capital,1ª CC,Sem prioridade
0135520-55.2024.8.17.2001,05/05/2026,Seção A da 32ª Vara Cível da Capital,1ª CC,Prioridade Legal
0137422-43.2024.8.17.2001,13/05/2026,Seção A da 32ª Vara Cível da Capital,1ª CC,Prioridade Legal
0139447-29.2024.8.17.2001,24/04/2026,Seção A da 32ª Vara Cível da Capital,1ª CC,Prioridade Legal
0012540-53.2017.8.17.2001,04/05/2026,Seção A da 33ª Vara Cível da Capital,1ª CC,Prioridade Legal
0023400-51.2007.8.17.0001,04/05/2026,Seção A da 33ª Vara Cível da Capital,1ª CC,Sem prioridade
0023680-45.2021.8.17.2001,14/04/2026,Seção A da 33ª Vara Cível da Capital,1ª CCJ,Prioridade Legal
0035575-95.2024.8.17.2001,12/05/2026,Seção A da 33ª Vara Cível da Capital,1ª CC,Prioridade Legal
0036382-81.2025.8.17.2001,29/04/2026,Seção A da 33ª Vara Cível da Capital,1ª CC,Prioridade Legal
0040216-73.2017.8.17.2001,04/05/2026,Seção A da 33ª Vara Cível da Capital,1ª CC,Sem prioridade
0041845-43.2021.8.17.2001,27/04/2026,Seção A da 33ª Vara Cível da Capital,1ª CCJ,Prioridade Legal
0052504-09.2024.8.17.2001,29/04/2026,Seção A da 33ª Vara Cível da Capital,1ª CC,Prioridade Legal
0056127-91.2018.8.17.2001,15/05/2026,Seção A da 33ª Vara Cível da Capital,1ª CC,Sem prioridade
0056599-87.2021.8.17.2001,08/05/2026,Seção A da 33ª Vara Cível da Capital,1ª CC,Sem prioridade
0058726-90.2024.8.17.2001,13/05/2026,Seção A da 33ª Vara Cível da Capital,1ª CC,Prioridade Legal
0087749-52.2022.8.17.2001,04/05/2026,Seção A da 33ª Vara Cível da Capital,1ª CC,Prioridade Legal
0091023-53.2024.8.17.2001,13/05/2026,Seção A da 33ª Vara Cível da Capital,1ª CC,Prioridade Legal
0118550-83.2012.8.17.0001,14/05/2026,Seção A da 33ª Vara Cível da Capital,1ª CC,Prioridade Legal
0118877-22.2024.8.17.2001,15/05/2026,Seção A da 33ª Vara Cível da Capital,1ª CC,Sem prioridade
0137172-15.2021.8.17.2001,07/04/2026,Seção A da 33ª Vara Cível da Capital,1ª CCJ,Prioridade Legal
0159902-83.2022.8.17.2001,12/05/2026,Seção A da 33ª Vara Cível da Capital,1ª CC,Sem prioridade
0002396-49.2019.8.17.2001,22/04/2026,Seção A da 34ª Vara Cível da Capital,1ª CC,Prioridade Legal
0015603-08.2025.8.17.2001,30/04/2026,Seção A da 34ª Vara Cível da Capital,1ª CC,Sem prioridade
0018196-78.2023.8.17.2001,06/05/2026,Seção A da 34ª Vara Cível da Capital,1ª CC,Sem prioridade
0019259-70.2025.8.17.2001,13/05/2026,Seção A da 34ª Vara Cível da Capital,1ª CC,Super prioridade
0021743-58.2025.8.17.2001,28/04/2026,Seção A da 34ª Vara Cível da Capital,1ª CC,Sem prioridade
0030146-84.2023.8.17.2001,12/05/2026,Seção A da 34ª Vara Cível da Capital,1ª CC,Sem prioridade
0035352-45.2024.8.17.2001,29/04/2026,Seção A da 34ª Vara Cível da Capital,1ª CC,Prioridade Legal
0039943-50.2024.8.17.2001,13/05/2026,Seção A da 34ª Vara Cível da Capital,1ª CC,Prioridade Legal
0042439-18.2025.8.17.2001,14/05/2026,Seção A da 34ª Vara Cível da Capital,1ª CC,Prioridade Legal
0042983-06.2025.8.17.2001,05/05/2026,Seção A da 34ª Vara Cível da Capital,1ª CC,Prioridade Legal
0044272-71.2025.8.17.2001,13/05/2026,Seção A da 34ª Vara Cível da Capital,1ª CC,Sem prioridade
0045489-67.2016.8.17.2001,14/04/2026,Seção A da 34ª Vara Cível da Capital,1ª CCJ,Prioridade Legal
0046591-12.2025.8.17.2001,06/05/2026,Seção A da 34ª Vara Cível da Capital,1ª CC,Prioridade Legal
0046715-92.2025.8.17.2001,15/05/2026,Seção A da 34ª Vara Cível da Capital,1ª CC,Sem prioridade
0046936-80.2022.8.17.2001,06/05/2026,Seção A da 34ª Vara Cível da Capital,1ª CC,Super prioridade
0052359-50.2024.8.17.2001,13/05/2026,Seção A da 34ª Vara Cível da Capital,1ª CC,Prioridade Legal
0054315-14.2018.8.17.2001,08/05/2026,Seção A da 34ª Vara Cível da Capital,1ª CC,Prioridade Legal
0055321-28.2007.8.17.0001,12/05/2026,Seção A da 34ª Vara Cível da Capital,1ª CC,Sem prioridade
0056314-55.2025.8.17.2001,30/04/2026,Seção A da 34ª Vara Cível da Capital,1ª CC,Prioridade Legal
0070540-65.2025.8.17.2001,29/04/2026,Seção A da 34ª Vara Cível da Capital,1ª CC,Prioridade Legal
0074835-29.2017.8.17.2001,07/05/2026,Seção A da 34ª Vara Cível da Capital,1ª CCJ,Prioridade Legal
0075366-37.2025.8.17.2001,06/05/2026,Seção A da 34ª Vara Cível da Capital,1ª CC,Prioridade Legal
0078347-39.2025.8.17.2001,27/04/2026,Seção A da 34ª Vara Cível da Capital,1ª CC,Prioridade Legal
0080100-36.2022.8.17.2001,07/05/2026,Seção A da 34ª Vara Cível da Capital,1ª CC,Sem prioridade
0088930-25.2021.8.17.2001,04/05/2026,Seção A da 34ª Vara Cível da Capital,1ª CC,Sem prioridade
0090514-88.2025.8.17.2001,13/05/2026,Seção A da 34ª Vara Cível da Capital,1ª CC,Prioridade Legal
0003530-82.2017.8.17.2001,24/04/2026,Seção A da 35ª Vara Cível da Capital,1ª CC,Sem prioridade
0006564-31.2018.8.17.2001,29/04/2026,Seção A da 35ª Vara Cível da Capital,1ª CC,Sem prioridade
0011306-52.1999.8.17.0001,13/05/2026,Seção A da 35ª Vara Cível da Capital,1ª CC,Sem prioridade
0015945-97.2017.8.17.2001,07/05/2026,Seção A da 35ª Vara Cível da Capital,1ª CC,Sem prioridade
0026901-57.2000.8.17.0001,29/04/2026,Seção A da 35ª Vara Cível da Capital,1ª CC,Sem prioridade
0036519-10.2018.8.17.2001,14/05/2026,Seção A da 35ª Vara Cível da Capital,1ª CC,Sem prioridade
0036688-27.2011.8.17.0001,30/04/2026,Seção A da 35ª Vara Cível da Capital,1ª CC,Sem prioridade
0040583-29.2019.8.17.2001,07/05/2026,Seção A da 35ª Vara Cível da Capital,1ª CC,Sem prioridade
0063352-94.2020.8.17.2001,29/04/2026,Seção A da 35ª Vara Cível da Capital,1ª CC,Sem prioridade
0163790-60.2022.8.17.2001,07/05/2026,Seção A da 35ª Vara Cível da Capital,1ª CC,Sem prioridade
0002586-70.2023.8.17.2001,29/04/2026,Seção A da 36ª Vara Cível da Capital,1ª CC,Prioridade Legal
0008902-91.2000.8.17.0001,04/05/2026,Seção A da 36ª Vara Cível da Capital,1ª CC,Sem prioridade
0011229-56.2019.8.17.2001,13/05/2026,Seção A da 36ª Vara Cível da Capital,1ª CC,Sem prioridade
0013224-07.2019.8.17.2001,15/05/2026,Seção A da 36ª Vara Cível da Capital,1ª CC,Prioridade Legal
0014432-13.1999.8.17.0001,09/04/2026,Seção A da 36ª Vara Cível da Capital,1ª CCJ,Prioridade Legal
0014793-20.2005.8.17.0001,20/04/2026,Seção A da 36ª Vara Cível da Capital,1ª CC,Sem prioridade
0017338-81.2022.8.17.2001,04/05/2026,Seção A da 36ª Vara Cível da Capital,1ª CC,Sem prioridade
0018191-32.2018.8.17.2001,14/05/2026,Seção A da 36ª Vara Cível da Capital,1ª CC,Prioridade Legal
0032314-61.1994.8.17.0001,07/05/2026,Seção A da 36ª Vara Cível da Capital,1ª CC,Sem prioridade
0034012-66.2024.8.17.2001,15/05/2026,Seção A da 36ª Vara Cível da Capital,1ª CC,Prioridade Legal
0041098-25.2023.8.17.2001,15/05/2026,Seção A da 36ª Vara Cível da Capital,1ª CC,Prioridade Legal
0042613-27.2025.8.17.2001,05/05/2026,Seção A da 36ª Vara Cível da Capital,1ª CC,Prioridade Legal
0050276-08.2017.8.17.2001,29/04/2026,Seção A da 36ª Vara Cível da Capital,1ª CC,Sem prioridade
0060916-65.2020.8.17.2001,15/05/2026,Seção A da 36ª Vara Cível da Capital,1ª CC,Prioridade Legal
0068750-51.2022.8.17.2001,07/05/2026,Seção A da 36ª Vara Cível da Capital,1ª CC,Prioridade Legal
0084434-21.2019.8.17.2001,30/04/2026,Seção A da 36ª Vara Cível da Capital,1ª CC,Sem prioridade
0094056-61.2018.8.17.2001,23/04/2026,Seção A da 36ª Vara Cível da Capital,1ª CC,Sem prioridade
0104505-40.2013.8.17.0001,15/05/2026,Seção A da 36ª Vara Cível da Capital,1ª CC,Prioridade Legal
0104625-83.2013.8.17.0001,29/04/2026,Seção A da 36ª Vara Cível da Capital,1ª CC,Sem prioridade
0112009-39.2009.8.17.0001,14/05/2026,Seção A da 36ª Vara Cível da Capital,1ª CC,Super prioridade
0112380-89.2024.8.17.2001,15/05/2026,Seção A da 36ª Vara Cível da Capital,1ª CC,Prioridade Legal
0127986-70.2018.8.17.2001,10/04/2026,Seção A da 36ª Vara Cível da Capital,1ª CCJ,Prioridade Legal
0001906-66.2015.8.17.2001,05/05/2026,Seção A da 3ª Vara Cível da Capital,1ª CC,Sem prioridade
0005278-08.2024.8.17.2001,13/05/2026,Seção A da 3ª Vara Cível da Capital,1ª CC,Sem prioridade
0005691-26.2021.8.17.2001,10/04/2026,Seção A da 3ª Vara Cível da Capital,1ª CCJ,Prioridade Legal
0006016-40.2017.8.17.2001,07/05/2026,Seção A da 3ª Vara Cível da Capital,1ª CCJ,Prioridade Legal
0007407-84.2015.8.17.0001,15/05/2026,Seção A da 3ª Vara Cível da Capital,1ª CC,Prioridade Legal
0009288-95.2024.8.17.2001,05/05/2026,Seção A da 3ª Vara Cível da Capital,1ª CC,Prioridade Legal
0018372-96.2019.8.17.2001,27/04/2026,Seção A da 3ª Vara Cível da Capital,1ª CC,Sem prioridade
0024417-77.2023.8.17.2001,05/05/2026,Seção A da 3ª Vara Cível da Capital,1ª CC,Sem prioridade
0025063-68.2015.8.17.2001,05/05/2026,Seção A da 3ª Vara Cível da Capital,1ª CC,Sem prioridade
0031002-77.2025.8.17.2001,14/05/2026,Seção A da 3ª Vara Cível da Capital,1ª CC,Prioridade Legal
0036040-17.2018.8.17.2001,05/05/2026,Seção A da 3ª Vara Cível da Capital,1ª CC,Sem prioridade
0038477-65.2017.8.17.2001,30/04/2026,Seção A da 3ª Vara Cível da Capital,1ª CCJ,Prioridade Legal
0043679-42.2025.8.17.2001,05/05/2026,Seção A da 3ª Vara Cível da Capital,1ª CC,Prioridade Legal
0047461-04.2018.8.17.2001,13/05/2026,Seção A da 3ª Vara Cível da Capital,1ª CC,Sem prioridade
0051546-33.2018.8.17.2001,12/05/2026,Seção A da 3ª Vara Cível da Capital,1ª CC,Prioridade Legal
0061080-25.2023.8.17.2001,08/05/2026,Seção A da 3ª Vara Cível da Capital,1ª CC,Sem prioridade
0072068-37.2025.8.17.2001,05/05/2026,Seção A da 3ª Vara Cível da Capital,1ª CC,Prioridade Legal
0078724-78.2023.8.17.2001,05/05/2026,Seção A da 3ª Vara Cível da Capital,1ª CC,Sem prioridade
0095082-84.2024.8.17.2001,30/04/2026,Seção A da 3ª Vara Cível da Capital,1ª CC,Prioridade Legal
0098563-60.2021.8.17.2001,29/04/2026,Seção A da 3ª Vara Cível da Capital,1ª CC,Sem prioridade
0099638-32.2024.8.17.2001,29/04/2026,Seção A da 3ª Vara Cível da Capital,1ª CC,Prioridade Legal
0009721-31.2026.8.17.2001,28/04/2026,Seção A da 4ª Vara Cível da Capital,1ª CC,Prioridade Legal
0017015-97.2001.8.17.0001,14/05/2026,Seção A da 4ª Vara Cível da Capital,1ª CC,Prioridade Legal
0017504-89.2017.8.17.2001,28/04/2026,Seção A da 4ª Vara Cível da Capital,1ª CC,Prioridade Legal
0033675-82.2021.8.17.2001,14/05/2026,Seção A da 4ª Vara Cível da Capital,1ª CC,Super prioridade
0039694-75.2019.8.17.2001,06/05/2026,Seção A da 4ª Vara Cível da Capital,1ª CCJ,Prioridade Legal
0042553-98.2018.8.17.2001,15/04/2026,Seção A da 4ª Vara Cível da Capital,1ª CCJ,Sem prioridade
0042738-29.2019.8.17.8201,29/04/2026,Seção A da 4ª Vara Cível da Capital,1ª CC,Prioridade Legal
0058249-39.2013.8.17.0001,14/05/2026,Seção A da 4ª Vara Cível da Capital,1ª CC,Sem prioridade
0058312-97.2021.8.17.2001,14/05/2026,Seção A da 4ª Vara Cível da Capital,1ª CC,Prioridade Legal
0062570-87.2020.8.17.2001,04/05/2026,Seção A da 4ª Vara Cível da Capital,1ª CC,Prioridade Legal
0067433-91.2017.8.17.2001,12/05/2026,Seção A da 4ª Vara Cível da Capital,1ª CC,Prioridade Legal
0077396-17.2014.8.17.0001,29/04/2026,Seção A da 4ª Vara Cível da Capital,1ª CC,Prioridade Legal
0078564-58.2020.8.17.2001,06/05/2026,Seção A da 4ª Vara Cível da Capital,1ª CCJ,Prioridade Legal
0079412-45.2020.8.17.2001,06/05/2026,Seção A da 4ª Vara Cível da Capital,1ª CC,Sem prioridade
0079449-68.2014.8.17.0001,29/04/2026,Seção A da 4ª Vara Cível da Capital,1ª CC,Prioridade Legal
0085197-80.2023.8.17.2001,06/05/2026,Seção A da 4ª Vara Cível da Capital,1ª CC,Prioridade Legal
0107584-55.2024.8.17.2001,15/05/2026,Seção A da 4ª Vara Cível da Capital,1ª CC,Prioridade Legal
0113852-28.2024.8.17.2001,24/04/2026,Seção A da 4ª Vara Cível da Capital,1ª CC,Sem prioridade
0131952-02.2022.8.17.2001,06/05/2026,Seção A da 4ª Vara Cível da Capital,1ª CC,Sem prioridade
0135320-58.2018.8.17.2001,05/05/2026,Seção A da 4ª Vara Cível da Capital,1ª CC,Sem prioridade
0005057-35.2018.8.17.2001,14/05/2026,Seção A da 5ª Vara Cível da Capital,1ª CC,Prioridade Legal
0006696-59.2016.8.17.2001,29/04/2026,Seção A da 5ª Vara Cível da Capital,1ª CC,Prioridade Legal
0008274-08.2026.8.17.2001,15/05/2026,Seção A da 5ª Vara Cível da Capital,1ª CC,Super prioridade
0010411-32.2015.8.17.0001,29/04/2026,Seção A da 5ª Vara Cível da Capital,1ª CC,Sem prioridade
0012963-13.2017.8.17.2001,30/04/2026,Seção A da 5ª Vara Cível da Capital,1ª CC,Sem prioridade
0029176-21.2022.8.17.2001,14/04/2026,Seção A da 5ª Vara Cível da Capital,1ª CCJ,Prioridade Legal
0043200-64.2016.8.17.2001,04/05/2026,Seção A da 5ª Vara Cível da Capital,1ª CCJ,Prioridade Legal
0054859-55.2025.8.17.2001,15/05/2026,Seção A da 5ª Vara Cível da Capital,1ª CC,Prioridade Legal
0068270-45.2011.8.17.0001,04/05/2026,Seção A da 5ª Vara Cível da Capital,1ª CC,Prioridade Legal
0095842-04.2022.8.17.2001,14/05/2026,Seção A da 5ª Vara Cível da Capital,1ª CC,Prioridade Legal
0101449-27.2024.8.17.2001,15/05/2026,Seção A da 5ª Vara Cível da Capital,1ª CC,Prioridade Legal
0111743-41.2024.8.17.2001,29/04/2026,Seção A da 5ª Vara Cível da Capital,1ª CC,Prioridade Legal
0128095-27.2005.8.17.0001,14/05/2026,Seção A da 5ª Vara Cível da Capital,1ª CC,Sem prioridade
0133817-03.2009.8.17.0001,15/05/2026,Seção A da 5ª Vara Cível da Capital,1ª CC,Sem prioridade
0174380-34.2012.8.17.0001,08/05/2026,Seção A da 5ª Vara Cível da Capital,1ª CC,Sem prioridade
0000302-35.2025.8.17.4001,28/04/2026,Seção A da 6ª Vara Cível da Capital,1ª CCJ,Prioridade Legal
0011906-47.2023.8.17.2001,05/05/2026,Seção A da 6ª Vara Cível da Capital,1ª CC,Prioridade Legal
0015493-72.2026.8.17.2001,11/05/2026,Seção A da 6ª Vara Cível da Capital,1ª CC,Prioridade Legal
0015725-60.2021.8.17.2001,12/05/2026,Seção A da 6ª Vara Cível da Capital,1ª CC,Sem prioridade
0018470-13.2021.8.17.2001,14/05/2026,Seção A da 6ª Vara Cível da Capital,1ª CC,Prioridade Legal
0022896-78.2015.8.17.2001,27/04/2026,Seção A da 6ª Vara Cível da Capital,1ª CC,Sem prioridade
0027807-50.2026.8.17.2001,13/05/2026,Seção A da 6ª Vara Cível da Capital,1ª CC,Prioridade Legal
0031321-11.2026.8.17.2001,29/04/2026,Seção A da 6ª Vara Cível da Capital,1ª CC,Prioridade Legal
0033571-61.2019.8.17.2001,06/05/2026,Seção A da 6ª Vara Cível da Capital,1ª CC,Sem prioridade
0043496-53.2008.8.17.0001,14/05/2026,Seção A da 6ª Vara Cível da Capital,1ª CC,Sem prioridade
0055529-12.2007.8.17.0001,14/05/2026,Seção A da 6ª Vara Cível da Capital,1ª CC,Prioridade Legal
0056102-68.2024.8.17.2001,15/05/2026,Seção A da 6ª Vara Cível da Capital,1ª CC,Sem prioridade
0076327-81.2013.8.17.0001,30/04/2026,Seção A da 6ª Vara Cível da Capital,1ª CC,Sem prioridade
0078203-70.2022.8.17.2001,06/05/2026,Seção A da 6ª Vara Cível da Capital,1ª CC,Prioridade Legal
0079768-35.2023.8.17.2001,05/05/2026,Seção A da 6ª Vara Cível da Capital,1ª CC,Sem prioridade
0081598-65.2025.8.17.2001,06/05/2026,Seção A da 6ª Vara Cível da Capital,1ª CC,Prioridade Legal
0107826-14.2024.8.17.2001,14/05/2026,Seção A da 6ª Vara Cível da Capital,1ª CC,Sem prioridade
0124523-13.2024.8.17.2001,23/04/2026,Seção A da 6ª Vara Cível da Capital,1ª CC,Prioridade Legal
0002525-44.2025.8.17.2001,07/05/2026,Seção A da 7ª Vara Cível da Capital,1ª CCJ,Prioridade Legal
0007665-59.2025.8.17.2001,29/04/2026,Seção A da 7ª Vara Cível da Capital,1ª CC,Prioridade Legal
0014167-83.2014.8.17.0001,28/04/2026,Seção A da 7ª Vara Cível da Capital,1ª CC,Prioridade Legal
0021931-27.2020.8.17.2001,06/05/2026,Seção A da 7ª Vara Cível da Capital,1ª CC,Prioridade Legal
0032115-71.2022.8.17.2001,13/05/2026,Seção A da 7ª Vara Cível da Capital,1ª CC,Prioridade Legal
0049355-68.2025.8.17.2001,29/04/2026,Seção A da 7ª Vara Cível da Capital,1ª CC,Sem prioridade
0072468-61.2019.8.17.2001,05/05/2026,Seção A da 7ª Vara Cível da Capital,1ª CC,Super prioridade
0094206-03.2022.8.17.2001,12/05/2026,Seção A da 7ª Vara Cível da Capital,1ª CC,Sem prioridade
0094372-30.2025.8.17.2001,05/05/2026,Seção A da 7ª Vara Cível da Capital,1ª CC,Prioridade Legal
0106537-46.2024.8.17.2001,04/05/2026,Seção A da 7ª Vara Cível da Capital,1ª CC,Prioridade Legal
0119149-16.2024.8.17.2001,06/05/2026,Seção A da 7ª Vara Cível da Capital,1ª CC,Prioridade Legal
0140828-72.2024.8.17.2001,06/05/2026,Seção A da 7ª Vara Cível da Capital,1ª CC,Prioridade Legal
0148760-48.2023.8.17.2001,29/04/2026,Seção A da 7ª Vara Cível da Capital,1ª CC,Sem prioridade
0003190-41.2017.8.17.2001,15/05/2026,Seção A da 8ª Vara Cível da Capital,1ª CCJ,Prioridade Legal
0010575-93.2024.8.17.2001,30/04/2026,Seção A da 8ª Vara Cível da Capital,1ª CC,Prioridade Legal
0023245-32.2025.8.17.2001,06/05/2026,Seção A da 8ª Vara Cível da Capital,1ª CC,Prioridade Legal
0029648-56.2021.8.17.2001,12/05/2026,Seção A da 8ª Vara Cível da Capital,1ª CC,Super prioridade
0031927-49.2020.8.17.2001,24/04/2026,Seção A da 8ª Vara Cível da Capital,1ª CC,Prioridade Legal
0037473-46.2024.8.17.2001,05/05/2026,Seção A da 8ª Vara Cível da Capital,1ª CC,Sem prioridade
0039812-33.2002.8.17.0001,27/04/2026,Seção A da 8ª Vara Cível da Capital,1ª CC,Sem prioridade
0042368-55.2021.8.17.2001,13/05/2026,Seção A da 8ª Vara Cível da Capital,1ª CC,Prioridade Legal
0048340-45.2017.8.17.2001,15/05/2026,Seção A da 8ª Vara Cível da Capital,1ª CCJ,Prioridade Legal
0052645-28.2024.8.17.2001,06/05/2026,Seção A da 8ª Vara Cível da Capital,1ª CCJ,Prioridade Legal
0063409-78.2021.8.17.2001,29/04/2026,Seção A da 8ª Vara Cível da Capital,1ª CC,Sem prioridade
0073127-31.2023.8.17.2001,13/05/2026,Seção A da 8ª Vara Cível da Capital,1ª CC,Prioridade Legal
0087509-68.2019.8.17.2001,13/05/2026,Seção A da 8ª Vara Cível da Capital,1ª CC,Sem prioridade
0100626-53.2024.8.17.2001,13/05/2026,Seção A da 8ª Vara Cível da Capital,1ª CC,Sem prioridade
0112486-17.2025.8.17.2001,13/05/2026,Seção A da 8ª Vara Cível da Capital,1ª CC,Prioridade Legal
0129165-63.2023.8.17.2001,23/04/2026,Seção A da 8ª Vara Cível da Capital,1ª CCJ,Prioridade Legal
0142418-84.2024.8.17.2001,09/04/2026,Seção A da 8ª Vara Cível da Capital,1ª CCJ,Prioridade Legal
0001129-66.2024.8.17.2001,05/05/2026,Seção A da 9ª Vara Cível da Capital,1ª CC,Sem prioridade
0005999-23.2025.8.17.2001,05/05/2026,Seção A da 9ª Vara Cível da Capital,1ª CC,Prioridade Legal
0019916-75.2026.8.17.2001,13/05/2026,Seção A da 9ª Vara Cível da Capital,1ª CC,Prioridade Legal
0032857-04.2019.8.17.2001,06/05/2026,Seção A da 9ª Vara Cível da Capital,1ª CC,Sem prioridade
0035981-87.2022.8.17.2001,08/05/2026,Seção A da 9ª Vara Cível da Capital,1ª CC,Sem prioridade
0036740-22.2020.8.17.2001,30/04/2026,Seção A da 9ª Vara Cível da Capital,1ª CC,Prioridade Legal
0036753-45.2025.8.17.2001,29/04/2026,Seção A da 9ª Vara Cível da Capital,1ª CC,Prioridade Legal
0043087-14.2007.8.17.0001,29/04/2026,Seção A da 9ª Vara Cível da Capital,1ª CC,Prioridade Legal
0046013-55.2013.8.17.0001,14/05/2026,Seção A da 9ª Vara Cível da Capital,1ª CC,Sem prioridade
0047773-67.2024.8.17.2001,28/04/2026,Seção A da 9ª Vara Cível da Capital,1ª CC,Prioridade Legal
0050555-18.2022.8.17.2001,30/04/2026,Seção A da 9ª Vara Cível da Capital,1ª CC,Prioridade Legal
0061309-82.2023.8.17.2001,05/05/2026,Seção A da 9ª Vara Cível da Capital,1ª CC,Sem prioridade
0068152-68.2020.8.17.2001,06/05/2026,Seção A da 9ª Vara Cível da Capital,1ª CC,Prioridade Legal
0072165-08.2023.8.17.2001,05/05/2026,Seção A da 9ª Vara Cível da Capital,1ª CC,Prioridade Legal
0072813-17.2025.8.17.2001,13/05/2026,Seção A da 9ª Vara Cível da Capital,1ª CC,Prioridade Legal
0084433-31.2022.8.17.2001,05/05/2026,Seção A da 9ª Vara Cível da Capital,1ª CC,Sem prioridade
0084613-42.2025.8.17.2001,04/05/2026,Seção A da 9ª Vara Cível da Capital,1ª CCJ,Prioridade Legal
0103773-53.2025.8.17.2001,05/05/2026,Seção A da 9ª Vara Cível da Capital,1ª CC,Prioridade Legal
0130877-54.2024.8.17.2001,13/05/2026,Seção A da 9ª Vara Cível da Capital,1ª CC,Prioridade Legal
0164682-66.2022.8.17.2001,29/04/2026,Seção A da 9ª Vara Cível da Capital,1ª CC,Prioridade Legal
0171011-94.2022.8.17.2001,14/04/2026,Seção A da 9ª Vara Cível da Capital,1ª CCJ,Prioridade Legal
0009019-90.2023.8.17.2001,15/05/2026,Seção B da 10ª Vara Cível da Capital,1ª CC,Prioridade Legal
0019410-70.2024.8.17.2001,05/05/2026,Seção B da 10ª Vara Cível da Capital,1ª CC,Sem prioridade
0021507-77.2023.8.17.2001,29/04/2026,Seção B da 10ª Vara Cível da Capital,1ª CC,Prioridade Legal
0026386-25.2026.8.17.2001,14/05/2026,Seção B da 10ª Vara Cível da Capital,1ª CC,Sem prioridade
0028630-58.2025.8.17.2001,24/04/2026,Seção B da 10ª Vara Cível da Capital,1ª CC,Prioridade Legal
0028909-44.2025.8.17.2001,06/05/2026,Seção B da 10ª Vara Cível da Capital,1ª CC,Prioridade Legal
0032596-44.2016.8.17.2001,29/04/2026,Seção B da 10ª Vara Cível da Capital,1ª CC,Prioridade Legal
0036854-35.2006.8.17.0001,24/04/2026,Seção B da 10ª Vara Cível da Capital,1ª CC,Sem prioridade
0043374-92.2024.8.17.2001,06/05/2026,Seção B da 10ª Vara Cível da Capital,1ª CC,Sem prioridade
0043414-50.2019.8.17.2001,28/04/2026,Seção B da 10ª Vara Cível da Capital,1ª CC,Sem prioridade
0047185-94.2023.8.17.2001,28/04/2026,Seção B da 10ª Vara Cível da Capital,1ª CC,Prioridade Legal
0051472-32.2025.8.17.2001,29/04/2026,Seção B da 10ª Vara Cível da Capital,1ª CC,Prioridade Legal
0054546-02.2022.8.17.2001,05/05/2026,Seção B da 10ª Vara Cível da Capital,1ª CC,Sem prioridade
0060691-12.2012.8.17.0001,14/05/2026,Seção B da 10ª Vara Cível da Capital,1ª CC,Super prioridade
0060933-62.2024.8.17.2001,13/05/2026,Seção B da 10ª Vara Cível da Capital,1ª CC,Prioridade Legal
0066248-08.2023.8.17.2001,05/05/2026,Seção B da 10ª Vara Cível da Capital,1ª CC,Prioridade Legal
0070024-55.2019.8.17.2001,13/05/2026,Seção B da 10ª Vara Cível da Capital,1ª CC,Prioridade Legal
0082974-86.2025.8.17.2001,14/05/2026,Seção B da 10ª Vara Cível da Capital,1ª CC,Prioridade Legal
0090525-88.2023.8.17.2001,15/05/2026,Seção B da 10ª Vara Cível da Capital,1ª CC,Prioridade Legal
0111978-76.2022.8.17.2001,05/05/2026,Seção B da 10ª Vara Cível da Capital,1ª CC,Prioridade Legal
0141023-91.2023.8.17.2001,13/05/2026,Seção B da 10ª Vara Cível da Capital,1ª CC,Prioridade Legal
0160041-98.2023.8.17.2001,13/05/2026,Seção B da 10ª Vara Cível da Capital,1ª CC,Super prioridade
0167082-53.2022.8.17.2001,09/04/2026,Seção B da 10ª Vara Cível da Capital,1ª CCJ,Prioridade Legal
0000107-67.2026.8.17.6021,29/04/2026,Seção B da 11ª Vara Cível da Capital,1ª CC,Prioridade Legal
0001310-09.2020.8.17.2001,12/05/2026,Seção B da 11ª Vara Cível da Capital,1ª CC,Prioridade Legal
0002841-91.2024.8.17.2001,28/04/2026,Seção B da 11ª Vara Cível da Capital,1ª CC,Prioridade Legal
0004002-39.2024.8.17.2001,04/05/2026,Seção B da 11ª Vara Cível da Capital,1ª CC,Prioridade Legal
0005488-88.2026.8.17.2001,29/04/2026,Seção B da 11ª Vara Cível da Capital,1ª CC,Prioridade Legal
0005737-44.2023.8.17.2001,14/05/2026,Seção B da 11ª Vara Cível da Capital,1ª CC,Prioridade Legal
0011457-94.2020.8.17.2001,14/05/2026,Seção B da 11ª Vara Cível da Capital,1ª CC,Prioridade Legal
0012137-74.2023.8.17.2001,28/04/2026,Seção B da 11ª Vara Cível da Capital,1ª CCJ,Prioridade Legal
0013395-95.2018.8.17.2001,06/05/2026,Seção B da 11ª Vara Cível da Capital,1ª CCJ,Prioridade Legal
0015224-04.2024.8.17.2001,05/05/2026,Seção B da 11ª Vara Cível da Capital,1ª CC,Sem prioridade
0015598-20.2024.8.17.2001,05/05/2026,Seção B da 11ª Vara Cível da Capital,1ª CC,Prioridade Legal
0018030-75.2025.8.17.2001,30/04/2026,Seção B da 11ª Vara Cível da Capital,1ª CC,Prioridade Legal
0034721-20.2006.8.17.0001,08/05/2026,Seção B da 11ª Vara Cível da Capital,1ª CCJ,Prioridade Legal
0036714-20.2014.8.17.0001,30/04/2026,Seção B da 11ª Vara Cível da Capital,1ª CC,Prioridade Legal
0044410-82.2018.8.17.2001,05/05/2026,Seção B da 11ª Vara Cível da Capital,1ª CC,Sem prioridade
0045568-31.2025.8.17.2001,14/05/2026,Seção B da 11ª Vara Cível da Capital,1ª CC,Prioridade Legal
0054072-26.2025.8.17.2001,15/05/2026,Seção B da 11ª Vara Cível da Capital,1ª CC,Prioridade Legal
0094145-79.2021.8.17.2001,30/04/2026,Seção B da 11ª Vara Cível da Capital,1ª CC,Sem prioridade
0096840-64.2025.8.17.2001,05/05/2026,Seção B da 11ª Vara Cível da Capital,1ª CC,Prioridade Legal
0114157-12.2024.8.17.2001,28/04/2026,Seção B da 11ª Vara Cível da Capital,1ª CC,Sem prioridade
0133218-53.2024.8.17.2001,12/05/2026,Seção B da 11ª Vara Cível da Capital,1ª CC,Prioridade Legal
0134970-60.2024.8.17.2001,06/05/2026,Seção B da 11ª Vara Cível da Capital,1ª CC,Prioridade Legal
0138629-77.2024.8.17.2001,05/05/2026,Seção B da 11ª Vara Cível da Capital,1ª CC,Sem prioridade
0142909-91.2024.8.17.2001,29/04/2026,Seção B da 11ª Vara Cível da Capital,1ª CC,Prioridade Legal
0001545-68.2023.8.17.2001,07/05/2026,Seção B da 12ª Vara Cível da Capital,1ª CC,Prioridade Legal
0002984-12.2026.8.17.2001,14/05/2026,Seção B da 12ª Vara Cível da Capital,1ª CC,Prioridade Legal
0003371-13.2015.8.17.2001,14/05/2026,Seção B da 12ª Vara Cível da Capital,1ª CCJ,Prioridade Legal
0006999-97.2021.8.17.2001,12/05/2026,Seção B da 12ª Vara Cível da Capital,1ª CC,Prioridade Legal
0008251-05.2013.8.17.0001,04/05/2026,Seção B da 12ª Vara Cível da Capital,1ª CC,Sem prioridade
0008587-81.2017.8.17.2001,06/05/2026,Seção B da 12ª Vara Cível da Capital,1ª CC,Prioridade Legal
0010164-79.2026.8.17.2001,05/05/2026,Seção B da 12ª Vara Cível da Capital,1ª CC,Prioridade Legal
0018034-15.2025.8.17.2001,14/05/2026,Seção B da 12ª Vara Cível da Capital,1ª CC,Sem prioridade
0019969-03.2019.8.17.2001,14/05/2026,Seção B da 12ª Vara Cível da Capital,1ª CC,Prioridade Legal
0022925-16.2024.8.17.2001,29/04/2026,Seção B da 12ª Vara Cível da Capital,1ª CC,Prioridade Legal
0028911-14.2025.8.17.2001,06/05/2026,Seção B da 12ª Vara Cível da Capital,1ª CC,Prioridade Legal
0030707-06.2026.8.17.2001,07/05/2026,Seção B da 12ª Vara Cível da Capital,1ª CC,Prioridade Legal
0031121-38.2025.8.17.2001,14/05/2026,Seção B da 12ª Vara Cível da Capital,1ª CCJ,Prioridade Legal
0038444-31.2024.8.17.2001,29/04/2026,Seção B da 12ª Vara Cível da Capital,1ª CC,Prioridade Legal
0071043-86.2025.8.17.2001,07/05/2026,Seção B da 12ª Vara Cível da Capital,1ª CC,Prioridade Legal
0074884-89.2025.8.17.2001,16/04/2026,Seção B da 12ª Vara Cível da Capital,1ª CCJ,Prioridade Legal
0079946-18.2022.8.17.2001,13/05/2026,Seção B da 12ª Vara Cível da Capital,1ª CC,Prioridade Legal
0098570-13.2025.8.17.2001,05/05/2026,Seção B da 12ª Vara Cível da Capital,1ª CC,Prioridade Legal
0001094-87.2016.8.17.2001,05/05/2026,Seção B da 13ª Vara Cível da Capital,1ª CC,Sem prioridade
0001136-63.2021.8.17.2001,29/04/2026,Seção B da 13ª Vara Cível da Capital,1ª CC,Prioridade Legal
0003844-47.2025.8.17.2001,08/05/2026,Seção B da 13ª Vara Cível da Capital,1ª CC,Prioridade Legal
0006224-87.2018.8.17.2001,29/04/2026,Seção B da 13ª Vara Cível da Capital,1ª CC,Prioridade Legal
0008864-92.2020.8.17.2001,06/04/2026,Seção B da 13ª Vara Cível da Capital,1ª CCJ,Prioridade Legal
0011365-19.2020.8.17.2001,13/04/2026,Seção B da 13ª Vara Cível da Capital,1ª CCJ,Prioridade Legal
0013453-35.2017.8.17.2001,04/05/2026,Seção B da 13ª Vara Cível da Capital,1ª CC,Prioridade Legal
0013672-43.2020.8.17.2001,07/05/2026,Seção B da 13ª Vara Cível da Capital,1ª CC,Prioridade Legal
0015082-10.2018.8.17.2001,29/04/2026,Seção B da 13ª Vara Cível da Capital,1ª CC,Prioridade Legal
0018820-74.2016.8.17.2001,29/04/2026,Seção B da 13ª Vara Cível da Capital,1ª CC,Sem prioridade
0018888-43.2024.8.17.2001,13/05/2026,Seção B da 13ª Vara Cível da Capital,1ª CC,Prioridade Legal
0020119-47.2020.8.17.2001,05/05/2026,Seção B da 13ª Vara Cível da Capital,1ª CC,Sem prioridade
0024204-82.2008.8.17.0001,14/05/2026,Seção B da 13ª Vara Cível da Capital,1ª CC,Sem prioridade
0035760-17.2016.8.17.2001,28/04/2026,Seção B da 13ª Vara Cível da Capital,1ª CC,Sem prioridade
0037651-92.2024.8.17.2001,10/04/2026,Seção B da 13ª Vara Cível da Capital,1ª CCJ,Sem prioridade
0038910-98.2019.8.17.2001,05/05/2026,Seção B da 13ª Vara Cível da Capital,1ª CC,Prioridade Legal
0047363-09.2024.8.17.2001,14/05/2026,Seção B da 13ª Vara Cível da Capital,1ª CC,Sem prioridade
0050135-08.2025.8.17.2001,24/04/2026,Seção B da 13ª Vara Cível da Capital,1ª CC,Sem prioridade
0051479-34.2019.8.17.2001,04/05/2026,Seção B da 13ª Vara Cível da Capital,1ª CCJ,Sem prioridade
0054272-33.2025.8.17.2001,14/05/2026,Seção B da 13ª Vara Cível da Capital,1ª CC,Prioridade Legal
0055816-61.2022.8.17.2001,07/05/2026,Seção B da 13ª Vara Cível da Capital,1ª CC,Prioridade Legal
0057497-95.2024.8.17.2001,14/05/2026,Seção B da 13ª Vara Cível da Capital,1ª CC,Prioridade Legal
0061619-64.2018.8.17.2001,15/05/2026,Seção B da 13ª Vara Cível da Capital,1ª CCJ,Prioridade Legal
0063100-57.2021.8.17.2001,07/05/2026,Seção B da 13ª Vara Cível da Capital,1ª CC,Prioridade Legal
0085345-33.2019.8.17.2001,24/04/2026,Seção B da 13ª Vara Cível da Capital,1ª CC,Prioridade Legal
0109854-52.2024.8.17.2001,13/05/2026,Seção B da 13ª Vara Cível da Capital,1ª CC,Prioridade Legal
0112526-33.2024.8.17.2001,23/04/2026,Seção B da 13ª Vara Cível da Capital,1ª CC,Sem prioridade
0115166-74.1996.8.17.0001,14/05/2026,Seção B da 13ª Vara Cível da Capital,1ª CC,Sem prioridade
0134433-69.2021.8.17.2001,06/05/2026,Seção B da 13ª Vara Cível da Capital,1ª CCJ,Prioridade Legal
0143862-55.2024.8.17.2001,07/05/2026,Seção B da 13ª Vara Cível da Capital,1ª CC,Sem prioridade
0151719-89.2023.8.17.2001,13/05/2026,Seção B da 13ª Vara Cível da Capital,1ª CC,Prioridade Legal
0000985-92.2024.8.17.2001,05/05/2026,Seção B da 15ª Vara Cível da Capital,1ª CC,Prioridade Legal
0001133-11.2021.8.17.2001,06/05/2026,Seção B da 15ª Vara Cível da Capital,1ª CC,Sem prioridade
0011143-46.2023.8.17.2001,05/05/2026,Seção B da 15ª Vara Cível da Capital,1ª CC,Prioridade Legal
0012612-74.2016.8.17.2001,23/04/2026,Seção B da 15ª Vara Cível da Capital,1ª CC,Prioridade Legal
0014516-04.2005.8.17.0001,30/04/2026,Seção B da 15ª Vara Cível da Capital,1ª CCJ,Sem prioridade
0019076-75.2020.8.17.2001,30/04/2026,Seção B da 15ª Vara Cível da Capital,1ª CC,Prioridade Legal
0026480-80.2020.8.17.2001,05/05/2026,Seção B da 15ª Vara Cível da Capital,1ª CCJ,Prioridade Legal
0026855-43.2015.8.17.0001,14/05/2026,Seção B da 15ª Vara Cível da Capital,1ª CC,Sem prioridade
0044660-52.2017.8.17.2001,14/04/2026,Seção B da 15ª Vara Cível da Capital,1ª CCJ,Prioridade Legal
0044792-70.2021.8.17.2001,28/04/2026,Seção B da 15ª Vara Cível da Capital,1ª CC,Sem prioridade
0045888-57.2020.8.17.2001,05/05/2026,Seção B da 15ª Vara Cível da Capital,1ª CC,Sem prioridade
0048878-16.2023.8.17.2001,05/05/2026,Seção B da 15ª Vara Cível da Capital,1ª CCJ,Prioridade Legal
0069913-95.2024.8.17.2001,05/05/2026,Seção B da 15ª Vara Cível da Capital,1ª CC,Prioridade Legal
0076795-78.2021.8.17.2001,05/05/2026,Seção B da 15ª Vara Cível da Capital,1ª CCJ,Prioridade Legal
0098689-77.2013.8.17.0001,14/05/2026,Seção B da 15ª Vara Cível da Capital,1ª CCJ,Prioridade Legal
0132151-58.2021.8.17.2001,30/04/2026,Seção B da 15ª Vara Cível da Capital,1ª CC,Prioridade Legal
0147795-47.2009.8.17.0001,08/05/2026,Seção B da 15ª Vara Cível da Capital,1ª CC,Sem prioridade
0001171-23.2021.8.17.2001,14/04/2026,Seção B da 16ª Vara Cível da Capital,1ª CCJ,Prioridade Legal
0007276-85.2010.8.17.0001,15/05/2026,Seção B da 16ª Vara Cível da Capital,1ª CC,Sem prioridade
0008855-63.2013.8.17.0001,05/05/2026,Seção B da 16ª Vara Cível da Capital,1ª CC,Sem prioridade
0015134-98.2021.8.17.2001,06/05/2026,Seção B da 16ª Vara Cível da Capital,1ª CC,Sem prioridade
0015873-09.2011.8.17.0001,12/05/2026,Seção B da 16ª Vara Cível da Capital,1ª CCJ,Prioridade Legal
0021025-03.2021.8.17.2001,16/04/2026,Seção B da 16ª Vara Cível da Capital,1ª CCJ,Prioridade Legal
0026577-47.2012.8.17.0001,15/05/2026,Seção B da 16ª Vara Cível da Capital,1ª CCJ,Prioridade Legal
0045974-23.2023.8.17.2001,05/05/2026,Seção B da 16ª Vara Cível da Capital,1ª CC,Prioridade Legal
0053691-86.2023.8.17.2001,13/05/2026,Seção B da 16ª Vara Cível da Capital,1ª CC,Sem prioridade
0058504-88.2025.8.17.2001,14/05/2026,Seção B da 16ª Vara Cível da Capital,1ª CC,Sem prioridade
0058750-55.2023.8.17.2001,28/04/2026,Seção B da 16ª Vara Cível da Capital,1ª CC,Prioridade Legal
0065656-71.2017.8.17.2001,12/05/2026,Seção B da 16ª Vara Cível da Capital,1ª CC,Prioridade Legal
0070491-92.2023.8.17.2001,17/04/2026,Seção B da 16ª Vara Cível da Capital,1ª CCJ,Prioridade Legal
0089138-73.2013.8.17.0001,07/05/2026,Seção B da 16ª Vara Cível da Capital,1ª CC,Sem prioridade
0092389-98.2022.8.17.2001,12/05/2026,Seção B da 16ª Vara Cível da Capital,1ª CCJ,Prioridade Legal
0097544-77.2025.8.17.2001,05/05/2026,Seção B da 16ª Vara Cível da Capital,1ª CC,Prioridade Legal
0109659-67.2024.8.17.2001,20/04/2026,Seção B da 16ª Vara Cível da Capital,1ª CCJ,Prioridade Legal
0111504-03.2025.8.17.2001,08/05/2026,Seção B da 16ª Vara Cível da Capital,1ª CC,Prioridade Legal
0121489-30.2024.8.17.2001,08/05/2026,Seção B da 16ª Vara Cível da Capital,1ª CC,Prioridade Legal
0134033-84.2023.8.17.2001,14/04/2026,Seção B da 16ª Vara Cível da Capital,1ª CCJ,Prioridade Legal
0134103-67.2024.8.17.2001,29/04/2026,Seção B da 16ª Vara Cível da Capital,1ª CCJ,Prioridade Legal
0144747-79.2018.8.17.2001,06/05/2026,Seção B da 16ª Vara Cível da Capital,1ª CC,Prioridade Legal
0150744-04.2022.8.17.2001,05/05/2026,Seção B da 16ª Vara Cível da Capital,1ª CC,Prioridade Legal
0160684-90.2022.8.17.2001,05/05/2026,Seção B da 16ª Vara Cível da Capital,1ª CC,Sem prioridade
0619611-73.1999.8.17.0001,15/05/2026,Seção B da 16ª Vara Cível da Capital,1ª CC,Sem prioridade
0002252-75.2019.8.17.2001,05/05/2026,Seção B da 17ª Vara Cível da Capital,1ª CC,Sem prioridade
0021858-60.2017.8.17.2001,06/04/2026,Seção B da 17ª Vara Cível da Capital,1ª CCJ,Prioridade Legal
0024732-86.2015.8.17.2001,04/05/2026,Seção B da 17ª Vara Cível da Capital,1ª CC,Prioridade Legal
0030033-72.2019.8.17.2001,20/04/2026,Seção B da 17ª Vara Cível da Capital,1ª CCJ,Prioridade Legal
0042054-76.2013.8.17.0001,04/05/2026,Seção B da 17ª Vara Cível da Capital,1ª CC,Prioridade Legal
0042583-31.2021.8.17.2001,30/04/2026,Seção B da 17ª Vara Cível da Capital,1ª CC,Sem prioridade
0043082-45.2014.8.17.0001,14/05/2026,Seção B da 17ª Vara Cível da Capital,1ª CC,Sem prioridade
0043420-29.2008.8.17.0001,15/05/2026,Seção B da 17ª Vara Cível da Capital,1ª CC,Sem prioridade
0047534-29.2025.8.17.2001,07/04/2026,Seção B da 17ª Vara Cível da Capital,1ª CCJ,Prioridade Legal
0048724-08.2017.8.17.2001,05/05/2026,Seção B da 17ª Vara Cível da Capital,1ª CC,Sem prioridade
0050617-53.2025.8.17.2001,13/04/2026,Seção B da 17ª Vara Cível da Capital,1ª CCJ,Prioridade Legal
0053501-65.2019.8.17.2001,05/05/2026,Seção B da 17ª Vara Cível da Capital,1ª CC,Prioridade Legal
0070292-36.2024.8.17.2001,13/05/2026,Seção B da 17ª Vara Cível da Capital,1ª CC,Super prioridade
0075147-58.2024.8.17.2001,27/04/2026,Seção B da 17ª Vara Cível da Capital,1ª CCJ,Prioridade Legal
0075456-79.2024.8.17.2001,05/05/2026,Seção B da 17ª Vara Cível da Capital,1ª CC,Super prioridade
0078504-17.2022.8.17.2001,05/05/2026,Seção B da 17ª Vara Cível da Capital,1ª CC,Prioridade Legal
0082989-60.2022.8.17.2001,06/05/2026,Seção B da 17ª Vara Cível da Capital,1ª CC,Prioridade Legal
0102794-28.2024.8.17.2001,06/04/2026,Seção B da 17ª Vara Cível da Capital,1ª CCJ,Prioridade Legal
0104056-13.2024.8.17.2001,16/04/2026,Seção B da 17ª Vara Cível da Capital,1ª CCJ,Sem prioridade
0125797-12.2024.8.17.2001,11/05/2026,Seção B da 17ª Vara Cível da Capital,1ª CC,Prioridade Legal
0129826-76.2022.8.17.2001,22/04/2026,Seção B da 17ª Vara Cível da Capital,1ª CCJ,Prioridade Legal
0133412-58.2021.8.17.2001,22/04/2026,Seção B da 17ª Vara Cível da Capital,1ª CCJ,Prioridade Legal
0137570-54.2024.8.17.2001,14/05/2026,Seção B da 17ª Vara Cível da Capital,1ª CC,Sem prioridade
0016071-11.2021.8.17.2001,13/05/2026,Seção B da 18ª Vara Cível da Capital,1ª CC,Prioridade Legal
0036187-09.2019.8.17.2001,14/05/2026,Seção B da 18ª Vara Cível da Capital,1ª CC,Prioridade Legal
0064753-65.2019.8.17.2001,05/05/2026,Seção B da 18ª Vara Cível da Capital,1ª CC,Sem prioridade
0088785-27.2025.8.17.2001,06/05/2026,Seção B da 18ª Vara Cível da Capital,1ª CC,Super prioridade
0120768-78.2024.8.17.2001,08/05/2026,Seção B da 18ª Vara Cível da Capital,1ª CC,Prioridade Legal
0127295-51.2021.8.17.2001,30/04/2026,Seção B da 18ª Vara Cível da Capital,1ª CC,Sem prioridade
0146017-65.2023.8.17.2001,15/05/2026,Seção B da 18ª Vara Cível da Capital,1ª CC,Prioridade Legal
0001761-68.2019.8.17.2001,07/05/2026,Seção B da 19ª Vara Cível da Capital,1ª CC,Prioridade Legal
0004231-62.2025.8.17.2001,13/05/2026,Seção B da 19ª Vara Cível da Capital,1ª CCJ,Prioridade Legal
0021160-78.2022.8.17.2001,05/05/2026,Seção B da 19ª Vara Cível da Capital,1ª CCJ,Prioridade Legal
0022565-96.2015.8.17.2001,23/04/2026,Seção B da 19ª Vara Cível da Capital,1ª CCJ,Prioridade Legal
0026471-55.2019.8.17.2001,06/05/2026,Seção B da 19ª Vara Cível da Capital,1ª CC,Sem prioridade
0027103-71.2025.8.17.2001,30/04/2026,Seção B da 19ª Vara Cível da Capital,1ª CC,Sem prioridade
0032236-31.2024.8.17.2001,13/05/2026,Seção B da 19ª Vara Cível da Capital,1ª CC,Prioridade Legal
0033135-63.2023.8.17.2001,29/04/2026,Seção B da 19ª Vara Cível da Capital,1ª CC,Prioridade Legal
0034024-61.2016.8.17.2001,29/04/2026,Seção B da 19ª Vara Cível da Capital,1ª CC,Sem prioridade
0036145-52.2022.8.17.2001,05/05/2026,Seção B da 19ª Vara Cível da Capital,1ª CCJ,Prioridade Legal
0038296-59.2020.8.17.2001,31/03/2026,Seção B da 19ª Vara Cível da Capital,1ª CCJ,Prioridade Legal
0045556-51.2024.8.17.2001,14/05/2026,Seção B da 19ª Vara Cível da Capital,1ª CC,Prioridade Legal
0048234-05.2025.8.17.2001,04/05/2026,Seção B da 19ª Vara Cível da Capital,1ª CC,Prioridade Legal
0048515-39.2017.8.17.2001,29/04/2026,Seção B da 19ª Vara Cível da Capital,1ª CC,Sem prioridade
0052372-49.2024.8.17.2001,07/04/2026,Seção B da 19ª Vara Cível da Capital,1ª CCJ,Prioridade Legal
0057184-71.2023.8.17.2001,15/05/2026,Seção B da 19ª Vara Cível da Capital,1ª CCJ,Prioridade Legal
0067323-14.2025.8.17.2001,23/04/2026,Seção B da 19ª Vara Cível da Capital,1ª CC,Prioridade Legal
0068688-40.2024.8.17.2001,06/05/2026,Seção B da 19ª Vara Cível da Capital,1ª CC,Prioridade Legal
0072054-29.2020.8.17.2001,29/04/2026,Seção B da 19ª Vara Cível da Capital,1ª CCJ,Prioridade Legal
0072557-79.2022.8.17.2001,29/04/2026,Seção B da 19ª Vara Cível da Capital,1ª CC,Sem prioridade
0073398-06.2024.8.17.2001,12/05/2026,Seção B da 19ª Vara Cível da Capital,1ª CC,Super prioridade
0085374-44.2023.8.17.2001,05/05/2026,Seção B da 19ª Vara Cível da Capital,1ª CC,Prioridade Legal
0101489-43.2023.8.17.2001,15/05/2026,Seção B da 19ª Vara Cível da Capital,1ª CCJ,Prioridade Legal
0101645-65.2022.8.17.2001,30/04/2026,Seção B da 19ª Vara Cível da Capital,1ª CC,Sem prioridade
0102568-23.2024.8.17.2001,12/05/2026,Seção B da 19ª Vara Cível da Capital,1ª CC,Prioridade Legal
0122298-88.2022.8.17.2001,05/05/2026,Seção B da 19ª Vara Cível da Capital,1ª CCJ,Prioridade Legal
0130220-20.2021.8.17.2001,13/04/2026,Seção B da 19ª Vara Cível da Capital,1ª CCJ,Prioridade Legal
0138745-83.2024.8.17.2001,13/05/2026,Seção B da 19ª Vara Cível da Capital,1ª CC,Prioridade Legal
0138762-56.2023.8.17.2001,07/04/2026,Seção B da 19ª Vara Cível da Capital,1ª CCJ,Sem prioridade
0140543-79.2024.8.17.2001,06/05/2026,Seção B da 19ª Vara Cível da Capital,1ª CCJ,Sem prioridade
0166388-84.2022.8.17.2001,29/04/2026,Seção B da 19ª Vara Cível da Capital,1ª CC,Prioridade Legal
0003537-44.2024.8.17.4001,06/05/2026,Seção B da 1ª Vara Cível da Capital,1ª CC,Prioridade Legal
0017507-45.2008.8.17.0001,13/05/2026,Seção B da 1ª Vara Cível da Capital,1ª CC,Sem prioridade
0017700-31.2006.8.17.0001,14/05/2026,Seção B da 1ª Vara Cível da Capital,1ª CC,Sem prioridade
0023807-90.2015.8.17.2001,01/04/2026,Seção B da 1ª Vara Cível da Capital,1ª CCJ,Prioridade Legal
0026008-06.2025.8.17.2001,05/05/2026,Seção B da 1ª Vara Cível da Capital,1ª CC,Super prioridade
0029782-20.2020.8.17.2001,13/05/2026,Seção B da 1ª Vara Cível da Capital,1ª CC,Prioridade Legal
0039307-32.2008.8.17.0001,14/05/2026,Seção B da 1ª Vara Cível da Capital,1ª CC,Prioridade Legal
0050048-52.2025.8.17.2001,12/05/2026,Seção B da 1ª Vara Cível da Capital,1ª CC,Prioridade Legal
0053602-34.2021.8.17.2001,28/04/2026,Seção B da 1ª Vara Cível da Capital,1ª CC,Prioridade Legal
0083282-30.2022.8.17.2001,06/05/2026,Seção B da 1ª Vara Cível da Capital,1ª CC,Prioridade Legal
0084533-49.2023.8.17.2001,06/05/2026,Seção B da 1ª Vara Cível da Capital,1ª CC,Prioridade Legal
0113235-39.2022.8.17.2001,06/05/2026,Seção B da 1ª Vara Cível da Capital,1ª CC,Prioridade Legal
0144671-45.2024.8.17.2001,13/05/2026,Seção B da 1ª Vara Cível da Capital,1ª CC,Prioridade Legal
0160172-10.2022.8.17.2001,14/05/2026,Seção B da 1ª Vara Cível da Capital,1ª CC,Prioridade Legal
0006681-96.2004.8.17.0001,07/05/2026,Seção B da 20ª Vara Cível da Capital,1ª CC,Sem prioridade
0007041-15.2022.8.17.2001,05/05/2026,Seção B da 20ª Vara Cível da Capital,1ª CC,Sem prioridade
0013457-72.2017.8.17.2001,12/05/2026,Seção B da 20ª Vara Cível da Capital,1ª CC,Sem prioridade
0013544-57.2019.8.17.2001,30/04/2026,Seção B da 20ª Vara Cível da Capital,1ª CC,Sem prioridade
0015757-07.2017.8.17.2001,07/05/2026,Seção B da 20ª Vara Cível da Capital,1ª CC,Prioridade Legal
0020196-80.2025.8.17.2001,14/05/2026,Seção B da 20ª Vara Cível da Capital,1ª CC,Prioridade Legal
0026387-15.2023.8.17.2001,15/05/2026,Seção B da 20ª Vara Cível da Capital,1ª CC,Super prioridade
0037224-95.2024.8.17.2001,28/04/2026,Seção B da 20ª Vara Cível da Capital,1ª CC,Prioridade Legal
0037727-19.2024.8.17.2001,07/05/2026,Seção B da 20ª Vara Cível da Capital,1ª CC,Prioridade Legal
0040019-40.2025.8.17.2001,05/05/2026,Seção B da 20ª Vara Cível da Capital,1ª CC,Prioridade Legal
0040343-30.2025.8.17.2001,05/05/2026,Seção B da 20ª Vara Cível da Capital,1ª CC,Super prioridade
0050241-67.2025.8.17.2001,06/05/2026,Seção B da 20ª Vara Cível da Capital,1ª CC,Prioridade Legal
0091307-71.2018.8.17.2001,29/04/2026,Seção B da 20ª Vara Cível da Capital,1ª CC,Sem prioridade
0115778-15.2022.8.17.2001,29/04/2026,Seção B da 20ª Vara Cível da Capital,1ª CC,Prioridade Legal
0122079-41.2023.8.17.2001,05/05/2026,Seção B da 20ª Vara Cível da Capital,1ª CC,Prioridade Legal
0139829-56.2023.8.17.2001,30/04/2026,Seção B da 20ª Vara Cível da Capital,1ª CC,Prioridade Legal
0152844-29.2022.8.17.2001,05/05/2026,Seção B da 20ª Vara Cível da Capital,1ª CC,Sem prioridade
0022142-05.2016.8.17.2001,05/05/2026,Seção B da 21ª Vara Cível da Capital,1ª CC,Sem prioridade
0023303-74.2021.8.17.2001,14/05/2026,Seção B da 21ª Vara Cível da Capital,1ª CC,Sem prioridade
0029398-57.2020.8.17.2001,05/05/2026,Seção B da 21ª Vara Cível da Capital,1ª CC,Sem prioridade
0035920-38.2010.8.17.0001,14/05/2026,Seção B da 21ª Vara Cível da Capital,1ª CC,Sem prioridade
0047390-89.2024.8.17.2001,07/05/2026,Seção B da 21ª Vara Cível da Capital,1ª CC,Prioridade Legal
0055886-44.2023.8.17.2001,14/05/2026,Seção B da 21ª Vara Cível da Capital,1ª CC,Sem prioridade
0070492-09.2025.8.17.2001,07/05/2026,Seção B da 21ª Vara Cível da Capital,1ª CC,Prioridade Legal
0073702-44.2020.8.17.2001,13/05/2026,Seção B da 21ª Vara Cível da Capital,1ª CC,Prioridade Legal
0080998-44.2025.8.17.2001,30/04/2026,Seção B da 21ª Vara Cível da Capital,1ª CC,Prioridade Legal
0083045-25.2024.8.17.2001,04/05/2026,Seção B da 21ª Vara Cível da Capital,1ª CC,Prioridade Legal
0104597-57.2009.8.17.0001,14/05/2026,Seção B da 21ª Vara Cível da Capital,1ª CC,Prioridade Legal
0118770-12.2023.8.17.2001,15/05/2026,Seção B da 21ª Vara Cível da Capital,1ª CC,Sem prioridade
0119696-27.2022.8.17.2001,14/05/2026,Seção B da 21ª Vara Cível da Capital,1ª CC,Sem prioridade
0161223-22.2023.8.17.2001,08/05/2026,Seção B da 21ª Vara Cível da Capital,1ª CC,Prioridade Legal
0002867-41.2014.8.17.2001,14/04/2026,Seção B da 22ª Vara Cível da Capital,1ª CCJ,Prioridade Legal
0004649-05.2022.8.17.2001,23/04/2026,Seção B da 22ª Vara Cível da Capital,1ª CCJ,Prioridade Legal
0009439-19.2002.8.17.0001,29/04/2026,Seção B da 22ª Vara Cível da Capital,1ª CCJ,Sem prioridade
0011702-08.2020.8.17.2001,13/05/2026,Seção B da 22ª Vara Cível da Capital,1ª CC,Prioridade Legal
0031888-92.2007.8.17.0001,14/05/2026,Seção B da 22ª Vara Cível da Capital,1ª CC,Sem prioridade
0038383-54.2016.8.17.2001,22/04/2026,Seção B da 22ª Vara Cível da Capital,1ª CCJ,Prioridade Legal
0039817-97.2024.8.17.2001,13/05/2026,Seção B da 22ª Vara Cível da Capital,1ª CC,Prioridade Legal
0046566-10.2010.8.17.0001,30/04/2026,Seção B da 22ª Vara Cível da Capital,1ª CC,Sem prioridade
0046739-38.2016.8.17.2001,14/05/2026,Seção B da 22ª Vara Cível da Capital,1ª CC,Prioridade Legal
0046877-87.2025.8.17.2001,05/05/2026,Seção B da 22ª Vara Cível da Capital,1ª CC,Prioridade Legal
0048508-37.2023.8.17.2001,06/05/2026,Seção B da 22ª Vara Cível da Capital,1ª CC,Prioridade Legal
0054548-98.2024.8.17.2001,14/04/2026,Seção B da 22ª Vara Cível da Capital,1ª CCJ,Prioridade Legal
0060513-33.2019.8.17.2001,05/05/2026,Seção B da 22ª Vara Cível da Capital,1ª CC,Sem prioridade
0065833-30.2020.8.17.2001,28/04/2026,Seção B da 22ª Vara Cível da Capital,1ª CC,Sem prioridade
0072761-21.2025.8.17.2001,15/05/2026,Seção B da 22ª Vara Cível da Capital,1ª CC,Prioridade Legal
0084343-57.2021.8.17.2001,30/04/2026,Seção B da 22ª Vara Cível da Capital,1ª CC,Sem prioridade
0102940-69.2024.8.17.2001,08/05/2026,Seção B da 22ª Vara Cível da Capital,1ª CC,Sem prioridade
0105780-86.2023.8.17.2001,30/04/2026,Seção B da 22ª Vara Cível da Capital,1ª CC,Prioridade Legal
0111273-10.2024.8.17.2001,12/05/2026,Seção B da 22ª Vara Cível da Capital,1ª CC,Prioridade Legal
0120557-47.2021.8.17.2001,30/04/2026,Seção B da 22ª Vara Cível da Capital,1ª CC,Prioridade Legal
0141960-67.2024.8.17.2001,04/05/2026,Seção B da 22ª Vara Cível da Capital,1ª CC,Prioridade Legal
0145343-87.2023.8.17.2001,30/04/2026,Seção B da 22ª Vara Cível da Capital,1ª CC,Prioridade Legal
0001523-45.2013.8.17.0001,13/05/2026,Seção B da 23ª Vara Cível da Capital,1ª CC,Prioridade Legal
0011917-71.2026.8.17.2001,06/05/2026,Seção B da 23ª Vara Cível da Capital,1ª CC,Prioridade Legal
0014422-07.2015.8.17.0001,08/05/2026,Seção B da 23ª Vara Cível da Capital,1ª CC,Prioridade Legal
0022228-34.2020.8.17.2001,08/05/2026,Seção B da 23ª Vara Cível da Capital,1ª CC,Prioridade Legal
0024092-78.2018.8.17.2001,23/04/2026,Seção B da 23ª Vara Cível da Capital,1ª CC,Prioridade Legal
0027203-41.2016.8.17.2001,04/05/2026,Seção B da 23ª Vara Cível da Capital,1ª CC,Sem prioridade
0035366-50.2003.8.17.0001,14/04/2026,Seção B da 23ª Vara Cível da Capital,1ª CCJ,Sem prioridade
0041872-60.2020.8.17.2001,23/04/2026,Seção B da 23ª Vara Cível da Capital,1ª CC,Prioridade Legal
0053913-02.2007.8.17.0001,14/05/2026,Seção B da 23ª Vara Cível da Capital,1ª CC,Super prioridade
0054301-25.2021.8.17.2001,05/05/2026,Seção B da 23ª Vara Cível da Capital,1ª CC,Sem prioridade
0058661-67.2013.8.17.0001,12/05/2026,Seção B da 23ª Vara Cível da Capital,1ª CC,Sem prioridade
0062188-31.2019.8.17.2001,14/05/2026,Seção B da 23ª Vara Cível da Capital,1ª CCJ,Prioridade Legal
0062570-19.2022.8.17.2001,06/05/2026,Seção B da 23ª Vara Cível da Capital,1ª CC,Prioridade Legal
0064518-30.2021.8.17.2001,29/04/2026,Seção B da 23ª Vara Cível da Capital,1ª CC,Sem prioridade
0069292-64.2025.8.17.2001,06/05/2026,Seção B da 23ª Vara Cível da Capital,1ª CC,Prioridade Legal
0087292-54.2021.8.17.2001,14/05/2026,Seção B da 23ª Vara Cível da Capital,1ª CC,Prioridade Legal
0115604-06.2022.8.17.2001,13/05/2026,Seção B da 23ª Vara Cível da Capital,1ª CC,Sem prioridade
0116378-36.2022.8.17.2001,05/05/2026,Seção B da 23ª Vara Cível da Capital,1ª CC,Prioridade Legal
0001542-51.2013.8.17.0001,11/05/2026,Seção B da 24ª Vara Cível da Capital,1ª CC,Sem prioridade
0004654-08.2014.8.17.2001,14/05/2026,Seção B da 24ª Vara Cível da Capital,1ª CC,Prioridade Legal
0008798-21.2008.8.17.0001,07/05/2026,Seção B da 24ª Vara Cível da Capital,1ª CC,Sem prioridade
0012176-71.2023.8.17.2001,28/04/2026,Seção B da 24ª Vara Cível da Capital,1ª CC,Prioridade Legal
0014843-69.2019.8.17.2001,07/05/2026,Seção B da 24ª Vara Cível da Capital,1ª CC,Prioridade Legal
0027501-52.2024.8.17.2001,11/05/2026,Seção B da 24ª Vara Cível da Capital,1ª CC,Prioridade Legal
0042235-87.2007.8.17.0001,13/05/2026,Seção B da 24ª Vara Cível da Capital,1ª CC,Sem prioridade
0047787-67.2006.8.17.0001,28/04/2026,Seção B da 24ª Vara Cível da Capital,1ª CCJ,Sem prioridade
0048123-37.2007.8.17.0001,30/04/2026,Seção B da 24ª Vara Cível da Capital,1ª CC,Super prioridade
0050261-73.2016.8.17.2001,14/05/2026,Seção B da 24ª Vara Cível da Capital,1ª CC,Prioridade Legal
0050984-77.2025.8.17.2001,06/05/2026,Seção B da 24ª Vara Cível da Capital,1ª CC,Prioridade Legal
0053381-46.2024.8.17.2001,14/05/2026,Seção B da 24ª Vara Cível da Capital,1ª CC,Prioridade Legal
0061469-55.2007.8.17.0001,14/05/2026,Seção B da 24ª Vara Cível da Capital,1ª CC,Prioridade Legal
0063154-57.2020.8.17.2001,05/05/2026,Seção B da 24ª Vara Cível da Capital,1ª CCJ,Prioridade Legal
0081219-03.2020.8.17.2001,07/05/2026,Seção B da 24ª Vara Cível da Capital,1ª CC,Prioridade Legal
0082574-48.2020.8.17.2001,05/05/2026,Seção B da 24ª Vara Cível da Capital,1ª CC,Sem prioridade
0113794-25.2024.8.17.2001,04/05/2026,Seção B da 24ª Vara Cível da Capital,1ª CC,Sem prioridade
0130625-85.2023.8.17.2001,12/05/2026,Seção B da 24ª Vara Cível da Capital,1ª CC,Prioridade Legal
0131986-40.2023.8.17.2001,14/05/2026,Seção B da 24ª Vara Cível da Capital,1ª CC,Prioridade Legal
0194969-47.2012.8.17.0001,30/04/2026,Seção B da 24ª Vara Cível da Capital,1ª CC,Sem prioridade
0012383-07.2022.8.17.2001,12/05/2026,Seção B da 26ª Vara Cível da Capital,1ª CC,Prioridade Legal
0018154-98.2012.8.17.0001,20/04/2026,Seção B da 26ª Vara Cível da Capital,1ª CCJ,Sem prioridade
0020165-60.2025.8.17.2001,11/05/2026,Seção B da 26ª Vara Cível da Capital,1ª CC,Prioridade Legal
0026789-28.2025.8.17.2001,04/05/2026,Seção B da 26ª Vara Cível da Capital,1ª CC,Prioridade Legal
0034627-22.2025.8.17.2001,04/05/2026,Seção B da 26ª Vara Cível da Capital,1ª CC,Super prioridade
0040389-53.2024.8.17.2001,07/05/2026,Seção B da 26ª Vara Cível da Capital,1ª CC,Prioridade Legal
0045796-06.2025.8.17.2001,04/05/2026,Seção B da 26ª Vara Cível da Capital,1ª CC,Prioridade Legal
0052159-09.2025.8.17.2001,14/05/2026,Seção B da 26ª Vara Cível da Capital,1ª CC,Prioridade Legal
0055906-64.2025.8.17.2001,28/04/2026,Seção B da 26ª Vara Cível da Capital,1ª CC,Sem prioridade
0059488-72.2025.8.17.2001,06/05/2026,Seção B da 26ª Vara Cível da Capital,1ª CC,Super prioridade
0061657-71.2021.8.17.2001,29/04/2026,Seção B da 26ª Vara Cível da Capital,1ª CC,Sem prioridade
0064145-57.2025.8.17.2001,11/05/2026,Seção B da 26ª Vara Cível da Capital,1ª CC,Sem prioridade
0068163-24.2025.8.17.2001,23/04/2026,Seção B da 26ª Vara Cível da Capital,1ª CC,Sem prioridade
0070582-95.2017.8.17.2001,14/05/2026,Seção B da 26ª Vara Cível da Capital,1ª CC,Prioridade Legal
0076295-51.2017.8.17.2001,04/05/2026,Seção B da 26ª Vara Cível da Capital,1ª CC,Prioridade Legal
0079680-02.2020.8.17.2001,14/05/2026,Seção B da 26ª Vara Cível da Capital,1ª CC,Prioridade Legal
0115678-60.2022.8.17.2001,13/05/2026,Seção B da 26ª Vara Cível da Capital,1ª CC,Prioridade Legal
0118291-87.2021.8.17.2001,04/05/2026,Seção B da 26ª Vara Cível da Capital,1ª CC,Prioridade Legal
0136298-25.2024.8.17.2001,28/04/2026,Seção B da 26ª Vara Cível da Capital,1ª CC,Prioridade Legal
0000133-34.2025.8.17.2001,05/05/2026,Seção B da 27ª Vara Cível da Capital,1ª CC,Prioridade Legal
0000576-92.2019.8.17.2001,14/04/2026,Seção B da 27ª Vara Cível da Capital,1ª CCJ,Prioridade Legal
0001527-92.2007.8.17.0001,15/05/2026,Seção B da 27ª Vara Cível da Capital,1ª CC,Sem prioridade
0005276-86.2023.8.17.4001,06/05/2026,Seção B da 27ª Vara Cível da Capital,1ª CC,Sem prioridade
0016789-66.2025.8.17.2001,27/04/2026,Seção B da 27ª Vara Cível da Capital,1ª CC,Prioridade Legal
0021695-80.2017.8.17.2001,06/05/2026,Seção B da 27ª Vara Cível da Capital,1ª CC,Sem prioridade
0025120-71.2024.8.17.2001,11/05/2026,Seção B da 27ª Vara Cível da Capital,1ª CC,Prioridade Legal
0049173-19.2024.8.17.2001,14/05/2026,Seção B da 27ª Vara Cível da Capital,1ª CC,Prioridade Legal
0056181-13.2025.8.17.2001,05/05/2026,Seção B da 27ª Vara Cível da Capital,1ª CC,Prioridade Legal
0065706-92.2020.8.17.2001,04/05/2026,Seção B da 27ª Vara Cível da Capital,1ª CC,Sem prioridade
0072873-63.2020.8.17.2001,08/05/2026,Seção B da 27ª Vara Cível da Capital,1ª CC,Sem prioridade
0082454-39.2019.8.17.2001,13/05/2026,Seção B da 27ª Vara Cível da Capital,1ª CC,Prioridade Legal
0156356-83.2023.8.17.2001,14/05/2026,Seção B da 27ª Vara Cível da Capital,1ª CC,Prioridade Legal
0180188-20.2012.8.17.0001,14/05/2026,Seção B da 27ª Vara Cível da Capital,1ª CC,Sem prioridade
0002117-34.2017.8.17.2001,06/04/2026,Seção B da 28ª Vara Cível da Capital,1ª CCJ,Prioridade Legal
0003842-43.2026.8.17.2001,14/05/2026,Seção B da 28ª Vara Cível da Capital,1ª CC,Prioridade Legal
0009597-82.2025.8.17.2001,29/04/2026,Seção B da 28ª Vara Cível da Capital,1ª CC,Sem prioridade
0014803-15.2015.8.17.0001,06/04/2026,Seção B da 28ª Vara Cível da Capital,1ª CCJ,Prioridade Legal
0015284-80.2012.8.17.0001,14/05/2026,Seção B da 28ª Vara Cível da Capital,1ª CC,Sem prioridade
0016361-36.2015.8.17.2001,20/04/2026,Seção B da 28ª Vara Cível da Capital,1ª CCJ,Prioridade Legal
0022864-24.2025.8.17.2001,06/05/2026,Seção B da 28ª Vara Cível da Capital,1ª CC,Prioridade Legal
0025190-54.2025.8.17.2001,29/04/2026,Seção B da 28ª Vara Cível da Capital,1ª CCJ,Prioridade Legal
0031197-62.2025.8.17.2001,29/04/2026,Seção B da 28ª Vara Cível da Capital,1ª CC,Sem prioridade
0035263-66.2017.8.17.2001,29/04/2026,Seção B da 28ª Vara Cível da Capital,1ª CC,Sem prioridade
0045145-08.2024.8.17.2001,07/05/2026,Seção B da 28ª Vara Cível da Capital,1ª CC,Prioridade Legal
0046083-13.2018.8.17.2001,08/05/2026,Seção B da 28ª Vara Cível da Capital,1ª CC,Sem prioridade
0047034-76.2007.8.17.0001,14/05/2026,Seção B da 28ª Vara Cível da Capital,1ª CC,Sem prioridade
0060091-82.2024.8.17.2001,27/04/2026,Seção B da 28ª Vara Cível da Capital,1ª CC,Prioridade Legal
0060610-23.2025.8.17.2001,15/05/2026,Seção B da 28ª Vara Cível da Capital,1ª CC,Sem prioridade
0061536-77.2020.8.17.2001,05/05/2026,Seção B da 28ª Vara Cível da Capital,1ª CC,Prioridade Legal
0070622-77.2017.8.17.2001,07/04/2026,Seção B da 28ª Vara Cível da Capital,1ª CCJ,Prioridade Legal
0083870-32.2025.8.17.2001,14/05/2026,Seção B da 28ª Vara Cível da Capital,1ª CC,Sem prioridade
0124519-73.2024.8.17.2001,13/05/2026,Seção B da 28ª Vara Cível da Capital,1ª CC,Prioridade Legal
0025575-46.2018.8.17.2001,23/04/2026,Seção B da 29ª Vara Cível da Capital,1ª CCJ,Sem prioridade
0037063-66.2016.8.17.2001,04/05/2026,Seção B da 29ª Vara Cível da Capital,1ª CC,Prioridade Legal
0038543-02.2015.8.17.0001,30/04/2026,Seção B da 29ª Vara Cível da Capital,1ª CC,Sem prioridade
0045001-40.2012.8.17.0001,30/04/2026,Seção B da 29ª Vara Cível da Capital,1ª CC,Sem prioridade
0071909-02.2022.8.17.2001,29/04/2026,Seção B da 29ª Vara Cível da Capital,1ª CC,Sem prioridade
0072214-54.2020.8.17.2001,04/05/2026,Seção B da 29ª Vara Cível da Capital,1ª CC,Prioridade Legal
0072785-20.2023.8.17.2001,29/04/2026,Seção B da 29ª Vara Cível da Capital,1ª CC,Prioridade Legal
0076013-42.2019.8.17.2001,11/05/2026,Seção B da 29ª Vara Cível da Capital,1ª CC,Sem prioridade
0102987-09.2025.8.17.2001,06/05/2026,Seção B da 29ª Vara Cível da Capital,1ª CC,Prioridade Legal
0136820-62.2018.8.17.2001,24/04/2026,Seção B da 29ª Vara Cível da Capital,1ª CC,Sem prioridade
0002321-21.2004.8.17.0001,07/05/2026,Seção B da 30ª Vara Cível da Capital,1ª CC,Sem prioridade
0006317-45.2021.8.17.2001,23/04/2026,Seção B da 30ª Vara Cível da Capital,1ª CC,Prioridade Legal
0024403-36.2010.8.17.0001,07/05/2026,Seção B da 30ª Vara Cível da Capital,1ª CC,Sem prioridade
0036812-38.2022.8.17.2001,05/05/2026,Seção B da 30ª Vara Cível da Capital,1ª CC,Prioridade Legal
0038256-09.2022.8.17.2001,05/05/2026,Seção B da 30ª Vara Cível da Capital,1ª CC,Super prioridade
0045453-49.2021.8.17.2001,08/05/2026,Seção B da 30ª Vara Cível da Capital,1ª CC,Sem prioridade
0047773-04.2023.8.17.2001,05/05/2026,Seção B da 30ª Vara Cível da Capital,1ª CC,Prioridade Legal
0050640-33.2024.8.17.2001,05/05/2026,Seção B da 30ª Vara Cível da Capital,1ª CC,Super prioridade
0054042-59.2023.8.17.2001,13/05/2026,Seção B da 30ª Vara Cível da Capital,1ª CC,Sem prioridade
0055005-67.2023.8.17.2001,05/05/2026,Seção B da 30ª Vara Cível da Capital,1ª CC,Prioridade Legal
0057847-25.2020.8.17.2001,08/04/2026,Seção B da 30ª Vara Cível da Capital,1ª CCJ,Prioridade Legal
0062653-69.2021.8.17.2001,04/05/2026,Seção B da 30ª Vara Cível da Capital,1ª CC,Super prioridade
0080120-22.2025.8.17.2001,04/05/2026,Seção B da 30ª Vara Cível da Capital,1ª CC,Super prioridade
0084724-95.2014.8.17.0001,07/05/2026,Seção B da 30ª Vara Cível da Capital,1ª CC,Sem prioridade
0111084-37.2021.8.17.2001,27/04/2026,Seção B da 30ª Vara Cível da Capital,1ª CC,Prioridade Legal
0167599-58.2022.8.17.2001,15/05/2026,Seção B da 30ª Vara Cível da Capital,1ª CC,Sem prioridade
0029123-35.2025.8.17.2001,29/04/2026,Seção B da 31ª Vara Cível da Capital,1ª CC,Sem prioridade
0036523-03.2025.8.17.2001,04/05/2026,Seção B da 31ª Vara Cível da Capital,1ª CC,Prioridade Legal
0048033-91.2017.8.17.2001,15/04/2026,Seção B da 31ª Vara Cível da Capital,1ª CCJ,Prioridade Legal
0059029-12.2021.8.17.2001,07/05/2026,Seção B da 31ª Vara Cível da Capital,1ª CC,Sem prioridade
0061974-30.2025.8.17.2001,04/05/2026,Seção B da 31ª Vara Cível da Capital,1ª CC,Prioridade Legal
0078962-29.2025.8.17.2001,15/05/2026,Seção B da 31ª Vara Cível da Capital,1ª CC,Prioridade Legal
0082061-80.2020.8.17.2001,15/04/2026,Seção B da 31ª Vara Cível da Capital,1ª CCJ,Prioridade Legal
0083442-21.2023.8.17.2001,13/05/2026,Seção B da 31ª Vara Cível da Capital,1ª CC,Prioridade Legal
0098957-28.2025.8.17.2001,14/05/2026,Seção B da 31ª Vara Cível da Capital,1ª CC,Prioridade Legal
0114312-20.2021.8.17.2001,13/05/2026,Seção B da 31ª Vara Cível da Capital,1ª CC,Prioridade Legal
0125492-28.2024.8.17.2001,08/05/2026,Seção B da 31ª Vara Cível da Capital,1ª CC,Sem prioridade
0000365-12.2026.8.17.2001,28/04/2026,Seção B da 32ª Vara Cível da Capital,1ª CC,Prioridade Legal
0007378-33.2024.8.17.2001,06/05/2026,Seção B da 32ª Vara Cível da Capital,1ª CC,Prioridade Legal
0019020-09.2012.8.17.0001,12/05/2026,Seção B da 32ª Vara Cível da Capital,1ª CC,Sem prioridade
0020510-31.2022.8.17.2001,24/04/2026,Seção B da 32ª Vara Cível da Capital,1ª CC,Prioridade Legal
0035825-31.2024.8.17.2001,06/05/2026,Seção B da 32ª Vara Cível da Capital,1ª CC,Prioridade Legal
0036717-08.2022.8.17.2001,04/05/2026,Seção B da 32ª Vara Cível da Capital,1ª CC,Sem prioridade
0039617-08.2015.8.17.2001,06/05/2026,Seção B da 32ª Vara Cível da Capital,1ª CC,Sem prioridade
0044428-74.2016.8.17.2001,10/04/2026,Seção B da 32ª Vara Cível da Capital,1ª CCJ,Prioridade Legal
0047463-27.2025.8.17.2001,30/04/2026,Seção B da 32ª Vara Cível da Capital,1ª CC,Prioridade Legal
0055559-65.2024.8.17.2001,04/05/2026,Seção B da 32ª Vara Cível da Capital,1ª CC,Prioridade Legal
0069694-24.2020.8.17.2001,06/05/2026,Seção B da 32ª Vara Cível da Capital,1ª CC,Prioridade Legal
0074515-32.2024.8.17.2001,29/04/2026,Seção B da 32ª Vara Cível da Capital,1ª CC,Prioridade Legal
0081376-97.2025.8.17.2001,04/05/2026,Seção B da 32ª Vara Cível da Capital,1ª CC,Prioridade Legal
0084880-24.2019.8.17.2001,15/04/2026,Seção B da 32ª Vara Cível da Capital,1ª CCJ,Prioridade Legal
0100696-36.2025.8.17.2001,28/04/2026,Seção B da 32ª Vara Cível da Capital,1ª CC,Prioridade Legal
0107720-23.2022.8.17.2001,08/05/2026,Seção B da 32ª Vara Cível da Capital,1ª CC,Super prioridade
0124969-16.2024.8.17.2001,13/05/2026,Seção B da 32ª Vara Cível da Capital,1ª CC,Sem prioridade
0125040-86.2022.8.17.2001,14/05/2026,Seção B da 32ª Vara Cível da Capital,1ª CC,Super prioridade
0002187-46.2020.8.17.2001,28/04/2026,Seção B da 33ª Vara Cível da Capital,1ª CC,Sem prioridade
0004350-34.2010.8.17.0001,15/05/2026,Seção B da 33ª Vara Cível da Capital,1ª CC,Sem prioridade
0004982-59.2019.8.17.2001,08/05/2026,Seção B da 33ª Vara Cível da Capital,1ª CC,Prioridade Legal
0011126-20.2017.8.17.2001,04/05/2026,Seção B da 33ª Vara Cível da Capital,1ª CC,Prioridade Legal
0028697-23.2025.8.17.2001,05/05/2026,Seção B da 33ª Vara Cível da Capital,1ª CC,Prioridade Legal
0032552-79.2014.8.17.0001,07/05/2026,Seção B da 33ª Vara Cível da Capital,1ª CC,Prioridade Legal
0036841-83.2025.8.17.2001,13/05/2026,Seção B da 33ª Vara Cível da Capital,1ª CC,Prioridade Legal
0048240-17.2022.8.17.2001,07/05/2026,Seção B da 33ª Vara Cível da Capital,1ª CC,Prioridade Legal
0048675-83.2025.8.17.2001,14/05/2026,Seção B da 33ª Vara Cível da Capital,1ª CC,Prioridade Legal
0051223-97.2007.8.17.0001,22/04/2026,Seção B da 33ª Vara Cível da Capital,1ª CC,Sem prioridade
0058380-82.2011.8.17.0001,07/05/2026,Seção B da 33ª Vara Cível da Capital,1ª CC,Prioridade Legal
0058522-51.2021.8.17.2001,04/05/2026,Seção B da 33ª Vara Cível da Capital,1ª CC,Sem prioridade
0065411-16.2024.8.17.2001,13/05/2026,Seção B da 33ª Vara Cível da Capital,1ª CC,Prioridade Legal
0072084-25.2024.8.17.2001,07/05/2026,Seção B da 33ª Vara Cível da Capital,1ª CC,Sem prioridade
0110253-52.2022.8.17.2001,13/05/2026,Seção B da 33ª Vara Cível da Capital,1ª CC,Sem prioridade
0111655-66.2025.8.17.2001,14/05/2026,Seção B da 33ª Vara Cível da Capital,1ª CC,Prioridade Legal
0157397-22.2022.8.17.2001,06/05/2026,Seção B da 33ª Vara Cível da Capital,1ª CC,Prioridade Legal
0007349-95.2015.8.17.2001,12/05/2026,Seção B da 34ª Vara Cível da Capital,1ª CCJ,Prioridade Legal
0009586-30.2011.8.17.0001,08/05/2026,Seção B da 34ª Vara Cível da Capital,1ª CC,Sem prioridade
0013123-96.2021.8.17.2001,29/04/2026,Seção B da 34ª Vara Cível da Capital,1ª CC,Sem prioridade
0022155-96.2019.8.17.2001,14/04/2026,Seção B da 34ª Vara Cível da Capital,1ª CCJ,Prioridade Legal
0022379-87.2026.8.17.2001,05/05/2026,Seção B da 34ª Vara Cível da Capital,1ª CC,Prioridade Legal
0023466-15.2025.8.17.2001,04/05/2026,Seção B da 34ª Vara Cível da Capital,1ª CC,Prioridade Legal
0039266-83.2025.8.17.2001,28/04/2026,Seção B da 34ª Vara Cível da Capital,1ª CC,Prioridade Legal
0039697-54.2024.8.17.2001,13/05/2026,Seção B da 34ª Vara Cível da Capital,1ª CC,Prioridade Legal
0044807-44.2018.8.17.2001,11/05/2026,Seção B da 34ª Vara Cível da Capital,1ª CC,Prioridade Legal
0046214-80.2021.8.17.2001,13/04/2026,Seção B da 34ª Vara Cível da Capital,1ª CCJ,Prioridade Legal
0049384-02.2017.8.17.2001,28/04/2026,Seção B da 34ª Vara Cível da Capital,1ª CC,Sem prioridade
0050060-72.2013.8.17.0001,15/05/2026,Seção B da 34ª Vara Cível da Capital,1ª CC,Sem prioridade
0063832-68.2014.8.17.0001,13/05/2026,Seção B da 34ª Vara Cível da Capital,1ª CC,Prioridade Legal
0071365-43.2024.8.17.2001,14/05/2026,Seção B da 34ª Vara Cível da Capital,1ª CCJ,Prioridade Legal
0076702-52.2020.8.17.2001,14/04/2026,Seção B da 34ª Vara Cível da Capital,1ª CCJ,Prioridade Legal
0079075-80.2025.8.17.2001,12/05/2026,Seção B da 34ª Vara Cível da Capital,1ª CC,Super prioridade
0084412-84.2024.8.17.2001,28/04/2026,Seção B da 34ª Vara Cível da Capital,1ª CC,Sem prioridade
0103020-44.2009.8.17.0001,07/05/2026,Seção B da 34ª Vara Cível da Capital,1ª CC,Sem prioridade
0166422-59.2022.8.17.2001,04/05/2026,Seção B da 34ª Vara Cível da Capital,1ª CC,Sem prioridade
0054488-97.2013.8.17.0001,29/04/2026,Seção B da 35ª Vara Cível da Capital,1ª CC,Prioridade Legal
0065857-19.2024.8.17.2001,15/05/2026,Seção B da 35ª Vara Cível da Capital,1ª CC,Prioridade Legal
0066025-94.2019.8.17.2001,04/05/2026,Seção B da 35ª Vara Cível da Capital,1ª CC,Sem prioridade
0079827-58.2013.8.17.0001,08/05/2026,Seção B da 35ª Vara Cível da Capital,1ª CC,Sem prioridade
0102039-73.2013.8.17.0001,05/05/2026,Seção B da 35ª Vara Cível da Capital,1ª CC,Sem prioridade
0132890-94.2022.8.17.2001,05/05/2026,Seção B da 35ª Vara Cível da Capital,1ª CC,Prioridade Legal
0012741-56.2002.8.17.0001,06/05/2026,Seção B da 36ª Vara Cível da Capital,1ª CC,Sem prioridade
0032651-16.1995.8.17.0001,07/05/2026,Seção B da 36ª Vara Cível da Capital,1ª CC,Sem prioridade
0032926-07.2017.8.17.2001,04/05/2026,Seção B da 36ª Vara Cível da Capital,1ª CC,Prioridade Legal
0033582-90.2019.8.17.2001,27/04/2026,Seção B da 36ª Vara Cível da Capital,1ª CC,Prioridade Legal
0045484-40.2019.8.17.2001,04/05/2026,Seção B da 36ª Vara Cível da Capital,1ª CC,Prioridade Legal
0048619-61.2010.8.17.0001,04/05/2026,Seção B da 36ª Vara Cível da Capital,1ª CC,Sem prioridade
0055748-82.2020.8.17.2001,05/05/2026,Seção B da 36ª Vara Cível da Capital,1ª CC,Prioridade Legal
0057468-85.2011.8.17.0001,07/05/2026,Seção B da 36ª Vara Cível da Capital,1ª CC,Prioridade Legal
0059813-52.2022.8.17.2001,27/04/2026,Seção B da 36ª Vara Cível da Capital,1ª CC,Prioridade Legal
0060589-05.2003.8.17.0001,07/05/2026,Seção B da 36ª Vara Cível da Capital,1ª CC,Sem prioridade
0163102-98.2022.8.17.2001,28/04/2026,Seção B da 36ª Vara Cível da Capital,1ª CC,Sem prioridade
0001128-81.2024.8.17.2001,06/05/2026,Seção B da 3ª Vara Cível da Capital,1ª CC,Prioridade Legal
0010073-57.2024.8.17.2001,08/05/2026,Seção B da 3ª Vara Cível da Capital,1ª CC,Sem prioridade
0021337-47.2019.8.17.2001,04/05/2026,Seção B da 3ª Vara Cível da Capital,1ª CCJ,Prioridade Legal
0023071-33.2019.8.17.2001,08/05/2026,Seção B da 3ª Vara Cível da Capital,1ª CC,Prioridade Legal
0030682-59.2024.8.17.2810,29/04/2026,Seção B da 3ª Vara Cível da Capital,1ª CC,Prioridade Legal
0037926-18.2010.8.17.0001,28/04/2026,Seção B da 3ª Vara Cível da Capital,1ª CC,Sem prioridade
0042935-62.2016.8.17.2001,10/04/2026,Seção B da 3ª Vara Cível da Capital,1ª CCJ,Prioridade Legal
0055416-76.2024.8.17.2001,08/05/2026,Seção B da 3ª Vara Cível da Capital,1ª CC,Prioridade Legal
0058399-19.2022.8.17.2001,11/05/2026,Seção B da 3ª Vara Cível da Capital,1ª CC,Prioridade Legal
0076828-05.2020.8.17.2001,08/05/2026,Seção B da 3ª Vara Cível da Capital,1ª CC,Prioridade Legal
0080542-03.2013.8.17.0001,13/05/2026,Seção B da 3ª Vara Cível da Capital,1ª CC,Sem prioridade
0103609-30.2021.8.17.2001,06/05/2026,Seção B da 3ª Vara Cível da Capital,1ª CC,Prioridade Legal
0150024-37.2022.8.17.2001,29/04/2026,Seção B da 3ª Vara Cível da Capital,1ª CC,Prioridade Legal
0153659-89.2023.8.17.2001,08/05/2026,Seção B da 3ª Vara Cível da Capital,1ª CC,Super prioridade
0158674-39.2023.8.17.2001,08/05/2026,Seção B da 3ª Vara Cível da Capital,1ª CC,Super prioridade
0168173-81.2022.8.17.2001,08/05/2026,Seção B da 3ª Vara Cível da Capital,1ª CC,Prioridade Legal
0002327-41.2024.8.17.2001,12/05/2026,Seção B da 4ª Vara Cível da Capital,1ª CC,Prioridade Legal
0007524-89.2015.8.17.2001,09/04/2026,Seção B da 4ª Vara Cível da Capital,1ª CCJ,Prioridade Legal
0012210-27.2015.8.17.2001,23/04/2026,Seção B da 4ª Vara Cível da Capital,1ª CC,Prioridade Legal
0013847-33.2014.8.17.0001,07/05/2026,Seção B da 4ª Vara Cível da Capital,1ª CC,Super prioridade
0028590-48.2014.8.17.0001,07/05/2026,Seção B da 4ª Vara Cível da Capital,1ª CC,Prioridade Legal
0029288-58.2020.8.17.2001,06/05/2026,Seção B da 4ª Vara Cível da Capital,1ª CC,Prioridade Legal
0048717-79.2018.8.17.2001,23/04/2026,Seção B da 4ª Vara Cível da Capital,1ª CC,Sem prioridade
0051799-46.2014.8.17.0001,06/05/2026,Seção B da 4ª Vara Cível da Capital,1ª CCJ,Sem prioridade
0057957-24.2020.8.17.2001,08/05/2026,Seção B da 4ª Vara Cível da Capital,1ª CC,Sem prioridade
0068562-87.2024.8.17.2001,12/05/2026,Seção B da 4ª Vara Cível da Capital,1ª CC,Prioridade Legal
0101603-16.2022.8.17.2001,04/05/2026,Seção B da 4ª Vara Cível da Capital,1ª CC,Prioridade Legal
0111736-49.2024.8.17.2001,15/05/2026,Seção B da 4ª Vara Cível da Capital,1ª CC,Super prioridade
0112299-43.2024.8.17.2001,24/04/2026,Seção B da 4ª Vara Cível da Capital,1ª CC,Sem prioridade
0000044-11.2025.8.17.2001,07/05/2026,Seção B da 5ª Vara Cível da Capital,1ª CC,Prioridade Legal
0009101-24.2023.8.17.2001,24/04/2026,Seção B da 5ª Vara Cível da Capital,1ª CC,Prioridade Legal
0012512-46.2021.8.17.2001,13/05/2026,Seção B da 5ª Vara Cível da Capital,1ª CCJ,Prioridade Legal
0013911-18.2018.8.17.2001,13/05/2026,Seção B da 5ª Vara Cível da Capital,1ª CC,Prioridade Legal
0030800-08.2022.8.17.2001,13/05/2026,Seção B da 5ª Vara Cível da Capital,1ª CC,Sem prioridade
0035152-04.2025.8.17.2001,04/05/2026,Seção B da 5ª Vara Cível da Capital,1ª CC,Prioridade Legal
0053728-55.2019.8.17.2001,15/05/2026,Seção B da 5ª Vara Cível da Capital,1ª CC,Prioridade Legal
0054610-12.2022.8.17.2001,06/05/2026,Seção B da 5ª Vara Cível da Capital,1ª CC,Prioridade Legal
0059723-49.2019.8.17.2001,06/05/2026,Seção B da 5ª Vara Cível da Capital,1ª CC,Prioridade Legal
0066715-16.2025.8.17.2001,15/05/2026,Seção B da 5ª Vara Cível da Capital,1ª CC,Prioridade Legal
0076565-66.2014.8.17.0001,07/05/2026,Seção B da 5ª Vara Cível da Capital,1ª CCJ,Prioridade Legal
0134099-41.2009.8.17.0001,07/05/2026,Seção B da 5ª Vara Cível da Capital,1ª CC,Sem prioridade
0136906-28.2021.8.17.2001,06/05/2026,Seção B da 5ª Vara Cível da Capital,1ª CC,Prioridade Legal
0146668-34.2022.8.17.2001,27/04/2026,Seção B da 5ª Vara Cível da Capital,1ª CC,Prioridade Legal
0166424-29.2022.8.17.2001,05/05/2026,Seção B da 5ª Vara Cível da Capital,1ª CC,Super prioridade
0203245-14.2005.8.17.0001,15/05/2026,Seção B da 5ª Vara Cível da Capital,1ª CCJ,Sem prioridade
0000130-26.2018.8.17.2001,20/04/2026,Seção B da 6ª Vara Cível da Capital,1ª CCJ,Prioridade Legal
0020192-77.2024.8.17.2001,23/04/2026,Seção B da 6ª Vara Cível da Capital,1ª CC,Prioridade Legal
0024624-08.2025.8.17.2001,11/05/2026,Seção B da 6ª Vara Cível da Capital,1ª CC,Prioridade Legal
0027142-68.2025.8.17.2001,12/05/2026,Seção B da 6ª Vara Cível da Capital,1ª CC,Prioridade Legal
0035607-92.2001.8.17.0001,05/05/2026,Seção B da 6ª Vara Cível da Capital,1ª CC,Sem prioridade
0037671-30.2017.8.17.2001,17/04/2026,Seção B da 6ª Vara Cível da Capital,1ª CCJ,Prioridade Legal
0038480-11.2014.8.17.0001,07/05/2026,Seção B da 6ª Vara Cível da Capital,1ª CC,Sem prioridade
0038608-59.2025.8.17.2001,23/04/2026,Seção B da 6ª Vara Cível da Capital,1ª CC,Prioridade Legal
0040579-18.1995.8.17.0001,27/04/2026,Seção B da 6ª Vara Cível da Capital,1ª CC,Sem prioridade
0045538-93.2025.8.17.2001,06/05/2026,Seção B da 6ª Vara Cível da Capital,1ª CC,Prioridade Legal
0046666-90.2021.8.17.2001,05/05/2026,Seção B da 6ª Vara Cível da Capital,1ª CC,Prioridade Legal
0048046-17.2022.8.17.2001,07/05/2026,Seção B da 6ª Vara Cível da Capital,1ª CC,Sem prioridade
0049419-15.2024.8.17.2001,29/04/2026,Seção B da 6ª Vara Cível da Capital,1ª CC,Prioridade Legal
0054858-07.2024.8.17.2001,05/05/2026,Seção B da 6ª Vara Cível da Capital,1ª CC,Sem prioridade
0056515-19.2014.8.17.0001,06/05/2026,Seção B da 6ª Vara Cível da Capital,1ª CC,Prioridade Legal
0060965-33.2025.8.17.2001,29/04/2026,Seção B da 6ª Vara Cível da Capital,1ª CC,Prioridade Legal
0069365-36.2025.8.17.2001,20/04/2026,Seção B da 6ª Vara Cível da Capital,1ª CCJ,Prioridade Legal
0090069-07.2024.8.17.2001,05/05/2026,Seção B da 6ª Vara Cível da Capital,1ª CC,Prioridade Legal
0104093-06.2025.8.17.2001,15/05/2026,Seção B da 6ª Vara Cível da Capital,1ª CC,Sem prioridade
0001930-84.2021.8.17.2001,13/05/2026,Seção B da 7ª Vara Cível da Capital,1ª CC,Sem prioridade
0001985-74.2017.8.17.2001,08/04/2026,Seção B da 7ª Vara Cível da Capital,1ª CCJ,Prioridade Legal
0007085-29.2025.8.17.2001,04/05/2026,Seção B da 7ª Vara Cível da Capital,1ª CC,Prioridade Legal
0018634-02.2026.8.17.2001,06/05/2026,Seção B da 7ª Vara Cível da Capital,1ª CCJ,Prioridade Legal
0019848-62.2025.8.17.2001,27/04/2026,Seção B da 7ª Vara Cível da Capital,1ª CC,Sem prioridade
0022817-65.2016.8.17.2001,07/05/2026,Seção B da 7ª Vara Cível da Capital,1ª CC,Sem prioridade
0025218-03.2017.8.17.2001,23/04/2026,Seção B da 7ª Vara Cível da Capital,1ª CCJ,Prioridade Legal
0025602-82.2025.8.17.2001,04/05/2026,Seção B da 7ª Vara Cível da Capital,1ª CC,Sem prioridade
0029187-16.2023.8.17.2001,04/05/2026,Seção B da 7ª Vara Cível da Capital,1ª CC,Prioridade Legal
0042381-31.2007.8.17.0001,07/05/2026,Seção B da 7ª Vara Cível da Capital,1ª CC,Super prioridade
0052028-68.2024.8.17.2001,08/05/2026,Seção B da 7ª Vara Cível da Capital,1ª CC,Prioridade Legal
0056799-02.2018.8.17.2001,22/04/2026,Seção B da 7ª Vara Cível da Capital,1ª CC,Sem prioridade
0071009-14.2025.8.17.2001,14/05/2026,Seção B da 7ª Vara Cível da Capital,1ª CC,Prioridade Legal
0075983-94.2025.8.17.2001,29/04/2026,Seção B da 7ª Vara Cível da Capital,1ª CC,Prioridade Legal
0080221-59.2025.8.17.2001,15/05/2026,Seção B da 7ª Vara Cível da Capital,1ª CC,Prioridade Legal
0082924-66.2013.8.17.0001,12/05/2026,Seção B da 7ª Vara Cível da Capital,1ª CC,Sem prioridade
0087492-22.2025.8.17.2001,05/05/2026,Seção B da 7ª Vara Cível da Capital,1ª CC,Prioridade Legal
0112622-48.2024.8.17.2001,29/04/2026,Seção B da 7ª Vara Cível da Capital,1ª CC,Prioridade Legal
0126549-86.2021.8.17.2001,06/05/2026,Seção B da 7ª Vara Cível da Capital,1ª CC,Prioridade Legal
0135213-09.2021.8.17.2001,08/04/2026,Seção B da 7ª Vara Cível da Capital,1ª CCJ,Prioridade Legal
0158845-30.2022.8.17.2001,13/05/2026,Seção B da 7ª Vara Cível da Capital,1ª CC,Sem prioridade
0001569-08.2026.8.17.4001,12/05/2026,Seção B da 8ª Vara Cível da Capital,1ª CC,Prioridade Legal
0020472-24.2019.8.17.2001,04/05/2026,Seção B da 8ª Vara Cível da Capital,1ª CC,Sem prioridade
0021581-05.2021.8.17.2001,07/05/2026,Seção B da 8ª Vara Cível da Capital,1ª CC,Prioridade Legal
0021850-83.2017.8.17.2001,24/04/2026,Seção B da 8ª Vara Cível da Capital,1ª CC,Prioridade Legal
0027310-07.2024.8.17.2001,11/05/2026,Seção B da 8ª Vara Cível da Capital,1ª CC,Prioridade Legal
0035968-25.2021.8.17.2001,06/05/2026,Seção B da 8ª Vara Cível da Capital,1ª CC,Prioridade Legal
0037079-73.2023.8.17.2001,13/05/2026,Seção B da 8ª Vara Cível da Capital,1ª CC,Prioridade Legal
0040895-74.2008.8.17.0001,28/04/2026,Seção B da 8ª Vara Cível da Capital,1ª CC,Prioridade Legal
0044185-86.2023.8.17.2001,08/05/2026,Seção B da 8ª Vara Cível da Capital,1ª CC,Prioridade Legal
0045962-43.2022.8.17.2001,29/04/2026,Seção B da 8ª Vara Cível da Capital,1ª CC,Sem prioridade
0047867-20.2021.8.17.2001,23/04/2026,Seção B da 8ª Vara Cível da Capital,1ª CC,Sem prioridade
0056961-50.2025.8.17.2001,04/05/2026,Seção B da 8ª Vara Cível da Capital,1ª CC,Sem prioridade
0058408-78.2022.8.17.2001,13/05/2026,Seção B da 8ª Vara Cível da Capital,1ª CC,Prioridade Legal
0070781-39.2025.8.17.2001,14/05/2026,Seção B da 8ª Vara Cível da Capital,1ª CC,Prioridade Legal
0091519-92.2018.8.17.2001,11/05/2026,Seção B da 8ª Vara Cível da Capital,1ª CC,Prioridade Legal
0105772-12.2023.8.17.2001,24/04/2026,Seção B da 8ª Vara Cível da Capital,1ª CC,Prioridade Legal
0111460-18.2024.8.17.2001,04/05/2026,Seção B da 8ª Vara Cível da Capital,1ª CC,Prioridade Legal
0119409-30.2023.8.17.2001,29/04/2026,Seção B da 8ª Vara Cível da Capital,1ª CC,Sem prioridade
0138160-65.2023.8.17.2001,29/04/2026,Seção B da 8ª Vara Cível da Capital,1ª CC,Sem prioridade
0160359-81.2023.8.17.2001,14/05/2026,Seção B da 8ª Vara Cível da Capital,1ª CC,Sem prioridade
0005576-34.2023.8.17.2001,04/05/2026,Seção B da 9ª Vara Cível da Capital,1ª CC,Sem prioridade
0017960-73.2016.8.17.2001,08/05/2026,Seção B da 9ª Vara Cível da Capital,1ª CC,Sem prioridade
0024942-69.2017.8.17.2001,07/05/2026,Seção B da 9ª Vara Cível da Capital,1ª CC,Prioridade Legal
0032840-71.2007.8.17.0001,07/05/2026,Seção B da 9ª Vara Cível da Capital,1ª CC,Sem prioridade
0040107-15.2024.8.17.2001,14/05/2026,Seção B da 9ª Vara Cível da Capital,1ª CC,Prioridade Legal
0043628-47.2007.8.17.0001,13/05/2026,Seção B da 9ª Vara Cível da Capital,1ª CC,Sem prioridade
0048798-86.2022.8.17.2001,13/05/2026,Seção B da 9ª Vara Cível da Capital,1ª CC,Sem prioridade
0055245-27.2021.8.17.2001,29/04/2026,Seção B da 9ª Vara Cível da Capital,1ª CC,Sem prioridade
0055364-52.2013.8.17.0001,15/05/2026,Seção B da 9ª Vara Cível da Capital,1ª CC,Prioridade Legal
0059723-39.2025.8.17.2001,08/05/2026,Seção B da 9ª Vara Cível da Capital,1ª CC,Prioridade Legal
0059995-33.2025.8.17.2001,14/05/2026,Seção B da 9ª Vara Cível da Capital,1ª CC,Prioridade Legal
0070118-96.2013.8.17.0001,12/05/2026,Seção B da 9ª Vara Cível da Capital,1ª CC,Sem prioridade
0071227-13.2023.8.17.2001,13/05/2026,Seção B da 9ª Vara Cível da Capital,1ª CC,Prioridade Legal
0093964-83.2018.8.17.2001,14/05/2026,Seção B da 9ª Vara Cível da Capital,1ª CC,Sem prioridade
0159686-25.2022.8.17.2001,24/04/2026,Seção B da 9ª Vara Cível da Capital,1ª CC,Prioridade Legal
0002510-61.2014.8.17.2001,13/05/2026,Vara dos Executivos Fiscais Municipais da Capital,4ª CC,Sem prioridade
0015773-14.2024.8.17.2001,07/05/2026,Vara dos Executivos Fiscais Municipais da Capital,4ª CC,Prioridade Legal
0034302-18.2023.8.17.2001,30/04/2026,Vara dos Executivos Fiscais Municipais da Capital,4ª CC,Prioridade Legal
0037443-45.2023.8.17.2001,30/04/2026,Vara dos Executivos Fiscais Municipais da Capital,4ª CC,Prioridade Legal
0037712-21.2022.8.17.2001,14/05/2026,Vara dos Executivos Fiscais Municipais da Capital,4ª CC,Sem prioridade
0040285-27.2025.8.17.2001,05/05/2026,Vara dos Executivos Fiscais Municipais da Capital,4ª CC,Prioridade Legal
0040884-21.2003.8.17.0001,06/05/2026,Vara dos Executivos Fiscais Municipais da Capital,4ª CC,Prioridade Legal
0041820-46.2003.8.17.0001,15/05/2026,Vara dos Executivos Fiscais Municipais da Capital,4ª CC,Prioridade Legal
0042172-32.2014.8.17.2001,07/05/2026,Vara dos Executivos Fiscais Municipais da Capital,4ª CC,Prioridade Legal
0045871-50.2022.8.17.2001,05/05/2026,Vara dos Executivos Fiscais Municipais da Capital,2ª CCJ,Prioridade Legal
0048137-36.1998.8.17.0001,05/05/2026,Vara dos Executivos Fiscais Municipais da Capital,4ª CC,Prioridade Legal
0048228-08.2019.8.17.2001,27/04/2026,Vara dos Executivos Fiscais Municipais da Capital,2ª CCJ,Sem prioridade
0049904-83.2022.8.17.2001,13/05/2026,Vara dos Executivos Fiscais Municipais da Capital,4ª CC,Sem prioridade
0051391-70.2005.8.17.0001,14/05/2026,Vara dos Executivos Fiscais Municipais da Capital,4ª CC,Prioridade Legal
0053976-26.2016.8.17.2001,14/05/2026,Vara dos Executivos Fiscais Municipais da Capital,4ª CC,Prioridade Legal
0056525-91.2025.8.17.2001,14/05/2026,Vara dos Executivos Fiscais Municipais da Capital,4ª CC,Prioridade Legal
0056815-40.1998.8.17.0001,07/05/2026,Vara dos Executivos Fiscais Municipais da Capital,4ª CC,Prioridade Legal
0056971-02.2022.8.17.2001,07/05/2026,Vara dos Executivos Fiscais Municipais da Capital,2ª CCJ,Prioridade Legal
0058150-44.2017.8.17.2001,23/04/2026,Vara dos Executivos Fiscais Municipais da Capital,2ª CCJ,Prioridade Legal
0058472-54.2023.8.17.2001,29/04/2026,Vara dos Executivos Fiscais Municipais da Capital,4ª CC,Prioridade Legal
0065652-92.2021.8.17.2001,16/04/2026,Vara dos Executivos Fiscais Municipais da Capital,2ª CCJ,Prioridade Legal
0083684-14.2022.8.17.2001,06/05/2026,Vara dos Executivos Fiscais Municipais da Capital,4ª CC,Prioridade Legal
0100337-04.2016.8.17.2001,06/05/2026,Vara dos Executivos Fiscais Municipais da Capital,4ª CC,Sem prioridade
0107727-25.2016.8.17.2001,08/05/2026,Vara dos Executivos Fiscais Municipais da Capital,4ª CC,Prioridade Legal
0143695-88.2005.8.17.0001,06/05/2026,Vara dos Executivos Fiscais Municipais da Capital,4ª CC,Prioridade Legal
0149732-18.2023.8.17.2001,15/05/2026,Vara dos Executivos Fiscais Municipais da Capital,4ª CC,Prioridade Legal
0157251-60.2005.8.17.0001,15/05/2026,Vara dos Executivos Fiscais Municipais da Capital,4ª CC,Prioridade Legal
0177289-93.2005.8.17.0001,06/05/2026,Vara dos Executivos Fiscais Municipais da Capital,4ª CC,Sem prioridade
0650293-11.1999.8.17.0001,05/05/2026,Vara dos Executivos Fiscais Municipais da Capital,4ª CC,Prioridade Legal
0000013-18.2022.8.17.3190,29/04/2026,Vara Única da Comarca de Ribeirão,5ª CC,Prioridade Legal
0000023-59.1996.8.17.1190,15/04/2026,Vara Única da Comarca de Ribeirão,4ª CCJ,Sem prioridade
0000024-51.2025.8.17.5030,28/04/2026,Vara Única da Comarca de Ribeirão,5ª CC,Prioridade Legal
0000044-98.1997.8.17.1190,30/04/2026,Vara Única da Comarca de Ribeirão,4ª CCJ,Sem prioridade
0000059-47.2009.8.17.1190,30/04/2026,Vara Única da Comarca de Ribeirão,5ª CC,Prioridade Legal
0000123-71.2020.8.17.1190,08/05/2026,Vara Única da Comarca de Ribeirão,5ª CC,Prioridade Legal
0000212-16.2017.8.17.3190,07/05/2026,Vara Única da Comarca de Ribeirão,4ª CCJ,Sem prioridade
0000222-60.2017.8.17.3190,14/05/2026,Vara Única da Comarca de Ribeirão,4ª CCJ,Sem prioridade
0000244-21.2017.8.17.3190,22/04/2026,Vara Única da Comarca de Ribeirão,4ª CCJ,Sem prioridade
0000255-50.2017.8.17.3190,28/04/2026,Vara Única da Comarca de Ribeirão,4ª CCJ,Sem prioridade
0000419-15.2017.8.17.3190,15/05/2026,Vara Única da Comarca de Ribeirão,5ª CC,Sem prioridade
0000421-82.2017.8.17.3190,22/04/2026,Vara Única da Comarca de Ribeirão,4ª CCJ,Sem prioridade
0000428-74.2017.8.17.3190,15/05/2026,Vara Única da Comarca de Ribeirão,4ª CCJ,Sem prioridade
0000495-39.2017.8.17.3190,29/04/2026,Vara Única da Comarca de Ribeirão,5ª CC,Prioridade Legal
0000518-14.2019.8.17.3190,07/05/2026,Vara Única da Comarca de Ribeirão,4ª CCJ,Sem prioridade
0000558-36.2006.8.17.1190,14/05/2026,Vara Única da Comarca de Ribeirão,5ª CC,Prioridade Legal
0000635-73.2017.8.17.3190,23/04/2026,Vara Única da Comarca de Ribeirão,4ª CCJ,Sem prioridade
0000676-94.2015.8.17.1190,29/04/2026,Vara Única da Comarca de Ribeirão,4ª CCJ,Sem prioridade
0000682-47.2017.8.17.3190,04/05/2026,Vara Única da Comarca de Ribeirão,4ª CCJ,Sem prioridade
0000735-53.2013.8.17.1190,29/04/2026,Vara Única da Comarca de Ribeirão,5ª CC,Sem prioridade
0001010-30.2024.8.17.3190,23/04/2026,Vara Única da Comarca de Ribeirão,5ª CC,Prioridade Legal
0001011-15.2024.8.17.3190,23/04/2026,Vara Única da Comarca de Ribeirão,5ª CC,Prioridade Legal
0001464-15.2021.8.17.3190,07/05/2026,Vara Única da Comarca de Ribeirão,5ª CC,Prioridade Legal
0001513-22.2022.8.17.3190,04/05/2026,Vara Única da Comarca de Ribeirão,5ª CC,Prioridade Legal
0002089-49.2021.8.17.3190,29/04/2026,Vara Única da Comarca de Ribeirão,4ª CCJ,Prioridade Legal
0000064-57.2026.8.17.3200,08/05/2026,Vara Única da Comarca de Rio Formoso,5ª CC,Prioridade Legal
0000080-41.2019.8.17.1200,04/05/2026,Vara Única da Comarca de Rio Formoso,5ª CC,Prioridade Legal
0000281-08.2023.8.17.3200,29/04/2026,Vara Única da Comarca de Rio Formoso,5ª CC,Prioridade Legal
0000408-09.2024.8.17.3200,10/05/2026,Vara Única da Comarca de Rio Formoso,5ª CC,Prioridade Legal
0000425-45.2024.8.17.3200,15/04/2026,Vara Única da Comarca de Rio Formoso,4ª CCJ,Prioridade Legal
0000430-38.2022.8.17.3200,23/04/2026,Vara Única da Comarca de Rio Formoso,5ª CC,Prioridade Legal
0000492-73.2025.8.17.3200,11/05/2026,Vara Única da Comarca de Rio Formoso,5ª CC,Prioridade Legal
0000615-76.2022.8.17.3200,06/05/2026,Vara Única da Comarca de Rio Formoso,4ª CCJ,Sem prioridade
0000806-29.2023.8.17.5030,13/05/2026,Vara Única da Comarca de Rio Formoso,5ª CC,Prioridade Legal
0000022-17.2022.8.17.3210,16/04/2026,Vara Única da Comarca de Sairé,5ª CCJ,Prioridade Legal
0000023-36.2021.8.17.3210,12/05/2026,Vara Única da Comarca de Sairé,6ª CC,Prioridade Legal
0000049-10.2016.8.17.3210,07/05/2026,Vara Única da Comarca de Sairé,6ª CC,Sem prioridade
0000059-49.2019.8.17.3210,19/04/2026,Vara Única da Comarca de Sairé,5ª CCJ,Sem prioridade
0000091-54.2019.8.17.3210,15/04/2026,Vara Única da Comarca de Sairé,5ª CCJ,Sem prioridade
0000105-38.2019.8.17.3210,08/04/2026,Vara Única da Comarca de Sairé,5ª CCJ,Sem prioridade
0000130-51.2019.8.17.3210,22/04/2026,Vara Única da Comarca de Sairé,5ª CCJ,Sem prioridade
0000196-65.2018.8.17.3210,24/04/2026,Vara Única da Comarca de Sairé,5ª CCJ,Sem prioridade
0000231-21.2012.8.17.1210,15/05/2026,Vara Única da Comarca de Sairé,6ª CC,Prioridade Legal
0000217-31.2017.8.17.1220,12/05/2026,1ª Vara Cível da Comarca de Salgueiro,6ª CCJ,Prioridade Legal
0000244-47.2025.8.17.3220,28/04/2026,1ª Vara Cível da Comarca de Salgueiro,6ª CCJ,Sem prioridade
0000365-41.2026.8.17.3220,13/05/2026,1ª Vara Cível da Comarca de Salgueiro,7ª CC,Prioridade Legal
0000528-60.2022.8.17.3220,13/05/2026,1ª Vara Cível da Comarca de Salgueiro,6ª CCJ,Prioridade Legal
0000785-51.2023.8.17.3220,28/04/2026,1ª Vara Cível da Comarca de Salgueiro,6ª CCJ,Prioridade Legal
0000860-66.2018.8.17.3220,29/04/2026,1ª Vara Cível da Comarca de Salgueiro,6ª CCJ,Prioridade Legal
0001051-67.2025.8.17.3220,15/05/2026,1ª Vara Cível da Comarca de Salgueiro,7ª CC,Prioridade Legal
0001200-63.2025.8.17.3220,14/05/2026,1ª Vara Cível da Comarca de Salgueiro,7ª CC,Prioridade Legal
0001496-32.2018.8.17.3220,13/05/2026,1ª Vara Cível da Comarca de Salgueiro,6ª CCJ,Prioridade Legal
0001608-88.2024.8.17.3220,29/04/2026,1ª Vara Cível da Comarca de Salgueiro,6ª CCJ,Prioridade Legal
0002453-28.2021.8.17.3220,27/04/2026,1ª Vara Cível da Comarca de Salgueiro,6ª CCJ,Prioridade Legal
0003152-77.2025.8.17.3220,29/04/2026,1ª Vara Cível da Comarca de Salgueiro,6ª CCJ,Prioridade Legal
0003497-77.2024.8.17.3220,06/05/2026,1ª Vara Cível da Comarca de Salgueiro,6ª CCJ,Prioridade Legal
0000004-61.1976.8.17.1220,27/04/2026,2ª Vara Cível da Comarca de Salgueiro,6ª CCJ,Prioridade Legal
0000074-12.2024.8.17.3220,13/05/2026,2ª Vara Cível da Comarca de Salgueiro,7ª CC,Prioridade Legal
0000695-73.2016.8.17.1220,06/05/2026,2ª Vara Cível da Comarca de Salgueiro,7ª CC,Prioridade Legal
0001155-25.2026.8.17.3220,13/05/2026,2ª Vara Cível da Comarca de Salgueiro,7ª CC,Prioridade Legal
0001688-18.2025.8.17.3220,07/05/2026,2ª Vara Cível da Comarca de Salgueiro,7ª CC,Prioridade Legal
0002502-36.2013.8.17.1220,20/04/2026,2ª Vara Cível da Comarca de Salgueiro,6ª CCJ,Prioridade Legal
0002796-19.2024.8.17.3220,13/05/2026,2ª Vara Cível da Comarca de Salgueiro,7ª CC,Prioridade Legal
0003139-83.2022.8.17.3220,05/05/2026,2ª Vara Cível da Comarca de Salgueiro,6ª CCJ,Sem prioridade
0000114-66.2021.8.17.3230,11/05/2026,Vara Única da Comarca de Saloá,6ª CC,Prioridade Legal
0000137-42.2014.8.17.1230,12/05/2026,Vara Única da Comarca de Saloá,6ª CC,Sem prioridade
0000197-59.2023.8.17.5640,13/05/2026,Vara Única da Comarca de Saloá,6ª CC,Prioridade Legal
0000301-16.2017.8.17.3230,15/05/2026,Vara Única da Comarca de Saloá,6ª CC,Sem prioridade
0000634-27.2012.8.17.1230,10/05/2026,Vara Única da Comarca de Saloá,6ª CC,Sem prioridade
0001251-83.2021.8.17.3230,09/05/2026,Vara Única da Comarca de Saloá,6ª CC,Sem prioridade
0001534-72.2022.8.17.3230,22/04/2026,Vara Única da Comarca de Saloá,5ª CCJ,Prioridade Legal
0001666-95.2023.8.17.3230,24/04/2026,Vara Única da Comarca de Saloá,5ª CCJ,Prioridade Legal
0001896-74.2022.8.17.3230,15/05/2026,Vara Única da Comarca de Saloá,6ª CC,Sem prioridade
0002232-78.2022.8.17.3230,14/05/2026,Vara Única da Comarca de Saloá,6ª CC,Sem prioridade
0000002-04.2020.8.17.3240,15/05/2026,Vara Única da Comarca de Sanharó,5ª CCJ,Prioridade Legal
0000072-45.2025.8.17.3240,29/04/2026,Vara Única da Comarca de Sanharó,5ª CCJ,Prioridade Legal
0000074-74.2020.8.17.1240,13/05/2026,Vara Única da Comarca de Sanharó,6ª CC,Sem prioridade
0000119-92.2020.8.17.3240,28/04/2026,Vara Única da Comarca de Sanharó,5ª CCJ,Prioridade Legal
0000152-48.2021.8.17.3240,06/05/2026,Vara Única da Comarca de Sanharó,5ª CCJ,Prioridade Legal
0000201-89.2021.8.17.3240,24/04/2026,Vara Única da Comarca de Sanharó,5ª CCJ,Prioridade Legal
0000203-59.2021.8.17.3240,15/05/2026,Vara Única da Comarca de Sanharó,5ª CCJ,Prioridade Legal
0000235-26.2016.8.17.1240,08/05/2026,Vara Única da Comarca de Sanharó,5ª CCJ,Sem prioridade
0000241-71.2021.8.17.3240,06/05/2026,Vara Única da Comarca de Sanharó,5ª CCJ,Prioridade Legal
0000248-97.2020.8.17.3240,06/05/2026,Vara Única da Comarca de Sanharó,5ª CCJ,Prioridade Legal
0000253-22.2020.8.17.3240,24/04/2026,Vara Única da Comarca de Sanharó,5ª CCJ,Prioridade Legal
0000260-77.2021.8.17.3240,24/04/2026,Vara Única da Comarca de Sanharó,5ª CCJ,Prioridade Legal
0000262-81.2020.8.17.3240,14/05/2026,Vara Única da Comarca de Sanharó,5ª CCJ,Prioridade Legal
0000265-36.2020.8.17.3240,24/04/2026,Vara Única da Comarca de Sanharó,5ª CCJ,Prioridade Legal
0000266-21.2020.8.17.3240,06/05/2026,Vara Única da Comarca de Sanharó,5ª CCJ,Prioridade Legal
0000288-79.2020.8.17.3240,06/05/2026,Vara Única da Comarca de Sanharó,5ª CCJ,Prioridade Legal
0000345-34.2019.8.17.3240,15/05/2026,Vara Única da Comarca de Sanharó,5ª CCJ,Prioridade Legal
0000361-17.2021.8.17.3240,07/05/2026,Vara Única da Comarca de Sanharó,5ª CCJ,Prioridade Legal
0000397-25.2022.8.17.3240,06/05/2026,Vara Única da Comarca de Sanharó,5ª CCJ,Prioridade Legal
0000529-87.2019.8.17.3240,15/05/2026,Vara Única da Comarca de Sanharó,5ª CCJ,Prioridade Legal
0000668-68.2021.8.17.3240,14/05/2026,Vara Única da Comarca de Sanharó,5ª CCJ,Prioridade Legal
0000793-66.2014.8.17.1240,29/04/2026,Vara Única da Comarca de Sanharó,5ª CCJ,Sem prioridade
0001015-04.2021.8.17.3240,15/05/2026,Vara Única da Comarca de Sanharó,5ª CCJ,Sem prioridade
0001061-85.2024.8.17.3240,15/05/2026,Vara Única da Comarca de Sanharó,5ª CCJ,Sem prioridade
0001062-70.2024.8.17.3240,15/05/2026,Vara Única da Comarca de Sanharó,5ª CCJ,Sem prioridade
0001159-75.2021.8.17.3240,07/05/2026,Vara Única da Comarca de Sanharó,5ª CCJ,Prioridade Legal
0001211-71.2021.8.17.3240,24/04/2026,Vara Única da Comarca de Sanharó,5ª CCJ,Prioridade Legal
0001214-26.2021.8.17.3240,14/05/2026,Vara Única da Comarca de Sanharó,5ª CCJ,Prioridade Legal
0001400-49.2021.8.17.3240,14/05/2026,Vara Única da Comarca de Sanharó,5ª CCJ,Prioridade Legal
0001458-52.2021.8.17.3240,14/05/2026,Vara Única da Comarca de Sanharó,5ª CCJ,Prioridade Legal
0001480-13.2021.8.17.3240,07/05/2026,Vara Única da Comarca de Sanharó,5ª CCJ,Prioridade Legal
0004434-66.2013.8.17.1250,14/05/2026,1ª Vara Criminal da Comarca de Santa Cruz do Capibaribe,2ª CC,Sem prioridade
0001456-13.2025.8.17.3250,13/05/2026,1ª Vara Cível da Comarca de Santa Cruz do Capibaribe,5ª CCJ,Prioridade Legal
0002407-46.2021.8.17.3250,11/05/2026,1ª Vara Cível da Comarca de Santa Cruz do Capibaribe,5ª CCJ,Prioridade Legal
0003868-82.2023.8.17.3250,14/05/2026,1ª Vara Cível da Comarca de Santa Cruz do Capibaribe,6ª CC,Prioridade Legal
0004709-14.2022.8.17.3250,15/05/2026,1ª Vara Cível da Comarca de Santa Cruz do Capibaribe,6ª CC,Sem prioridade
0007176-29.2023.8.17.3250,13/05/2026,1ª Vara Cível da Comarca de Santa Cruz do Capibaribe,5ª CCJ,Sem prioridade
0000068-91.2007.8.17.1250,15/05/2026,2ª Vara Cível e Regional da Infância e Juventude da Comarca de Santa Cruz do Capibaribe,6ª CC,Sem prioridade
0000238-47.2025.8.17.3250,08/05/2026,2ª Vara Cível e Regional da Infância e Juventude da Comarca de Santa Cruz do Capibaribe,6ª CC,Prioridade Legal
0001031-30.2018.8.17.3250,08/05/2026,2ª Vara Cível e Regional da Infância e Juventude da Comarca de Santa Cruz do Capibaribe,5ª CCJ,Sem prioridade
0001779-96.2017.8.17.3250,15/05/2026,2ª Vara Cível e Regional da Infância e Juventude da Comarca de Santa Cruz do Capibaribe,5ª CCJ,Prioridade Legal
0001986-95.2017.8.17.3250,22/04/2026,2ª Vara Cível e Regional da Infância e Juventude da Comarca de Santa Cruz do Capibaribe,5ª CCJ,Sem prioridade
0002176-25.2009.8.17.1250,15/05/2026,2ª Vara Cível e Regional da Infância e Juventude da Comarca de Santa Cruz do Capibaribe,6ª CC,Sem prioridade
0002228-49.2020.8.17.3250,13/05/2026,2ª Vara Cível e Regional da Infância e Juventude da Comarca de Santa Cruz do Capibaribe,6ª CC,Prioridade Legal
0002654-22.2024.8.17.3250,30/03/2026,2ª Vara Cível e Regional da Infância e Juventude da Comarca de Santa Cruz do Capibaribe,5ª CCJ,Prioridade Legal
0002706-81.2025.8.17.3250,13/05/2026,2ª Vara Cível e Regional da Infância e Juventude da Comarca de Santa Cruz do Capibaribe,6ª CC,Sem prioridade
0003860-71.2024.8.17.3250,13/05/2026,2ª Vara Cível e Regional da Infância e Juventude da Comarca de Santa Cruz do Capibaribe,6ª CC,Prioridade Legal
0007321-85.2023.8.17.3250,13/05/2026,2ª Vara Cível e Regional da Infância e Juventude da Comarca de Santa Cruz do Capibaribe,6ª CC,Prioridade Legal
0007535-76.2023.8.17.3250,28/04/2026,2ª Vara Cível e Regional da Infância e Juventude da Comarca de Santa Cruz do Capibaribe,5ª CCJ,Prioridade Legal
0007671-73.2023.8.17.3250,13/05/2026,2ª Vara Cível e Regional da Infância e Juventude da Comarca de Santa Cruz do Capibaribe,6ª CC,Prioridade Legal
0000008-86.2023.8.17.8225,06/05/2026,Juizado Especial Cível e das Relações de Consumo e Criminal da Comarca de Santa Cruz do Capibaribe,1ª CCJ,Prioridade Legal
0000653-77.2024.8.17.8225,14/05/2026,Juizado Especial Cível e das Relações de Consumo e Criminal da Comarca de Santa Cruz do Capibaribe,1ª CCJ,Prioridade Legal
0000976-82.2024.8.17.8225,04/05/2026,Juizado Especial Cível e das Relações de Consumo e Criminal da Comarca de Santa Cruz do Capibaribe,1ª CCJ,Prioridade Legal
0000393-94.2018.8.17.3250,08/05/2026,Vara da Fazenda Pública da Comarca de Santa Cruz do Capibaribe,2ª CCJ,Prioridade Legal
0000833-47.2016.8.17.1250,30/04/2026,Vara da Fazenda Pública da Comarca de Santa Cruz do Capibaribe,4ª CC,Prioridade Legal
0000948-97.2018.8.17.1250,01/05/2026,Vara da Fazenda Pública da Comarca de Santa Cruz do Capibaribe,2ª CCJ,Prioridade Legal
0001350-85.2024.8.17.3250,15/05/2026,Vara da Fazenda Pública da Comarca de Santa Cruz do Capibaribe,4ª CC,Prioridade Legal
0001681-38.2022.8.17.3250,06/05/2026,Vara da Fazenda Pública da Comarca de Santa Cruz do Capibaribe,4ª CC,Prioridade Legal
0002466-63.2023.8.17.3250,17/04/2026,Vara da Fazenda Pública da Comarca de Santa Cruz do Capibaribe,2ª CCJ,Prioridade Legal
0003322-61.2022.8.17.3250,01/05/2026,Vara da Fazenda Pública da Comarca de Santa Cruz do Capibaribe,2ª CCJ,Sem prioridade
0004828-72.2022.8.17.3250,06/05/2026,Vara da Fazenda Pública da Comarca de Santa Cruz do Capibaribe,4ª CC,Prioridade Legal
0000047-40.2023.8.17.3260,27/04/2026,Vara Única da Comarca de Santa Maria da Boa Vista,6ª CCJ,Prioridade Legal
0000141-77.2000.8.17.1260,15/05/2026,Vara Única da Comarca de Santa Maria da Boa Vista,6ª CCJ,Prioridade Legal
0000297-98.2019.8.17.1260,13/04/2026,Vara Única da Comarca de Santa Maria da Boa Vista,6ª CCJ,Prioridade Legal
0000674-73.2025.8.17.3260,13/05/2026,Vara Única da Comarca de Santa Maria da Boa Vista,7ª CC,Prioridade Legal
0000825-49.2019.8.17.3260,07/05/2026,Vara Única da Comarca de Santa Maria da Boa Vista,7ª CC,Sem prioridade
0001050-59.2025.8.17.3260,15/05/2026,Vara Única da Comarca de Santa Maria da Boa Vista,7ª CC,Prioridade Legal
0000074-27.2022.8.17.3270,08/05/2026,Vara Única da Comarca de Santa Maria Cambucá,6ª CC,Prioridade Legal
0000159-86.2017.8.17.3270,13/05/2026,Vara Única da Comarca de Santa Maria Cambucá,5ª CCJ,Sem prioridade
0000177-39.2019.8.17.3270,08/05/2026,Vara Única da Comarca de Santa Maria Cambucá,6ª CC,Sem prioridade
0000440-43.2008.8.17.1270,28/04/2026,Vara Única da Comarca de Santa Maria Cambucá,5ª CCJ,Sem prioridade
0000124-80.2024.8.17.4370,15/05/2026,1ª Vara Criminal da Comarca de Serra Talhada,2ª CC,Prioridade Legal
0000179-58.2023.8.17.3370,12/05/2026,1ª Vara Cível da Comarca de Serra Talhada,7ª CC,Prioridade Legal
0000273-90.2003.8.17.1370,04/05/2026,1ª Vara Cível da Comarca de Serra Talhada,7ª CC,Sem prioridade
0000391-11.2025.8.17.3370,13/05/2026,1ª Vara Cível da Comarca de Serra Talhada,7ª CC,Prioridade Legal
0000747-40.2024.8.17.3370,07/05/2026,1ª Vara Cível da Comarca de Serra Talhada,7ª CC,Prioridade Legal
0001431-28.2025.8.17.3370,07/05/2026,1ª Vara Cível da Comarca de Serra Talhada,7ª CC,Prioridade Legal
0001651-60.2024.8.17.3370,08/05/2026,1ª Vara Cível da Comarca de Serra Talhada,7ª CC,Prioridade Legal
0002161-49.2019.8.17.3370,12/05/2026,1ª Vara Cível da Comarca de Serra Talhada,7ª CC,Prioridade Legal
0004187-44.2024.8.17.3370,15/05/2026,1ª Vara Cível da Comarca de Serra Talhada,7ª CC,Prioridade Legal
0000077-47.2008.8.17.1370,06/05/2026,2ª Vara Cível e Regional da Infância e Juventude da Comarca de Serra Talhada,7ª CC,Sem prioridade
0000121-52.1997.8.17.1370,07/05/2026,2ª Vara Cível e Regional da Infância e Juventude da Comarca de Serra Talhada,6ª CCJ,Sem prioridade
0000169-74.1998.8.17.1370,13/05/2026,2ª Vara Cível e Regional da Infância e Juventude da Comarca de Serra Talhada,6ª CCJ,Sem prioridade
0000203-91.2020.8.17.3370,06/05/2026,2ª Vara Cível e Regional da Infância e Juventude da Comarca de Serra Talhada,6ª CCJ,Prioridade Legal
0000772-29.2019.8.17.3370,06/05/2026,2ª Vara Cível e Regional da Infância e Juventude da Comarca de Serra Talhada,7ª CC,Prioridade Legal
0000933-97.2023.8.17.3370,14/05/2026,2ª Vara Cível e Regional da Infância e Juventude da Comarca de Serra Talhada,7ª CC,Prioridade Legal
0001200-69.2023.8.17.3370,15/05/2026,2ª Vara Cível e Regional da Infância e Juventude da Comarca de Serra Talhada,7ª CC,Prioridade Legal
0002015-08.2019.8.17.3370,11/05/2026,2ª Vara Cível e Regional da Infância e Juventude da Comarca de Serra Talhada,6ª CCJ,Sem prioridade
0002680-24.2019.8.17.3370,07/05/2026,2ª Vara Cível e Regional da Infância e Juventude da Comarca de Serra Talhada,6ª CCJ,Sem prioridade
0006605-23.2022.8.17.3370,14/05/2026,2ª Vara Cível e Regional da Infância e Juventude da Comarca de Serra Talhada,7ª CC,Prioridade Legal
0000487-93.2025.8.17.3380,07/05/2026,Vara Única da Comarca de Serrita,7ª CC,Prioridade Legal
0000624-85.2019.8.17.3380,08/05/2026,Vara Única da Comarca de Serrita,7ª CC,Prioridade Legal
0000367-54.2024.8.17.3390,06/05/2026,1ª Vara da Comarca de Sertânia,7ª CC,Sem prioridade
0000601-70.2023.8.17.3390,07/05/2026,1ª Vara da Comarca de Sertânia,7ª CC,Prioridade Legal
0001013-06.2020.8.17.3390,07/05/2026,1ª Vara da Comarca de Sertânia,7ª CC,Prioridade Legal
0001171-56.2023.8.17.3390,14/05/2026,1ª Vara da Comarca de Sertânia,6ª CCJ,Prioridade Legal
0000266-35.2024.8.17.2220,07/05/2026,2ª Vara da Comarca de Sertânia,7ª CC,Prioridade Legal
0000592-16.2024.8.17.5220,08/05/2026,2ª Vara da Comarca de Sertânia,7ª CC,Prioridade Legal
0001048-29.2021.8.17.3390,11/05/2026,2ª Vara da Comarca de Sertânia,7ª CC,Prioridade Legal
0000045-09.2021.8.17.3400,12/05/2026,Vara Única da Comarca de Sirinhaém,5ª CC,Prioridade Legal
0000268-59.2021.8.17.3400,16/04/2026,Vara Única da Comarca de Sirinhaém,4ª CCJ,Prioridade Legal
0000925-93.2024.8.17.4370,29/04/2026,Vara Única da Comarca de Sirinhaém,5ª CC,Prioridade Legal
0000028-71.1994.8.17.1410,23/04/2026,1ª Vara Cível da Comarca de Surubim,5ª CCJ,Prioridade Legal
0000123-70.2021.8.17.3410,08/05/2026,1ª Vara Cível da Comarca de Surubim,5ª CCJ,Prioridade Legal
0000179-45.2017.8.17.3410,08/05/2026,1ª Vara Cível da Comarca de Surubim,6ª CC,Prioridade Legal
0001366-54.2018.8.17.3410,17/04/2026,1ª Vara Cível da Comarca de Surubim,5ª CCJ,Prioridade Legal
0001700-15.2023.8.17.3410,06/05/2026,1ª Vara Cível da Comarca de Surubim,5ª CCJ,Prioridade Legal
0002264-58.2015.8.17.1410,16/05/2026,1ª Vara Cível da Comarca de Surubim,6ª CC,Sem prioridade
0002751-62.2014.8.17.1410,08/05/2026,1ª Vara Cível da Comarca de Surubim,5ª CCJ,Prioridade Legal
0003362-14.2023.8.17.3410,08/05/2026,1ª Vara Cível da Comarca de Surubim,6ª CC,Prioridade Legal
0000480-89.2017.8.17.3410,06/05/2026,2ª Vara Cível da Comarca de Surubim,5ª CCJ,Sem prioridade
0000809-62.2021.8.17.3410,15/04/2026,2ª Vara Cível da Comarca de Surubim,5ª CCJ,Prioridade Legal
0001144-86.2018.8.17.3410,07/04/2026,2ª Vara Cível da Comarca de Surubim,5ª CCJ,Sem prioridade
0002538-26.2021.8.17.3410,29/04/2026,2ª Vara Cível da Comarca de Surubim,5ª CCJ,Prioridade Legal
0002569-75.2023.8.17.3410,14/05/2026,2ª Vara Cível da Comarca de Surubim,5ª CCJ,Prioridade Legal
0000029-85.2025.8.17.3280,16/05/2026,1ª Vara da Comarca de São Bento do Una,6ª CC,Prioridade Legal
0000122-82.2024.8.17.3280,14/05/2026,1ª Vara da Comarca de São Bento do Una,6ª CC,Prioridade Legal
0001373-72.2023.8.17.3280,13/05/2026,1ª Vara da Comarca de São Bento do Una,5ª CCJ,Prioridade Legal
0000327-87.2019.8.17.3280,15/05/2026,2ª Vara da Comarca de São Bento do Una,5ª CCJ,Sem prioridade
0000403-48.2018.8.17.3280,24/04/2026,2ª Vara da Comarca de São Bento do Una,5ª CCJ,Prioridade Legal
0000726-93.2005.8.17.1280,04/05/2026,2ª Vara da Comarca de São Bento do Una,5ª CCJ,Sem prioridade
0000981-98.2024.8.17.3280,23/04/2026,2ª Vara da Comarca de São Bento do Una,5ª CCJ,Prioridade Legal
0001173-36.2021.8.17.3280,05/05/2026,2ª Vara da Comarca de São Bento do Una,5ª CCJ,Prioridade Legal
0001647-02.2024.8.17.3280,13/05/2026,2ª Vara da Comarca de São Bento do Una,6ª CC,Prioridade Legal
0000089-67.2021.8.17.3290,13/05/2026,Vara Única da Comarca de São Caetano,5ª CCJ,Prioridade Legal
0000232-71.2023.8.17.7110,13/05/2026,Vara Única da Comarca de São Caetano,6ª CC,Prioridade Legal
0000261-05.2015.8.17.1290,12/05/2026,Vara Única da Comarca de São Caetano,6ª CC,Prioridade Legal
0000392-72.2018.8.17.1290,08/05/2026,Vara Única da Comarca de São Caetano,6ª CC,Prioridade Legal
0000796-35.2021.8.17.3290,27/04/2026,Vara Única da Comarca de São Caetano,5ª CCJ,Prioridade Legal
0001012-25.2023.8.17.3290,17/04/2026,Vara Única da Comarca de São Caetano,5ª CCJ,Prioridade Legal
0001013-10.2023.8.17.3290,14/05/2026,Vara Única da Comarca de São Caetano,6ª CC,Prioridade Legal
0001289-26.2024.8.17.4480,13/05/2026,Vara Única da Comarca de São Caetano,6ª CC,Prioridade Legal
0001962-97.2024.8.17.3290,04/05/2026,Vara Única da Comarca de São Caetano,5ª CCJ,Prioridade Legal
0003106-62.2023.8.17.4480,14/05/2026,Vara Única da Comarca de São Caetano,6ª CC,Prioridade Legal
0000015-74.2026.8.17.3310,07/05/2026,Vara Única da Comarca de São Joaquim do Monte,6ª CC,Prioridade Legal
0000042-28.2024.8.17.3310,15/05/2026,Vara Única da Comarca de São Joaquim do Monte,6ª CC,Prioridade Legal
0000108-08.2024.8.17.3310,16/04/2026,Vara Única da Comarca de São Joaquim do Monte,5ª CCJ,Prioridade Legal
0000112-79.2023.8.17.3310,17/04/2026,Vara Única da Comarca de São Joaquim do Monte,5ª CCJ,Prioridade Legal
0000176-65.2018.8.17.3310,20/04/2026,Vara Única da Comarca de São Joaquim do Monte,5ª CCJ,Prioridade Legal
0000392-16.2024.8.17.3310,15/04/2026,Vara Única da Comarca de São Joaquim do Monte,5ª CCJ,Prioridade Legal
0000445-65.2022.8.17.3310,14/05/2026,Vara Única da Comarca de São Joaquim do Monte,6ª CC,Prioridade Legal
0000489-16.2024.8.17.3310,15/04/2026,Vara Única da Comarca de São Joaquim do Monte,5ª CCJ,Prioridade Legal
0000659-22.2023.8.17.3310,16/04/2026,Vara Única da Comarca de São Joaquim do Monte,5ª CCJ,Sem prioridade
0000060-24.2021.8.17.3320,14/05/2026,Vara Única da Comarca de São José da Coroa Grande,5ª CC,Prioridade Legal
0000092-58.2023.8.17.3320,29/04/2026,Vara Única da Comarca de São José da Coroa Grande,5ª CC,Prioridade Legal
0000120-55.2025.8.17.3320,28/04/2026,Vara Única da Comarca de São José da Coroa Grande,5ª CC,Prioridade Legal
0000121-45.2022.8.17.3320,30/04/2026,Vara Única da Comarca de São José da Coroa Grande,5ª CC,Prioridade Legal
0000129-27.2019.8.17.3320,07/05/2026,Vara Única da Comarca de São José da Coroa Grande,5ª CC,Sem prioridade
0000146-58.2022.8.17.3320,28/04/2026,Vara Única da Comarca de São José da Coroa Grande,5ª CC,Sem prioridade
0000154-30.2025.8.17.3320,14/04/2026,Vara Única da Comarca de São José da Coroa Grande,4ª CCJ,Prioridade Legal
0000175-11.2022.8.17.3320,30/04/2026,Vara Única da Comarca de São José da Coroa Grande,5ª CC,Sem prioridade
0000249-02.2021.8.17.3320,15/05/2026,Vara Única da Comarca de São José da Coroa Grande,5ª CC,Sem prioridade
0000388-18.2013.8.17.1320,28/04/2026,Vara Única da Comarca de São José da Coroa Grande,5ª CC,Sem prioridade
0000403-15.2024.8.17.3320,14/05/2026,Vara Única da Comarca de São José da Coroa Grande,5ª CC,Sem prioridade
0000574-24.2023.8.17.6030,06/05/2026,Vara Única da Comarca de São José da Coroa Grande,5ª CC,Prioridade Legal
0000641-34.2024.8.17.3320,14/05/2026,Vara Única da Comarca de São José da Coroa Grande,5ª CC,Sem prioridade
0000653-48.2024.8.17.3320,29/04/2026,Vara Única da Comarca de São José da Coroa Grande,5ª CC,Prioridade Legal
0000668-57.2011.8.17.1320,13/04/2026,Vara Única da Comarca de São José da Coroa Grande,4ª CCJ,Prioridade Legal
0000696-82.2024.8.17.3320,07/05/2026,Vara Única da Comarca de São José da Coroa Grande,5ª CC,Prioridade Legal
0000013-15.2024.8.17.3330,24/04/2026,Vara Única da Comarca de São José do Belmonte,6ª CCJ,Sem prioridade
0000215-27.2014.8.17.1330,12/05/2026,Vara Única da Comarca de São José do Belmonte,7ª CC,Prioridade Legal
0000295-10.2025.8.17.5370,06/05/2026,Vara Única da Comarca de São José do Belmonte,7ª CC,Sem prioridade
0000570-36.2023.8.17.3330,22/04/2026,Vara Única da Comarca de São José do Belmonte,6ª CCJ,Prioridade Legal
0000816-95.2024.8.17.3330,06/05/2026,Vara Única da Comarca de São José do Belmonte,7ª CC,Prioridade Legal
0000892-85.2025.8.17.3330,06/05/2026,Vara Única da Comarca de São José do Belmonte,7ª CC,Prioridade Legal
0001105-62.2023.8.17.3330,12/05/2026,Vara Única da Comarca de São José do Belmonte,7ª CC,Sem prioridade
0000346-78.2017.8.17.3340,04/05/2026,1ª Vara da Comarca de São José do Egito,6ª CCJ,Prioridade Legal
0000788-68.2022.8.17.3340,05/05/2026,1ª Vara da Comarca de São José do Egito,7ª CC,Prioridade Legal
0001161-36.2021.8.17.3340,13/05/2026,1ª Vara da Comarca de São José do Egito,6ª CCJ,Prioridade Legal
0000017-25.2019.8.17.3040,07/05/2026,Vara Única da Comarca de São João,5ª CCJ,Prioridade Legal
0000017-36.2004.8.17.1040,28/04/2026,Vara Única da Comarca de São João,5ª CCJ,Prioridade Legal
0000032-82.2022.8.17.3300,01/04/2026,Vara Única da Comarca de São João,5ª CCJ,Sem prioridade
0000044-37.2021.8.17.3040,15/05/2026,Vara Única da Comarca de São João,6ª CC,Prioridade Legal
0000058-21.2021.8.17.3040,13/05/2026,Vara Única da Comarca de São João,6ª CC,Prioridade Legal
0000063-43.2021.8.17.3040,15/05/2026,Vara Única da Comarca de São João,6ª CC,Prioridade Legal
0000066-91.2021.8.17.3300,10/04/2026,Vara Única da Comarca de São João,5ª CCJ,Prioridade Legal
0000071-59.2017.8.17.3040,11/05/2026,Vara Única da Comarca de São João,5ª CCJ,Prioridade Legal
0000086-86.2021.8.17.3040,15/05/2026,Vara Única da Comarca de São João,6ª CC,Sem prioridade
0000088-95.2017.8.17.3040,09/04/2026,Vara Única da Comarca de São João,5ª CCJ,Prioridade Legal
0000092-89.2021.8.17.3300,20/04/2026,Vara Única da Comarca de São João,5ª CCJ,Prioridade Legal
0000095-87.2017.8.17.3040,13/05/2026,Vara Única da Comarca de São João,6ª CC,Sem prioridade
0000106-19.2017.8.17.3040,13/05/2026,Vara Única da Comarca de São João,6ª CC,Prioridade Legal
0000128-09.2019.8.17.3040,13/05/2026,Vara Única da Comarca de São João,6ª CC,Sem prioridade
0000136-15.2021.8.17.3040,15/05/2026,Vara Única da Comarca de São João,6ª CC,Prioridade Legal
0000141-28.2024.8.17.3300,14/05/2026,Vara Única da Comarca de São João,6ª CC,Prioridade Legal
0000150-58.2016.8.17.1040,20/04/2026,Vara Única da Comarca de São João,5ª CCJ,Prioridade Legal
0000167-35.2021.8.17.3040,13/05/2026,Vara Única da Comarca de São João,6ª CC,Sem prioridade
0000198-51.2015.8.17.1040,07/05/2026,Vara Única da Comarca de São João,6ª CC,Prioridade Legal
0000261-42.2022.8.17.3300,24/04/2026,Vara Única da Comarca de São João,5ª CCJ,Prioridade Legal
0000280-48.2022.8.17.3300,22/04/2026,Vara Única da Comarca de São João,5ª CCJ,Prioridade Legal
0000361-26.2024.8.17.3300,15/05/2026,Vara Única da Comarca de São João,6ª CC,Prioridade Legal
0000409-87.2021.8.17.3300,15/05/2026,Vara Única da Comarca de São João,6ª CC,Prioridade Legal
0000524-11.2021.8.17.3300,22/04/2026,Vara Única da Comarca de São João,5ª CCJ,Prioridade Legal
0001037-42.2022.8.17.3300,08/05/2026,Vara Única da Comarca de São João,6ª CC,Prioridade Legal
0004898-71.2025.8.17.2640,14/05/2026,Vara Única da Comarca de São João,6ª CC,Prioridade Legal
0000053-68.2023.8.17.3350,22/04/2026,1ª Vara Cível da Comarca de São Lourenço da Mata,4ª CCJ,Prioridade Legal
0000190-60.2017.8.17.3350,14/05/2026,1ª Vara Cível da Comarca de São Lourenço da Mata,5ª CC,Prioridade Legal
0000385-74.2019.8.17.3350,06/05/2026,1ª Vara Cível da Comarca de São Lourenço da Mata,4ª CCJ,Sem prioridade
0000487-86.2025.8.17.3350,04/05/2026,1ª Vara Cível da Comarca de São Lourenço da Mata,5ª CC,Prioridade Legal
0000511-61.2018.8.17.3350,27/04/2026,1ª Vara Cível da Comarca de São Lourenço da Mata,5ª CC,Sem prioridade
0000615-14.2022.8.17.3350,14/05/2026,1ª Vara Cível da Comarca de São Lourenço da Mata,5ª CC,Prioridade Legal
0000624-49.2017.8.17.3350,15/05/2026,1ª Vara Cível da Comarca de São Lourenço da Mata,4ª CCJ,Prioridade Legal
0000660-68.2003.8.17.1350,30/04/2026,1ª Vara Cível da Comarca de São Lourenço da Mata,4ª CCJ,Sem prioridade
0000673-12.2025.8.17.3350,29/04/2026,1ª Vara Cível da Comarca de São Lourenço da Mata,5ª CC,Prioridade Legal
0001198-62.2023.8.17.3350,28/04/2026,1ª Vara Cível da Comarca de São Lourenço da Mata,5ª CC,Prioridade Legal
0001451-60.2017.8.17.3350,14/05/2026,1ª Vara Cível da Comarca de São Lourenço da Mata,5ª CC,Prioridade Legal
0001600-12.2024.8.17.3350,05/05/2026,1ª Vara Cível da Comarca de São Lourenço da Mata,5ª CC,Prioridade Legal
0001977-56.2019.8.17.3350,16/05/2026,1ª Vara Cível da Comarca de São Lourenço da Mata,5ª CC,Sem prioridade
0002006-44.2009.8.17.1350,23/04/2026,1ª Vara Cível da Comarca de São Lourenço da Mata,4ª CCJ,Sem prioridade
0002513-29.2014.8.17.1350,17/04/2026,1ª Vara Cível da Comarca de São Lourenço da Mata,4ª CCJ,Sem prioridade
0003091-54.2024.8.17.3350,15/05/2026,1ª Vara Cível da Comarca de São Lourenço da Mata,4ª CCJ,Prioridade Legal
0003326-84.2025.8.17.3350,27/04/2026,1ª Vara Cível da Comarca de São Lourenço da Mata,4ª CCJ,Sem prioridade
0003623-96.2022.8.17.3350,29/04/2026,1ª Vara Cível da Comarca de São Lourenço da Mata,5ª CC,Prioridade Legal
0003629-40.2021.8.17.3350,14/05/2026,1ª Vara Cível da Comarca de São Lourenço da Mata,4ª CCJ,Sem prioridade
0003794-19.2023.8.17.3350,15/05/2026,1ª Vara Cível da Comarca de São Lourenço da Mata,4ª CCJ,Prioridade Legal
0004065-57.2025.8.17.3350,04/05/2026,1ª Vara Cível da Comarca de São Lourenço da Mata,4ª CCJ,Prioridade Legal
0004973-22.2022.8.17.3350,11/05/2026,1ª Vara Cível da Comarca de São Lourenço da Mata,4ª CCJ,Prioridade Legal
0000014-66.2026.8.17.3350,22/04/2026,2ª Vara Cível da Comarca de São Lourenço da Mata,5ª CC,Prioridade Legal
0000030-69.2016.8.17.3350,03/05/2026,2ª Vara Cível da Comarca de São Lourenço da Mata,5ª CC,Prioridade Legal
0000274-80.2025.8.17.3350,03/05/2026,2ª Vara Cível da Comarca de São Lourenço da Mata,5ª CC,Prioridade Legal
0000493-30.2024.8.17.3350,05/05/2026,2ª Vara Cível da Comarca de São Lourenço da Mata,5ª CC,Prioridade Legal
0000551-67.2023.8.17.3350,28/04/2026,2ª Vara Cível da Comarca de São Lourenço da Mata,5ª CC,Sem prioridade
0000570-78.2020.8.17.3350,04/05/2026,2ª Vara Cível da Comarca de São Lourenço da Mata,5ª CC,Sem prioridade
0000698-64.2021.8.17.3350,05/05/2026,2ª Vara Cível da Comarca de São Lourenço da Mata,5ª CC,Sem prioridade
0000765-29.2021.8.17.3350,29/04/2026,2ª Vara Cível da Comarca de São Lourenço da Mata,5ª CC,Prioridade Legal
0001100-14.2022.8.17.3350,21/04/2026,2ª Vara Cível da Comarca de São Lourenço da Mata,4ª CCJ,Prioridade Legal
0002241-98.2015.8.17.1350,15/05/2026,2ª Vara Cível da Comarca de São Lourenço da Mata,5ª CC,Sem prioridade
0002727-48.2025.8.17.3350,13/05/2026,2ª Vara Cível da Comarca de São Lourenço da Mata,5ª CC,Prioridade Legal
0002858-29.2013.8.17.1350,04/05/2026,2ª Vara Cível da Comarca de São Lourenço da Mata,5ª CC,Sem prioridade
0002866-39.2021.8.17.3350,22/04/2026,2ª Vara Cível da Comarca de São Lourenço da Mata,4ª CCJ,Sem prioridade
0002918-35.2021.8.17.3350,14/05/2026,2ª Vara Cível da Comarca de São Lourenço da Mata,5ª CC,Sem prioridade
0003007-53.2024.8.17.3350,28/04/2026,2ª Vara Cível da Comarca de São Lourenço da Mata,5ª CC,Prioridade Legal
0003695-15.2024.8.17.3350,05/05/2026,2ª Vara Cível da Comarca de São Lourenço da Mata,5ª CC,Prioridade Legal
0004496-96.2022.8.17.3350,05/05/2026,2ª Vara Cível da Comarca de São Lourenço da Mata,5ª CC,Prioridade Legal
0004759-31.2022.8.17.3350,09/05/2026,2ª Vara Cível da Comarca de São Lourenço da Mata,5ª CC,Prioridade Legal
0004775-48.2023.8.17.3350,04/05/2026,2ª Vara Cível da Comarca de São Lourenço da Mata,5ª CC,Sem prioridade
0005916-05.2023.8.17.3350,06/05/2026,2ª Vara Cível da Comarca de São Lourenço da Mata,5ª CC,Sem prioridade
0136118-77.2022.8.17.2001,27/04/2026,2ª Vara Cível da Comarca de São Lourenço da Mata,5ª CC,Sem prioridade
0000081-46.2017.8.17.3350,30/04/2026,3ª Vara Cível da Comarca de São Lourenço da Mata,5ª CC,Sem prioridade
0000090-61.2024.8.17.3350,30/04/2026,3ª Vara Cível da Comarca de São Lourenço da Mata,5ª CC,Sem prioridade
0000188-85.2020.8.17.3350,06/05/2026,3ª Vara Cível da Comarca de São Lourenço da Mata,5ª CC,Sem prioridade
0000367-82.2021.8.17.3350,25/04/2026,3ª Vara Cível da Comarca de São Lourenço da Mata,5ª CC,Prioridade Legal
0000833-14.2011.8.17.1350,07/05/2026,3ª Vara Cível da Comarca de São Lourenço da Mata,5ª CC,Prioridade Legal
0000886-57.2021.8.17.3350,06/05/2026,3ª Vara Cível da Comarca de São Lourenço da Mata,5ª CC,Prioridade Legal
0001023-40.2012.8.17.1350,22/04/2026,3ª Vara Cível da Comarca de São Lourenço da Mata,4ª CCJ,Prioridade Legal
0001153-63.2020.8.17.3350,27/04/2026,3ª Vara Cível da Comarca de São Lourenço da Mata,5ª CC,Sem prioridade
0001197-87.2017.8.17.3350,08/05/2026,3ª Vara Cível da Comarca de São Lourenço da Mata,4ª CCJ,Prioridade Legal
0001367-49.2023.8.17.3350,22/04/2026,3ª Vara Cível da Comarca de São Lourenço da Mata,4ª CCJ,Sem prioridade
0001764-40.2025.8.17.3350,23/04/2026,3ª Vara Cível da Comarca de São Lourenço da Mata,5ª CC,Prioridade Legal
0001969-50.2017.8.17.3350,14/05/2026,3ª Vara Cível da Comarca de São Lourenço da Mata,4ª CCJ,Prioridade Legal
0002054-55.2025.8.17.3350,30/04/2026,3ª Vara Cível da Comarca de São Lourenço da Mata,5ª CC,Sem prioridade
0002055-40.2025.8.17.3350,30/04/2026,3ª Vara Cível da Comarca de São Lourenço da Mata,5ª CC,Sem prioridade
0002483-32.2019.8.17.3350,28/04/2026,3ª Vara Cível da Comarca de São Lourenço da Mata,5ª CC,Prioridade Legal
0002795-95.2025.8.17.3350,27/04/2026,3ª Vara Cível da Comarca de São Lourenço da Mata,5ª CC,Sem prioridade
0003067-94.2022.8.17.3350,14/05/2026,3ª Vara Cível da Comarca de São Lourenço da Mata,4ª CCJ,Prioridade Legal
0003810-70.2023.8.17.3350,04/05/2026,3ª Vara Cível da Comarca de São Lourenço da Mata,4ª CCJ,Prioridade Legal
0003875-31.2024.8.17.3350,30/04/2026,3ª Vara Cível da Comarca de São Lourenço da Mata,5ª CC,Prioridade Legal
0004076-57.2023.8.17.3350,06/05/2026,3ª Vara Cível da Comarca de São Lourenço da Mata,5ª CC,Sem prioridade
0004105-44.2022.8.17.3350,07/05/2026,3ª Vara Cível da Comarca de São Lourenço da Mata,5ª CC,Sem prioridade
0004168-98.2024.8.17.3350,04/05/2026,3ª Vara Cível da Comarca de São Lourenço da Mata,5ª CC,Prioridade Legal
0004681-03.2023.8.17.3350,07/05/2026,3ª Vara Cível da Comarca de São Lourenço da Mata,5ª CC,Super prioridade
0005733-34.2023.8.17.3350,05/05/2026,3ª Vara Cível da Comarca de São Lourenço da Mata,5ª CC,Prioridade Legal
0005761-02.2023.8.17.3350,30/04/2026,3ª Vara Cível da Comarca de São Lourenço da Mata,5ª CC,Prioridade Legal
0006157-76.2023.8.17.3350,30/04/2026,3ª Vara Cível da Comarca de São Lourenço da Mata,5ª CC,Prioridade Legal
0011237-36.2016.8.17.2810,24/04/2026,3ª Vara Cível da Comarca de São Lourenço da Mata,5ª CC,Sem prioridade
0000263-13.2020.8.17.1350,15/05/2026,Vara Criminal da Comarca de São Lourenço da Mata,2ª CC,Sem prioridade
0000021-13.2024.8.17.3420,28/04/2026,Vara Única da Comarca de Tabira,6ª CCJ,Prioridade Legal
0000094-53.2022.8.17.3420,15/05/2026,Vara Única da Comarca de Tabira,6ª CCJ,Prioridade Legal
0000229-07.2018.8.17.3420,30/04/2026,Vara Única da Comarca de Tabira,6ª CCJ,Prioridade Legal
0000484-57.2021.8.17.3420,14/05/2026,Vara Única da Comarca de Tabira,6ª CCJ,Prioridade Legal
0000527-57.2022.8.17.3420,14/05/2026,Vara Única da Comarca de Tabira,6ª CCJ,Prioridade Legal
0000530-46.2021.8.17.3420,27/04/2026,Vara Única da Comarca de Tabira,6ª CCJ,Prioridade Legal
0000650-55.2022.8.17.3420,29/04/2026,Vara Única da Comarca de Tabira,6ª CCJ,Prioridade Legal
0000658-95.2023.8.17.3420,22/04/2026,Vara Única da Comarca de Tabira,6ª CCJ,Prioridade Legal
0000710-68.2009.8.17.1420,23/04/2026,Vara Única da Comarca de Tabira,6ª CCJ,Prioridade Legal
0000731-38.2021.8.17.3420,12/05/2026,Vara Única da Comarca de Tabira,6ª CCJ,Sem prioridade
0000738-30.2021.8.17.3420,08/05/2026,Vara Única da Comarca de Tabira,6ª CCJ,Prioridade Legal
0000812-84.2021.8.17.3420,22/04/2026,Vara Única da Comarca de Tabira,6ª CCJ,Prioridade Legal
0000829-23.2021.8.17.3420,23/04/2026,Vara Única da Comarca de Tabira,6ª CCJ,Prioridade Legal
0000905-47.2021.8.17.3420,14/05/2026,Vara Única da Comarca de Tabira,6ª CCJ,Prioridade Legal
0000927-08.2021.8.17.3420,22/04/2026,Vara Única da Comarca de Tabira,6ª CCJ,Prioridade Legal
0000929-75.2021.8.17.3420,27/04/2026,Vara Única da Comarca de Tabira,6ª CCJ,Prioridade Legal
0000965-49.2023.8.17.3420,24/04/2026,Vara Única da Comarca de Tabira,6ª CCJ,Prioridade Legal
0002175-38.2023.8.17.3420,15/05/2026,Vara Única da Comarca de Tabira,6ª CCJ,Prioridade Legal
0000091-73.2019.8.17.3430,30/04/2026,Vara Única da Comarca de Tacaimbó,5ª CCJ,Prioridade Legal
0000170-81.2021.8.17.3430,17/04/2026,Vara Única da Comarca de Tacaimbó,5ª CCJ,Prioridade Legal
0000346-55.2024.8.17.3430,30/04/2026,Vara Única da Comarca de Tacaimbó,5ª CCJ,Prioridade Legal
0000406-28.2024.8.17.3430,13/05/2026,Vara Única da Comarca de Tacaimbó,6ª CC,Sem prioridade
0000425-68.2023.8.17.3430,27/04/2026,Vara Única da Comarca de Tacaimbó,5ª CCJ,Prioridade Legal
0000775-73.2024.8.17.4480,08/05/2026,Vara Única da Comarca de Tacaimbó,6ª CC,Prioridade Legal
0000107-16.2020.8.17.1450,22/04/2026,Vara Única da Comarca de Tamandaré,5ª CC,Sem prioridade
0000156-76.2017.8.17.3450,24/04/2026,Vara Única da Comarca de Tamandaré,4ª CCJ,Prioridade Legal
0000165-96.2021.8.17.3450,28/04/2026,Vara Única da Comarca de Tamandaré,5ª CC,Sem prioridade
0000185-48.2025.8.17.3450,22/04/2026,Vara Única da Comarca de Tamandaré,5ª CC,Prioridade Legal
0000321-55.2019.8.17.3450,14/04/2026,Vara Única da Comarca de Tamandaré,4ª CCJ,Prioridade Legal
0000392-86.2021.8.17.3450,05/05/2026,Vara Única da Comarca de Tamandaré,5ª CC,Prioridade Legal
0000408-06.2022.8.17.3450,13/05/2026,Vara Única da Comarca de Tamandaré,4ª CCJ,Prioridade Legal
0000425-37.2025.8.17.3450,06/05/2026,Vara Única da Comarca de Tamandaré,5ª CC,Prioridade Legal
0000450-84.2024.8.17.3450,30/04/2026,Vara Única da Comarca de Tamandaré,5ª CC,Prioridade Legal
0000463-49.2025.8.17.3450,13/05/2026,Vara Única da Comarca de Tamandaré,5ª CC,Prioridade Legal
0000697-31.2025.8.17.3450,04/05/2026,Vara Única da Comarca de Tamandaré,4ª CCJ,Sem prioridade
0000706-27.2024.8.17.3450,23/04/2026,Vara Única da Comarca de Tamandaré,5ª CC,Prioridade Legal
0000753-69.2022.8.17.3450,28/04/2026,Vara Única da Comarca de Tamandaré,5ª CC,Prioridade Legal
0000797-83.2025.8.17.3450,29/04/2026,Vara Única da Comarca de Tamandaré,5ª CC,Prioridade Legal
0000798-68.2025.8.17.3450,29/04/2026,Vara Única da Comarca de Tamandaré,5ª CC,Prioridade Legal
0000799-53.2025.8.17.3450,28/04/2026,Vara Única da Comarca de Tamandaré,5ª CC,Prioridade Legal
0000800-38.2025.8.17.3450,28/04/2026,Vara Única da Comarca de Tamandaré,5ª CC,Prioridade Legal
0000802-08.2025.8.17.3450,29/04/2026,Vara Única da Comarca de Tamandaré,5ª CC,Prioridade Legal
0000803-90.2025.8.17.3450,29/04/2026,Vara Única da Comarca de Tamandaré,5ª CC,Prioridade Legal
0000804-75.2025.8.17.3450,29/04/2026,Vara Única da Comarca de Tamandaré,5ª CC,Prioridade Legal
0000807-30.2025.8.17.3450,28/04/2026,Vara Única da Comarca de Tamandaré,5ª CC,Prioridade Legal
0000808-15.2025.8.17.3450,29/04/2026,Vara Única da Comarca de Tamandaré,5ª CC,Prioridade Legal
0000809-97.2025.8.17.3450,29/04/2026,Vara Única da Comarca de Tamandaré,5ª CC,Prioridade Legal
0000810-82.2025.8.17.3450,29/04/2026,Vara Única da Comarca de Tamandaré,5ª CC,Prioridade Legal
0000811-67.2025.8.17.3450,29/04/2026,Vara Única da Comarca de Tamandaré,5ª CC,Prioridade Legal
0000940-09.2024.8.17.3450,07/05/2026,Vara Única da Comarca de Tamandaré,5ª CC,Prioridade Legal
0001424-92.2022.8.17.3450,08/05/2026,Vara Única da Comarca de Tamandaré,5ª CC,Sem prioridade
0001425-43.2023.8.17.3450,06/05/2026,Vara Única da Comarca de Tamandaré,5ª CC,Prioridade Legal
0000215-24.2023.8.17.3460,06/05/2026,Vara Única da Comarca de Taquaritinga do Norte,5ª CCJ,Prioridade Legal
0000228-52.2025.8.17.3460,28/04/2026,Vara Única da Comarca de Taquaritinga do Norte,5ª CCJ,Prioridade Legal
0000398-63.2021.8.17.3460,12/05/2026,Vara Única da Comarca de Taquaritinga do Norte,5ª CCJ,Prioridade Legal
0000604-38.2025.8.17.3460,11/05/2026,Vara Única da Comarca de Taquaritinga do Norte,6ª CC,Prioridade Legal
0000622-31.2014.8.17.1460,14/04/2026,Vara Única da Comarca de Taquaritinga do Norte,5ª CCJ,Sem prioridade
0000738-37.2014.8.17.1460,08/05/2026,Vara Única da Comarca de Taquaritinga do Norte,5ª CCJ,Sem prioridade
0000003-32.2021.8.17.2600,09/04/2026,1ª Vara da Comarca de Timbaúba,4ª CCJ,Prioridade Legal
0000073-23.2024.8.17.3480,06/05/2026,1ª Vara da Comarca de Timbaúba,5ª CC,Sem prioridade
0000129-87.2018.8.17.2600,29/04/2026,1ª Vara da Comarca de Timbaúba,5ª CC,Sem prioridade
0000154-65.2018.8.17.1480,15/05/2026,1ª Vara da Comarca de Timbaúba,5ª CC,Sem prioridade
0000218-71.2022.8.17.2600,14/05/2026,1ª Vara da Comarca de Timbaúba,5ª CC,Sem prioridade
0000302-72.2022.8.17.2600,11/05/2026,1ª Vara da Comarca de Timbaúba,4ª CCJ,Prioridade Legal
0000358-42.2021.8.17.2600,05/05/2026,1ª Vara da Comarca de Timbaúba,4ª CCJ,Prioridade Legal
0000482-38.2020.8.17.3480,23/04/2026,1ª Vara da Comarca de Timbaúba,4ª CCJ,Prioridade Legal
0000506-62.2014.8.17.1480,07/05/2026,1ª Vara da Comarca de Timbaúba,5ª CC,Prioridade Legal
0000535-06.2021.8.17.2600,24/04/2026,1ª Vara da Comarca de Timbaúba,5ª CC,Prioridade Legal
0000564-52.2015.8.17.0600,29/04/2026,1ª Vara da Comarca de Timbaúba,5ª CC,Sem prioridade
0000631-68.2019.8.17.3480,05/05/2026,1ª Vara da Comarca de Timbaúba,4ª CCJ,Prioridade Legal
0000662-31.2006.8.17.1480,29/04/2026,1ª Vara da Comarca de Timbaúba,5ª CC,Sem prioridade
0000666-23.2022.8.17.3480,07/05/2026,1ª Vara da Comarca de Timbaúba,5ª CC,Sem prioridade
0000730-67.2021.8.17.3480,04/05/2026,1ª Vara da Comarca de Timbaúba,4ª CCJ,Prioridade Legal
0000792-83.2016.8.17.3480,24/04/2026,1ª Vara da Comarca de Timbaúba,4ª CCJ,Sem prioridade
0000812-40.2017.8.17.3480,20/04/2026,1ª Vara da Comarca de Timbaúba,4ª CCJ,Prioridade Legal
0001042-34.2023.8.17.4980,27/04/2026,1ª Vara da Comarca de Timbaúba,5ª CC,Prioridade Legal
0001071-88.2024.8.17.3480,14/05/2026,1ª Vara da Comarca de Timbaúba,5ª CC,Prioridade Legal
0001082-25.2021.8.17.3480,28/04/2026,1ª Vara da Comarca de Timbaúba,5ª CC,Prioridade Legal
0001225-43.2023.8.17.3480,07/05/2026,1ª Vara da Comarca de Timbaúba,5ª CC,Prioridade Legal
0001253-74.2024.8.17.3480,12/05/2026,1ª Vara da Comarca de Timbaúba,4ª CCJ,Prioridade Legal
0001274-94.2017.8.17.3480,11/05/2026,1ª Vara da Comarca de Timbaúba,5ª CC,Prioridade Legal
0001294-07.2025.8.17.3480,24/04/2026,1ª Vara da Comarca de Timbaúba,5ª CC,Prioridade Legal
0001443-03.2025.8.17.3480,04/05/2026,1ª Vara da Comarca de Timbaúba,5ª CC,Prioridade Legal
0001864-32.2021.8.17.3480,04/05/2026,1ª Vara da Comarca de Timbaúba,5ª CC,Prioridade Legal
0002168-95.2013.8.17.1480,07/05/2026,1ª Vara da Comarca de Timbaúba,5ª CC,Sem prioridade
0002442-87.2024.8.17.3480,28/04/2026,1ª Vara da Comarca de Timbaúba,5ª CC,Prioridade Legal
0002517-63.2023.8.17.3480,29/04/2026,1ª Vara da Comarca de Timbaúba,5ª CC,Prioridade Legal
0000009-42.2026.8.17.3480,11/05/2026,2ª Vara da Comarca de Timbaúba,5ª CC,Prioridade Legal
0000015-20.2024.8.17.3480,13/05/2026,2ª Vara da Comarca de Timbaúba,5ª CC,Prioridade Legal
0000026-75.2021.8.17.2600,15/05/2026,2ª Vara da Comarca de Timbaúba,5ª CC,Sem prioridade
0000108-77.2019.8.17.2600,05/05/2026,2ª Vara da Comarca de Timbaúba,4ª CCJ,Sem prioridade
0000176-89.2024.8.17.4980,28/04/2026,2ª Vara da Comarca de Timbaúba,5ª CC,Prioridade Legal
0000196-86.2017.8.17.2600,15/05/2026,2ª Vara da Comarca de Timbaúba,5ª CC,Prioridade Legal
0000203-76.2025.8.17.3480,06/05/2026,2ª Vara da Comarca de Timbaúba,5ª CC,Prioridade Legal
0000211-50.2020.8.17.2600,28/04/2026,2ª Vara da Comarca de Timbaúba,5ª CC,Prioridade Legal
0000219-27.2020.8.17.2600,24/04/2026,2ª Vara da Comarca de Timbaúba,5ª CC,Sem prioridade
0000252-94.2011.8.17.1480,29/04/2026,2ª Vara da Comarca de Timbaúba,5ª CC,Prioridade Legal
0000292-95.2019.8.17.1480,15/05/2026,2ª Vara da Comarca de Timbaúba,5ª CC,Prioridade Legal
0000312-90.2025.8.17.3480,08/05/2026,2ª Vara da Comarca de Timbaúba,5ª CC,Prioridade Legal
0000347-26.2020.8.17.3480,21/04/2026,2ª Vara da Comarca de Timbaúba,4ª CCJ,Prioridade Legal
0000351-89.2017.8.17.2600,27/04/2026,2ª Vara da Comarca de Timbaúba,4ª CCJ,Sem prioridade
0000354-73.2019.8.17.2600,08/05/2026,2ª Vara da Comarca de Timbaúba,5ª CC,Prioridade Legal
0000396-72.2017.8.17.3480,15/04/2026,2ª Vara da Comarca de Timbaúba,4ª CCJ,Sem prioridade
0000399-51.2022.8.17.3480,13/05/2026,2ª Vara da Comarca de Timbaúba,5ª CC,Prioridade Legal
0000525-38.2021.8.17.3480,24/04/2026,2ª Vara da Comarca de Timbaúba,5ª CC,Sem prioridade
0000565-81.2024.8.17.5980,03/05/2026,2ª Vara da Comarca de Timbaúba,5ª CC,Prioridade Legal
0000646-95.2023.8.17.3480,13/05/2026,2ª Vara da Comarca de Timbaúba,5ª CC,Super prioridade
0000728-27.2025.8.17.5980,24/04/2026,2ª Vara da Comarca de Timbaúba,5ª CC,Prioridade Legal
0000766-85.2016.8.17.3480,24/04/2026,2ª Vara da Comarca de Timbaúba,5ª CC,Prioridade Legal
0000847-19.2025.8.17.3480,24/04/2026,2ª Vara da Comarca de Timbaúba,5ª CC,Prioridade Legal
0000928-65.2025.8.17.3480,04/05/2026,2ª Vara da Comarca de Timbaúba,5ª CC,Prioridade Legal
0000959-27.2021.8.17.3480,13/05/2026,2ª Vara da Comarca de Timbaúba,4ª CCJ,Prioridade Legal
0001071-25.2023.8.17.3480,22/04/2026,2ª Vara da Comarca de Timbaúba,4ª CCJ,Prioridade Legal
0001172-69.2018.8.17.0980,28/04/2026,2ª Vara da Comarca de Timbaúba,5ª CC,Sem prioridade
0001260-66.2024.8.17.3480,14/05/2026,2ª Vara da Comarca de Timbaúba,4ª CCJ,Prioridade Legal
0001272-17.2023.8.17.3480,26/04/2026,2ª Vara da Comarca de Timbaúba,5ª CC,Prioridade Legal
0001370-34.2025.8.17.2218,08/05/2026,2ª Vara da Comarca de Timbaúba,5ª CC,Prioridade Legal
0001595-51.2025.8.17.3480,27/04/2026,2ª Vara da Comarca de Timbaúba,5ª CC,Prioridade Legal
0001811-17.2022.8.17.3480,14/04/2026,2ª Vara da Comarca de Timbaúba,4ª CCJ,Prioridade Legal
0001843-56.2021.8.17.3480,06/05/2026,2ª Vara da Comarca de Timbaúba,4ª CCJ,Prioridade Legal
0001852-13.2024.8.17.3480,12/05/2026,2ª Vara da Comarca de Timbaúba,5ª CC,Prioridade Legal
0001989-58.2025.8.17.3480,28/04/2026,2ª Vara da Comarca de Timbaúba,5ª CC,Super prioridade
0001991-28.2025.8.17.3480,27/04/2026,2ª Vara da Comarca de Timbaúba,5ª CC,Prioridade Legal
0001995-70.2022.8.17.3480,06/05/2026,2ª Vara da Comarca de Timbaúba,4ª CCJ,Prioridade Legal
0002121-57.2021.8.17.3480,30/04/2026,2ª Vara da Comarca de Timbaúba,4ª CCJ,Prioridade Legal
0002296-17.2022.8.17.3480,15/04/2026,2ª Vara da Comarca de Timbaúba,4ª CCJ,Prioridade Legal
0002302-53.2024.8.17.3480,15/05/2026,2ª Vara da Comarca de Timbaúba,5ª CC,Prioridade Legal
0002575-37.2021.8.17.3480,08/04/2026,2ª Vara da Comarca de Timbaúba,4ª CCJ,Prioridade Legal
0002614-29.2024.8.17.3480,08/05/2026,2ª Vara da Comarca de Timbaúba,5ª CC,Prioridade Legal
0002745-04.2024.8.17.3480,08/05/2026,2ª Vara da Comarca de Timbaúba,5ª CC,Prioridade Legal
0002860-30.2021.8.17.3480,15/04/2026,2ª Vara da Comarca de Timbaúba,4ª CCJ,Prioridade Legal
0003086-64.2023.8.17.3480,07/05/2026,2ª Vara da Comarca de Timbaúba,5ª CC,Prioridade Legal
0000115-47.2021.8.17.3490,12/05/2026,Vara Única da Comarca de Toritama,6ª CC,Sem prioridade
0000575-88.2019.8.17.1490,08/05/2026,Vara Única da Comarca de Toritama,5ª CCJ,Prioridade Legal
0002071-65.2013.8.17.1490,15/05/2026,Vara Única da Comarca de Toritama,6ª CC,Sem prioridade
0000007-22.2020.8.17.3500,28/04/2026,Vara Única da Comarca de Tracunhaém,5ª CC,Sem prioridade
0000076-84.2013.8.17.1500,08/05/2026,Vara Única da Comarca de Tracunhaém,5ª CC,Sem prioridade
0000087-25.2016.8.17.3500,05/05/2026,Vara Única da Comarca de Tracunhaém,5ª CC,Prioridade Legal
0000142-73.2016.8.17.3500,27/04/2026,Vara Única da Comarca de Tracunhaém,5ª CC,Prioridade Legal
0000144-43.2016.8.17.3500,27/04/2026,Vara Única da Comarca de Tracunhaém,5ª CC,Prioridade Legal
0000162-64.2016.8.17.3500,05/05/2026,Vara Única da Comarca de Tracunhaém,5ª CC,Prioridade Legal
0000163-90.2016.8.17.0350,29/04/2026,Vara Única da Comarca de Tracunhaém,5ª CC,Prioridade Legal
0000182-55.2016.8.17.3500,15/04/2026,Vara Única da Comarca de Tracunhaém,4ª CCJ,Sem prioridade
0000335-20.2018.8.17.3500,23/04/2026,Vara Única da Comarca de Tracunhaém,4ª CCJ,Prioridade Legal
0000336-40.2008.8.17.1500,13/05/2026,Vara Única da Comarca de Tracunhaém,5ª CC,Prioridade Legal
0000422-63.2024.8.17.3500,28/04/2026,Vara Única da Comarca de Tracunhaém,5ª CC,Prioridade Legal
0000534-04.2013.8.17.1500,10/04/2026,Vara Única da Comarca de Tracunhaém,4ª CCJ,Sem prioridade
0000682-43.2022.8.17.5980,30/04/2026,Vara Única da Comarca de Tracunhaém,5ª CC,Sem prioridade
0001029-69.2022.8.17.4980,13/05/2026,Vara Única da Comarca de Tracunhaém,5ª CC,Sem prioridade
0001179-57.2024.8.17.3500,29/04/2026,Vara Única da Comarca de Tracunhaém,5ª CC,Sem prioridade
0001666-61.2023.8.17.3500,05/05/2026,Vara Única da Comarca de Tracunhaém,5ª CC,Prioridade Legal
0000024-52.2025.8.17.3510,07/05/2026,Vara Única da Comarca de Trindade,7ª CC,Prioridade Legal
0000068-52.2017.8.17.3510,14/05/2026,Vara Única da Comarca de Trindade,7ª CC,Prioridade Legal
0000117-89.2011.8.17.1510,30/04/2026,Vara Única da Comarca de Trindade,7ª CC,Prioridade Legal
0000795-30.2025.8.17.3510,06/05/2026,Vara Única da Comarca de Trindade,7ª CC,Prioridade Legal
0001227-20.2023.8.17.3510,08/05/2026,Vara Única da Comarca de Trindade,7ª CC,Sem prioridade
0000075-96.2026.8.17.3520,13/05/2026,Vara Única da Comarca de Triunfo,7ª CC,Sem prioridade
0000312-43.2020.8.17.3520,23/04/2026,Vara Única da Comarca de Triunfo,6ª CCJ,Prioridade Legal
0000335-52.2021.8.17.3520,06/05/2026,Vara Única da Comarca de Triunfo,7ª CC,Prioridade Legal
0000394-06.2022.8.17.3520,08/05/2026,Vara Única da Comarca de Triunfo,7ª CC,Sem prioridade
0000494-29.2020.8.17.3520,06/05/2026,Vara Única da Comarca de Triunfo,7ª CC,Prioridade Legal
0000523-11.2022.8.17.3520,13/05/2026,Vara Única da Comarca de Triunfo,7ª CC,Prioridade Legal
0000547-39.2022.8.17.3520,04/05/2026,Vara Única da Comarca de Triunfo,6ª CCJ,Sem prioridade
0000690-57.2024.8.17.3520,13/05/2026,Vara Única da Comarca de Triunfo,7ª CC,Sem prioridade
0000029-23.2021.8.17.3540,08/05/2026,Vara Única da Comarca de Tuparetama,7ª CC,Prioridade Legal
0000038-19.2020.8.17.3540,11/05/2026,Vara Única da Comarca de Tuparetama,6ª CCJ,Prioridade Legal
0000039-04.2020.8.17.3540,15/05/2026,Vara Única da Comarca de Tuparetama,6ª CCJ,Prioridade Legal
0000053-56.2018.8.17.3540,07/05/2026,Vara Única da Comarca de Tuparetama,7ª CC,Sem prioridade
0000092-53.2018.8.17.3540,06/04/2026,Vara Única da Comarca de Tuparetama,6ª CCJ,Sem prioridade
0000111-20.2022.8.17.3540,07/05/2026,Vara Única da Comarca de Tuparetama,7ª CC,Prioridade Legal
0000134-31.2024.8.17.4110,13/05/2026,Vara Única da Comarca de Tuparetama,7ª CC,Prioridade Legal
0000176-10.2025.8.17.3540,05/05/2026,Vara Única da Comarca de Tuparetama,7ª CC,Prioridade Legal
0000280-02.2025.8.17.3540,05/05/2026,Vara Única da Comarca de Tuparetama,6ª CCJ,Prioridade Legal
0000011-06.2020.8.17.3550,14/05/2026,Vara Única da Comarca de Venturosa,7ª CC,Prioridade Legal
0000050-37.2019.8.17.3550,08/05/2026,Vara Única da Comarca de Venturosa,7ª CC,Prioridade Legal
0000118-50.2020.8.17.3550,07/05/2026,Vara Única da Comarca de Venturosa,6ª CCJ,Prioridade Legal
0000240-58.2024.8.17.5220,11/05/2026,Vara Única da Comarca de Venturosa,7ª CC,Prioridade Legal
0000240-63.2020.8.17.3550,24/04/2026,Vara Única da Comarca de Venturosa,6ª CCJ,Prioridade Legal
0000248-64.2025.8.17.3550,13/05/2026,Vara Única da Comarca de Venturosa,6ª CCJ,Prioridade Legal
0000291-36.2015.8.17.1550,06/05/2026,Vara Única da Comarca de Venturosa,7ª CC,Sem prioridade
0000339-61.2024.8.17.3560,13/05/2026,Vara Única da Comarca de Verdejante,7ª CC,Prioridade Legal
0000405-85.2025.8.17.7220,06/05/2026,Vara Única da Comarca de Verdejante,7ª CC,Prioridade Legal
0000924-42.2019.8.17.3220,12/05/2026,Vara Única da Comarca de Verdejante,6ª CCJ,Prioridade Legal
0000006-61.2007.8.17.1570,24/04/2026,Vara Única da Comarca de Vertentes,5ª CCJ,Prioridade Legal
0000120-62.2017.8.17.3570,16/04/2026,Vara Única da Comarca de Vertentes,5ª CCJ,Sem prioridade
0000580-39.2023.8.17.3570,12/05/2026,Vara Única da Comarca de Vertentes,5ª CCJ,Prioridade Legal
0000661-51.2024.8.17.3570,08/05/2026,Vara Única da Comarca de Vertentes,6ª CC,Prioridade Legal
0000003-94.2024.8.17.3580,13/05/2026,Vara Única da Comarca de Vicência,5ª CC,Prioridade Legal
0000031-67.2021.8.17.3580,29/04/2026,Vara Única da Comarca de Vicência,5ª CC,Sem prioridade
0000067-32.2020.8.17.1580,08/05/2026,Vara Única da Comarca de Vicência,5ª CC,Prioridade Legal
0000137-34.2018.8.17.3580,24/04/2026,Vara Única da Comarca de Vicência,5ª CC,Prioridade Legal
0000190-44.2020.8.17.3580,13/05/2026,Vara Única da Comarca de Vicência,5ª CC,Prioridade Legal
0000195-90.2025.8.17.3580,13/05/2026,Vara Única da Comarca de Vicência,5ª CC,Super prioridade
0000200-88.2020.8.17.3580,29/04/2026,Vara Única da Comarca de Vicência,5ª CC,Sem prioridade
0000205-13.2020.8.17.3580,13/05/2026,Vara Única da Comarca de Vicência,5ª CC,Prioridade Legal
0000209-50.2020.8.17.3580,13/05/2026,Vara Única da Comarca de Vicência,5ª CC,Prioridade Legal
0000221-64.2020.8.17.3580,29/04/2026,Vara Única da Comarca de Vicência,4ª CCJ,Prioridade Legal
0000261-80.2019.8.17.3580,29/04/2026,Vara Única da Comarca de Vicência,5ª CC,Sem prioridade
0000423-02.2024.8.17.3580,08/05/2026,Vara Única da Comarca de Vicência,5ª CC,Prioridade Legal
0000452-96.2017.8.17.3580,14/05/2026,Vara Única da Comarca de Vicência,4ª CCJ,Sem prioridade
0000504-98.2018.8.17.0980,04/05/2026,Vara Única da Comarca de Vicência,5ª CC,Prioridade Legal
0000515-77.2024.8.17.3580,28/04/2026,Vara Única da Comarca de Vicência,5ª CC,Sem prioridade
0000757-07.2022.8.17.3580,08/05/2026,Vara Única da Comarca de Vicência,5ª CC,Prioridade Legal
0000037-44.2021.8.17.3590,12/05/2026,1ª Vara Cível da Comarca Vitória Santo Antão,4ª CCJ,Prioridade Legal
0000272-03.1998.8.17.1590,16/04/2026,1ª Vara Cível da Comarca Vitória Santo Antão,4ª CCJ,Sem prioridade
0000462-76.2018.8.17.3590,08/05/2026,1ª Vara Cível da Comarca Vitória Santo Antão,4ª CCJ,Prioridade Legal
0000592-85.2026.8.17.3590,11/05/2026,1ª Vara Cível da Comarca Vitória Santo Antão,5ª CC,Prioridade Legal
0000863-66.2015.8.17.1590,22/04/2026,1ª Vara Cível da Comarca Vitória Santo Antão,4ª CCJ,Prioridade Legal
0000991-56.2022.8.17.3590,05/05/2026,1ª Vara Cível da Comarca Vitória Santo Antão,5ª CC,Prioridade Legal
0001649-80.2022.8.17.3590,22/04/2026,1ª Vara Cível da Comarca Vitória Santo Antão,4ª CCJ,Prioridade Legal
0001755-71.2024.8.17.3590,28/04/2026,1ª Vara Cível da Comarca Vitória Santo Antão,5ª CC,Prioridade Legal
0001925-19.2019.8.17.3590,05/05/2026,1ª Vara Cível da Comarca Vitória Santo Antão,4ª CCJ,Prioridade Legal
0001942-45.2025.8.17.3590,06/05/2026,1ª Vara Cível da Comarca Vitória Santo Antão,5ª CC,Prioridade Legal
0002073-54.2024.8.17.3590,30/04/2026,1ª Vara Cível da Comarca Vitória Santo Antão,5ª CC,Prioridade Legal
0002536-59.2025.8.17.3590,29/04/2026,1ª Vara Cível da Comarca Vitória Santo Antão,5ª CC,Prioridade Legal
0002549-30.2014.8.17.1590,14/04/2026,1ª Vara Cível da Comarca Vitória Santo Antão,4ª CCJ,Prioridade Legal
0003929-87.2023.8.17.3590,15/05/2026,1ª Vara Cível da Comarca Vitória Santo Antão,5ª CC,Sem prioridade
0004552-25.2021.8.17.3590,05/05/2026,1ª Vara Cível da Comarca Vitória Santo Antão,5ª CC,Sem prioridade
0004867-48.2024.8.17.3590,06/05/2026,1ª Vara Cível da Comarca Vitória Santo Antão,5ª CC,Prioridade Legal
0004913-38.2015.8.17.1590,30/04/2026,1ª Vara Cível da Comarca Vitória Santo Antão,5ª CC,Sem prioridade
0005283-79.2025.8.17.3590,06/05/2026,1ª Vara Cível da Comarca Vitória Santo Antão,5ª CC,Prioridade Legal
0005339-49.2024.8.17.3590,30/04/2026,1ª Vara Cível da Comarca Vitória Santo Antão,5ª CC,Prioridade Legal
0006457-31.2022.8.17.3590,23/04/2026,1ª Vara Cível da Comarca Vitória Santo Antão,5ª CC,Prioridade Legal
0006698-34.2024.8.17.3590,29/04/2026,1ª Vara Cível da Comarca Vitória Santo Antão,5ª CC,Prioridade Legal
0006768-61.2018.8.17.3590,05/05/2026,1ª Vara Cível da Comarca Vitória Santo Antão,5ª CC,Prioridade Legal
0007029-84.2022.8.17.3590,28/04/2026,1ª Vara Cível da Comarca Vitória Santo Antão,5ª CC,Super prioridade
0008652-52.2023.8.17.3590,28/04/2026,1ª Vara Cível da Comarca Vitória Santo Antão,5ª CC,Prioridade Legal
0008743-21.2018.8.17.3590,07/05/2026,1ª Vara Cível da Comarca Vitória Santo Antão,4ª CCJ,Prioridade Legal
0008752-07.2023.8.17.3590,13/05/2026,1ª Vara Cível da Comarca Vitória Santo Antão,5ª CC,Prioridade Legal
0009614-46.2021.8.17.3590,23/04/2026,1ª Vara Cível da Comarca Vitória Santo Antão,5ª CC,Prioridade Legal
0010091-69.2021.8.17.3590,06/05/2026,1ª Vara Cível da Comarca Vitória Santo Antão,4ª CCJ,Prioridade Legal
0013388-84.2021.8.17.3590,04/05/2026,1ª Vara Cível da Comarca Vitória Santo Antão,5ª CC,Sem prioridade
0013826-13.2021.8.17.3590,09/04/2026,1ª Vara Cível da Comarca Vitória Santo Antão,4ª CCJ,Sem prioridade
0035528-92.2017.8.17.8201,05/05/2026,1ª Vara Cível da Comarca Vitória Santo Antão,4ª CCJ,Prioridade Legal
0000102-19.2022.8.17.5590,15/05/2026,2ª Vara Criminal da Comarca de Vitória de Santo Antão,2ª CC,Prioridade Legal
0000786-32.2019.8.17.3590,13/05/2026,2ª Vara Cível da Comarca Vitória Santo Antão,4ª CCJ,Prioridade Legal
0000811-45.2019.8.17.3590,08/04/2026,2ª Vara Cível da Comarca Vitória Santo Antão,4ª CCJ,Prioridade Legal
0000855-93.2021.8.17.3590,04/05/2026,2ª Vara Cível da Comarca Vitória Santo Antão,4ª CCJ,Prioridade Legal
0000900-63.2022.8.17.3590,23/04/2026,2ª Vara Cível da Comarca Vitória Santo Antão,5ª CC,Prioridade Legal
0001235-49.2014.8.17.1590,15/05/2026,2ª Vara Cível da Comarca Vitória Santo Antão,5ª CC,Sem prioridade
0002371-12.2025.8.17.3590,29/04/2026,2ª Vara Cível da Comarca Vitória Santo Antão,5ª CC,Prioridade Legal
0002453-24.2017.8.17.3590,13/04/2026,2ª Vara Cível da Comarca Vitória Santo Antão,4ª CCJ,Prioridade Legal
0002546-45.2021.8.17.3590,23/04/2026,2ª Vara Cível da Comarca Vitória Santo Antão,5ª CC,Prioridade Legal
0003495-30.2025.8.17.3590,15/05/2026,2ª Vara Cível da Comarca Vitória Santo Antão,4ª CCJ,Prioridade Legal
0003629-57.2025.8.17.3590,23/04/2026,2ª Vara Cível da Comarca Vitória Santo Antão,5ª CC,Prioridade Legal
0004020-51.2021.8.17.3590,15/05/2026,2ª Vara Cível da Comarca Vitória Santo Antão,4ª CCJ,Sem prioridade
0004225-17.2020.8.17.3590,07/05/2026,2ª Vara Cível da Comarca Vitória Santo Antão,5ª CC,Prioridade Legal
0004650-44.2020.8.17.3590,04/05/2026,2ª Vara Cível da Comarca Vitória Santo Antão,4ª CCJ,Sem prioridade
0004726-30.2015.8.17.1590,04/05/2026,2ª Vara Cível da Comarca Vitória Santo Antão,4ª CCJ,Prioridade Legal
0005122-74.2022.8.17.3590,15/05/2026,2ª Vara Cível da Comarca Vitória Santo Antão,5ª CC,Prioridade Legal
0005576-83.2024.8.17.3590,27/04/2026,2ª Vara Cível da Comarca Vitória Santo Antão,5ª CC,Prioridade Legal
0005762-09.2024.8.17.3590,15/05/2026,2ª Vara Cível da Comarca Vitória Santo Antão,5ª CC,Prioridade Legal
0006231-89.2023.8.17.3590,23/04/2026,2ª Vara Cível da Comarca Vitória Santo Antão,5ª CC,Super prioridade
0011667-29.2023.8.17.3590,07/05/2026,2ª Vara Cível da Comarca Vitória Santo Antão,5ª CC,Prioridade Legal
0000412-84.2017.8.17.3590,04/05/2026,3ª Vara Cível da Comarca Vitória Santo Antão,5ª CC,Sem prioridade
0000426-68.2017.8.17.3590,04/05/2026,3ª Vara Cível da Comarca Vitória Santo Antão,5ª CC,Sem prioridade
0000636-42.2016.8.17.1590,04/05/2026,3ª Vara Cível da Comarca Vitória Santo Antão,5ª CC,Sem prioridade
0000660-69.2025.8.17.3590,05/05/2026,3ª Vara Cível da Comarca Vitória Santo Antão,5ª CC,Prioridade Legal
0000754-17.2025.8.17.3590,06/05/2026,3ª Vara Cível da Comarca Vitória Santo Antão,5ª CC,Prioridade Legal
0000834-88.2019.8.17.3590,23/04/2026,3ª Vara Cível da Comarca Vitória Santo Antão,4ª CCJ,Prioridade Legal
0000844-30.2022.8.17.3590,07/05/2026,3ª Vara Cível da Comarca Vitória Santo Antão,5ª CC,Prioridade Legal
0001135-06.2017.8.17.3590,22/04/2026,3ª Vara Cível da Comarca Vitória Santo Antão,4ª CCJ,Prioridade Legal
0001413-42.2007.8.17.1590,28/04/2026,3ª Vara Cível da Comarca Vitória Santo Antão,5ª CC,Sem prioridade
0001624-15.2006.8.17.1590,29/04/2026,3ª Vara Cível da Comarca Vitória Santo Antão,5ª CC,Sem prioridade
0001793-03.2024.8.17.2970,27/04/2026,3ª Vara Cível da Comarca Vitória Santo Antão,4ª CCJ,Sem prioridade
0002131-57.2024.8.17.3590,06/05/2026,3ª Vara Cível da Comarca Vitória Santo Antão,5ª CC,Prioridade Legal
0002138-49.2024.8.17.3590,29/04/2026,3ª Vara Cível da Comarca Vitória Santo Antão,5ª CC,Prioridade Legal
0002258-06.2009.8.17.1590,30/04/2026,3ª Vara Cível da Comarca Vitória Santo Antão,5ª CC,Prioridade Legal
0002409-58.2024.8.17.3590,23/04/2026,3ª Vara Cível da Comarca Vitória Santo Antão,5ª CC,Prioridade Legal
0002846-07.2021.8.17.3590,13/05/2026,3ª Vara Cível da Comarca Vitória Santo Antão,5ª CC,Sem prioridade
0003404-71.2024.8.17.3590,27/04/2026,3ª Vara Cível da Comarca Vitória Santo Antão,4ª CCJ,Prioridade Legal
0004012-74.2021.8.17.3590,29/04/2026,3ª Vara Cível da Comarca Vitória Santo Antão,5ª CC,Sem prioridade
0004228-93.2025.8.17.3590,06/05/2026,3ª Vara Cível da Comarca Vitória Santo Antão,5ª CC,Prioridade Legal
0005110-26.2023.8.17.3590,06/05/2026,3ª Vara Cível da Comarca Vitória Santo Antão,5ª CC,Prioridade Legal
0005603-37.2022.8.17.3590,06/05/2026,3ª Vara Cível da Comarca Vitória Santo Antão,5ª CC,Prioridade Legal
0005641-15.2023.8.17.3590,05/05/2026,3ª Vara Cível da Comarca Vitória Santo Antão,5ª CC,Prioridade Legal
0005908-50.2024.8.17.3590,06/05/2026,3ª Vara Cível da Comarca Vitória Santo Antão,5ª CC,Prioridade Legal
0005992-22.2022.8.17.3590,24/04/2026,3ª Vara Cível da Comarca Vitória Santo Antão,5ª CC,Prioridade Legal
0006205-57.2024.8.17.3590,06/05/2026,3ª Vara Cível da Comarca Vitória Santo Antão,5ª CC,Prioridade Legal
0006308-35.2022.8.17.3590,05/05/2026,3ª Vara Cível da Comarca Vitória Santo Antão,5ª CC,Prioridade Legal
0007311-26.2013.8.17.1590,29/04/2026,3ª Vara Cível da Comarca Vitória Santo Antão,5ª CC,Super prioridade
0010049-49.2023.8.17.3590,13/04/2026,3ª Vara Cível da Comarca Vitória Santo Antão,4ª CCJ,Prioridade Legal
0010554-40.2023.8.17.3590,23/04/2026,3ª Vara Cível da Comarca Vitória Santo Antão,5ª CC,Prioridade Legal
0010602-96.2023.8.17.3590,07/05/2026,3ª Vara Cível da Comarca Vitória Santo Antão,5ª CC,Prioridade Legal
0013332-51.2021.8.17.3590,11/04/2026,3ª Vara Cível da Comarca Vitória Santo Antão,4ª CCJ,Prioridade Legal
0013639-05.2021.8.17.3590,07/05/2026,3ª Vara Cível da Comarca Vitória Santo Antão,5ª CC,Prioridade Legal
0014164-84.2021.8.17.3590,27/04/2026,3ª Vara Cível da Comarca Vitória Santo Antão,5ª CC,Prioridade Legal
0021828-69.2021.8.17.3590,04/05/2026,3ª Vara Cível da Comarca Vitória Santo Antão,5ª CC,Sem prioridade
0000090-91.2026.8.17.8232,30/04/2026,Juizado Especial Cível e das Relações de Consumo de Vitória de Santo Antão - Turno Manhã - 08:00h às 14:00h,1ª CCJ,Prioridade Legal
0001166-58.2023.8.17.8232,30/04/2026,Juizado Especial Cível e das Relações de Consumo de Vitória de Santo Antão - Turno Manhã - 08:00h às 14:00h,1ª CCJ,Prioridade Legal
0001198-92.2025.8.17.8232,30/04/2026,Juizado Especial Cível e das Relações de Consumo de Vitória de Santo Antão - Turno Manhã - 08:00h às 14:00h,1ª CCJ,Prioridade Legal
0001583-45.2022.8.17.8232,30/04/2026,Juizado Especial Cível e das Relações de Consumo de Vitória de Santo Antão - Turno Manhã - 08:00h às 14:00h,1ª CCJ,Prioridade Legal
0001596-39.2025.8.17.8232,30/04/2026,Juizado Especial Cível e das Relações de Consumo de Vitória de Santo Antão - Turno Manhã - 08:00h às 14:00h,1ª CCJ,Prioridade Legal
0001689-36.2024.8.17.8232,30/04/2026,Juizado Especial Cível e das Relações de Consumo de Vitória de Santo Antão - Turno Manhã - 08:00h às 14:00h,1ª CCJ,Prioridade Legal
0000204-70.2026.8.17.2140,05/05/2026,1ª Vara da Comarca de Água Preta,5ª CC,Prioridade Legal
0000293-30.2025.8.17.2140,08/05/2026,1ª Vara da Comarca de Água Preta,5ª CC,Prioridade Legal
0000329-72.2025.8.17.2140,20/04/2026,1ª Vara da Comarca de Água Preta,4ª CCJ,Prioridade Legal
0000333-12.2025.8.17.2140,28/04/2026,1ª Vara da Comarca de Água Preta,4ª CCJ,Prioridade Legal
0000535-86.2025.8.17.2140,27/04/2026,1ª Vara da Comarca de Água Preta,5ª CC,Prioridade Legal
0000552-25.2025.8.17.2140,20/04/2026,1ª Vara da Comarca de Água Preta,4ª CCJ,Prioridade Legal
0000556-62.2025.8.17.2140,23/04/2026,1ª Vara da Comarca de Água Preta,4ª CCJ,Prioridade Legal
0000814-43.2023.8.17.2140,12/05/2026,1ª Vara da Comarca de Água Preta,5ª CC,Sem prioridade
0000820-79.2025.8.17.2140,05/05/2026,1ª Vara da Comarca de Água Preta,4ª CCJ,Sem prioridade
0000835-48.2025.8.17.2140,13/05/2026,1ª Vara da Comarca de Água Preta,5ª CC,Prioridade Legal
0000972-30.2025.8.17.2140,12/05/2026,1ª Vara da Comarca de Água Preta,4ª CCJ,Prioridade Legal
0000989-66.2025.8.17.2140,08/05/2026,1ª Vara da Comarca de Água Preta,5ª CC,Prioridade Legal
0001008-72.2025.8.17.2140,13/05/2026,1ª Vara da Comarca de Água Preta,5ª CC,Sem prioridade
0001012-12.2025.8.17.2140,05/05/2026,1ª Vara da Comarca de Água Preta,5ª CC,Prioridade Legal
0001054-61.2025.8.17.2140,13/05/2026,1ª Vara da Comarca de Água Preta,5ª CC,Prioridade Legal
0001062-38.2025.8.17.2140,08/05/2026,1ª Vara da Comarca de Água Preta,5ª CC,Prioridade Legal
0001348-16.2025.8.17.2140,28/04/2026,1ª Vara da Comarca de Água Preta,5ª CC,Prioridade Legal
0001387-13.2025.8.17.2140,27/04/2026,1ª Vara da Comarca de Água Preta,5ª CC,Prioridade Legal
0001579-89.2025.8.17.3030,28/04/2026,1ª Vara da Comarca de Água Preta,5ª CC,Prioridade Legal
0001785-91.2024.8.17.2140,27/04/2026,1ª Vara da Comarca de Água Preta,4ª CCJ,Prioridade Legal
0001901-97.2024.8.17.2140,08/04/2026,1ª Vara da Comarca de Água Preta,4ª CCJ,Prioridade Legal
0000149-22.2026.8.17.2140,01/05/2026,2ª Vara da Comarca de Água Preta,5ª CC,Prioridade Legal
0000479-53.2025.8.17.2140,28/04/2026,2ª Vara da Comarca de Água Preta,5ª CC,Sem prioridade
0000480-08.2025.8.17.6030,06/05/2026,2ª Vara da Comarca de Água Preta,5ª CC,Prioridade Legal
0000502-59.2025.8.17.5030,06/05/2026,2ª Vara da Comarca de Água Preta,5ª CC,Prioridade Legal
0000643-52.2024.8.17.2140,05/05/2026,2ª Vara da Comarca de Água Preta,4ª CCJ,Prioridade Legal
0000903-32.2024.8.17.2140,30/04/2026,2ª Vara da Comarca de Água Preta,5ª CC,Prioridade Legal
0001033-85.2025.8.17.2140,05/05/2026,2ª Vara da Comarca de Água Preta,5ª CC,Prioridade Legal
0001110-94.2025.8.17.2140,15/05/2026,2ª Vara da Comarca de Água Preta,5ª CC,Prioridade Legal
0001169-82.2025.8.17.2140,13/05/2026,2ª Vara da Comarca de Água Preta,5ª CC,Prioridade Legal
0001238-17.2025.8.17.2140,29/04/2026,2ª Vara da Comarca de Água Preta,5ª CC,Prioridade Legal
0001260-75.2025.8.17.2140,29/04/2026,2ª Vara da Comarca de Água Preta,5ª CC,Prioridade Legal
0001332-62.2025.8.17.2140,14/05/2026,2ª Vara da Comarca de Água Preta,5ª CC,Super prioridade
0001455-60.2025.8.17.2140,15/05/2026,2ª Vara da Comarca de Água Preta,5ª CC,Prioridade Legal
0001512-78.2025.8.17.2140,05/05/2026,2ª Vara da Comarca de Água Preta,5ª CC,Prioridade Legal
0001532-06.2024.8.17.2140,14/05/2026,2ª Vara da Comarca de Água Preta,5ª CC,Sem prioridade
0001888-98.2024.8.17.2140,20/04/2026,2ª Vara da Comarca de Água Preta,4ª CCJ,Prioridade Legal
0000204-55.2017.8.17.2150,02/05/2026,Vara Única da Comarca de Águas Belas,5ª CCJ,Prioridade Legal
0000836-81.2017.8.17.2150,14/05/2026,Vara Única da Comarca de Águas Belas,6ª CC,Sem prioridade
0000902-90.2019.8.17.2150,12/05/2026,Vara Única da Comarca de Águas Belas,6ª CC,Sem prioridade
0001806-71.2023.8.17.2150,11/05/2026,Vara Única da Comarca de Águas Belas,6ª CC,Prioridade Legal
