[0m05:31:36.374884 [debug] [MainThread]: Sending event: {'category': 'dbt', 'action': 'invocation', 'label': 'start', 'context': [<snowplow_tracker.self_describing_json.SelfDescribingJson object at 0x000001A481CA96A0>, <snowplow_tracker.self_describing_json.SelfDescribingJson object at 0x000001A4FE3AF390>, <snowplow_tracker.self_describing_json.SelfDescribingJson object at 0x000001A48276DBD0>]}


============================== 05:31:36.699327 | 27f03adb-280c-4766-a84b-6d4f6fde0b90 ==============================
[0m05:31:36.699327 [info ] [MainThread]: Running with dbt=1.11.8
[0m05:31:36.701400 [debug] [MainThread]: running dbt with arguments {'static_parser': 'True', 'no_print': 'None', 'version_check': 'True', 'target_path': 'None', 'warn_error_options': 'WarnErrorOptionsV2(error=[], warn=[], silence=[])', 'printer_width': '80', 'write_json': 'True', 'introspect': 'True', 'log_cache_events': 'False', 'empty': 'False', 'cache_selected_only': 'False', 'log_format': 'default', 'debug': 'False', 'fail_fast': 'False', 'partial_parse': 'True', 'send_anonymous_usage_stats': 'True', 'quiet': 'False', 'warn_error': 'None', 'profiles_dir': 'dbt_contadoria', 'indirect_selection': 'eager', 'use_colors': 'True', 'invocation_command': 'dbt run --profiles-dir dbt_contadoria --project-dir dbt_contadoria', 'use_experimental_parser': 'False', 'log_path': 'dbt_contadoria\\logs'}
[0m05:31:37.441256 [debug] [MainThread]: Sending event: {'category': 'dbt', 'action': 'project_id', 'label': '27f03adb-280c-4766-a84b-6d4f6fde0b90', 'context': [<snowplow_tracker.self_describing_json.SelfDescribingJson object at 0x000001A48218CC30>]}
[0m05:31:37.592201 [debug] [MainThread]: Sending event: {'category': 'dbt', 'action': 'adapter_info', 'label': '27f03adb-280c-4766-a84b-6d4f6fde0b90', 'context': [<snowplow_tracker.self_describing_json.SelfDescribingJson object at 0x000001A483FA1040>]}
[0m05:31:37.597029 [info ] [MainThread]: Registered adapter: postgres=1.10.0
[0m05:31:38.650036 [debug] [MainThread]: checksum: 7d524ac048c2100769df89d592e662e060a73ca564e31bd9c2a37efdfe8d8ab6, vars: {}, profile: , target: , version: 1.11.8
[0m05:31:38.653586 [info ] [MainThread]: Unable to do partial parsing because saved manifest not found. Starting full parse.
[0m05:31:38.656077 [debug] [MainThread]: Sending event: {'category': 'dbt', 'action': 'partial_parser', 'label': '27f03adb-280c-4766-a84b-6d4f6fde0b90', 'context': [<snowplow_tracker.self_describing_json.SelfDescribingJson object at 0x000001A483E63C50>]}
[0m05:31:41.539805 [warn ] [MainThread]: [[33mWARNING[0m]: Configuration paths exist in your dbt_project.yml file which do not apply to any resources.
There are 1 unused configuration paths:
- models.dbt_contadoria.bronze
[0m05:31:41.558944 [debug] [MainThread]: Sending event: {'category': 'dbt', 'action': 'load_project', 'label': '27f03adb-280c-4766-a84b-6d4f6fde0b90', 'context': [<snowplow_tracker.self_describing_json.SelfDescribingJson object at 0x000001A48271D130>]}
[0m05:31:41.757395 [debug] [MainThread]: Wrote artifact WritableManifest to dbt_contadoria\target\manifest.json
[0m05:31:41.763928 [debug] [MainThread]: Wrote artifact SemanticManifest to dbt_contadoria\target\semantic_manifest.json
[0m05:31:41.860013 [debug] [MainThread]: Sending event: {'category': 'dbt', 'action': 'resource_counts', 'label': '27f03adb-280c-4766-a84b-6d4f6fde0b90', 'context': [<snowplow_tracker.self_describing_json.SelfDescribingJson object at 0x000001A4846910F0>]}
[0m05:31:41.861394 [info ] [MainThread]: Found 2 models, 5 sources, 465 macros
[0m05:31:41.862840 [debug] [MainThread]: Sending event: {'category': 'dbt', 'action': 'runnable_timing', 'label': '27f03adb-280c-4766-a84b-6d4f6fde0b90', 'context': [<snowplow_tracker.self_describing_json.SelfDescribingJson object at 0x000001A484483E10>]}
[0m05:31:41.875151 [info ] [MainThread]: 
[0m05:31:41.876582 [info ] [MainThread]: Concurrency: 4 threads (target='dev')
[0m05:31:41.877584 [info ] [MainThread]: 
[0m05:31:41.879134 [debug] [MainThread]: Acquiring new postgres connection 'master'
[0m05:31:41.926242 [debug] [ThreadPool]: Acquiring new postgres connection 'list_postgres'
[0m05:31:42.004177 [debug] [ThreadPool]: Acquiring new postgres connection 'list_postgres'
[0m05:31:48.777811 [debug] [ThreadPool]: Using postgres connection "list_postgres"
[0m05:31:48.778954 [debug] [ThreadPool]: Using postgres connection "list_postgres"
[0m05:31:48.779622 [debug] [ThreadPool]: On list_postgres: /* {"app": "dbt", "dbt_version": "1.11.8", "profile_name": "contadoria_dw", "target_name": "dev", "connection_name": "list_postgres"} */

    select distinct nspname from pg_namespace
  
[0m05:31:48.780373 [debug] [ThreadPool]: On list_postgres: /* {"app": "dbt", "dbt_version": "1.11.8", "profile_name": "contadoria_dw", "target_name": "dev", "connection_name": "list_postgres"} */

    select distinct nspname from pg_namespace
  
[0m05:31:48.780970 [debug] [ThreadPool]: Opening a new connection, currently in state init
[0m05:31:48.781624 [debug] [ThreadPool]: Opening a new connection, currently in state init
[0m05:31:49.351380 [debug] [ThreadPool]: SQL status: SELECT 125 in 0.570 seconds
[0m05:31:49.354153 [debug] [ThreadPool]: On list_postgres: Close
[0m05:31:49.381447 [debug] [ThreadPool]: SQL status: SELECT 125 in 0.600 seconds
[0m05:31:49.384077 [debug] [ThreadPool]: On list_postgres: Close
[0m05:31:49.385681 [debug] [ThreadPool]: Re-using an available connection from the pool (formerly list_postgres, now create_postgres_public_gold)
[0m05:31:49.386315 [debug] [ThreadPool]: Re-using an available connection from the pool (formerly list_postgres, now create_postgres_public_silver)
[0m05:31:49.387023 [debug] [ThreadPool]: Creating schema "database: "postgres"
schema: "public_gold"
"
[0m05:31:49.387683 [debug] [ThreadPool]: Creating schema "database: "postgres"
schema: "public_silver"
"
[0m05:31:49.395249 [debug] [ThreadPool]: Using postgres connection "create_postgres_public_gold"
[0m05:31:49.398301 [debug] [ThreadPool]: Using postgres connection "create_postgres_public_silver"
[0m05:31:49.398913 [debug] [ThreadPool]: On create_postgres_public_gold: /* {"app": "dbt", "dbt_version": "1.11.8", "profile_name": "contadoria_dw", "target_name": "dev", "connection_name": "create_postgres_public_gold"} */
create schema if not exists "public_gold"
[0m05:31:49.399422 [debug] [ThreadPool]: On create_postgres_public_silver: /* {"app": "dbt", "dbt_version": "1.11.8", "profile_name": "contadoria_dw", "target_name": "dev", "connection_name": "create_postgres_public_silver"} */
create schema if not exists "public_silver"
[0m05:31:49.399878 [debug] [ThreadPool]: Opening a new connection, currently in state closed
[0m05:31:49.400302 [debug] [ThreadPool]: Opening a new connection, currently in state closed
[0m05:31:49.905689 [debug] [ThreadPool]: SQL status: CREATE SCHEMA in 0.505 seconds
[0m05:31:49.908724 [debug] [ThreadPool]: On create_postgres_public_silver: COMMIT
[0m05:31:49.909747 [debug] [ThreadPool]: Using postgres connection "create_postgres_public_silver"
[0m05:31:49.910494 [debug] [ThreadPool]: On create_postgres_public_silver: COMMIT
[0m05:31:49.915543 [debug] [ThreadPool]: SQL status: CREATE SCHEMA in 0.515 seconds
[0m05:31:49.917994 [debug] [ThreadPool]: On create_postgres_public_gold: COMMIT
[0m05:31:49.918855 [debug] [ThreadPool]: Using postgres connection "create_postgres_public_gold"
[0m05:31:49.919627 [debug] [ThreadPool]: On create_postgres_public_gold: COMMIT
[0m05:31:49.970438 [debug] [ThreadPool]: SQL status: COMMIT in 0.059 seconds
[0m05:31:49.971599 [debug] [ThreadPool]: On create_postgres_public_silver: Close
[0m05:31:49.991683 [debug] [ThreadPool]: SQL status: COMMIT in 0.071 seconds
[0m05:31:49.994572 [debug] [ThreadPool]: On create_postgres_public_gold: Close
[0m05:31:50.005035 [debug] [ThreadPool]: Acquiring new postgres connection 'list_postgres_public_gold'
[0m05:31:50.017015 [debug] [ThreadPool]: Acquiring new postgres connection 'list_postgres_public_silver'
[0m05:31:50.024599 [debug] [ThreadPool]: Using postgres connection "list_postgres_public_gold"
[0m05:31:50.029867 [debug] [ThreadPool]: Using postgres connection "list_postgres_public_silver"
[0m05:31:50.031149 [debug] [ThreadPool]: On list_postgres_public_gold: /* {"app": "dbt", "dbt_version": "1.11.8", "profile_name": "contadoria_dw", "target_name": "dev", "connection_name": "list_postgres_public_gold"} */
select
      'postgres' as database,
      tablename as name,
      schemaname as schema,
      'table' as type
    from pg_tables
    where schemaname ilike 'public_gold'
    union all
    select
      'postgres' as database,
      viewname as name,
      schemaname as schema,
      'view' as type
    from pg_views
    where schemaname ilike 'public_gold'
    union all
    select
      'postgres' as database,
      matviewname as name,
      schemaname as schema,
      'materialized_view' as type
    from pg_matviews
    where schemaname ilike 'public_gold'
  
[0m05:31:50.033707 [debug] [ThreadPool]: On list_postgres_public_silver: /* {"app": "dbt", "dbt_version": "1.11.8", "profile_name": "contadoria_dw", "target_name": "dev", "connection_name": "list_postgres_public_silver"} */
select
      'postgres' as database,
      tablename as name,
      schemaname as schema,
      'table' as type
    from pg_tables
    where schemaname ilike 'public_silver'
    union all
    select
      'postgres' as database,
      viewname as name,
      schemaname as schema,
      'view' as type
    from pg_views
    where schemaname ilike 'public_silver'
    union all
    select
      'postgres' as database,
      matviewname as name,
      schemaname as schema,
      'materialized_view' as type
    from pg_matviews
    where schemaname ilike 'public_silver'
  
[0m05:31:50.035004 [debug] [ThreadPool]: Opening a new connection, currently in state init
[0m05:31:50.036156 [debug] [ThreadPool]: Opening a new connection, currently in state init
[0m05:31:50.586560 [debug] [ThreadPool]: SQL status: SELECT 0 in 0.550 seconds
[0m05:31:50.589823 [debug] [ThreadPool]: On list_postgres_public_silver: ROLLBACK
[0m05:31:50.593143 [debug] [ThreadPool]: SQL status: SELECT 0 in 0.558 seconds
[0m05:31:50.596723 [debug] [ThreadPool]: On list_postgres_public_gold: ROLLBACK
[0m05:31:50.649280 [debug] [ThreadPool]: On list_postgres_public_silver: Close
[0m05:31:50.674894 [debug] [ThreadPool]: On list_postgres_public_gold: Close
[0m05:31:50.693097 [debug] [MainThread]: Using postgres connection "master"
[0m05:31:50.694822 [debug] [MainThread]: On master: /* {"app": "dbt", "dbt_version": "1.11.8", "profile_name": "contadoria_dw", "target_name": "dev", "connection_name": "master"} */
select distinct
        dependent_namespace.nspname as dependent_schema,
        dependent_class.relname as dependent_name,
        referenced_namespace.nspname as referenced_schema,
        referenced_class.relname as referenced_name

    -- Query for views: views are entries in pg_class with an entry in pg_rewrite, but we avoid
    -- a seq scan on pg_rewrite by leveraging the fact there is an "internal" row in pg_depend for
    -- the view...
    from pg_class as dependent_class
    join pg_namespace as dependent_namespace on dependent_namespace.oid = dependent_class.relnamespace
    join pg_depend as dependent_depend on dependent_depend.refobjid = dependent_class.oid
        and dependent_depend.classid = 'pg_rewrite'::regclass
        and dependent_depend.refclassid = 'pg_class'::regclass
        and dependent_depend.deptype = 'i'

    -- ... and via pg_depend (that has a row per column, hence the need for "distinct" above, and
    -- making sure to exclude the internal row to avoid a view appearing to depend on itself)...
    join pg_depend as joining_depend on joining_depend.objid = dependent_depend.objid
        and joining_depend.classid = 'pg_rewrite'::regclass
        and joining_depend.refclassid = 'pg_class'::regclass
        and joining_depend.refobjid != dependent_depend.refobjid

    -- ... we can find the tables they query from in pg_class, but excluding system tables. Note we
    -- don't need need to exclude _dependent_ system tables, because they only query from other
    -- system tables, and so are automatically excluded by excluding _referenced_ system tables
    join pg_class as referenced_class on referenced_class.oid = joining_depend.refobjid
    join pg_namespace as referenced_namespace on referenced_namespace.oid = referenced_class.relnamespace
        and referenced_namespace.nspname != 'information_schema'
        and referenced_namespace.nspname not like 'pg\_%'

    order by
        dependent_schema, dependent_name, referenced_schema, referenced_name;
[0m05:31:50.696017 [debug] [MainThread]: Opening a new connection, currently in state init
[0m05:31:51.225652 [debug] [MainThread]: SQL status: SELECT 2 in 0.530 seconds
[0m05:31:51.229359 [debug] [MainThread]: Sending event: {'category': 'dbt', 'action': 'runnable_timing', 'label': '27f03adb-280c-4766-a84b-6d4f6fde0b90', 'context': [<snowplow_tracker.self_describing_json.SelfDescribingJson object at 0x000001A4847C47D0>]}
[0m05:31:51.230712 [debug] [MainThread]: On master: ROLLBACK
[0m05:31:51.304615 [debug] [MainThread]: On master: COMMIT
[0m05:31:51.307306 [debug] [MainThread]: Using postgres connection "master"
[0m05:31:51.309747 [debug] [MainThread]: On master: COMMIT
[0m05:31:51.434142 [debug] [MainThread]: SQL status: COMMIT in 0.123 seconds
[0m05:31:51.435201 [debug] [MainThread]: On master: Close
[0m05:31:51.530591 [debug] [Thread-1 (]: Began running node model.dbt_contadoria.slv_processos
[0m05:31:51.532279 [info ] [Thread-1 (]: 1 of 2 START sql table model public_silver.slv_processos ....................... [RUN]
[0m05:31:51.534826 [debug] [Thread-1 (]: Acquiring new postgres connection 'model.dbt_contadoria.slv_processos'
[0m05:31:51.536584 [debug] [Thread-1 (]: Began compiling node model.dbt_contadoria.slv_processos
[0m05:31:51.559704 [debug] [Thread-1 (]: Writing injected SQL for node "model.dbt_contadoria.slv_processos"
[0m05:31:51.566253 [debug] [Thread-1 (]: Began executing node model.dbt_contadoria.slv_processos
[0m05:31:51.721489 [debug] [Thread-1 (]: Writing runtime sql for node "model.dbt_contadoria.slv_processos"
[0m05:31:51.730137 [debug] [Thread-1 (]: Using postgres connection "model.dbt_contadoria.slv_processos"
[0m05:31:51.731469 [debug] [Thread-1 (]: On model.dbt_contadoria.slv_processos: /* {"app": "dbt", "dbt_version": "1.11.8", "profile_name": "contadoria_dw", "target_name": "dev", "node_id": "model.dbt_contadoria.slv_processos"} */

  
    

  create  table "postgres"."public_silver"."slv_processos__dbt_tmp"
  
  
    as
  
  (
    

WITH base_processos AS (
    SELECT * FROM "postgres"."bronze"."processes"
),
base_users AS (
    SELECT * FROM "postgres"."bronze"."users"
),
base_status AS (
    SELECT * FROM "postgres"."bronze"."status"
)

SELECT
    p.number AS processo_numero,
    p.entry_date AS data_remessa,
    u.nome AS calculista_nome,  -- Substituindo ID pelo Nome
    s.nome AS status_atual,
    
    -- Lógica da Coluna Meta
    CASE 
        WHEN s.nome IN (
            'Cálculo atualizado', 
            'Cálculo realizado', 
            'Devolvido: ausência de documentos para os cálculos', 
            'Devolvido: ausência de parâmetros', 
            'Devolvido: Beneficiário da Justiça Gratuita', 
            'Devolvido: Custas Satisfeitas', 
            'Devolvido: esclarecimento realizado', 
            'Partilha Realizada'
        ) THEN 1
        ELSE 0
    END AS meta,
    
    -- Cálculo de Dias Parado
    CURRENT_DATE - p.entry_date::date AS dias_parado,
    
    p.court AS vara,
    p.nucleus AS nucleo,
    p.priority AS prioridade,
    p.valor_custas,
    p.observacao,
    p.created_at

FROM base_processos p
LEFT JOIN base_users u ON p.user_id = u.id  -- Assumindo user_id na processes
LEFT JOIN base_status s ON p.status_id = s.id -- Assumindo status_id na processes
  );
  
[0m05:31:51.733395 [debug] [Thread-1 (]: Opening a new connection, currently in state init
[0m05:31:52.214291 [debug] [Thread-1 (]: Postgres adapter: Postgres error: column p.user_id does not exist
LINE 56: LEFT JOIN base_users u ON p.user_id = u.id  -- Assumindo use...
                                   ^

[0m05:31:52.215512 [debug] [Thread-1 (]: On model.dbt_contadoria.slv_processos: ROLLBACK
[0m05:31:52.272043 [debug] [Thread-1 (]: On model.dbt_contadoria.slv_processos: Close
[0m05:31:52.331590 [debug] [Thread-1 (]: Database Error in model slv_processos (models\silver\slv_processos.sql)
  column p.user_id does not exist
  LINE 56: LEFT JOIN base_users u ON p.user_id = u.id  -- Assumindo use...
                                     ^
  compiled code at target\run\dbt_contadoria\models\silver\slv_processos.sql
[0m05:31:52.340237 [debug] [Thread-1 (]: Sending event: {'category': 'dbt', 'action': 'run_model', 'label': '27f03adb-280c-4766-a84b-6d4f6fde0b90', 'context': [<snowplow_tracker.self_describing_json.SelfDescribingJson object at 0x000001A4847A7280>]}
[0m05:31:52.342309 [error] [Thread-1 (]: 1 of 2 ERROR creating sql table model public_silver.slv_processos .............. [[31mERROR[0m in 0.80s]
[0m05:31:52.344856 [debug] [Thread-1 (]: Finished running node model.dbt_contadoria.slv_processos
[0m05:31:52.346485 [debug] [Thread-7 (]: Marking all children of 'model.dbt_contadoria.slv_processos' to be skipped because of status 'error'.  Reason: Database Error in model slv_processos (models\silver\slv_processos.sql)
  column p.user_id does not exist
  LINE 56: LEFT JOIN base_users u ON p.user_id = u.id  -- Assumindo use...
                                     ^
  compiled code at target\run\dbt_contadoria\models\silver\slv_processos.sql.
[0m05:31:52.349722 [debug] [Thread-2 (]: Began running node model.dbt_contadoria.gld_processos_pendentes
[0m05:31:52.351196 [info ] [Thread-2 (]: 2 of 2 SKIP relation public_gold.gld_processos_pendentes ....................... [[33mSKIP[0m]
[0m05:31:52.352986 [debug] [Thread-2 (]: Finished running node model.dbt_contadoria.gld_processos_pendentes
[0m05:31:52.359757 [debug] [MainThread]: On master: COMMIT
[0m05:31:52.361085 [debug] [MainThread]: Using postgres connection "master"
[0m05:31:52.362134 [debug] [MainThread]: On master: COMMIT
[0m05:31:52.363048 [debug] [MainThread]: Opening a new connection, currently in state closed
[0m05:31:52.843438 [debug] [MainThread]: SQL status: COMMIT in 0.480 seconds
[0m05:31:52.844330 [debug] [MainThread]: On master: Close
[0m05:31:52.845740 [debug] [MainThread]: Connection 'master' was properly closed.
[0m05:31:52.846580 [debug] [MainThread]: Connection 'create_postgres_public_silver' was properly closed.
[0m05:31:52.847138 [debug] [MainThread]: Connection 'create_postgres_public_gold' was properly closed.
[0m05:31:52.847613 [debug] [MainThread]: Connection 'list_postgres_public_gold' was properly closed.
[0m05:31:52.848092 [debug] [MainThread]: Connection 'list_postgres_public_silver' was properly closed.
[0m05:31:52.848538 [debug] [MainThread]: Connection 'model.dbt_contadoria.slv_processos' was properly closed.
[0m05:31:52.848969 [info ] [MainThread]: 
[0m05:31:52.849426 [info ] [MainThread]: Finished running 1 table model, 1 view model in 0 hours 0 minutes and 10.97 seconds (10.97s).
[0m05:31:52.850692 [debug] [MainThread]: Command end result
[0m05:31:52.915561 [debug] [MainThread]: Wrote artifact WritableManifest to dbt_contadoria\target\manifest.json
[0m05:31:52.925958 [debug] [MainThread]: Wrote artifact SemanticManifest to dbt_contadoria\target\semantic_manifest.json
[0m05:31:52.945215 [debug] [MainThread]: Wrote artifact RunExecutionResult to dbt_contadoria\target\run_results.json
[0m05:31:52.946636 [info ] [MainThread]: 
[0m05:31:52.949159 [info ] [MainThread]: [31mCompleted with 1 error, 0 partial successes, and 0 warnings:[0m
[0m05:31:52.950900 [info ] [MainThread]: 
[0m05:31:52.952514 [error] [MainThread]: [31mFailure in model slv_processos (models\silver\slv_processos.sql)[0m
[0m05:31:52.954592 [error] [MainThread]:   Database Error in model slv_processos (models\silver\slv_processos.sql)
  column p.user_id does not exist
  LINE 56: LEFT JOIN base_users u ON p.user_id = u.id  -- Assumindo use...
                                     ^
  compiled code at target\run\dbt_contadoria\models\silver\slv_processos.sql
[0m05:31:52.956161 [info ] [MainThread]: 
[0m05:31:52.957344 [info ] [MainThread]:   compiled code at target\compiled\dbt_contadoria\models\silver\slv_processos.sql
[0m05:31:52.958207 [info ] [MainThread]: 
[0m05:31:52.959332 [info ] [MainThread]: Done. PASS=0 WARN=0 ERROR=1 SKIP=1 NO-OP=0 TOTAL=2
[0m05:31:52.964096 [debug] [MainThread]: Command `dbt run` failed at 05:31:52.963298 after 16.90 seconds
[0m05:31:52.966615 [debug] [MainThread]: Sending event: {'category': 'dbt', 'action': 'invocation', 'label': 'end', 'context': [<snowplow_tracker.self_describing_json.SelfDescribingJson object at 0x000001A484C3BBB0>, <snowplow_tracker.self_describing_json.SelfDescribingJson object at 0x000001A484B7E060>, <snowplow_tracker.self_describing_json.SelfDescribingJson object at 0x000001A4847915D0>]}
[0m05:31:52.968931 [debug] [MainThread]: Flushing usage events
[0m05:31:54.343991 [debug] [MainThread]: An error was encountered while trying to flush usage events
[0m05:33:19.949197 [debug] [MainThread]: Sending event: {'category': 'dbt', 'action': 'invocation', 'label': 'start', 'context': [<snowplow_tracker.self_describing_json.SelfDescribingJson object at 0x0000024AC66D96A0>, <snowplow_tracker.self_describing_json.SelfDescribingJson object at 0x0000024AC2E1F390>, <snowplow_tracker.self_describing_json.SelfDescribingJson object at 0x0000024AC719DBD0>]}


============================== 05:33:19.959149 | 6798339d-c031-4c69-a881-9a16266abb47 ==============================
[0m05:33:19.959149 [info ] [MainThread]: Running with dbt=1.11.8
[0m05:33:19.960114 [debug] [MainThread]: running dbt with arguments {'static_parser': 'True', 'no_print': 'None', 'version_check': 'True', 'warn_error_options': 'WarnErrorOptionsV2(error=[], warn=[], silence=[])', 'target_path': 'None', 'printer_width': '80', 'write_json': 'True', 'introspect': 'True', 'log_cache_events': 'False', 'empty': 'False', 'cache_selected_only': 'False', 'fail_fast': 'False', 'debug': 'False', 'log_format': 'default', 'partial_parse': 'True', 'send_anonymous_usage_stats': 'True', 'quiet': 'False', 'warn_error': 'None', 'profiles_dir': 'dbt_contadoria', 'indirect_selection': 'eager', 'invocation_command': 'dbt run --profiles-dir dbt_contadoria --project-dir dbt_contadoria', 'use_colors': 'True', 'use_experimental_parser': 'False', 'log_path': 'dbt_contadoria\\logs'}
[0m05:33:20.316250 [debug] [MainThread]: Sending event: {'category': 'dbt', 'action': 'project_id', 'label': '6798339d-c031-4c69-a881-9a16266abb47', 'context': [<snowplow_tracker.self_describing_json.SelfDescribingJson object at 0x0000024AC6BBCC30>]}
[0m05:33:20.518765 [debug] [MainThread]: Sending event: {'category': 'dbt', 'action': 'adapter_info', 'label': '6798339d-c031-4c69-a881-9a16266abb47', 'context': [<snowplow_tracker.self_describing_json.SelfDescribingJson object at 0x0000024AC8978C00>]}
[0m05:33:20.522198 [info ] [MainThread]: Registered adapter: postgres=1.10.0
[0m05:33:21.404028 [debug] [MainThread]: checksum: 7d524ac048c2100769df89d592e662e060a73ca564e31bd9c2a37efdfe8d8ab6, vars: {}, profile: , target: , version: 1.11.8
[0m05:33:21.734769 [debug] [MainThread]: Partial parsing enabled: 0 files deleted, 0 files added, 1 files changed.
[0m05:33:21.735771 [debug] [MainThread]: Partial parsing: updated file: dbt_contadoria://models\silver\slv_processos.sql
[0m05:33:22.446371 [warn ] [MainThread]: [[33mWARNING[0m]: Configuration paths exist in your dbt_project.yml file which do not apply to any resources.
There are 1 unused configuration paths:
- models.dbt_contadoria.bronze
[0m05:33:22.468545 [debug] [MainThread]: Sending event: {'category': 'dbt', 'action': 'load_project', 'label': '6798339d-c031-4c69-a881-9a16266abb47', 'context': [<snowplow_tracker.self_describing_json.SelfDescribingJson object at 0x0000024AC8F0B150>]}
[0m05:33:22.600001 [debug] [MainThread]: Wrote artifact WritableManifest to dbt_contadoria\target\manifest.json
[0m05:33:22.607232 [debug] [MainThread]: Wrote artifact SemanticManifest to dbt_contadoria\target\semantic_manifest.json
[0m05:33:22.630236 [debug] [MainThread]: Sending event: {'category': 'dbt', 'action': 'resource_counts', 'label': '6798339d-c031-4c69-a881-9a16266abb47', 'context': [<snowplow_tracker.self_describing_json.SelfDescribingJson object at 0x0000024AC5E0D8B0>]}
[0m05:33:22.631240 [info ] [MainThread]: Found 2 models, 5 sources, 465 macros
[0m05:33:22.631866 [debug] [MainThread]: Sending event: {'category': 'dbt', 'action': 'runnable_timing', 'label': '6798339d-c031-4c69-a881-9a16266abb47', 'context': [<snowplow_tracker.self_describing_json.SelfDescribingJson object at 0x0000024AC91EA5F0>]}
[0m05:33:22.635578 [info ] [MainThread]: 
[0m05:33:22.636244 [info ] [MainThread]: Concurrency: 4 threads (target='dev')
[0m05:33:22.636724 [info ] [MainThread]: 
[0m05:33:22.637377 [debug] [MainThread]: Acquiring new postgres connection 'master'
[0m05:33:22.642862 [debug] [ThreadPool]: Acquiring new postgres connection 'list_postgres'
[0m05:33:22.651478 [debug] [ThreadPool]: Acquiring new postgres connection 'list_postgres'
[0m05:33:22.780121 [debug] [ThreadPool]: Using postgres connection "list_postgres"
[0m05:33:22.780806 [debug] [ThreadPool]: Using postgres connection "list_postgres"
[0m05:33:22.781410 [debug] [ThreadPool]: On list_postgres: /* {"app": "dbt", "dbt_version": "1.11.8", "profile_name": "contadoria_dw", "target_name": "dev", "connection_name": "list_postgres"} */

    select distinct nspname from pg_namespace
  
[0m05:33:22.782020 [debug] [ThreadPool]: On list_postgres: /* {"app": "dbt", "dbt_version": "1.11.8", "profile_name": "contadoria_dw", "target_name": "dev", "connection_name": "list_postgres"} */

    select distinct nspname from pg_namespace
  
[0m05:33:22.783121 [debug] [ThreadPool]: Opening a new connection, currently in state init
[0m05:33:22.784374 [debug] [ThreadPool]: Opening a new connection, currently in state init
[0m05:33:23.635004 [debug] [ThreadPool]: SQL status: SELECT 127 in 0.850 seconds
[0m05:33:23.638845 [debug] [ThreadPool]: On list_postgres: Close
[0m05:33:23.663704 [debug] [ThreadPool]: SQL status: SELECT 127 in 0.881 seconds
[0m05:33:23.668023 [debug] [ThreadPool]: On list_postgres: Close
[0m05:33:23.715581 [debug] [ThreadPool]: Acquiring new postgres connection 'list_postgres_public_silver'
[0m05:33:23.732105 [debug] [ThreadPool]: Using postgres connection "list_postgres_public_silver"
[0m05:33:23.733496 [debug] [ThreadPool]: On list_postgres_public_silver: /* {"app": "dbt", "dbt_version": "1.11.8", "profile_name": "contadoria_dw", "target_name": "dev", "connection_name": "list_postgres_public_silver"} */
select
      'postgres' as database,
      tablename as name,
      schemaname as schema,
      'table' as type
    from pg_tables
    where schemaname ilike 'public_silver'
    union all
    select
      'postgres' as database,
      viewname as name,
      schemaname as schema,
      'view' as type
    from pg_views
    where schemaname ilike 'public_silver'
    union all
    select
      'postgres' as database,
      matviewname as name,
      schemaname as schema,
      'materialized_view' as type
    from pg_matviews
    where schemaname ilike 'public_silver'
  
[0m05:33:23.734569 [debug] [ThreadPool]: Opening a new connection, currently in state init
[0m05:33:23.785380 [debug] [ThreadPool]: Acquiring new postgres connection 'list_postgres_public_gold'
[0m05:33:23.797930 [debug] [ThreadPool]: Using postgres connection "list_postgres_public_gold"
[0m05:33:23.799857 [debug] [ThreadPool]: On list_postgres_public_gold: /* {"app": "dbt", "dbt_version": "1.11.8", "profile_name": "contadoria_dw", "target_name": "dev", "connection_name": "list_postgres_public_gold"} */
select
      'postgres' as database,
      tablename as name,
      schemaname as schema,
      'table' as type
    from pg_tables
    where schemaname ilike 'public_gold'
    union all
    select
      'postgres' as database,
      viewname as name,
      schemaname as schema,
      'view' as type
    from pg_views
    where schemaname ilike 'public_gold'
    union all
    select
      'postgres' as database,
      matviewname as name,
      schemaname as schema,
      'materialized_view' as type
    from pg_matviews
    where schemaname ilike 'public_gold'
  
[0m05:33:23.804347 [debug] [ThreadPool]: Opening a new connection, currently in state init
[0m05:33:24.368266 [debug] [ThreadPool]: SQL status: SELECT 0 in 0.633 seconds
[0m05:33:24.371281 [debug] [ThreadPool]: On list_postgres_public_silver: ROLLBACK
[0m05:33:24.376476 [debug] [ThreadPool]: SQL status: SELECT 0 in 0.572 seconds
[0m05:33:24.379467 [debug] [ThreadPool]: On list_postgres_public_gold: ROLLBACK
[0m05:33:24.440100 [debug] [ThreadPool]: On list_postgres_public_silver: Close
[0m05:33:24.445119 [debug] [ThreadPool]: On list_postgres_public_gold: Close
[0m05:33:24.461352 [debug] [MainThread]: Using postgres connection "master"
[0m05:33:24.462982 [debug] [MainThread]: On master: /* {"app": "dbt", "dbt_version": "1.11.8", "profile_name": "contadoria_dw", "target_name": "dev", "connection_name": "master"} */
select distinct
        dependent_namespace.nspname as dependent_schema,
        dependent_class.relname as dependent_name,
        referenced_namespace.nspname as referenced_schema,
        referenced_class.relname as referenced_name

    -- Query for views: views are entries in pg_class with an entry in pg_rewrite, but we avoid
    -- a seq scan on pg_rewrite by leveraging the fact there is an "internal" row in pg_depend for
    -- the view...
    from pg_class as dependent_class
    join pg_namespace as dependent_namespace on dependent_namespace.oid = dependent_class.relnamespace
    join pg_depend as dependent_depend on dependent_depend.refobjid = dependent_class.oid
        and dependent_depend.classid = 'pg_rewrite'::regclass
        and dependent_depend.refclassid = 'pg_class'::regclass
        and dependent_depend.deptype = 'i'

    -- ... and via pg_depend (that has a row per column, hence the need for "distinct" above, and
    -- making sure to exclude the internal row to avoid a view appearing to depend on itself)...
    join pg_depend as joining_depend on joining_depend.objid = dependent_depend.objid
        and joining_depend.classid = 'pg_rewrite'::regclass
        and joining_depend.refclassid = 'pg_class'::regclass
        and joining_depend.refobjid != dependent_depend.refobjid

    -- ... we can find the tables they query from in pg_class, but excluding system tables. Note we
    -- don't need need to exclude _dependent_ system tables, because they only query from other
    -- system tables, and so are automatically excluded by excluding _referenced_ system tables
    join pg_class as referenced_class on referenced_class.oid = joining_depend.refobjid
    join pg_namespace as referenced_namespace on referenced_namespace.oid = referenced_class.relnamespace
        and referenced_namespace.nspname != 'information_schema'
        and referenced_namespace.nspname not like 'pg\_%'

    order by
        dependent_schema, dependent_name, referenced_schema, referenced_name;
[0m05:33:24.464770 [debug] [MainThread]: Opening a new connection, currently in state init
[0m05:33:24.993333 [debug] [MainThread]: SQL status: SELECT 2 in 0.529 seconds
[0m05:33:24.996880 [debug] [MainThread]: Sending event: {'category': 'dbt', 'action': 'runnable_timing', 'label': '6798339d-c031-4c69-a881-9a16266abb47', 'context': [<snowplow_tracker.self_describing_json.SelfDescribingJson object at 0x0000024AC9203E10>]}
[0m05:33:24.998314 [debug] [MainThread]: On master: ROLLBACK
[0m05:33:25.065741 [debug] [MainThread]: On master: COMMIT
[0m05:33:25.066700 [debug] [MainThread]: Using postgres connection "master"
[0m05:33:25.067334 [debug] [MainThread]: On master: COMMIT
[0m05:33:25.196488 [debug] [MainThread]: SQL status: COMMIT in 0.128 seconds
[0m05:33:25.197374 [debug] [MainThread]: On master: Close
[0m05:33:25.208222 [debug] [Thread-1 (]: Began running node model.dbt_contadoria.slv_processos
[0m05:33:25.210163 [info ] [Thread-1 (]: 1 of 2 START sql table model public_silver.slv_processos ....................... [RUN]
[0m05:33:25.212614 [debug] [Thread-1 (]: Acquiring new postgres connection 'model.dbt_contadoria.slv_processos'
[0m05:33:25.214729 [debug] [Thread-1 (]: Began compiling node model.dbt_contadoria.slv_processos
[0m05:33:25.235693 [debug] [Thread-1 (]: Writing injected SQL for node "model.dbt_contadoria.slv_processos"
[0m05:33:25.239413 [debug] [Thread-1 (]: Began executing node model.dbt_contadoria.slv_processos
[0m05:33:25.329745 [debug] [Thread-1 (]: Writing runtime sql for node "model.dbt_contadoria.slv_processos"
[0m05:33:25.331679 [debug] [Thread-1 (]: Using postgres connection "model.dbt_contadoria.slv_processos"
[0m05:33:25.332950 [debug] [Thread-1 (]: On model.dbt_contadoria.slv_processos: /* {"app": "dbt", "dbt_version": "1.11.8", "profile_name": "contadoria_dw", "target_name": "dev", "node_id": "model.dbt_contadoria.slv_processos"} */

  
    

  create  table "postgres"."public_silver"."slv_processos__dbt_tmp"
  
  
    as
  
  (
    

WITH base_processos AS (
    SELECT * FROM "postgres"."bronze"."processes"
),
base_users AS (
    SELECT * FROM "postgres"."bronze"."users"
),
base_status AS (
    SELECT * FROM "postgres"."bronze"."status"
)

SELECT
    p.number AS processo_numero,
    p.entry_date AS data_remessa,
    u.name AS calculista_nome,  -- Substituindo ID pelo Nome (coluna 'name' em users)
    p.status AS status_atual,   -- Usando a coluna 'status' diretamente de processes
    
    -- Lógica da Coluna Meta
    CASE 
        WHEN p.status IN (
            'Cálculo atualizado', 
            'Cálculo realizado', 
            'Devolvido: ausência de documentos para os cálculos', 
            'Devolvido: ausência de parâmetros', 
            'Devolvido: Beneficiário da Justiça Gratuita', 
            'Devolvido: Custas Satisfeitas', 
            'Devolvido: esclarecimento realizado', 
            'Partilha Realizada'
        ) THEN 1
        ELSE 0
    END AS meta,
    
    -- Cálculo de Dias Parado
    CURRENT_DATE - p.entry_date::date AS dias_parado,
    
    p.court AS vara,
    p.nucleus AS nucleo,
    p.priority AS prioridade,
    p.valor_custas,
    p.observacao,
    p.created_at

FROM base_processos p
LEFT JOIN base_users u ON p.assigned_to_id = u.id  -- Corrigido para assigned_to_id
  );
  
[0m05:33:25.334144 [debug] [Thread-1 (]: Opening a new connection, currently in state init
[0m05:33:25.955497 [debug] [Thread-1 (]: SQL status: SELECT 5209 in 0.621 seconds
[0m05:33:25.981333 [debug] [Thread-1 (]: Using postgres connection "model.dbt_contadoria.slv_processos"
[0m05:33:25.982749 [debug] [Thread-1 (]: On model.dbt_contadoria.slv_processos: /* {"app": "dbt", "dbt_version": "1.11.8", "profile_name": "contadoria_dw", "target_name": "dev", "node_id": "model.dbt_contadoria.slv_processos"} */
alter table "postgres"."public_silver"."slv_processos__dbt_tmp" rename to "slv_processos"
[0m05:33:26.053101 [debug] [Thread-1 (]: SQL status: ALTER TABLE in 0.069 seconds
[0m05:33:26.103913 [debug] [Thread-1 (]: On model.dbt_contadoria.slv_processos: COMMIT
[0m05:33:26.105899 [debug] [Thread-1 (]: Using postgres connection "model.dbt_contadoria.slv_processos"
[0m05:33:26.107060 [debug] [Thread-1 (]: On model.dbt_contadoria.slv_processos: COMMIT
[0m05:33:26.190605 [debug] [Thread-1 (]: SQL status: COMMIT in 0.082 seconds
[0m05:33:26.208444 [debug] [Thread-1 (]: Applying DROP to: "postgres"."public_silver"."slv_processos__dbt_backup"
[0m05:33:26.217805 [debug] [Thread-1 (]: Using postgres connection "model.dbt_contadoria.slv_processos"
[0m05:33:26.218628 [debug] [Thread-1 (]: On model.dbt_contadoria.slv_processos: /* {"app": "dbt", "dbt_version": "1.11.8", "profile_name": "contadoria_dw", "target_name": "dev", "node_id": "model.dbt_contadoria.slv_processos"} */
drop table if exists "postgres"."public_silver"."slv_processos__dbt_backup" cascade
[0m05:33:26.302239 [debug] [Thread-1 (]: SQL status: DROP TABLE in 0.083 seconds
[0m05:33:26.306732 [debug] [Thread-1 (]: On model.dbt_contadoria.slv_processos: Close
[0m05:33:26.310910 [debug] [Thread-1 (]: Sending event: {'category': 'dbt', 'action': 'run_model', 'label': '6798339d-c031-4c69-a881-9a16266abb47', 'context': [<snowplow_tracker.self_describing_json.SelfDescribingJson object at 0x0000024AC91BB890>]}
[0m05:33:26.312076 [info ] [Thread-1 (]: 1 of 2 OK created sql table model public_silver.slv_processos .................. [[32mSELECT 5209[0m in 1.10s]
[0m05:33:26.313846 [debug] [Thread-1 (]: Finished running node model.dbt_contadoria.slv_processos
[0m05:33:26.315192 [debug] [Thread-2 (]: Began running node model.dbt_contadoria.gld_processos_pendentes
[0m05:33:26.316276 [info ] [Thread-2 (]: 2 of 2 START sql view model public_gold.gld_processos_pendentes ................ [RUN]
[0m05:33:26.317556 [debug] [Thread-2 (]: Acquiring new postgres connection 'model.dbt_contadoria.gld_processos_pendentes'
[0m05:33:26.318472 [debug] [Thread-2 (]: Began compiling node model.dbt_contadoria.gld_processos_pendentes
[0m05:33:26.323417 [debug] [Thread-2 (]: Writing injected SQL for node "model.dbt_contadoria.gld_processos_pendentes"
[0m05:33:26.326994 [debug] [Thread-2 (]: Began executing node model.dbt_contadoria.gld_processos_pendentes
[0m05:33:26.394727 [debug] [Thread-2 (]: Writing runtime sql for node "model.dbt_contadoria.gld_processos_pendentes"
[0m05:33:26.400241 [debug] [Thread-2 (]: Using postgres connection "model.dbt_contadoria.gld_processos_pendentes"
[0m05:33:26.401466 [debug] [Thread-2 (]: On model.dbt_contadoria.gld_processos_pendentes: /* {"app": "dbt", "dbt_version": "1.11.8", "profile_name": "contadoria_dw", "target_name": "dev", "node_id": "model.dbt_contadoria.gld_processos_pendentes"} */

  create view "postgres"."public_gold"."gld_processos_pendentes__dbt_tmp"
    
    
  as (
    

SELECT *
FROM "postgres"."public_silver"."slv_processos"
WHERE status_atual = 'Pendente'
  );
[0m05:33:26.402875 [debug] [Thread-2 (]: Opening a new connection, currently in state init
[0m05:33:26.951739 [debug] [Thread-2 (]: SQL status: CREATE VIEW in 0.549 seconds
[0m05:33:26.960293 [debug] [Thread-2 (]: Using postgres connection "model.dbt_contadoria.gld_processos_pendentes"
[0m05:33:26.961011 [debug] [Thread-2 (]: On model.dbt_contadoria.gld_processos_pendentes: /* {"app": "dbt", "dbt_version": "1.11.8", "profile_name": "contadoria_dw", "target_name": "dev", "node_id": "model.dbt_contadoria.gld_processos_pendentes"} */
alter table "postgres"."public_gold"."gld_processos_pendentes__dbt_tmp" rename to "gld_processos_pendentes"
[0m05:33:27.021311 [debug] [Thread-2 (]: SQL status: ALTER TABLE in 0.060 seconds
[0m05:33:27.024487 [debug] [Thread-2 (]: On model.dbt_contadoria.gld_processos_pendentes: COMMIT
[0m05:33:27.025090 [debug] [Thread-2 (]: Using postgres connection "model.dbt_contadoria.gld_processos_pendentes"
[0m05:33:27.025502 [debug] [Thread-2 (]: On model.dbt_contadoria.gld_processos_pendentes: COMMIT
[0m05:33:27.085250 [debug] [Thread-2 (]: SQL status: COMMIT in 0.059 seconds
[0m05:33:27.091631 [debug] [Thread-2 (]: Applying DROP to: "postgres"."public_gold"."gld_processos_pendentes__dbt_backup"
[0m05:33:27.096910 [debug] [Thread-2 (]: Using postgres connection "model.dbt_contadoria.gld_processos_pendentes"
[0m05:33:27.097544 [debug] [Thread-2 (]: On model.dbt_contadoria.gld_processos_pendentes: /* {"app": "dbt", "dbt_version": "1.11.8", "profile_name": "contadoria_dw", "target_name": "dev", "node_id": "model.dbt_contadoria.gld_processos_pendentes"} */
drop view if exists "postgres"."public_gold"."gld_processos_pendentes__dbt_backup" cascade
[0m05:33:27.179063 [debug] [Thread-2 (]: SQL status: DROP VIEW in 0.081 seconds
[0m05:33:27.182041 [debug] [Thread-2 (]: On model.dbt_contadoria.gld_processos_pendentes: Close
[0m05:33:27.184402 [debug] [Thread-2 (]: Sending event: {'category': 'dbt', 'action': 'run_model', 'label': '6798339d-c031-4c69-a881-9a16266abb47', 'context': [<snowplow_tracker.self_describing_json.SelfDescribingJson object at 0x0000024AC92AE4C0>]}
[0m05:33:27.185641 [info ] [Thread-2 (]: 2 of 2 OK created sql view model public_gold.gld_processos_pendentes ........... [[32mCREATE VIEW[0m in 0.87s]
[0m05:33:27.186724 [debug] [Thread-2 (]: Finished running node model.dbt_contadoria.gld_processos_pendentes
[0m05:33:27.189726 [debug] [MainThread]: On master: COMMIT
[0m05:33:27.190381 [debug] [MainThread]: Using postgres connection "master"
[0m05:33:27.190910 [debug] [MainThread]: On master: COMMIT
[0m05:33:27.191345 [debug] [MainThread]: Opening a new connection, currently in state closed
[0m05:33:27.703267 [debug] [MainThread]: SQL status: COMMIT in 0.512 seconds
[0m05:33:27.704249 [debug] [MainThread]: On master: Close
[0m05:33:27.705738 [debug] [MainThread]: Connection 'master' was properly closed.
[0m05:33:27.706501 [debug] [MainThread]: Connection 'list_postgres' was properly closed.
[0m05:33:27.707207 [debug] [MainThread]: Connection 'list_postgres' was properly closed.
[0m05:33:27.707914 [debug] [MainThread]: Connection 'list_postgres_public_silver' was properly closed.
[0m05:33:27.708572 [debug] [MainThread]: Connection 'list_postgres_public_gold' was properly closed.
[0m05:33:27.709272 [debug] [MainThread]: Connection 'model.dbt_contadoria.slv_processos' was properly closed.
[0m05:33:27.709923 [debug] [MainThread]: Connection 'model.dbt_contadoria.gld_processos_pendentes' was properly closed.
[0m05:33:27.710760 [info ] [MainThread]: 
[0m05:33:27.711712 [info ] [MainThread]: Finished running 1 table model, 1 view model in 0 hours 0 minutes and 5.07 seconds (5.07s).
[0m05:33:27.714769 [debug] [MainThread]: Command end result
[0m05:33:27.795376 [debug] [MainThread]: Wrote artifact WritableManifest to dbt_contadoria\target\manifest.json
[0m05:33:27.799163 [debug] [MainThread]: Wrote artifact SemanticManifest to dbt_contadoria\target\semantic_manifest.json
[0m05:33:27.810013 [debug] [MainThread]: Wrote artifact RunExecutionResult to dbt_contadoria\target\run_results.json
[0m05:33:27.811342 [info ] [MainThread]: 
[0m05:33:27.813234 [info ] [MainThread]: [32mCompleted successfully[0m
[0m05:33:27.814676 [info ] [MainThread]: 
[0m05:33:27.816157 [info ] [MainThread]: Done. PASS=2 WARN=0 ERROR=0 SKIP=0 NO-OP=0 TOTAL=2
[0m05:33:27.819123 [debug] [MainThread]: Command `dbt run` succeeded at 05:33:27.818738 after 8.32 seconds
[0m05:33:27.820647 [debug] [MainThread]: Sending event: {'category': 'dbt', 'action': 'invocation', 'label': 'end', 'context': [<snowplow_tracker.self_describing_json.SelfDescribingJson object at 0x0000024AC88F3070>, <snowplow_tracker.self_describing_json.SelfDescribingJson object at 0x0000024AC91BD490>, <snowplow_tracker.self_describing_json.SelfDescribingJson object at 0x0000024AC8DAE650>]}
[0m05:33:27.822084 [debug] [MainThread]: Flushing usage events
[0m05:33:29.173794 [debug] [MainThread]: An error was encountered while trying to flush usage events
[0m05:34:02.358231 [debug] [MainThread]: Sending event: {'category': 'dbt', 'action': 'invocation', 'label': 'start', 'context': [<snowplow_tracker.self_describing_json.SelfDescribingJson object at 0x00000202F6B396A0>, <snowplow_tracker.self_describing_json.SelfDescribingJson object at 0x00000202F326F390>, <snowplow_tracker.self_describing_json.SelfDescribingJson object at 0x00000202F7601BD0>]}


============================== 05:34:02.368259 | 163a3fa4-ebcc-413e-b6a6-a32d83e9df4f ==============================
[0m05:34:02.368259 [info ] [MainThread]: Running with dbt=1.11.8
[0m05:34:02.369446 [debug] [MainThread]: running dbt with arguments {'static_parser': 'True', 'no_print': 'None', 'version_check': 'True', 'target_path': 'None', 'warn_error_options': 'WarnErrorOptionsV2(error=[], warn=[], silence=[])', 'printer_width': '80', 'write_json': 'True', 'introspect': 'True', 'log_cache_events': 'False', 'empty': 'None', 'cache_selected_only': 'False', 'log_format': 'default', 'debug': 'False', 'fail_fast': 'False', 'partial_parse': 'True', 'send_anonymous_usage_stats': 'True', 'quiet': 'False', 'warn_error': 'None', 'profiles_dir': 'dbt_contadoria', 'use_colors': 'True', 'invocation_command': 'dbt test --profiles-dir dbt_contadoria --project-dir dbt_contadoria', 'indirect_selection': 'eager', 'use_experimental_parser': 'False', 'log_path': 'dbt_contadoria\\logs'}
[0m05:34:02.910091 [debug] [MainThread]: Sending event: {'category': 'dbt', 'action': 'project_id', 'label': '163a3fa4-ebcc-413e-b6a6-a32d83e9df4f', 'context': [<snowplow_tracker.self_describing_json.SelfDescribingJson object at 0x00000202F701CC30>]}
[0m05:34:03.022212 [debug] [MainThread]: Sending event: {'category': 'dbt', 'action': 'adapter_info', 'label': '163a3fa4-ebcc-413e-b6a6-a32d83e9df4f', 'context': [<snowplow_tracker.self_describing_json.SelfDescribingJson object at 0x00000202F8DD8C00>]}
[0m05:34:03.025820 [info ] [MainThread]: Registered adapter: postgres=1.10.0
[0m05:34:04.180740 [debug] [MainThread]: checksum: 7d524ac048c2100769df89d592e662e060a73ca564e31bd9c2a37efdfe8d8ab6, vars: {}, profile: , target: , version: 1.11.8
[0m05:34:04.456919 [debug] [MainThread]: Partial parsing enabled: 0 files deleted, 1 files added, 0 files changed.
[0m05:34:04.458036 [debug] [MainThread]: Partial parsing: added file: dbt_contadoria://models\gold\schema.yml
[0m05:34:04.736215 [warn ] [MainThread]: [[33mWARNING[0m][MissingArgumentsPropertyInGenericTestDeprecation]: Deprecated
functionality
Found top-level arguments to test `accepted_values` defined on
'gld_processos_pendentes' in package 'dbt_contadoria' (models\gold\schema.yml).
Arguments to generic tests should be nested under the `arguments` property.
[0m05:34:04.740130 [debug] [MainThread]: Sending event: {'category': 'dbt', 'action': 'deprecation', 'label': '163a3fa4-ebcc-413e-b6a6-a32d83e9df4f', 'property_': 'warn', 'context': [<snowplow_tracker.self_describing_json.SelfDescribingJson object at 0x00000202F9334050>]}
[0m05:34:05.260978 [warn ] [MainThread]: [[33mWARNING[0m]: Configuration paths exist in your dbt_project.yml file which do not apply to any resources.
There are 1 unused configuration paths:
- models.dbt_contadoria.bronze
[0m05:34:05.292844 [debug] [MainThread]: Sending event: {'category': 'dbt', 'action': 'load_project', 'label': '163a3fa4-ebcc-413e-b6a6-a32d83e9df4f', 'context': [<snowplow_tracker.self_describing_json.SelfDescribingJson object at 0x00000202F9529B80>]}
[0m05:34:05.684094 [debug] [MainThread]: Wrote artifact WritableManifest to dbt_contadoria\target\manifest.json
[0m05:34:05.689911 [debug] [MainThread]: Wrote artifact SemanticManifest to dbt_contadoria\target\semantic_manifest.json
[0m05:34:05.961121 [debug] [MainThread]: Sending event: {'category': 'dbt', 'action': 'resource_counts', 'label': '163a3fa4-ebcc-413e-b6a6-a32d83e9df4f', 'context': [<snowplow_tracker.self_describing_json.SelfDescribingJson object at 0x00000202F9710BB0>]}
[0m05:34:05.962021 [info ] [MainThread]: Found 2 models, 1 test, 5 sources, 465 macros
[0m05:34:05.963389 [debug] [MainThread]: Sending event: {'category': 'dbt', 'action': 'runnable_timing', 'label': '163a3fa4-ebcc-413e-b6a6-a32d83e9df4f', 'context': [<snowplow_tracker.self_describing_json.SelfDescribingJson object at 0x00000202FB220870>]}
[0m05:34:05.966709 [info ] [MainThread]: 
[0m05:34:05.967370 [info ] [MainThread]: Concurrency: 4 threads (target='dev')
[0m05:34:05.967915 [info ] [MainThread]: 
[0m05:34:05.968673 [debug] [MainThread]: Acquiring new postgres connection 'master'
[0m05:34:05.970362 [debug] [ThreadPool]: Acquiring new postgres connection 'list_postgres_public_gold'
[0m05:34:05.986659 [debug] [ThreadPool]: Acquiring new postgres connection 'list_postgres_public_silver'
[0m05:34:06.119675 [debug] [ThreadPool]: Using postgres connection "list_postgres_public_gold"
[0m05:34:06.120407 [debug] [ThreadPool]: Using postgres connection "list_postgres_public_silver"
[0m05:34:06.121021 [debug] [ThreadPool]: On list_postgres_public_gold: /* {"app": "dbt", "dbt_version": "1.11.8", "profile_name": "contadoria_dw", "target_name": "dev", "connection_name": "list_postgres_public_gold"} */
select
      'postgres' as database,
      tablename as name,
      schemaname as schema,
      'table' as type
    from pg_tables
    where schemaname ilike 'public_gold'
    union all
    select
      'postgres' as database,
      viewname as name,
      schemaname as schema,
      'view' as type
    from pg_views
    where schemaname ilike 'public_gold'
    union all
    select
      'postgres' as database,
      matviewname as name,
      schemaname as schema,
      'materialized_view' as type
    from pg_matviews
    where schemaname ilike 'public_gold'
  
[0m05:34:06.121733 [debug] [ThreadPool]: On list_postgres_public_silver: /* {"app": "dbt", "dbt_version": "1.11.8", "profile_name": "contadoria_dw", "target_name": "dev", "connection_name": "list_postgres_public_silver"} */
select
      'postgres' as database,
      tablename as name,
      schemaname as schema,
      'table' as type
    from pg_tables
    where schemaname ilike 'public_silver'
    union all
    select
      'postgres' as database,
      viewname as name,
      schemaname as schema,
      'view' as type
    from pg_views
    where schemaname ilike 'public_silver'
    union all
    select
      'postgres' as database,
      matviewname as name,
      schemaname as schema,
      'materialized_view' as type
    from pg_matviews
    where schemaname ilike 'public_silver'
  
[0m05:34:06.122750 [debug] [ThreadPool]: Opening a new connection, currently in state init
[0m05:34:06.123653 [debug] [ThreadPool]: Opening a new connection, currently in state init
[0m05:34:07.216780 [debug] [ThreadPool]: SQL status: SELECT 1 in 1.093 seconds
[0m05:34:07.220277 [debug] [ThreadPool]: On list_postgres_public_silver: ROLLBACK
[0m05:34:07.244188 [debug] [ThreadPool]: SQL status: SELECT 1 in 1.121 seconds
[0m05:34:07.247414 [debug] [ThreadPool]: On list_postgres_public_gold: ROLLBACK
[0m05:34:07.283263 [debug] [ThreadPool]: On list_postgres_public_silver: Close
[0m05:34:07.308283 [debug] [ThreadPool]: On list_postgres_public_gold: Close
[0m05:34:07.323106 [debug] [MainThread]: Using postgres connection "master"
[0m05:34:07.325324 [debug] [MainThread]: On master: /* {"app": "dbt", "dbt_version": "1.11.8", "profile_name": "contadoria_dw", "target_name": "dev", "connection_name": "master"} */
select distinct
        dependent_namespace.nspname as dependent_schema,
        dependent_class.relname as dependent_name,
        referenced_namespace.nspname as referenced_schema,
        referenced_class.relname as referenced_name

    -- Query for views: views are entries in pg_class with an entry in pg_rewrite, but we avoid
    -- a seq scan on pg_rewrite by leveraging the fact there is an "internal" row in pg_depend for
    -- the view...
    from pg_class as dependent_class
    join pg_namespace as dependent_namespace on dependent_namespace.oid = dependent_class.relnamespace
    join pg_depend as dependent_depend on dependent_depend.refobjid = dependent_class.oid
        and dependent_depend.classid = 'pg_rewrite'::regclass
        and dependent_depend.refclassid = 'pg_class'::regclass
        and dependent_depend.deptype = 'i'

    -- ... and via pg_depend (that has a row per column, hence the need for "distinct" above, and
    -- making sure to exclude the internal row to avoid a view appearing to depend on itself)...
    join pg_depend as joining_depend on joining_depend.objid = dependent_depend.objid
        and joining_depend.classid = 'pg_rewrite'::regclass
        and joining_depend.refclassid = 'pg_class'::regclass
        and joining_depend.refobjid != dependent_depend.refobjid

    -- ... we can find the tables they query from in pg_class, but excluding system tables. Note we
    -- don't need need to exclude _dependent_ system tables, because they only query from other
    -- system tables, and so are automatically excluded by excluding _referenced_ system tables
    join pg_class as referenced_class on referenced_class.oid = joining_depend.refobjid
    join pg_namespace as referenced_namespace on referenced_namespace.oid = referenced_class.relnamespace
        and referenced_namespace.nspname != 'information_schema'
        and referenced_namespace.nspname not like 'pg\_%'

    order by
        dependent_schema, dependent_name, referenced_schema, referenced_name;
[0m05:34:07.326702 [debug] [MainThread]: Opening a new connection, currently in state init
[0m05:34:07.794985 [debug] [MainThread]: SQL status: SELECT 3 in 0.468 seconds
[0m05:34:07.799531 [debug] [MainThread]: Sending event: {'category': 'dbt', 'action': 'runnable_timing', 'label': '163a3fa4-ebcc-413e-b6a6-a32d83e9df4f', 'context': [<snowplow_tracker.self_describing_json.SelfDescribingJson object at 0x00000202FAB2A510>]}
[0m05:34:07.801006 [debug] [MainThread]: On master: ROLLBACK
[0m05:34:07.861343 [debug] [MainThread]: On master: COMMIT
[0m05:34:07.862744 [debug] [MainThread]: Using postgres connection "master"
[0m05:34:07.863703 [debug] [MainThread]: On master: COMMIT
[0m05:34:07.968084 [debug] [MainThread]: SQL status: COMMIT in 0.104 seconds
[0m05:34:07.968943 [debug] [MainThread]: On master: Close
[0m05:34:07.980175 [debug] [Thread-1 (]: Began running node test.dbt_contadoria.accepted_values_gld_processos_pendentes_status_atual__Pendente.b61088e7b8
[0m05:34:07.981547 [info ] [Thread-1 (]: 1 of 1 START test accepted_values_gld_processos_pendentes_status_atual__Pendente  [RUN]
[0m05:34:07.984311 [debug] [Thread-1 (]: Acquiring new postgres connection 'test.dbt_contadoria.accepted_values_gld_processos_pendentes_status_atual__Pendente.b61088e7b8'
[0m05:34:07.985677 [debug] [Thread-1 (]: Began compiling node test.dbt_contadoria.accepted_values_gld_processos_pendentes_status_atual__Pendente.b61088e7b8
[0m05:34:08.010765 [debug] [Thread-1 (]: Writing injected SQL for node "test.dbt_contadoria.accepted_values_gld_processos_pendentes_status_atual__Pendente.b61088e7b8"
[0m05:34:08.014980 [debug] [Thread-1 (]: Began executing node test.dbt_contadoria.accepted_values_gld_processos_pendentes_status_atual__Pendente.b61088e7b8
[0m05:34:08.089834 [debug] [Thread-1 (]: Writing runtime sql for node "test.dbt_contadoria.accepted_values_gld_processos_pendentes_status_atual__Pendente.b61088e7b8"
[0m05:34:08.096728 [debug] [Thread-1 (]: Using postgres connection "test.dbt_contadoria.accepted_values_gld_processos_pendentes_status_atual__Pendente.b61088e7b8"
[0m05:34:08.098377 [debug] [Thread-1 (]: On test.dbt_contadoria.accepted_values_gld_processos_pendentes_status_atual__Pendente.b61088e7b8: /* {"app": "dbt", "dbt_version": "1.11.8", "profile_name": "contadoria_dw", "target_name": "dev", "node_id": "test.dbt_contadoria.accepted_values_gld_processos_pendentes_status_atual__Pendente.b61088e7b8"} */

    
    select
      count(*) as failures,
      count(*) != 0 as should_warn,
      count(*) != 0 as should_error
    from (
      
    
  
    
    

with all_values as (

    select
        status_atual as value_field,
        count(*) as n_records

    from "postgres"."public_gold"."gld_processos_pendentes"
    group by status_atual

)

select *
from all_values
where value_field not in (
    'Pendente'
)



  
  
      
    ) dbt_internal_test
[0m05:34:08.099830 [debug] [Thread-1 (]: Opening a new connection, currently in state init
[0m05:34:08.661713 [debug] [Thread-1 (]: SQL status: SELECT 1 in 0.562 seconds
[0m05:34:08.670753 [debug] [Thread-1 (]: On test.dbt_contadoria.accepted_values_gld_processos_pendentes_status_atual__Pendente.b61088e7b8: ROLLBACK
[0m05:34:08.734211 [debug] [Thread-1 (]: On test.dbt_contadoria.accepted_values_gld_processos_pendentes_status_atual__Pendente.b61088e7b8: Close
[0m05:34:08.736068 [info ] [Thread-1 (]: 1 of 1 PASS accepted_values_gld_processos_pendentes_status_atual__Pendente ..... [[32mPASS[0m in 0.75s]
[0m05:34:08.737402 [debug] [Thread-1 (]: Finished running node test.dbt_contadoria.accepted_values_gld_processos_pendentes_status_atual__Pendente.b61088e7b8
[0m05:34:08.739825 [debug] [MainThread]: On master: COMMIT
[0m05:34:08.740449 [debug] [MainThread]: Using postgres connection "master"
[0m05:34:08.740880 [debug] [MainThread]: On master: COMMIT
[0m05:34:08.741509 [debug] [MainThread]: Opening a new connection, currently in state closed
[0m05:34:09.234988 [debug] [MainThread]: SQL status: COMMIT in 0.493 seconds
[0m05:34:09.237467 [debug] [MainThread]: On master: Close
[0m05:34:09.240067 [debug] [MainThread]: Connection 'master' was properly closed.
[0m05:34:09.240743 [debug] [MainThread]: Connection 'list_postgres_public_gold' was properly closed.
[0m05:34:09.241325 [debug] [MainThread]: Connection 'list_postgres_public_silver' was properly closed.
[0m05:34:09.241733 [debug] [MainThread]: Connection 'test.dbt_contadoria.accepted_values_gld_processos_pendentes_status_atual__Pendente.b61088e7b8' was properly closed.
[0m05:34:09.242352 [info ] [MainThread]: 
[0m05:34:09.243536 [info ] [MainThread]: Finished running 1 test in 0 hours 0 minutes and 3.27 seconds (3.27s).
[0m05:34:09.246134 [debug] [MainThread]: Command end result
[0m05:34:09.298103 [debug] [MainThread]: Wrote artifact WritableManifest to dbt_contadoria\target\manifest.json
[0m05:34:09.303414 [debug] [MainThread]: Wrote artifact SemanticManifest to dbt_contadoria\target\semantic_manifest.json
[0m05:34:09.314609 [debug] [MainThread]: Wrote artifact RunExecutionResult to dbt_contadoria\target\run_results.json
[0m05:34:09.315335 [info ] [MainThread]: 
[0m05:34:09.316173 [info ] [MainThread]: [32mCompleted successfully[0m
[0m05:34:09.317059 [info ] [MainThread]: 
[0m05:34:09.317953 [info ] [MainThread]: Done. PASS=1 WARN=0 ERROR=0 SKIP=0 NO-OP=0 TOTAL=1
[0m05:34:09.319167 [warn ] [MainThread]: [[33mWARNING[0m][DeprecationsSummary]: Deprecated functionality
Summary of encountered deprecations:
- MissingArgumentsPropertyInGenericTestDeprecation: 1 occurrence
To see all deprecation instances instead of just the first occurrence of each,
run command again with the `--show-all-deprecations` flag. You may also need to
run with `--no-partial-parse` as some deprecations are only encountered during
parsing.
[0m05:34:09.321478 [debug] [MainThread]: Command `dbt test` succeeded at 05:34:09.321167 after 7.47 seconds
[0m05:34:09.322633 [debug] [MainThread]: Sending event: {'category': 'dbt', 'action': 'invocation', 'label': 'end', 'context': [<snowplow_tracker.self_describing_json.SelfDescribingJson object at 0x00000202FAB08EC0>, <snowplow_tracker.self_describing_json.SelfDescribingJson object at 0x00000202FB2BF390>, <snowplow_tracker.self_describing_json.SelfDescribingJson object at 0x00000202FB2BF570>]}
[0m05:34:09.323881 [debug] [MainThread]: Flushing usage events
[0m05:34:10.471747 [debug] [MainThread]: An error was encountered while trying to flush usage events
[0m06:31:21.161545 [debug] [MainThread]: Sending event: {'category': 'dbt', 'action': 'invocation', 'label': 'start', 'context': [<snowplow_tracker.self_describing_json.SelfDescribingJson object at 0x0000025F5FC2D400>, <snowplow_tracker.self_describing_json.SelfDescribingJson object at 0x0000025F5C377390>, <snowplow_tracker.self_describing_json.SelfDescribingJson object at 0x0000025F606D3610>]}


============================== 06:31:21.177966 | 37dc14ef-14b9-44ed-b2f2-e86277cea649 ==============================
[0m06:31:21.177966 [info ] [MainThread]: Running with dbt=1.11.8
[0m06:31:21.181944 [debug] [MainThread]: running dbt with arguments {'version_check': 'True', 'no_print': 'None', 'static_parser': 'True', 'target_path': 'None', 'warn_error_options': 'WarnErrorOptionsV2(error=[], warn=[], silence=[])', 'printer_width': '80', 'write_json': 'True', 'empty': 'False', 'log_cache_events': 'False', 'introspect': 'True', 'cache_selected_only': 'False', 'log_format': 'default', 'debug': 'False', 'fail_fast': 'False', 'partial_parse': 'True', 'send_anonymous_usage_stats': 'True', 'quiet': 'False', 'warn_error': 'None', 'profiles_dir': 'dbt_contadoria', 'indirect_selection': 'eager', 'use_colors': 'True', 'invocation_command': 'dbt run --profiles-dir dbt_contadoria --project-dir dbt_contadoria', 'use_experimental_parser': 'False', 'log_path': 'dbt_contadoria\\logs'}
[0m06:31:21.982166 [debug] [MainThread]: Sending event: {'category': 'dbt', 'action': 'project_id', 'label': '37dc14ef-14b9-44ed-b2f2-e86277cea649', 'context': [<snowplow_tracker.self_describing_json.SelfDescribingJson object at 0x0000025F600F4C30>]}
[0m06:31:22.403945 [debug] [MainThread]: Sending event: {'category': 'dbt', 'action': 'adapter_info', 'label': '37dc14ef-14b9-44ed-b2f2-e86277cea649', 'context': [<snowplow_tracker.self_describing_json.SelfDescribingJson object at 0x0000025F61EB0C00>]}
[0m06:31:22.409937 [info ] [MainThread]: Registered adapter: postgres=1.10.0
[0m06:31:23.240254 [debug] [MainThread]: checksum: 7d524ac048c2100769df89d592e662e060a73ca564e31bd9c2a37efdfe8d8ab6, vars: {}, profile: , target: , version: 1.11.8
[0m06:31:23.678458 [debug] [MainThread]: Partial parsing enabled: 0 files deleted, 0 files added, 0 files changed.
[0m06:31:23.679581 [debug] [MainThread]: Nothing changed, skipping partial parsing.
[0m06:31:23.680357 [debug] [MainThread]: Partial parsing enabled, no changes found, skipping parsing
[0m06:31:23.695924 [warn ] [MainThread]: [[33mWARNING[0m]: Configuration paths exist in your dbt_project.yml file which do not apply to any resources.
There are 1 unused configuration paths:
- models.dbt_contadoria.bronze
[0m06:31:23.864763 [debug] [MainThread]: Sending event: {'category': 'dbt', 'action': 'load_project', 'label': '37dc14ef-14b9-44ed-b2f2-e86277cea649', 'context': [<snowplow_tracker.self_describing_json.SelfDescribingJson object at 0x0000025F6254EB50>]}
[0m06:31:24.312721 [debug] [MainThread]: Wrote artifact WritableManifest to dbt_contadoria\target\manifest.json
[0m06:31:24.319781 [debug] [MainThread]: Wrote artifact SemanticManifest to dbt_contadoria\target\semantic_manifest.json
[0m06:31:24.355630 [debug] [MainThread]: Sending event: {'category': 'dbt', 'action': 'resource_counts', 'label': '37dc14ef-14b9-44ed-b2f2-e86277cea649', 'context': [<snowplow_tracker.self_describing_json.SelfDescribingJson object at 0x0000025F5F33D8B0>]}
[0m06:31:24.356844 [info ] [MainThread]: Found 2 models, 1 test, 5 sources, 465 macros
[0m06:31:24.358085 [debug] [MainThread]: Sending event: {'category': 'dbt', 'action': 'runnable_timing', 'label': '37dc14ef-14b9-44ed-b2f2-e86277cea649', 'context': [<snowplow_tracker.self_describing_json.SelfDescribingJson object at 0x0000025F622251D0>]}
[0m06:31:24.362497 [info ] [MainThread]: 
[0m06:31:24.363845 [info ] [MainThread]: Concurrency: 4 threads (target='dev')
[0m06:31:24.365730 [info ] [MainThread]: 
[0m06:31:24.367697 [debug] [MainThread]: Acquiring new postgres connection 'master'
[0m06:31:24.379439 [debug] [ThreadPool]: Acquiring new postgres connection 'list_postgres'
[0m06:31:24.386395 [debug] [ThreadPool]: Acquiring new postgres connection 'list_postgres'
[0m06:31:24.605026 [debug] [ThreadPool]: Using postgres connection "list_postgres"
[0m06:31:24.606245 [debug] [ThreadPool]: Using postgres connection "list_postgres"
[0m06:31:24.607083 [debug] [ThreadPool]: On list_postgres: /* {"app": "dbt", "dbt_version": "1.11.8", "profile_name": "contadoria_dw", "target_name": "dev", "connection_name": "list_postgres"} */

    select distinct nspname from pg_namespace
  
[0m06:31:24.608369 [debug] [ThreadPool]: On list_postgres: /* {"app": "dbt", "dbt_version": "1.11.8", "profile_name": "contadoria_dw", "target_name": "dev", "connection_name": "list_postgres"} */

    select distinct nspname from pg_namespace
  
[0m06:31:24.609019 [debug] [ThreadPool]: Opening a new connection, currently in state init
[0m06:31:24.609807 [debug] [ThreadPool]: Opening a new connection, currently in state init
[0m06:31:25.161362 [debug] [ThreadPool]: SQL status: SELECT 127 in 0.551 seconds
[0m06:31:25.165869 [debug] [ThreadPool]: On list_postgres: Close
[0m06:31:25.195372 [debug] [ThreadPool]: SQL status: SELECT 127 in 0.586 seconds
[0m06:31:25.199427 [debug] [ThreadPool]: On list_postgres: Close
[0m06:31:25.203984 [debug] [ThreadPool]: Acquiring new postgres connection 'list_postgres_public_gold'
[0m06:31:25.218556 [debug] [ThreadPool]: Using postgres connection "list_postgres_public_gold"
[0m06:31:25.219693 [debug] [ThreadPool]: Acquiring new postgres connection 'list_postgres_public_silver'
[0m06:31:25.220705 [debug] [ThreadPool]: On list_postgres_public_gold: /* {"app": "dbt", "dbt_version": "1.11.8", "profile_name": "contadoria_dw", "target_name": "dev", "connection_name": "list_postgres_public_gold"} */
select
      'postgres' as database,
      tablename as name,
      schemaname as schema,
      'table' as type
    from pg_tables
    where schemaname ilike 'public_gold'
    union all
    select
      'postgres' as database,
      viewname as name,
      schemaname as schema,
      'view' as type
    from pg_views
    where schemaname ilike 'public_gold'
    union all
    select
      'postgres' as database,
      matviewname as name,
      schemaname as schema,
      'materialized_view' as type
    from pg_matviews
    where schemaname ilike 'public_gold'
  
[0m06:31:25.227058 [debug] [ThreadPool]: Using postgres connection "list_postgres_public_silver"
[0m06:31:25.228112 [debug] [ThreadPool]: Opening a new connection, currently in state init
[0m06:31:25.229081 [debug] [ThreadPool]: On list_postgres_public_silver: /* {"app": "dbt", "dbt_version": "1.11.8", "profile_name": "contadoria_dw", "target_name": "dev", "connection_name": "list_postgres_public_silver"} */
select
      'postgres' as database,
      tablename as name,
      schemaname as schema,
      'table' as type
    from pg_tables
    where schemaname ilike 'public_silver'
    union all
    select
      'postgres' as database,
      viewname as name,
      schemaname as schema,
      'view' as type
    from pg_views
    where schemaname ilike 'public_silver'
    union all
    select
      'postgres' as database,
      matviewname as name,
      schemaname as schema,
      'materialized_view' as type
    from pg_matviews
    where schemaname ilike 'public_silver'
  
[0m06:31:25.230242 [debug] [ThreadPool]: Opening a new connection, currently in state init
[0m06:31:25.711935 [debug] [ThreadPool]: SQL status: SELECT 1 in 0.484 seconds
[0m06:31:25.714054 [debug] [ThreadPool]: On list_postgres_public_gold: ROLLBACK
[0m06:31:25.734114 [debug] [ThreadPool]: SQL status: SELECT 1 in 0.504 seconds
[0m06:31:25.736904 [debug] [ThreadPool]: On list_postgres_public_silver: ROLLBACK
[0m06:31:25.768982 [debug] [ThreadPool]: On list_postgres_public_gold: Close
[0m06:31:25.796411 [debug] [ThreadPool]: On list_postgres_public_silver: Close
[0m06:31:25.802672 [debug] [MainThread]: Using postgres connection "master"
[0m06:31:25.803417 [debug] [MainThread]: On master: /* {"app": "dbt", "dbt_version": "1.11.8", "profile_name": "contadoria_dw", "target_name": "dev", "connection_name": "master"} */
select distinct
        dependent_namespace.nspname as dependent_schema,
        dependent_class.relname as dependent_name,
        referenced_namespace.nspname as referenced_schema,
        referenced_class.relname as referenced_name

    -- Query for views: views are entries in pg_class with an entry in pg_rewrite, but we avoid
    -- a seq scan on pg_rewrite by leveraging the fact there is an "internal" row in pg_depend for
    -- the view...
    from pg_class as dependent_class
    join pg_namespace as dependent_namespace on dependent_namespace.oid = dependent_class.relnamespace
    join pg_depend as dependent_depend on dependent_depend.refobjid = dependent_class.oid
        and dependent_depend.classid = 'pg_rewrite'::regclass
        and dependent_depend.refclassid = 'pg_class'::regclass
        and dependent_depend.deptype = 'i'

    -- ... and via pg_depend (that has a row per column, hence the need for "distinct" above, and
    -- making sure to exclude the internal row to avoid a view appearing to depend on itself)...
    join pg_depend as joining_depend on joining_depend.objid = dependent_depend.objid
        and joining_depend.classid = 'pg_rewrite'::regclass
        and joining_depend.refclassid = 'pg_class'::regclass
        and joining_depend.refobjid != dependent_depend.refobjid

    -- ... we can find the tables they query from in pg_class, but excluding system tables. Note we
    -- don't need need to exclude _dependent_ system tables, because they only query from other
    -- system tables, and so are automatically excluded by excluding _referenced_ system tables
    join pg_class as referenced_class on referenced_class.oid = joining_depend.refobjid
    join pg_namespace as referenced_namespace on referenced_namespace.oid = referenced_class.relnamespace
        and referenced_namespace.nspname != 'information_schema'
        and referenced_namespace.nspname not like 'pg\_%'

    order by
        dependent_schema, dependent_name, referenced_schema, referenced_name;
[0m06:31:25.804056 [debug] [MainThread]: Opening a new connection, currently in state init
[0m06:31:26.320662 [debug] [MainThread]: SQL status: SELECT 3 in 0.516 seconds
[0m06:31:26.324514 [debug] [MainThread]: Sending event: {'category': 'dbt', 'action': 'runnable_timing', 'label': '37dc14ef-14b9-44ed-b2f2-e86277cea649', 'context': [<snowplow_tracker.self_describing_json.SelfDescribingJson object at 0x0000025F62912270>]}
[0m06:31:26.325642 [debug] [MainThread]: On master: ROLLBACK
[0m06:31:26.385320 [debug] [MainThread]: On master: COMMIT
[0m06:31:26.386461 [debug] [MainThread]: Using postgres connection "master"
[0m06:31:26.387048 [debug] [MainThread]: On master: COMMIT
[0m06:31:26.514046 [debug] [MainThread]: SQL status: COMMIT in 0.126 seconds
[0m06:31:26.514982 [debug] [MainThread]: On master: Close
[0m06:31:26.523142 [debug] [Thread-1 (]: Began running node model.dbt_contadoria.slv_processos
[0m06:31:26.524229 [info ] [Thread-1 (]: 1 of 2 START sql table model public_silver.slv_processos ....................... [RUN]
[0m06:31:26.526198 [debug] [Thread-1 (]: Acquiring new postgres connection 'model.dbt_contadoria.slv_processos'
[0m06:31:26.527091 [debug] [Thread-1 (]: Began compiling node model.dbt_contadoria.slv_processos
[0m06:31:26.539538 [debug] [Thread-1 (]: Writing injected SQL for node "model.dbt_contadoria.slv_processos"
[0m06:31:26.541253 [debug] [Thread-1 (]: Began executing node model.dbt_contadoria.slv_processos
[0m06:31:26.608369 [debug] [Thread-1 (]: Writing runtime sql for node "model.dbt_contadoria.slv_processos"
[0m06:31:26.610126 [debug] [Thread-1 (]: Using postgres connection "model.dbt_contadoria.slv_processos"
[0m06:31:26.610956 [debug] [Thread-1 (]: On model.dbt_contadoria.slv_processos: /* {"app": "dbt", "dbt_version": "1.11.8", "profile_name": "contadoria_dw", "target_name": "dev", "node_id": "model.dbt_contadoria.slv_processos"} */

  
    

  create  table "postgres"."public_silver"."slv_processos__dbt_tmp"
  
  
    as
  
  (
    

WITH base_processos AS (
    SELECT * FROM "postgres"."bronze"."processes"
),
base_users AS (
    SELECT * FROM "postgres"."bronze"."users"
),
base_status AS (
    SELECT * FROM "postgres"."bronze"."status"
)

SELECT
    p.number AS processo_numero,
    p.entry_date AS data_remessa,
    u.name AS calculista_nome,  -- Substituindo ID pelo Nome (coluna 'name' em users)
    p.status AS status_atual,   -- Usando a coluna 'status' diretamente de processes
    
    -- Lógica da Coluna Meta
    CASE 
        WHEN p.status IN (
            'Cálculo atualizado', 
            'Cálculo realizado', 
            'Devolvido: ausência de documentos para os cálculos', 
            'Devolvido: ausência de parâmetros', 
            'Devolvido: Beneficiário da Justiça Gratuita', 
            'Devolvido: Custas Satisfeitas', 
            'Devolvido: esclarecimento realizado', 
            'Partilha Realizada'
        ) THEN 1
        ELSE 0
    END AS meta,
    
    -- Cálculo de Dias Parado
    CURRENT_DATE - p.entry_date::date AS dias_parado,
    
    p.court AS vara,
    p.nucleus AS nucleo,
    p.priority AS prioridade,
    p.valor_custas,
    p.observacao,
    p.created_at

FROM base_processos p
LEFT JOIN base_users u ON p.assigned_to_id = u.id  -- Corrigido para assigned_to_id
  );
  
[0m06:31:26.611680 [debug] [Thread-1 (]: Opening a new connection, currently in state init
[0m06:31:27.338773 [debug] [Thread-1 (]: SQL status: SELECT 9835 in 0.727 seconds
[0m06:31:27.365150 [debug] [Thread-1 (]: Using postgres connection "model.dbt_contadoria.slv_processos"
[0m06:31:27.366624 [debug] [Thread-1 (]: On model.dbt_contadoria.slv_processos: /* {"app": "dbt", "dbt_version": "1.11.8", "profile_name": "contadoria_dw", "target_name": "dev", "node_id": "model.dbt_contadoria.slv_processos"} */
alter table "postgres"."public_silver"."slv_processos" rename to "slv_processos__dbt_backup"
[0m06:31:27.427612 [debug] [Thread-1 (]: SQL status: ALTER TABLE in 0.060 seconds
[0m06:31:27.439819 [debug] [Thread-1 (]: Using postgres connection "model.dbt_contadoria.slv_processos"
[0m06:31:27.442051 [debug] [Thread-1 (]: On model.dbt_contadoria.slv_processos: /* {"app": "dbt", "dbt_version": "1.11.8", "profile_name": "contadoria_dw", "target_name": "dev", "node_id": "model.dbt_contadoria.slv_processos"} */
alter table "postgres"."public_silver"."slv_processos__dbt_tmp" rename to "slv_processos"
[0m06:31:27.505241 [debug] [Thread-1 (]: SQL status: ALTER TABLE in 0.061 seconds
[0m06:31:27.555569 [debug] [Thread-1 (]: On model.dbt_contadoria.slv_processos: COMMIT
[0m06:31:27.556984 [debug] [Thread-1 (]: Using postgres connection "model.dbt_contadoria.slv_processos"
[0m06:31:27.558149 [debug] [Thread-1 (]: On model.dbt_contadoria.slv_processos: COMMIT
[0m06:31:27.616554 [debug] [Thread-1 (]: SQL status: COMMIT in 0.057 seconds
[0m06:31:27.635532 [debug] [Thread-1 (]: Applying DROP to: "postgres"."public_silver"."slv_processos__dbt_backup"
[0m06:31:27.652203 [debug] [Thread-1 (]: Using postgres connection "model.dbt_contadoria.slv_processos"
[0m06:31:27.653503 [debug] [Thread-1 (]: On model.dbt_contadoria.slv_processos: /* {"app": "dbt", "dbt_version": "1.11.8", "profile_name": "contadoria_dw", "target_name": "dev", "node_id": "model.dbt_contadoria.slv_processos"} */
drop table if exists "postgres"."public_silver"."slv_processos__dbt_backup" cascade
[0m06:31:27.724009 [debug] [Thread-1 (]: SQL status: DROP TABLE in 0.069 seconds
[0m06:31:27.730603 [debug] [Thread-1 (]: On model.dbt_contadoria.slv_processos: Close
[0m06:31:27.737739 [debug] [Thread-1 (]: Sending event: {'category': 'dbt', 'action': 'run_model', 'label': '37dc14ef-14b9-44ed-b2f2-e86277cea649', 'context': [<snowplow_tracker.self_describing_json.SelfDescribingJson object at 0x0000025F627971D0>]}
[0m06:31:27.739769 [info ] [Thread-1 (]: 1 of 2 OK created sql table model public_silver.slv_processos .................. [[32mSELECT 9835[0m in 1.21s]
[0m06:31:27.741991 [debug] [Thread-1 (]: Finished running node model.dbt_contadoria.slv_processos
[0m06:31:27.744018 [debug] [Thread-2 (]: Began running node model.dbt_contadoria.gld_processos_pendentes
[0m06:31:27.746043 [info ] [Thread-2 (]: 2 of 2 START sql view model public_gold.gld_processos_pendentes ................ [RUN]
[0m06:31:27.748396 [debug] [Thread-2 (]: Acquiring new postgres connection 'model.dbt_contadoria.gld_processos_pendentes'
[0m06:31:27.749883 [debug] [Thread-2 (]: Began compiling node model.dbt_contadoria.gld_processos_pendentes
[0m06:31:27.760643 [debug] [Thread-2 (]: Writing injected SQL for node "model.dbt_contadoria.gld_processos_pendentes"
[0m06:31:27.763607 [debug] [Thread-2 (]: Began executing node model.dbt_contadoria.gld_processos_pendentes
[0m06:31:27.821544 [debug] [Thread-2 (]: Writing runtime sql for node "model.dbt_contadoria.gld_processos_pendentes"
[0m06:31:27.824030 [debug] [Thread-2 (]: Using postgres connection "model.dbt_contadoria.gld_processos_pendentes"
[0m06:31:27.826336 [debug] [Thread-2 (]: On model.dbt_contadoria.gld_processos_pendentes: /* {"app": "dbt", "dbt_version": "1.11.8", "profile_name": "contadoria_dw", "target_name": "dev", "node_id": "model.dbt_contadoria.gld_processos_pendentes"} */

  create view "postgres"."public_gold"."gld_processos_pendentes__dbt_tmp"
    
    
  as (
    

SELECT *
FROM "postgres"."public_silver"."slv_processos"
WHERE status_atual = 'Pendente'
  );
[0m06:31:27.827417 [debug] [Thread-2 (]: Opening a new connection, currently in state init
[0m06:31:28.313613 [debug] [Thread-2 (]: SQL status: CREATE VIEW in 0.486 seconds
[0m06:31:28.328699 [debug] [Thread-2 (]: Using postgres connection "model.dbt_contadoria.gld_processos_pendentes"
[0m06:31:28.329275 [debug] [Thread-2 (]: On model.dbt_contadoria.gld_processos_pendentes: /* {"app": "dbt", "dbt_version": "1.11.8", "profile_name": "contadoria_dw", "target_name": "dev", "node_id": "model.dbt_contadoria.gld_processos_pendentes"} */
alter table "postgres"."public_gold"."gld_processos_pendentes__dbt_tmp" rename to "gld_processos_pendentes"
[0m06:31:28.386466 [debug] [Thread-2 (]: SQL status: ALTER TABLE in 0.056 seconds
[0m06:31:28.388990 [debug] [Thread-2 (]: On model.dbt_contadoria.gld_processos_pendentes: COMMIT
[0m06:31:28.389693 [debug] [Thread-2 (]: Using postgres connection "model.dbt_contadoria.gld_processos_pendentes"
[0m06:31:28.390314 [debug] [Thread-2 (]: On model.dbt_contadoria.gld_processos_pendentes: COMMIT
[0m06:31:28.453509 [debug] [Thread-2 (]: SQL status: COMMIT in 0.062 seconds
[0m06:31:28.462808 [debug] [Thread-2 (]: Applying DROP to: "postgres"."public_gold"."gld_processos_pendentes__dbt_backup"
[0m06:31:28.472062 [debug] [Thread-2 (]: Using postgres connection "model.dbt_contadoria.gld_processos_pendentes"
[0m06:31:28.473705 [debug] [Thread-2 (]: On model.dbt_contadoria.gld_processos_pendentes: /* {"app": "dbt", "dbt_version": "1.11.8", "profile_name": "contadoria_dw", "target_name": "dev", "node_id": "model.dbt_contadoria.gld_processos_pendentes"} */
drop view if exists "postgres"."public_gold"."gld_processos_pendentes__dbt_backup" cascade
[0m06:31:28.535446 [debug] [Thread-2 (]: SQL status: DROP VIEW in 0.060 seconds
[0m06:31:28.539176 [debug] [Thread-2 (]: On model.dbt_contadoria.gld_processos_pendentes: Close
[0m06:31:28.541106 [debug] [Thread-2 (]: Sending event: {'category': 'dbt', 'action': 'run_model', 'label': '37dc14ef-14b9-44ed-b2f2-e86277cea649', 'context': [<snowplow_tracker.self_describing_json.SelfDescribingJson object at 0x0000025F6278A8E0>]}
[0m06:31:28.542463 [info ] [Thread-2 (]: 2 of 2 OK created sql view model public_gold.gld_processos_pendentes ........... [[32mCREATE VIEW[0m in 0.79s]
[0m06:31:28.544804 [debug] [Thread-2 (]: Finished running node model.dbt_contadoria.gld_processos_pendentes
[0m06:31:28.548052 [debug] [MainThread]: On master: COMMIT
[0m06:31:28.549012 [debug] [MainThread]: Using postgres connection "master"
[0m06:31:28.550226 [debug] [MainThread]: On master: COMMIT
[0m06:31:28.550902 [debug] [MainThread]: Opening a new connection, currently in state closed
[0m06:31:29.076437 [debug] [MainThread]: SQL status: COMMIT in 0.525 seconds
[0m06:31:29.077485 [debug] [MainThread]: On master: Close
[0m06:31:29.079072 [debug] [MainThread]: Connection 'master' was properly closed.
[0m06:31:29.079845 [debug] [MainThread]: Connection 'list_postgres' was properly closed.
[0m06:31:29.080475 [debug] [MainThread]: Connection 'list_postgres' was properly closed.
[0m06:31:29.081058 [debug] [MainThread]: Connection 'list_postgres_public_gold' was properly closed.
[0m06:31:29.081674 [debug] [MainThread]: Connection 'list_postgres_public_silver' was properly closed.
[0m06:31:29.082374 [debug] [MainThread]: Connection 'model.dbt_contadoria.slv_processos' was properly closed.
[0m06:31:29.082988 [debug] [MainThread]: Connection 'model.dbt_contadoria.gld_processos_pendentes' was properly closed.
[0m06:31:29.083985 [info ] [MainThread]: 
[0m06:31:29.093052 [info ] [MainThread]: Finished running 1 table model, 1 view model in 0 hours 0 minutes and 4.72 seconds (4.72s).
[0m06:31:29.096909 [debug] [MainThread]: Command end result
[0m06:31:29.169806 [debug] [MainThread]: Wrote artifact WritableManifest to dbt_contadoria\target\manifest.json
[0m06:31:29.177404 [debug] [MainThread]: Wrote artifact SemanticManifest to dbt_contadoria\target\semantic_manifest.json
[0m06:31:29.195958 [debug] [MainThread]: Wrote artifact RunExecutionResult to dbt_contadoria\target\run_results.json
[0m06:31:29.198196 [info ] [MainThread]: 
[0m06:31:29.201658 [info ] [MainThread]: [32mCompleted successfully[0m
[0m06:31:29.204523 [info ] [MainThread]: 
[0m06:31:29.209418 [info ] [MainThread]: Done. PASS=2 WARN=0 ERROR=0 SKIP=0 NO-OP=0 TOTAL=2
[0m06:31:29.217960 [debug] [MainThread]: Command `dbt run` succeeded at 06:31:29.216806 after 9.02 seconds
[0m06:31:29.221148 [debug] [MainThread]: Sending event: {'category': 'dbt', 'action': 'invocation', 'label': 'end', 'context': [<snowplow_tracker.self_describing_json.SelfDescribingJson object at 0x0000025F62AFBA70>, <snowplow_tracker.self_describing_json.SelfDescribingJson object at 0x0000025F629E67B0>, <snowplow_tracker.self_describing_json.SelfDescribingJson object at 0x0000025F5FB4A5D0>]}
[0m06:31:29.223329 [debug] [MainThread]: Flushing usage events
[0m06:31:37.447178 [debug] [MainThread]: An error was encountered while trying to flush usage events
[0m06:38:17.600969 [debug] [MainThread]: Sending event: {'category': 'dbt', 'action': 'invocation', 'label': 'start', 'context': [<snowplow_tracker.self_describing_json.SelfDescribingJson object at 0x000001CF7CF7D400>, <snowplow_tracker.self_describing_json.SelfDescribingJson object at 0x000001CF79697390>, <snowplow_tracker.self_describing_json.SelfDescribingJson object at 0x000001CF7DA23610>]}


============================== 06:38:17.611083 | 8f10f097-933d-4aa2-8da5-4323c0e4c84f ==============================
[0m06:38:17.611083 [info ] [MainThread]: Running with dbt=1.11.8
[0m06:38:17.612146 [debug] [MainThread]: running dbt with arguments {'version_check': 'True', 'no_print': 'None', 'static_parser': 'True', 'warn_error_options': 'WarnErrorOptionsV2(error=[], warn=[], silence=[])', 'target_path': 'None', 'printer_width': '80', 'write_json': 'True', 'introspect': 'True', 'log_cache_events': 'False', 'empty': 'False', 'cache_selected_only': 'False', 'fail_fast': 'False', 'debug': 'False', 'log_format': 'default', 'profiles_dir': 'dbt_contadoria', 'send_anonymous_usage_stats': 'True', 'quiet': 'False', 'warn_error': 'None', 'partial_parse': 'True', 'use_colors': 'True', 'invocation_command': 'dbt run --profiles-dir dbt_contadoria --project-dir dbt_contadoria', 'indirect_selection': 'eager', 'use_experimental_parser': 'False', 'log_path': 'dbt_contadoria\\logs'}
[0m06:38:18.150623 [debug] [MainThread]: Sending event: {'category': 'dbt', 'action': 'project_id', 'label': '8f10f097-933d-4aa2-8da5-4323c0e4c84f', 'context': [<snowplow_tracker.self_describing_json.SelfDescribingJson object at 0x000001CF7D444C30>]}
[0m06:38:18.314575 [debug] [MainThread]: Sending event: {'category': 'dbt', 'action': 'adapter_info', 'label': '8f10f097-933d-4aa2-8da5-4323c0e4c84f', 'context': [<snowplow_tracker.self_describing_json.SelfDescribingJson object at 0x000001CF7F1F8C00>]}
[0m06:38:18.317627 [info ] [MainThread]: Registered adapter: postgres=1.10.0
[0m06:38:19.070952 [debug] [MainThread]: checksum: 7d524ac048c2100769df89d592e662e060a73ca564e31bd9c2a37efdfe8d8ab6, vars: {}, profile: , target: , version: 1.11.8
[0m06:38:19.408552 [debug] [MainThread]: Partial parsing enabled: 0 files deleted, 0 files added, 0 files changed.
[0m06:38:19.409307 [debug] [MainThread]: Nothing changed, skipping partial parsing.
[0m06:38:19.409838 [debug] [MainThread]: Partial parsing enabled, no changes found, skipping parsing
[0m06:38:19.419299 [warn ] [MainThread]: [[33mWARNING[0m]: Configuration paths exist in your dbt_project.yml file which do not apply to any resources.
There are 1 unused configuration paths:
- models.dbt_contadoria.bronze
[0m06:38:19.519806 [debug] [MainThread]: Sending event: {'category': 'dbt', 'action': 'load_project', 'label': '8f10f097-933d-4aa2-8da5-4323c0e4c84f', 'context': [<snowplow_tracker.self_describing_json.SelfDescribingJson object at 0x000001CF7F77EB50>]}
[0m06:38:19.750686 [debug] [MainThread]: Wrote artifact WritableManifest to dbt_contadoria\target\manifest.json
[0m06:38:19.756800 [debug] [MainThread]: Wrote artifact SemanticManifest to dbt_contadoria\target\semantic_manifest.json
[0m06:38:19.789469 [debug] [MainThread]: Sending event: {'category': 'dbt', 'action': 'resource_counts', 'label': '8f10f097-933d-4aa2-8da5-4323c0e4c84f', 'context': [<snowplow_tracker.self_describing_json.SelfDescribingJson object at 0x000001CF7C67D8B0>]}
[0m06:38:19.790336 [info ] [MainThread]: Found 2 models, 1 test, 5 sources, 465 macros
[0m06:38:19.791400 [debug] [MainThread]: Sending event: {'category': 'dbt', 'action': 'runnable_timing', 'label': '8f10f097-933d-4aa2-8da5-4323c0e4c84f', 'context': [<snowplow_tracker.self_describing_json.SelfDescribingJson object at 0x000001CF7F4551D0>]}
[0m06:38:19.796122 [info ] [MainThread]: 
[0m06:38:19.797194 [info ] [MainThread]: Concurrency: 4 threads (target='dev')
[0m06:38:19.798383 [info ] [MainThread]: 
[0m06:38:19.800067 [debug] [MainThread]: Acquiring new postgres connection 'master'
[0m06:38:19.811199 [debug] [ThreadPool]: Acquiring new postgres connection 'list_postgres'
[0m06:38:19.821732 [debug] [ThreadPool]: Acquiring new postgres connection 'list_postgres'
[0m06:38:19.973660 [debug] [ThreadPool]: Using postgres connection "list_postgres"
[0m06:38:19.974496 [debug] [ThreadPool]: Using postgres connection "list_postgres"
[0m06:38:19.975201 [debug] [ThreadPool]: On list_postgres: /* {"app": "dbt", "dbt_version": "1.11.8", "profile_name": "contadoria_dw", "target_name": "dev", "connection_name": "list_postgres"} */

    select distinct nspname from pg_namespace
  
[0m06:38:19.976092 [debug] [ThreadPool]: On list_postgres: /* {"app": "dbt", "dbt_version": "1.11.8", "profile_name": "contadoria_dw", "target_name": "dev", "connection_name": "list_postgres"} */

    select distinct nspname from pg_namespace
  
[0m06:38:19.976738 [debug] [ThreadPool]: Opening a new connection, currently in state init
[0m06:38:19.977321 [debug] [ThreadPool]: Opening a new connection, currently in state init
[0m06:38:20.482107 [debug] [ThreadPool]: SQL status: SELECT 127 in 0.505 seconds
[0m06:38:20.487497 [debug] [ThreadPool]: On list_postgres: Close
[0m06:38:20.499964 [debug] [ThreadPool]: SQL status: SELECT 127 in 0.522 seconds
[0m06:38:20.505149 [debug] [ThreadPool]: On list_postgres: Close
[0m06:38:20.510624 [debug] [ThreadPool]: Acquiring new postgres connection 'list_postgres_public_silver'
[0m06:38:20.518870 [debug] [ThreadPool]: Acquiring new postgres connection 'list_postgres_public_gold'
[0m06:38:20.555260 [debug] [ThreadPool]: Using postgres connection "list_postgres_public_silver"
[0m06:38:20.556629 [debug] [ThreadPool]: Using postgres connection "list_postgres_public_gold"
[0m06:38:20.557529 [debug] [ThreadPool]: On list_postgres_public_silver: /* {"app": "dbt", "dbt_version": "1.11.8", "profile_name": "contadoria_dw", "target_name": "dev", "connection_name": "list_postgres_public_silver"} */
select
      'postgres' as database,
      tablename as name,
      schemaname as schema,
      'table' as type
    from pg_tables
    where schemaname ilike 'public_silver'
    union all
    select
      'postgres' as database,
      viewname as name,
      schemaname as schema,
      'view' as type
    from pg_views
    where schemaname ilike 'public_silver'
    union all
    select
      'postgres' as database,
      matviewname as name,
      schemaname as schema,
      'materialized_view' as type
    from pg_matviews
    where schemaname ilike 'public_silver'
  
[0m06:38:20.558686 [debug] [ThreadPool]: On list_postgres_public_gold: /* {"app": "dbt", "dbt_version": "1.11.8", "profile_name": "contadoria_dw", "target_name": "dev", "connection_name": "list_postgres_public_gold"} */
select
      'postgres' as database,
      tablename as name,
      schemaname as schema,
      'table' as type
    from pg_tables
    where schemaname ilike 'public_gold'
    union all
    select
      'postgres' as database,
      viewname as name,
      schemaname as schema,
      'view' as type
    from pg_views
    where schemaname ilike 'public_gold'
    union all
    select
      'postgres' as database,
      matviewname as name,
      schemaname as schema,
      'materialized_view' as type
    from pg_matviews
    where schemaname ilike 'public_gold'
  
[0m06:38:20.560051 [debug] [ThreadPool]: Opening a new connection, currently in state init
[0m06:38:20.561220 [debug] [ThreadPool]: Opening a new connection, currently in state init
[0m06:38:21.047911 [debug] [ThreadPool]: SQL status: SELECT 1 in 0.488 seconds
[0m06:38:21.051075 [debug] [ThreadPool]: On list_postgres_public_silver: ROLLBACK
[0m06:38:21.086311 [debug] [ThreadPool]: SQL status: SELECT 1 in 0.525 seconds
[0m06:38:21.090179 [debug] [ThreadPool]: On list_postgres_public_gold: ROLLBACK
[0m06:38:21.104893 [debug] [ThreadPool]: On list_postgres_public_silver: Close
[0m06:38:21.145921 [debug] [ThreadPool]: On list_postgres_public_gold: Close
[0m06:38:21.155853 [debug] [MainThread]: Using postgres connection "master"
[0m06:38:21.156907 [debug] [MainThread]: On master: /* {"app": "dbt", "dbt_version": "1.11.8", "profile_name": "contadoria_dw", "target_name": "dev", "connection_name": "master"} */
select distinct
        dependent_namespace.nspname as dependent_schema,
        dependent_class.relname as dependent_name,
        referenced_namespace.nspname as referenced_schema,
        referenced_class.relname as referenced_name

    -- Query for views: views are entries in pg_class with an entry in pg_rewrite, but we avoid
    -- a seq scan on pg_rewrite by leveraging the fact there is an "internal" row in pg_depend for
    -- the view...
    from pg_class as dependent_class
    join pg_namespace as dependent_namespace on dependent_namespace.oid = dependent_class.relnamespace
    join pg_depend as dependent_depend on dependent_depend.refobjid = dependent_class.oid
        and dependent_depend.classid = 'pg_rewrite'::regclass
        and dependent_depend.refclassid = 'pg_class'::regclass
        and dependent_depend.deptype = 'i'

    -- ... and via pg_depend (that has a row per column, hence the need for "distinct" above, and
    -- making sure to exclude the internal row to avoid a view appearing to depend on itself)...
    join pg_depend as joining_depend on joining_depend.objid = dependent_depend.objid
        and joining_depend.classid = 'pg_rewrite'::regclass
        and joining_depend.refclassid = 'pg_class'::regclass
        and joining_depend.refobjid != dependent_depend.refobjid

    -- ... we can find the tables they query from in pg_class, but excluding system tables. Note we
    -- don't need need to exclude _dependent_ system tables, because they only query from other
    -- system tables, and so are automatically excluded by excluding _referenced_ system tables
    join pg_class as referenced_class on referenced_class.oid = joining_depend.refobjid
    join pg_namespace as referenced_namespace on referenced_namespace.oid = referenced_class.relnamespace
        and referenced_namespace.nspname != 'information_schema'
        and referenced_namespace.nspname not like 'pg\_%'

    order by
        dependent_schema, dependent_name, referenced_schema, referenced_name;
[0m06:38:21.157572 [debug] [MainThread]: Opening a new connection, currently in state init
[0m06:38:21.643205 [debug] [MainThread]: SQL status: SELECT 3 in 0.485 seconds
[0m06:38:21.648953 [debug] [MainThread]: Sending event: {'category': 'dbt', 'action': 'runnable_timing', 'label': '8f10f097-933d-4aa2-8da5-4323c0e4c84f', 'context': [<snowplow_tracker.self_describing_json.SelfDescribingJson object at 0x000001CF7FB365B0>]}
[0m06:38:21.650641 [debug] [MainThread]: On master: ROLLBACK
[0m06:38:21.710506 [debug] [MainThread]: On master: COMMIT
[0m06:38:21.711624 [debug] [MainThread]: Using postgres connection "master"
[0m06:38:21.712503 [debug] [MainThread]: On master: COMMIT
[0m06:38:21.828787 [debug] [MainThread]: SQL status: COMMIT in 0.115 seconds
[0m06:38:21.830624 [debug] [MainThread]: On master: Close
[0m06:38:21.851133 [debug] [Thread-1 (]: Began running node model.dbt_contadoria.slv_processos
[0m06:38:21.853611 [info ] [Thread-1 (]: 1 of 2 START sql table model public_silver.slv_processos ....................... [RUN]
[0m06:38:21.856502 [debug] [Thread-1 (]: Acquiring new postgres connection 'model.dbt_contadoria.slv_processos'
[0m06:38:21.857864 [debug] [Thread-1 (]: Began compiling node model.dbt_contadoria.slv_processos
[0m06:38:21.880720 [debug] [Thread-1 (]: Writing injected SQL for node "model.dbt_contadoria.slv_processos"
[0m06:38:21.883429 [debug] [Thread-1 (]: Began executing node model.dbt_contadoria.slv_processos
[0m06:38:22.023619 [debug] [Thread-1 (]: Writing runtime sql for node "model.dbt_contadoria.slv_processos"
[0m06:38:22.027108 [debug] [Thread-1 (]: Using postgres connection "model.dbt_contadoria.slv_processos"
[0m06:38:22.029117 [debug] [Thread-1 (]: On model.dbt_contadoria.slv_processos: /* {"app": "dbt", "dbt_version": "1.11.8", "profile_name": "contadoria_dw", "target_name": "dev", "node_id": "model.dbt_contadoria.slv_processos"} */

  
    

  create  table "postgres"."public_silver"."slv_processos__dbt_tmp"
  
  
    as
  
  (
    

WITH base_processos AS (
    SELECT * FROM "postgres"."bronze"."processes"
),
base_users AS (
    SELECT * FROM "postgres"."bronze"."users"
),
base_status AS (
    SELECT * FROM "postgres"."bronze"."status"
)

SELECT
    p.number AS processo_numero,
    p.entry_date AS data_remessa,
    u.name AS calculista_nome,  -- Substituindo ID pelo Nome (coluna 'name' em users)
    p.status AS status_atual,   -- Usando a coluna 'status' diretamente de processes
    
    -- Lógica da Coluna Meta
    CASE 
        WHEN p.status IN (
            'Cálculo atualizado', 
            'Cálculo realizado', 
            'Devolvido: ausência de documentos para os cálculos', 
            'Devolvido: ausência de parâmetros', 
            'Devolvido: Beneficiário da Justiça Gratuita', 
            'Devolvido: Custas Satisfeitas', 
            'Devolvido: esclarecimento realizado', 
            'Partilha Realizada'
        ) THEN 1
        ELSE 0
    END AS meta,
    
    -- Cálculo de Dias Parado
    CURRENT_DATE - p.entry_date::date AS dias_parado,
    
    p.court AS vara,
    p.nucleus AS nucleo,
    p.priority AS prioridade,
    p.valor_custas,
    p.observacao,
    p.created_at

FROM base_processos p
LEFT JOIN base_users u ON p.assigned_to_id = u.id  -- Corrigido para assigned_to_id
  );
  
[0m06:38:22.030407 [debug] [Thread-1 (]: Opening a new connection, currently in state init
[0m06:38:22.697328 [debug] [Thread-1 (]: SQL status: SELECT 9835 in 0.667 seconds
[0m06:38:22.710275 [debug] [Thread-1 (]: Using postgres connection "model.dbt_contadoria.slv_processos"
[0m06:38:22.710874 [debug] [Thread-1 (]: On model.dbt_contadoria.slv_processos: /* {"app": "dbt", "dbt_version": "1.11.8", "profile_name": "contadoria_dw", "target_name": "dev", "node_id": "model.dbt_contadoria.slv_processos"} */
alter table "postgres"."public_silver"."slv_processos" rename to "slv_processos__dbt_backup"
[0m06:38:22.769049 [debug] [Thread-1 (]: SQL status: ALTER TABLE in 0.057 seconds
[0m06:38:22.773234 [debug] [Thread-1 (]: Using postgres connection "model.dbt_contadoria.slv_processos"
[0m06:38:22.774196 [debug] [Thread-1 (]: On model.dbt_contadoria.slv_processos: /* {"app": "dbt", "dbt_version": "1.11.8", "profile_name": "contadoria_dw", "target_name": "dev", "node_id": "model.dbt_contadoria.slv_processos"} */
alter table "postgres"."public_silver"."slv_processos__dbt_tmp" rename to "slv_processos"
[0m06:38:22.829479 [debug] [Thread-1 (]: SQL status: ALTER TABLE in 0.054 seconds
[0m06:38:22.857822 [debug] [Thread-1 (]: On model.dbt_contadoria.slv_processos: COMMIT
[0m06:38:22.858484 [debug] [Thread-1 (]: Using postgres connection "model.dbt_contadoria.slv_processos"
[0m06:38:22.858964 [debug] [Thread-1 (]: On model.dbt_contadoria.slv_processos: COMMIT
[0m06:38:22.923841 [debug] [Thread-1 (]: SQL status: COMMIT in 0.064 seconds
[0m06:38:22.936011 [debug] [Thread-1 (]: Applying DROP to: "postgres"."public_silver"."slv_processos__dbt_backup"
[0m06:38:22.950720 [debug] [Thread-1 (]: Using postgres connection "model.dbt_contadoria.slv_processos"
[0m06:38:22.952022 [debug] [Thread-1 (]: On model.dbt_contadoria.slv_processos: /* {"app": "dbt", "dbt_version": "1.11.8", "profile_name": "contadoria_dw", "target_name": "dev", "node_id": "model.dbt_contadoria.slv_processos"} */
drop table if exists "postgres"."public_silver"."slv_processos__dbt_backup" cascade
[0m06:38:23.017105 [debug] [Thread-1 (]: SQL status: DROP TABLE in 0.064 seconds
[0m06:38:23.025341 [debug] [Thread-1 (]: On model.dbt_contadoria.slv_processos: Close
[0m06:38:23.032090 [debug] [Thread-1 (]: Sending event: {'category': 'dbt', 'action': 'run_model', 'label': '8f10f097-933d-4aa2-8da5-4323c0e4c84f', 'context': [<snowplow_tracker.self_describing_json.SelfDescribingJson object at 0x000001CF7F9C2BD0>]}
[0m06:38:23.034226 [info ] [Thread-1 (]: 1 of 2 OK created sql table model public_silver.slv_processos .................. [[32mSELECT 9835[0m in 1.17s]
[0m06:38:23.036465 [debug] [Thread-1 (]: Finished running node model.dbt_contadoria.slv_processos
[0m06:38:23.039044 [debug] [Thread-2 (]: Began running node model.dbt_contadoria.gld_processos_pendentes
[0m06:38:23.040643 [info ] [Thread-2 (]: 2 of 2 START sql view model public_gold.gld_processos_pendentes ................ [RUN]
[0m06:38:23.042565 [debug] [Thread-2 (]: Acquiring new postgres connection 'model.dbt_contadoria.gld_processos_pendentes'
[0m06:38:23.044198 [debug] [Thread-2 (]: Began compiling node model.dbt_contadoria.gld_processos_pendentes
[0m06:38:23.057560 [debug] [Thread-2 (]: Writing injected SQL for node "model.dbt_contadoria.gld_processos_pendentes"
[0m06:38:23.063277 [debug] [Thread-2 (]: Began executing node model.dbt_contadoria.gld_processos_pendentes
[0m06:38:23.114100 [debug] [Thread-2 (]: Writing runtime sql for node "model.dbt_contadoria.gld_processos_pendentes"
[0m06:38:23.117787 [debug] [Thread-2 (]: Using postgres connection "model.dbt_contadoria.gld_processos_pendentes"
[0m06:38:23.119175 [debug] [Thread-2 (]: On model.dbt_contadoria.gld_processos_pendentes: /* {"app": "dbt", "dbt_version": "1.11.8", "profile_name": "contadoria_dw", "target_name": "dev", "node_id": "model.dbt_contadoria.gld_processos_pendentes"} */

  create view "postgres"."public_gold"."gld_processos_pendentes__dbt_tmp"
    
    
  as (
    

SELECT *
FROM "postgres"."public_silver"."slv_processos"
WHERE status_atual = 'Pendente'
  );
[0m06:38:23.120436 [debug] [Thread-2 (]: Opening a new connection, currently in state init
[0m06:38:23.625980 [debug] [Thread-2 (]: SQL status: CREATE VIEW in 0.505 seconds
[0m06:38:23.653959 [debug] [Thread-2 (]: Using postgres connection "model.dbt_contadoria.gld_processos_pendentes"
[0m06:38:23.656459 [debug] [Thread-2 (]: On model.dbt_contadoria.gld_processos_pendentes: /* {"app": "dbt", "dbt_version": "1.11.8", "profile_name": "contadoria_dw", "target_name": "dev", "node_id": "model.dbt_contadoria.gld_processos_pendentes"} */
alter table "postgres"."public_gold"."gld_processos_pendentes__dbt_tmp" rename to "gld_processos_pendentes"
[0m06:38:23.724472 [debug] [Thread-2 (]: SQL status: ALTER TABLE in 0.066 seconds
[0m06:38:23.728814 [debug] [Thread-2 (]: On model.dbt_contadoria.gld_processos_pendentes: COMMIT
[0m06:38:23.730316 [debug] [Thread-2 (]: Using postgres connection "model.dbt_contadoria.gld_processos_pendentes"
[0m06:38:23.731734 [debug] [Thread-2 (]: On model.dbt_contadoria.gld_processos_pendentes: COMMIT
[0m06:38:23.794895 [debug] [Thread-2 (]: SQL status: COMMIT in 0.062 seconds
[0m06:38:23.798816 [debug] [Thread-2 (]: Applying DROP to: "postgres"."public_gold"."gld_processos_pendentes__dbt_backup"
[0m06:38:23.806552 [debug] [Thread-2 (]: Using postgres connection "model.dbt_contadoria.gld_processos_pendentes"
[0m06:38:23.807712 [debug] [Thread-2 (]: On model.dbt_contadoria.gld_processos_pendentes: /* {"app": "dbt", "dbt_version": "1.11.8", "profile_name": "contadoria_dw", "target_name": "dev", "node_id": "model.dbt_contadoria.gld_processos_pendentes"} */
drop view if exists "postgres"."public_gold"."gld_processos_pendentes__dbt_backup" cascade
[0m06:38:23.874742 [debug] [Thread-2 (]: SQL status: DROP VIEW in 0.066 seconds
[0m06:38:23.878157 [debug] [Thread-2 (]: On model.dbt_contadoria.gld_processos_pendentes: Close
[0m06:38:23.879691 [debug] [Thread-2 (]: Sending event: {'category': 'dbt', 'action': 'run_model', 'label': '8f10f097-933d-4aa2-8da5-4323c0e4c84f', 'context': [<snowplow_tracker.self_describing_json.SelfDescribingJson object at 0x000001CF7F9B68E0>]}
[0m06:38:23.881028 [info ] [Thread-2 (]: 2 of 2 OK created sql view model public_gold.gld_processos_pendentes ........... [[32mCREATE VIEW[0m in 0.84s]
[0m06:38:23.882858 [debug] [Thread-2 (]: Finished running node model.dbt_contadoria.gld_processos_pendentes
[0m06:38:23.885309 [debug] [MainThread]: On master: COMMIT
[0m06:38:23.885963 [debug] [MainThread]: Using postgres connection "master"
[0m06:38:23.886484 [debug] [MainThread]: On master: COMMIT
[0m06:38:23.886982 [debug] [MainThread]: Opening a new connection, currently in state closed
[0m06:38:24.343962 [debug] [MainThread]: SQL status: COMMIT in 0.457 seconds
[0m06:38:24.344981 [debug] [MainThread]: On master: Close
[0m06:38:24.346121 [debug] [MainThread]: Connection 'master' was properly closed.
[0m06:38:24.346705 [debug] [MainThread]: Connection 'list_postgres' was properly closed.
[0m06:38:24.347094 [debug] [MainThread]: Connection 'list_postgres' was properly closed.
[0m06:38:24.347587 [debug] [MainThread]: Connection 'list_postgres_public_silver' was properly closed.
[0m06:38:24.347945 [debug] [MainThread]: Connection 'list_postgres_public_gold' was properly closed.
[0m06:38:24.348316 [debug] [MainThread]: Connection 'model.dbt_contadoria.slv_processos' was properly closed.
[0m06:38:24.348647 [debug] [MainThread]: Connection 'model.dbt_contadoria.gld_processos_pendentes' was properly closed.
[0m06:38:24.349096 [info ] [MainThread]: 
[0m06:38:24.349902 [info ] [MainThread]: Finished running 1 table model, 1 view model in 0 hours 0 minutes and 4.55 seconds (4.55s).
[0m06:38:24.351622 [debug] [MainThread]: Command end result
[0m06:38:24.394136 [debug] [MainThread]: Wrote artifact WritableManifest to dbt_contadoria\target\manifest.json
[0m06:38:24.407579 [debug] [MainThread]: Wrote artifact SemanticManifest to dbt_contadoria\target\semantic_manifest.json
[0m06:38:24.422340 [debug] [MainThread]: Wrote artifact RunExecutionResult to dbt_contadoria\target\run_results.json
[0m06:38:24.423686 [info ] [MainThread]: 
[0m06:38:24.425797 [info ] [MainThread]: [32mCompleted successfully[0m
[0m06:38:24.427447 [info ] [MainThread]: 
[0m06:38:24.428857 [info ] [MainThread]: Done. PASS=2 WARN=0 ERROR=0 SKIP=0 NO-OP=0 TOTAL=2
[0m06:38:24.431663 [debug] [MainThread]: Command `dbt run` succeeded at 06:38:24.431365 after 7.30 seconds
[0m06:38:24.432848 [debug] [MainThread]: Sending event: {'category': 'dbt', 'action': 'invocation', 'label': 'end', 'context': [<snowplow_tracker.self_describing_json.SelfDescribingJson object at 0x000001CF7FD2B890>, <snowplow_tracker.self_describing_json.SelfDescribingJson object at 0x000001CF7FC02A80>, <snowplow_tracker.self_describing_json.SelfDescribingJson object at 0x000001CF7CE9A5D0>]}
[0m06:38:24.434410 [debug] [MainThread]: Flushing usage events
[0m06:38:25.657384 [debug] [MainThread]: An error was encountered while trying to flush usage events
[0m07:20:31.082431 [debug] [MainThread]: Sending event: {'category': 'dbt', 'action': 'invocation', 'label': 'start', 'context': [<snowplow_tracker.self_describing_json.SelfDescribingJson object at 0x000002317B79D400>, <snowplow_tracker.self_describing_json.SelfDescribingJson object at 0x0000023178047390>, <snowplow_tracker.self_describing_json.SelfDescribingJson object at 0x000002317C243610>]}


============================== 07:20:31.102566 | 49b60a14-866c-4ff5-82e5-f2b9639bd66a ==============================
[0m07:20:31.102566 [info ] [MainThread]: Running with dbt=1.11.8
[0m07:20:31.103851 [debug] [MainThread]: running dbt with arguments {'static_parser': 'True', 'no_print': 'None', 'version_check': 'True', 'target_path': 'None', 'warn_error_options': 'WarnErrorOptionsV2(error=[], warn=[], silence=[])', 'printer_width': '80', 'write_json': 'True', 'introspect': 'True', 'log_cache_events': 'False', 'empty': 'False', 'cache_selected_only': 'False', 'fail_fast': 'False', 'debug': 'False', 'log_format': 'default', 'partial_parse': 'True', 'send_anonymous_usage_stats': 'True', 'quiet': 'False', 'warn_error': 'None', 'profiles_dir': 'dbt_contadoria', 'invocation_command': 'dbt run --profiles-dir dbt_contadoria --project-dir dbt_contadoria', 'use_colors': 'True', 'indirect_selection': 'eager', 'use_experimental_parser': 'False', 'log_path': 'dbt_contadoria\\logs'}
[0m07:20:31.635852 [debug] [MainThread]: Sending event: {'category': 'dbt', 'action': 'project_id', 'label': '49b60a14-866c-4ff5-82e5-f2b9639bd66a', 'context': [<snowplow_tracker.self_describing_json.SelfDescribingJson object at 0x000002317BC64C30>]}
[0m07:20:31.737027 [debug] [MainThread]: Sending event: {'category': 'dbt', 'action': 'adapter_info', 'label': '49b60a14-866c-4ff5-82e5-f2b9639bd66a', 'context': [<snowplow_tracker.self_describing_json.SelfDescribingJson object at 0x000002317DA1CC00>]}
[0m07:20:31.739639 [info ] [MainThread]: Registered adapter: postgres=1.10.0
[0m07:20:32.630439 [debug] [MainThread]: checksum: 7d524ac048c2100769df89d592e662e060a73ca564e31bd9c2a37efdfe8d8ab6, vars: {}, profile: , target: , version: 1.11.8
[0m07:20:35.075192 [debug] [MainThread]: Partial parsing enabled: 0 files deleted, 0 files added, 1 files changed.
[0m07:20:35.076177 [debug] [MainThread]: Partial parsing: updated file: dbt_contadoria://models\silver\slv_processos.sql
[0m07:20:35.521206 [warn ] [MainThread]: [[33mWARNING[0m]: Configuration paths exist in your dbt_project.yml file which do not apply to any resources.
There are 1 unused configuration paths:
- models.dbt_contadoria.bronze
[0m07:20:35.539996 [debug] [MainThread]: Sending event: {'category': 'dbt', 'action': 'load_project', 'label': '49b60a14-866c-4ff5-82e5-f2b9639bd66a', 'context': [<snowplow_tracker.self_describing_json.SelfDescribingJson object at 0x000002317DE8F550>]}
[0m07:20:35.694168 [debug] [MainThread]: Wrote artifact WritableManifest to dbt_contadoria\target\manifest.json
[0m07:20:35.697917 [debug] [MainThread]: Wrote artifact SemanticManifest to dbt_contadoria\target\semantic_manifest.json
[0m07:20:35.727788 [debug] [MainThread]: Sending event: {'category': 'dbt', 'action': 'resource_counts', 'label': '49b60a14-866c-4ff5-82e5-f2b9639bd66a', 'context': [<snowplow_tracker.self_describing_json.SelfDescribingJson object at 0x000002317AEAD8B0>]}
[0m07:20:35.728504 [info ] [MainThread]: Found 2 models, 1 test, 5 sources, 465 macros
[0m07:20:35.729587 [debug] [MainThread]: Sending event: {'category': 'dbt', 'action': 'runnable_timing', 'label': '49b60a14-866c-4ff5-82e5-f2b9639bd66a', 'context': [<snowplow_tracker.self_describing_json.SelfDescribingJson object at 0x000002317E15E5F0>]}
[0m07:20:35.733139 [info ] [MainThread]: 
[0m07:20:35.733999 [info ] [MainThread]: Concurrency: 4 threads (target='dev')
[0m07:20:35.734664 [info ] [MainThread]: 
[0m07:20:35.735999 [debug] [MainThread]: Acquiring new postgres connection 'master'
[0m07:20:35.747276 [debug] [ThreadPool]: Acquiring new postgres connection 'list_postgres'
[0m07:20:35.748397 [debug] [ThreadPool]: Acquiring new postgres connection 'list_postgres'
[0m07:20:41.034262 [debug] [ThreadPool]: Using postgres connection "list_postgres"
[0m07:20:41.034927 [debug] [ThreadPool]: Using postgres connection "list_postgres"
[0m07:20:41.035395 [debug] [ThreadPool]: On list_postgres: /* {"app": "dbt", "dbt_version": "1.11.8", "profile_name": "contadoria_dw", "target_name": "dev", "connection_name": "list_postgres"} */

    select distinct nspname from pg_namespace
  
[0m07:20:41.035881 [debug] [ThreadPool]: On list_postgres: /* {"app": "dbt", "dbt_version": "1.11.8", "profile_name": "contadoria_dw", "target_name": "dev", "connection_name": "list_postgres"} */

    select distinct nspname from pg_namespace
  
[0m07:20:41.036321 [debug] [ThreadPool]: Opening a new connection, currently in state init
[0m07:20:41.036764 [debug] [ThreadPool]: Opening a new connection, currently in state init
[0m07:20:48.774449 [debug] [ThreadPool]: SQL status: SELECT 127 in 7.738 seconds
[0m07:20:48.776450 [debug] [ThreadPool]: On list_postgres: Close
[0m07:20:48.819392 [debug] [ThreadPool]: SQL status: SELECT 127 in 7.782 seconds
[0m07:20:48.821489 [debug] [ThreadPool]: On list_postgres: Close
[0m07:20:48.824675 [debug] [ThreadPool]: Acquiring new postgres connection 'list_postgres_public_gold'
[0m07:20:48.832497 [debug] [ThreadPool]: Using postgres connection "list_postgres_public_gold"
[0m07:20:48.833077 [debug] [ThreadPool]: On list_postgres_public_gold: /* {"app": "dbt", "dbt_version": "1.11.8", "profile_name": "contadoria_dw", "target_name": "dev", "connection_name": "list_postgres_public_gold"} */
select
      'postgres' as database,
      tablename as name,
      schemaname as schema,
      'table' as type
    from pg_tables
    where schemaname ilike 'public_gold'
    union all
    select
      'postgres' as database,
      viewname as name,
      schemaname as schema,
      'view' as type
    from pg_views
    where schemaname ilike 'public_gold'
    union all
    select
      'postgres' as database,
      matviewname as name,
      schemaname as schema,
      'materialized_view' as type
    from pg_matviews
    where schemaname ilike 'public_gold'
  
[0m07:20:48.833471 [debug] [ThreadPool]: Opening a new connection, currently in state init
[0m07:20:48.834997 [debug] [ThreadPool]: Acquiring new postgres connection 'list_postgres_public_silver'
[0m07:20:48.838409 [debug] [ThreadPool]: Using postgres connection "list_postgres_public_silver"
[0m07:20:48.839103 [debug] [ThreadPool]: On list_postgres_public_silver: /* {"app": "dbt", "dbt_version": "1.11.8", "profile_name": "contadoria_dw", "target_name": "dev", "connection_name": "list_postgres_public_silver"} */
select
      'postgres' as database,
      tablename as name,
      schemaname as schema,
      'table' as type
    from pg_tables
    where schemaname ilike 'public_silver'
    union all
    select
      'postgres' as database,
      viewname as name,
      schemaname as schema,
      'view' as type
    from pg_views
    where schemaname ilike 'public_silver'
    union all
    select
      'postgres' as database,
      matviewname as name,
      schemaname as schema,
      'materialized_view' as type
    from pg_matviews
    where schemaname ilike 'public_silver'
  
[0m07:20:48.839585 [debug] [ThreadPool]: Opening a new connection, currently in state init
[0m07:20:49.268053 [debug] [ThreadPool]: SQL status: SELECT 1 in 0.434 seconds
[0m07:20:49.271399 [debug] [ThreadPool]: On list_postgres_public_gold: ROLLBACK
[0m07:20:49.293805 [debug] [ThreadPool]: SQL status: SELECT 1 in 0.454 seconds
[0m07:20:49.295401 [debug] [ThreadPool]: On list_postgres_public_silver: ROLLBACK
[0m07:20:49.323079 [debug] [ThreadPool]: On list_postgres_public_gold: Close
[0m07:20:49.349196 [debug] [ThreadPool]: On list_postgres_public_silver: Close
[0m07:20:49.357420 [debug] [MainThread]: Using postgres connection "master"
[0m07:20:49.358229 [debug] [MainThread]: On master: /* {"app": "dbt", "dbt_version": "1.11.8", "profile_name": "contadoria_dw", "target_name": "dev", "connection_name": "master"} */
select distinct
        dependent_namespace.nspname as dependent_schema,
        dependent_class.relname as dependent_name,
        referenced_namespace.nspname as referenced_schema,
        referenced_class.relname as referenced_name

    -- Query for views: views are entries in pg_class with an entry in pg_rewrite, but we avoid
    -- a seq scan on pg_rewrite by leveraging the fact there is an "internal" row in pg_depend for
    -- the view...
    from pg_class as dependent_class
    join pg_namespace as dependent_namespace on dependent_namespace.oid = dependent_class.relnamespace
    join pg_depend as dependent_depend on dependent_depend.refobjid = dependent_class.oid
        and dependent_depend.classid = 'pg_rewrite'::regclass
        and dependent_depend.refclassid = 'pg_class'::regclass
        and dependent_depend.deptype = 'i'

    -- ... and via pg_depend (that has a row per column, hence the need for "distinct" above, and
    -- making sure to exclude the internal row to avoid a view appearing to depend on itself)...
    join pg_depend as joining_depend on joining_depend.objid = dependent_depend.objid
        and joining_depend.classid = 'pg_rewrite'::regclass
        and joining_depend.refclassid = 'pg_class'::regclass
        and joining_depend.refobjid != dependent_depend.refobjid

    -- ... we can find the tables they query from in pg_class, but excluding system tables. Note we
    -- don't need need to exclude _dependent_ system tables, because they only query from other
    -- system tables, and so are automatically excluded by excluding _referenced_ system tables
    join pg_class as referenced_class on referenced_class.oid = joining_depend.refobjid
    join pg_namespace as referenced_namespace on referenced_namespace.oid = referenced_class.relnamespace
        and referenced_namespace.nspname != 'information_schema'
        and referenced_namespace.nspname not like 'pg\_%'

    order by
        dependent_schema, dependent_name, referenced_schema, referenced_name;
[0m07:20:49.358890 [debug] [MainThread]: Opening a new connection, currently in state init
[0m07:20:49.925950 [debug] [MainThread]: SQL status: SELECT 3 in 0.567 seconds
[0m07:20:49.927985 [debug] [MainThread]: Sending event: {'category': 'dbt', 'action': 'runnable_timing', 'label': '49b60a14-866c-4ff5-82e5-f2b9639bd66a', 'context': [<snowplow_tracker.self_describing_json.SelfDescribingJson object at 0x000002317E0D4530>]}
[0m07:20:49.928666 [debug] [MainThread]: On master: ROLLBACK
[0m07:20:49.978622 [debug] [MainThread]: On master: COMMIT
[0m07:20:49.979165 [debug] [MainThread]: Using postgres connection "master"
[0m07:20:49.979495 [debug] [MainThread]: On master: COMMIT
[0m07:20:50.076892 [debug] [MainThread]: SQL status: COMMIT in 0.097 seconds
[0m07:20:50.077434 [debug] [MainThread]: On master: Close
[0m07:20:50.091239 [debug] [Thread-1 (]: Began running node model.dbt_contadoria.slv_processos
[0m07:20:50.092118 [info ] [Thread-1 (]: 1 of 2 START sql table model public_silver.slv_processos ....................... [RUN]
[0m07:20:50.093270 [debug] [Thread-1 (]: Acquiring new postgres connection 'model.dbt_contadoria.slv_processos'
[0m07:20:50.093796 [debug] [Thread-1 (]: Began compiling node model.dbt_contadoria.slv_processos
[0m07:20:50.104643 [debug] [Thread-1 (]: Writing injected SQL for node "model.dbt_contadoria.slv_processos"
[0m07:20:50.106300 [debug] [Thread-1 (]: Began executing node model.dbt_contadoria.slv_processos
[0m07:20:50.177607 [debug] [Thread-1 (]: Writing runtime sql for node "model.dbt_contadoria.slv_processos"
[0m07:20:50.179554 [debug] [Thread-1 (]: Using postgres connection "model.dbt_contadoria.slv_processos"
[0m07:20:50.180646 [debug] [Thread-1 (]: On model.dbt_contadoria.slv_processos: /* {"app": "dbt", "dbt_version": "1.11.8", "profile_name": "contadoria_dw", "target_name": "dev", "node_id": "model.dbt_contadoria.slv_processos"} */

  
    

  create  table "postgres"."public_silver"."slv_processos__dbt_tmp"
  
  
    as
  
  (
    

WITH base_processos AS (
    SELECT * FROM "postgres"."bronze"."processes"
),
base_users AS (
    SELECT * FROM "postgres"."bronze"."users"
),
base_status AS (
    SELECT * FROM "postgres"."bronze"."status"
)

SELECT
    p.position AS posicao,
    p.priority_position AS posicao_prioridade,
    p.number AS processo_numero,
    p.entry_date AS data_remessa,
    u.name AS calculista_nome,  -- Substituindo ID pelo Nome (coluna 'name' em users)
    p.status AS status_atual,   -- Usando a coluna 'status' diretamente de processes
    
    -- Lógica da Coluna Meta
    CASE 
        WHEN p.status IN (
            'Cálculo atualizado', 
            'Cálculo realizado', 
            'Devolvido: ausência de documentos para os cálculos', 
            'Devolvido: ausência de parâmetros', 
            'Devolvido: Beneficiário da Justiça Gratuita', 
            'Devolvido: Custas Satisfeitas', 
            'Devolvido: esclarecimento realizado', 
            'Partilha Realizada'
        ) THEN 1
        ELSE 0
    END AS meta,
    
    -- Cálculo de Dias Parado
    CURRENT_DATE - p.entry_date::date AS dias_parado,
    
    p.court AS vara,
    p.nucleus AS nucleo,
    p.priority AS prioridade,
    p.valor_custas,
    p.observacao,
    p.created_at

FROM base_processos p
LEFT JOIN base_users u ON p.assigned_to_id = u.id  -- Corrigido para assigned_to_id
  );
  
[0m07:20:50.182494 [debug] [Thread-1 (]: Opening a new connection, currently in state init
[0m07:20:53.739892 [debug] [Thread-1 (]: SQL status: SELECT 196454 in 3.557 seconds
[0m07:20:53.756815 [debug] [Thread-1 (]: Using postgres connection "model.dbt_contadoria.slv_processos"
[0m07:20:53.757342 [debug] [Thread-1 (]: On model.dbt_contadoria.slv_processos: /* {"app": "dbt", "dbt_version": "1.11.8", "profile_name": "contadoria_dw", "target_name": "dev", "node_id": "model.dbt_contadoria.slv_processos"} */
alter table "postgres"."public_silver"."slv_processos" rename to "slv_processos__dbt_backup"
[0m07:20:53.826132 [debug] [Thread-1 (]: SQL status: ALTER TABLE in 0.068 seconds
[0m07:20:53.829911 [debug] [Thread-1 (]: Using postgres connection "model.dbt_contadoria.slv_processos"
[0m07:20:53.830553 [debug] [Thread-1 (]: On model.dbt_contadoria.slv_processos: /* {"app": "dbt", "dbt_version": "1.11.8", "profile_name": "contadoria_dw", "target_name": "dev", "node_id": "model.dbt_contadoria.slv_processos"} */
alter table "postgres"."public_silver"."slv_processos__dbt_tmp" rename to "slv_processos"
[0m07:20:53.885899 [debug] [Thread-1 (]: SQL status: ALTER TABLE in 0.055 seconds
[0m07:20:53.910213 [debug] [Thread-1 (]: On model.dbt_contadoria.slv_processos: COMMIT
[0m07:20:53.910872 [debug] [Thread-1 (]: Using postgres connection "model.dbt_contadoria.slv_processos"
[0m07:20:53.911345 [debug] [Thread-1 (]: On model.dbt_contadoria.slv_processos: COMMIT
[0m07:20:53.969518 [debug] [Thread-1 (]: SQL status: COMMIT in 0.057 seconds
[0m07:20:53.979224 [debug] [Thread-1 (]: Applying DROP to: "postgres"."public_silver"."slv_processos__dbt_backup"
[0m07:20:53.987100 [debug] [Thread-1 (]: Using postgres connection "model.dbt_contadoria.slv_processos"
[0m07:20:53.987785 [debug] [Thread-1 (]: On model.dbt_contadoria.slv_processos: /* {"app": "dbt", "dbt_version": "1.11.8", "profile_name": "contadoria_dw", "target_name": "dev", "node_id": "model.dbt_contadoria.slv_processos"} */
drop table if exists "postgres"."public_silver"."slv_processos__dbt_backup" cascade
[0m07:20:54.126046 [debug] [Thread-1 (]: SQL status: DROP TABLE in 0.137 seconds
[0m07:20:54.131408 [debug] [Thread-1 (]: On model.dbt_contadoria.slv_processos: Close
[0m07:20:54.138796 [debug] [Thread-1 (]: Sending event: {'category': 'dbt', 'action': 'run_model', 'label': '49b60a14-866c-4ff5-82e5-f2b9639bd66a', 'context': [<snowplow_tracker.self_describing_json.SelfDescribingJson object at 0x000002317E157410>]}
[0m07:20:54.139900 [info ] [Thread-1 (]: 1 of 2 OK created sql table model public_silver.slv_processos .................. [[32mSELECT 196454[0m in 4.04s]
[0m07:20:54.141731 [debug] [Thread-1 (]: Finished running node model.dbt_contadoria.slv_processos
[0m07:20:54.143291 [debug] [Thread-2 (]: Began running node model.dbt_contadoria.gld_processos_pendentes
[0m07:20:54.144006 [info ] [Thread-2 (]: 2 of 2 START sql view model public_gold.gld_processos_pendentes ................ [RUN]
[0m07:20:54.145089 [debug] [Thread-2 (]: Acquiring new postgres connection 'model.dbt_contadoria.gld_processos_pendentes'
[0m07:20:54.145672 [debug] [Thread-2 (]: Began compiling node model.dbt_contadoria.gld_processos_pendentes
[0m07:20:54.148838 [debug] [Thread-2 (]: Writing injected SQL for node "model.dbt_contadoria.gld_processos_pendentes"
[0m07:20:54.150652 [debug] [Thread-2 (]: Began executing node model.dbt_contadoria.gld_processos_pendentes
[0m07:20:54.195456 [debug] [Thread-2 (]: Writing runtime sql for node "model.dbt_contadoria.gld_processos_pendentes"
[0m07:20:54.197229 [debug] [Thread-2 (]: Using postgres connection "model.dbt_contadoria.gld_processos_pendentes"
[0m07:20:54.197931 [debug] [Thread-2 (]: On model.dbt_contadoria.gld_processos_pendentes: /* {"app": "dbt", "dbt_version": "1.11.8", "profile_name": "contadoria_dw", "target_name": "dev", "node_id": "model.dbt_contadoria.gld_processos_pendentes"} */

  create view "postgres"."public_gold"."gld_processos_pendentes__dbt_tmp"
    
    
  as (
    

SELECT *
FROM "postgres"."public_silver"."slv_processos"
WHERE status_atual = 'Pendente'
  );
[0m07:20:54.198572 [debug] [Thread-2 (]: Opening a new connection, currently in state init
[0m07:20:54.635528 [debug] [Thread-2 (]: SQL status: CREATE VIEW in 0.437 seconds
[0m07:20:54.642338 [debug] [Thread-2 (]: Using postgres connection "model.dbt_contadoria.gld_processos_pendentes"
[0m07:20:54.642988 [debug] [Thread-2 (]: On model.dbt_contadoria.gld_processos_pendentes: /* {"app": "dbt", "dbt_version": "1.11.8", "profile_name": "contadoria_dw", "target_name": "dev", "node_id": "model.dbt_contadoria.gld_processos_pendentes"} */
alter table "postgres"."public_gold"."gld_processos_pendentes__dbt_tmp" rename to "gld_processos_pendentes"
[0m07:20:54.695681 [debug] [Thread-2 (]: SQL status: ALTER TABLE in 0.052 seconds
[0m07:20:54.697700 [debug] [Thread-2 (]: On model.dbt_contadoria.gld_processos_pendentes: COMMIT
[0m07:20:54.698220 [debug] [Thread-2 (]: Using postgres connection "model.dbt_contadoria.gld_processos_pendentes"
[0m07:20:54.698728 [debug] [Thread-2 (]: On model.dbt_contadoria.gld_processos_pendentes: COMMIT
[0m07:20:54.752988 [debug] [Thread-2 (]: SQL status: COMMIT in 0.054 seconds
[0m07:20:54.756833 [debug] [Thread-2 (]: Applying DROP to: "postgres"."public_gold"."gld_processos_pendentes__dbt_backup"
[0m07:20:54.760305 [debug] [Thread-2 (]: Using postgres connection "model.dbt_contadoria.gld_processos_pendentes"
[0m07:20:54.760907 [debug] [Thread-2 (]: On model.dbt_contadoria.gld_processos_pendentes: /* {"app": "dbt", "dbt_version": "1.11.8", "profile_name": "contadoria_dw", "target_name": "dev", "node_id": "model.dbt_contadoria.gld_processos_pendentes"} */
drop view if exists "postgres"."public_gold"."gld_processos_pendentes__dbt_backup" cascade
[0m07:20:54.814906 [debug] [Thread-2 (]: SQL status: DROP VIEW in 0.053 seconds
[0m07:20:54.817701 [debug] [Thread-2 (]: On model.dbt_contadoria.gld_processos_pendentes: Close
[0m07:20:54.818999 [debug] [Thread-2 (]: Sending event: {'category': 'dbt', 'action': 'run_model', 'label': '49b60a14-866c-4ff5-82e5-f2b9639bd66a', 'context': [<snowplow_tracker.self_describing_json.SelfDescribingJson object at 0x000002317E1675F0>]}
[0m07:20:54.819982 [info ] [Thread-2 (]: 2 of 2 OK created sql view model public_gold.gld_processos_pendentes ........... [[32mCREATE VIEW[0m in 0.67s]
[0m07:20:54.821232 [debug] [Thread-2 (]: Finished running node model.dbt_contadoria.gld_processos_pendentes
[0m07:20:54.823730 [debug] [MainThread]: On master: COMMIT
[0m07:20:54.824324 [debug] [MainThread]: Using postgres connection "master"
[0m07:20:54.824742 [debug] [MainThread]: On master: COMMIT
[0m07:20:54.825121 [debug] [MainThread]: Opening a new connection, currently in state closed
[0m07:20:55.262112 [debug] [MainThread]: SQL status: COMMIT in 0.437 seconds
[0m07:20:55.263088 [debug] [MainThread]: On master: Close
[0m07:20:55.264662 [debug] [MainThread]: Connection 'master' was properly closed.
[0m07:20:55.265743 [debug] [MainThread]: Connection 'list_postgres' was properly closed.
[0m07:20:55.266296 [debug] [MainThread]: Connection 'list_postgres' was properly closed.
[0m07:20:55.266777 [debug] [MainThread]: Connection 'list_postgres_public_gold' was properly closed.
[0m07:20:55.267322 [debug] [MainThread]: Connection 'list_postgres_public_silver' was properly closed.
[0m07:20:55.267869 [debug] [MainThread]: Connection 'model.dbt_contadoria.slv_processos' was properly closed.
[0m07:20:55.268372 [debug] [MainThread]: Connection 'model.dbt_contadoria.gld_processos_pendentes' was properly closed.
[0m07:20:55.268926 [info ] [MainThread]: 
[0m07:20:55.269919 [info ] [MainThread]: Finished running 1 table model, 1 view model in 0 hours 0 minutes and 19.53 seconds (19.53s).
[0m07:20:55.271733 [debug] [MainThread]: Command end result
[0m07:20:55.320821 [debug] [MainThread]: Wrote artifact WritableManifest to dbt_contadoria\target\manifest.json
[0m07:20:55.326618 [debug] [MainThread]: Wrote artifact SemanticManifest to dbt_contadoria\target\semantic_manifest.json
[0m07:20:55.335671 [debug] [MainThread]: Wrote artifact RunExecutionResult to dbt_contadoria\target\run_results.json
[0m07:20:55.336413 [info ] [MainThread]: 
[0m07:20:55.337404 [info ] [MainThread]: [32mCompleted successfully[0m
[0m07:20:55.338196 [info ] [MainThread]: 
[0m07:20:55.339015 [info ] [MainThread]: Done. PASS=2 WARN=0 ERROR=0 SKIP=0 NO-OP=0 TOTAL=2
[0m07:20:55.340475 [debug] [MainThread]: Command `dbt run` succeeded at 07:20:55.340281 after 24.70 seconds
[0m07:20:55.341662 [debug] [MainThread]: Sending event: {'category': 'dbt', 'action': 'invocation', 'label': 'end', 'context': [<snowplow_tracker.self_describing_json.SelfDescribingJson object at 0x000002317E5C80F0>, <snowplow_tracker.self_describing_json.SelfDescribingJson object at 0x000002317DF9B770>, <snowplow_tracker.self_describing_json.SelfDescribingJson object at 0x000002317AFE9F50>]}
[0m07:20:55.342335 [debug] [MainThread]: Flushing usage events
[0m07:20:56.252290 [debug] [MainThread]: An error was encountered while trying to flush usage events
[0m05:18:47.460588 [debug] [MainThread]: Sending event: {'category': 'dbt', 'action': 'invocation', 'label': 'start', 'context': [<snowplow_tracker.self_describing_json.SelfDescribingJson object at 0x0000020A6CF0D400>, <snowplow_tracker.self_describing_json.SelfDescribingJson object at 0x0000020A69817390>, <snowplow_tracker.self_describing_json.SelfDescribingJson object at 0x0000020A6D9B3610>]}


============================== 05:18:47.469200 | 94844c4f-6950-4b1f-adf5-86c92d46f242 ==============================
[0m05:18:47.469200 [info ] [MainThread]: Running with dbt=1.11.8
[0m05:18:47.470583 [debug] [MainThread]: running dbt with arguments {'static_parser': 'True', 'no_print': 'None', 'version_check': 'True', 'target_path': 'None', 'warn_error_options': 'WarnErrorOptionsV2(error=[], warn=[], silence=[])', 'printer_width': '80', 'write_json': 'True', 'empty': 'False', 'log_cache_events': 'False', 'introspect': 'True', 'cache_selected_only': 'False', 'fail_fast': 'False', 'debug': 'False', 'log_format': 'default', 'profiles_dir': 'dbt_contadoria', 'send_anonymous_usage_stats': 'True', 'quiet': 'False', 'warn_error': 'None', 'partial_parse': 'True', 'use_colors': 'True', 'indirect_selection': 'eager', 'invocation_command': 'dbt run --profiles-dir dbt_contadoria --project-dir dbt_contadoria', 'use_experimental_parser': 'False', 'log_path': 'dbt_contadoria\\logs'}
[0m05:18:47.908153 [debug] [MainThread]: Sending event: {'category': 'dbt', 'action': 'project_id', 'label': '94844c4f-6950-4b1f-adf5-86c92d46f242', 'context': [<snowplow_tracker.self_describing_json.SelfDescribingJson object at 0x0000020A6D3D4C30>]}
[0m05:18:48.000681 [debug] [MainThread]: Sending event: {'category': 'dbt', 'action': 'adapter_info', 'label': '94844c4f-6950-4b1f-adf5-86c92d46f242', 'context': [<snowplow_tracker.self_describing_json.SelfDescribingJson object at 0x0000020A6F190C00>]}
[0m05:18:48.003783 [info ] [MainThread]: Registered adapter: postgres=1.10.0
[0m05:18:48.756113 [debug] [MainThread]: checksum: 7d524ac048c2100769df89d592e662e060a73ca564e31bd9c2a37efdfe8d8ab6, vars: {}, profile: , target: , version: 1.11.8
[0m05:18:51.137836 [debug] [MainThread]: Partial parsing enabled: 0 files deleted, 0 files added, 0 files changed.
[0m05:18:51.138423 [debug] [MainThread]: Nothing changed, skipping partial parsing.
[0m05:18:51.138834 [debug] [MainThread]: Partial parsing enabled, no changes found, skipping parsing
[0m05:18:51.145490 [warn ] [MainThread]: [[33mWARNING[0m]: Configuration paths exist in your dbt_project.yml file which do not apply to any resources.
There are 1 unused configuration paths:
- models.dbt_contadoria.bronze
[0m05:18:51.206435 [debug] [MainThread]: Sending event: {'category': 'dbt', 'action': 'load_project', 'label': '94844c4f-6950-4b1f-adf5-86c92d46f242', 'context': [<snowplow_tracker.self_describing_json.SelfDescribingJson object at 0x0000020A6F66EB50>]}
[0m05:18:51.398490 [debug] [MainThread]: Wrote artifact WritableManifest to dbt_contadoria\target\manifest.json
[0m05:18:51.403123 [debug] [MainThread]: Wrote artifact SemanticManifest to dbt_contadoria\target\semantic_manifest.json
[0m05:18:51.431148 [debug] [MainThread]: Sending event: {'category': 'dbt', 'action': 'resource_counts', 'label': '94844c4f-6950-4b1f-adf5-86c92d46f242', 'context': [<snowplow_tracker.self_describing_json.SelfDescribingJson object at 0x0000020A6C61D8B0>]}
[0m05:18:51.432495 [info ] [MainThread]: Found 2 models, 1 test, 5 sources, 465 macros
[0m05:18:51.434248 [debug] [MainThread]: Sending event: {'category': 'dbt', 'action': 'runnable_timing', 'label': '94844c4f-6950-4b1f-adf5-86c92d46f242', 'context': [<snowplow_tracker.self_describing_json.SelfDescribingJson object at 0x0000020A6F3451D0>]}
[0m05:18:51.436740 [info ] [MainThread]: 
[0m05:18:51.437662 [info ] [MainThread]: Concurrency: 4 threads (target='dev')
[0m05:18:51.438545 [info ] [MainThread]: 
[0m05:18:51.439811 [debug] [MainThread]: Acquiring new postgres connection 'master'
[0m05:18:51.446969 [debug] [ThreadPool]: Acquiring new postgres connection 'list_postgres'
[0m05:18:51.464603 [debug] [ThreadPool]: Acquiring new postgres connection 'list_postgres'
[0m05:18:55.874298 [debug] [ThreadPool]: Using postgres connection "list_postgres"
[0m05:18:55.874785 [debug] [ThreadPool]: On list_postgres: /* {"app": "dbt", "dbt_version": "1.11.8", "profile_name": "contadoria_dw", "target_name": "dev", "connection_name": "list_postgres"} */

    select distinct nspname from pg_namespace
  
[0m05:18:55.875179 [debug] [ThreadPool]: Opening a new connection, currently in state init
[0m05:18:55.875809 [debug] [ThreadPool]: Using postgres connection "list_postgres"
[0m05:18:55.876319 [debug] [ThreadPool]: On list_postgres: /* {"app": "dbt", "dbt_version": "1.11.8", "profile_name": "contadoria_dw", "target_name": "dev", "connection_name": "list_postgres"} */

    select distinct nspname from pg_namespace
  
[0m05:18:55.876724 [debug] [ThreadPool]: Opening a new connection, currently in state init
[0m05:18:56.660664 [debug] [ThreadPool]: SQL status: SELECT 127 in 0.784 seconds
[0m05:18:56.664416 [debug] [ThreadPool]: On list_postgres: Close
[0m05:18:56.743649 [debug] [ThreadPool]: SQL status: SELECT 127 in 0.868 seconds
[0m05:18:56.746337 [debug] [ThreadPool]: On list_postgres: Close
[0m05:18:56.748958 [debug] [ThreadPool]: Acquiring new postgres connection 'list_postgres_public_gold'
[0m05:18:56.756633 [debug] [ThreadPool]: Using postgres connection "list_postgres_public_gold"
[0m05:18:56.757595 [debug] [ThreadPool]: Acquiring new postgres connection 'list_postgres_public_silver'
[0m05:18:56.758362 [debug] [ThreadPool]: On list_postgres_public_gold: /* {"app": "dbt", "dbt_version": "1.11.8", "profile_name": "contadoria_dw", "target_name": "dev", "connection_name": "list_postgres_public_gold"} */
select
      'postgres' as database,
      tablename as name,
      schemaname as schema,
      'table' as type
    from pg_tables
    where schemaname ilike 'public_gold'
    union all
    select
      'postgres' as database,
      viewname as name,
      schemaname as schema,
      'view' as type
    from pg_views
    where schemaname ilike 'public_gold'
    union all
    select
      'postgres' as database,
      matviewname as name,
      schemaname as schema,
      'materialized_view' as type
    from pg_matviews
    where schemaname ilike 'public_gold'
  
[0m05:18:56.761984 [debug] [ThreadPool]: Using postgres connection "list_postgres_public_silver"
[0m05:18:56.763426 [debug] [ThreadPool]: Opening a new connection, currently in state init
[0m05:18:56.764221 [debug] [ThreadPool]: On list_postgres_public_silver: /* {"app": "dbt", "dbt_version": "1.11.8", "profile_name": "contadoria_dw", "target_name": "dev", "connection_name": "list_postgres_public_silver"} */
select
      'postgres' as database,
      tablename as name,
      schemaname as schema,
      'table' as type
    from pg_tables
    where schemaname ilike 'public_silver'
    union all
    select
      'postgres' as database,
      viewname as name,
      schemaname as schema,
      'view' as type
    from pg_views
    where schemaname ilike 'public_silver'
    union all
    select
      'postgres' as database,
      matviewname as name,
      schemaname as schema,
      'materialized_view' as type
    from pg_matviews
    where schemaname ilike 'public_silver'
  
[0m05:18:56.765046 [debug] [ThreadPool]: Opening a new connection, currently in state init
[0m05:18:57.197369 [debug] [ThreadPool]: SQL status: SELECT 1 in 0.434 seconds
[0m05:18:57.198483 [debug] [ThreadPool]: SQL status: SELECT 1 in 0.433 seconds
[0m05:18:57.201347 [debug] [ThreadPool]: On list_postgres_public_gold: ROLLBACK
[0m05:18:57.204700 [debug] [ThreadPool]: On list_postgres_public_silver: ROLLBACK
[0m05:18:57.257134 [debug] [ThreadPool]: On list_postgres_public_gold: Close
[0m05:18:57.258293 [debug] [ThreadPool]: On list_postgres_public_silver: Close
[0m05:18:57.266289 [debug] [MainThread]: Using postgres connection "master"
[0m05:18:57.266815 [debug] [MainThread]: On master: /* {"app": "dbt", "dbt_version": "1.11.8", "profile_name": "contadoria_dw", "target_name": "dev", "connection_name": "master"} */
select distinct
        dependent_namespace.nspname as dependent_schema,
        dependent_class.relname as dependent_name,
        referenced_namespace.nspname as referenced_schema,
        referenced_class.relname as referenced_name

    -- Query for views: views are entries in pg_class with an entry in pg_rewrite, but we avoid
    -- a seq scan on pg_rewrite by leveraging the fact there is an "internal" row in pg_depend for
    -- the view...
    from pg_class as dependent_class
    join pg_namespace as dependent_namespace on dependent_namespace.oid = dependent_class.relnamespace
    join pg_depend as dependent_depend on dependent_depend.refobjid = dependent_class.oid
        and dependent_depend.classid = 'pg_rewrite'::regclass
        and dependent_depend.refclassid = 'pg_class'::regclass
        and dependent_depend.deptype = 'i'

    -- ... and via pg_depend (that has a row per column, hence the need for "distinct" above, and
    -- making sure to exclude the internal row to avoid a view appearing to depend on itself)...
    join pg_depend as joining_depend on joining_depend.objid = dependent_depend.objid
        and joining_depend.classid = 'pg_rewrite'::regclass
        and joining_depend.refclassid = 'pg_class'::regclass
        and joining_depend.refobjid != dependent_depend.refobjid

    -- ... we can find the tables they query from in pg_class, but excluding system tables. Note we
    -- don't need need to exclude _dependent_ system tables, because they only query from other
    -- system tables, and so are automatically excluded by excluding _referenced_ system tables
    join pg_class as referenced_class on referenced_class.oid = joining_depend.refobjid
    join pg_namespace as referenced_namespace on referenced_namespace.oid = referenced_class.relnamespace
        and referenced_namespace.nspname != 'information_schema'
        and referenced_namespace.nspname not like 'pg\_%'

    order by
        dependent_schema, dependent_name, referenced_schema, referenced_name;
[0m05:18:57.267184 [debug] [MainThread]: Opening a new connection, currently in state init
[0m05:18:57.695580 [debug] [MainThread]: SQL status: SELECT 3 in 0.428 seconds
[0m05:18:57.699777 [debug] [MainThread]: Sending event: {'category': 'dbt', 'action': 'runnable_timing', 'label': '94844c4f-6950-4b1f-adf5-86c92d46f242', 'context': [<snowplow_tracker.self_describing_json.SelfDescribingJson object at 0x0000020A6FA22270>]}
[0m05:18:57.700911 [debug] [MainThread]: On master: ROLLBACK
[0m05:18:57.751471 [debug] [MainThread]: On master: COMMIT
[0m05:18:57.753147 [debug] [MainThread]: Using postgres connection "master"
[0m05:18:57.754200 [debug] [MainThread]: On master: COMMIT
[0m05:18:57.855795 [debug] [MainThread]: SQL status: COMMIT in 0.101 seconds
[0m05:18:57.856779 [debug] [MainThread]: On master: Close
[0m05:18:57.870604 [debug] [Thread-1 (]: Began running node model.dbt_contadoria.slv_processos
[0m05:18:57.871374 [info ] [Thread-1 (]: 1 of 2 START sql table model public_silver.slv_processos ....................... [RUN]
[0m05:18:57.873353 [debug] [Thread-1 (]: Acquiring new postgres connection 'model.dbt_contadoria.slv_processos'
[0m05:18:57.874110 [debug] [Thread-1 (]: Began compiling node model.dbt_contadoria.slv_processos
[0m05:18:57.884214 [debug] [Thread-1 (]: Writing injected SQL for node "model.dbt_contadoria.slv_processos"
[0m05:18:57.885869 [debug] [Thread-1 (]: Began executing node model.dbt_contadoria.slv_processos
[0m05:18:57.940831 [debug] [Thread-1 (]: Writing runtime sql for node "model.dbt_contadoria.slv_processos"
[0m05:18:57.942566 [debug] [Thread-1 (]: Using postgres connection "model.dbt_contadoria.slv_processos"
[0m05:18:57.944100 [debug] [Thread-1 (]: On model.dbt_contadoria.slv_processos: /* {"app": "dbt", "dbt_version": "1.11.8", "profile_name": "contadoria_dw", "target_name": "dev", "node_id": "model.dbt_contadoria.slv_processos"} */

  
    

  create  table "postgres"."public_silver"."slv_processos__dbt_tmp"
  
  
    as
  
  (
    

WITH base_processos AS (
    SELECT * FROM "postgres"."bronze"."processes"
),
base_users AS (
    SELECT * FROM "postgres"."bronze"."users"
),
base_status AS (
    SELECT * FROM "postgres"."bronze"."status"
)

SELECT
    p.position AS posicao,
    p.priority_position AS posicao_prioridade,
    p.number AS processo_numero,
    p.entry_date AS data_remessa,
    u.name AS calculista_nome,  -- Substituindo ID pelo Nome (coluna 'name' em users)
    p.status AS status_atual,   -- Usando a coluna 'status' diretamente de processes
    
    -- Lógica da Coluna Meta
    CASE 
        WHEN p.status IN (
            'Cálculo atualizado', 
            'Cálculo realizado', 
            'Devolvido: ausência de documentos para os cálculos', 
            'Devolvido: ausência de parâmetros', 
            'Devolvido: Beneficiário da Justiça Gratuita', 
            'Devolvido: Custas Satisfeitas', 
            'Devolvido: esclarecimento realizado', 
            'Partilha Realizada'
        ) THEN 1
        ELSE 0
    END AS meta,
    
    -- Cálculo de Dias Parado
    CURRENT_DATE - p.entry_date::date AS dias_parado,
    
    p.court AS vara,
    p.nucleus AS nucleo,
    p.priority AS prioridade,
    p.valor_custas,
    p.observacao,
    p.created_at

FROM base_processos p
LEFT JOIN base_users u ON p.assigned_to_id = u.id  -- Corrigido para assigned_to_id
  );
  
[0m05:18:57.944831 [debug] [Thread-1 (]: Opening a new connection, currently in state init
[0m05:19:09.063719 [debug] [Thread-1 (]: SQL status: SELECT 196886 in 11.118 seconds
[0m05:19:09.078352 [debug] [Thread-1 (]: Using postgres connection "model.dbt_contadoria.slv_processos"
[0m05:19:09.078869 [debug] [Thread-1 (]: On model.dbt_contadoria.slv_processos: /* {"app": "dbt", "dbt_version": "1.11.8", "profile_name": "contadoria_dw", "target_name": "dev", "node_id": "model.dbt_contadoria.slv_processos"} */
alter table "postgres"."public_silver"."slv_processos" rename to "slv_processos__dbt_backup"
[0m05:19:09.226717 [debug] [Thread-1 (]: SQL status: ALTER TABLE in 0.147 seconds
[0m05:19:09.232854 [debug] [Thread-1 (]: Using postgres connection "model.dbt_contadoria.slv_processos"
[0m05:19:09.233711 [debug] [Thread-1 (]: On model.dbt_contadoria.slv_processos: /* {"app": "dbt", "dbt_version": "1.11.8", "profile_name": "contadoria_dw", "target_name": "dev", "node_id": "model.dbt_contadoria.slv_processos"} */
alter table "postgres"."public_silver"."slv_processos__dbt_tmp" rename to "slv_processos"
[0m05:19:09.292388 [debug] [Thread-1 (]: SQL status: ALTER TABLE in 0.058 seconds
[0m05:19:09.318225 [debug] [Thread-1 (]: On model.dbt_contadoria.slv_processos: COMMIT
[0m05:19:09.319065 [debug] [Thread-1 (]: Using postgres connection "model.dbt_contadoria.slv_processos"
[0m05:19:09.319645 [debug] [Thread-1 (]: On model.dbt_contadoria.slv_processos: COMMIT
[0m05:19:09.586511 [debug] [Thread-1 (]: SQL status: COMMIT in 0.266 seconds
[0m05:19:09.596729 [debug] [Thread-1 (]: Applying DROP to: "postgres"."public_silver"."slv_processos__dbt_backup"
[0m05:19:09.601918 [debug] [Thread-1 (]: Using postgres connection "model.dbt_contadoria.slv_processos"
[0m05:19:09.607301 [debug] [Thread-1 (]: On model.dbt_contadoria.slv_processos: /* {"app": "dbt", "dbt_version": "1.11.8", "profile_name": "contadoria_dw", "target_name": "dev", "node_id": "model.dbt_contadoria.slv_processos"} */
drop table if exists "postgres"."public_silver"."slv_processos__dbt_backup" cascade
[0m05:19:11.931618 [debug] [Thread-1 (]: SQL status: DROP TABLE in 2.323 seconds
[0m05:19:11.936812 [debug] [Thread-1 (]: On model.dbt_contadoria.slv_processos: Close
[0m05:19:11.940558 [debug] [Thread-1 (]: Sending event: {'category': 'dbt', 'action': 'run_model', 'label': '94844c4f-6950-4b1f-adf5-86c92d46f242', 'context': [<snowplow_tracker.self_describing_json.SelfDescribingJson object at 0x0000020A6F8B31D0>]}
[0m05:19:11.941609 [info ] [Thread-1 (]: 1 of 2 OK created sql table model public_silver.slv_processos .................. [[32mSELECT 196886[0m in 14.07s]
[0m05:19:11.943846 [debug] [Thread-1 (]: Finished running node model.dbt_contadoria.slv_processos
[0m05:19:11.945034 [debug] [Thread-2 (]: Began running node model.dbt_contadoria.gld_processos_pendentes
[0m05:19:11.945786 [info ] [Thread-2 (]: 2 of 2 START sql view model public_gold.gld_processos_pendentes ................ [RUN]
[0m05:19:11.947030 [debug] [Thread-2 (]: Acquiring new postgres connection 'model.dbt_contadoria.gld_processos_pendentes'
[0m05:19:11.947568 [debug] [Thread-2 (]: Began compiling node model.dbt_contadoria.gld_processos_pendentes
[0m05:19:11.950950 [debug] [Thread-2 (]: Writing injected SQL for node "model.dbt_contadoria.gld_processos_pendentes"
[0m05:19:11.952954 [debug] [Thread-2 (]: Began executing node model.dbt_contadoria.gld_processos_pendentes
[0m05:19:11.980019 [debug] [Thread-2 (]: Writing runtime sql for node "model.dbt_contadoria.gld_processos_pendentes"
[0m05:19:11.981340 [debug] [Thread-2 (]: Using postgres connection "model.dbt_contadoria.gld_processos_pendentes"
[0m05:19:11.983111 [debug] [Thread-2 (]: On model.dbt_contadoria.gld_processos_pendentes: /* {"app": "dbt", "dbt_version": "1.11.8", "profile_name": "contadoria_dw", "target_name": "dev", "node_id": "model.dbt_contadoria.gld_processos_pendentes"} */

  create view "postgres"."public_gold"."gld_processos_pendentes__dbt_tmp"
    
    
  as (
    

SELECT *
FROM "postgres"."public_silver"."slv_processos"
WHERE status_atual = 'Pendente'
  );
[0m05:19:11.984706 [debug] [Thread-2 (]: Opening a new connection, currently in state init
[0m05:19:12.534612 [debug] [Thread-2 (]: SQL status: CREATE VIEW in 0.550 seconds
[0m05:19:12.544621 [debug] [Thread-2 (]: Using postgres connection "model.dbt_contadoria.gld_processos_pendentes"
[0m05:19:12.545186 [debug] [Thread-2 (]: On model.dbt_contadoria.gld_processos_pendentes: /* {"app": "dbt", "dbt_version": "1.11.8", "profile_name": "contadoria_dw", "target_name": "dev", "node_id": "model.dbt_contadoria.gld_processos_pendentes"} */
alter table "postgres"."public_gold"."gld_processos_pendentes__dbt_tmp" rename to "gld_processos_pendentes"
[0m05:19:12.599446 [debug] [Thread-2 (]: SQL status: ALTER TABLE in 0.054 seconds
[0m05:19:12.603774 [debug] [Thread-2 (]: On model.dbt_contadoria.gld_processos_pendentes: COMMIT
[0m05:19:12.604585 [debug] [Thread-2 (]: Using postgres connection "model.dbt_contadoria.gld_processos_pendentes"
[0m05:19:12.605252 [debug] [Thread-2 (]: On model.dbt_contadoria.gld_processos_pendentes: COMMIT
[0m05:19:12.683619 [debug] [Thread-2 (]: SQL status: COMMIT in 0.078 seconds
[0m05:19:12.688066 [debug] [Thread-2 (]: Applying DROP to: "postgres"."public_gold"."gld_processos_pendentes__dbt_backup"
[0m05:19:12.692193 [debug] [Thread-2 (]: Using postgres connection "model.dbt_contadoria.gld_processos_pendentes"
[0m05:19:12.693211 [debug] [Thread-2 (]: On model.dbt_contadoria.gld_processos_pendentes: /* {"app": "dbt", "dbt_version": "1.11.8", "profile_name": "contadoria_dw", "target_name": "dev", "node_id": "model.dbt_contadoria.gld_processos_pendentes"} */
drop view if exists "postgres"."public_gold"."gld_processos_pendentes__dbt_backup" cascade
[0m05:19:12.755275 [debug] [Thread-2 (]: SQL status: DROP VIEW in 0.061 seconds
[0m05:19:12.758645 [debug] [Thread-2 (]: On model.dbt_contadoria.gld_processos_pendentes: Close
[0m05:19:12.760088 [debug] [Thread-2 (]: Sending event: {'category': 'dbt', 'action': 'run_model', 'label': '94844c4f-6950-4b1f-adf5-86c92d46f242', 'context': [<snowplow_tracker.self_describing_json.SelfDescribingJson object at 0x0000020A6F8A6990>]}
[0m05:19:12.761079 [info ] [Thread-2 (]: 2 of 2 OK created sql view model public_gold.gld_processos_pendentes ........... [[32mCREATE VIEW[0m in 0.81s]
[0m05:19:12.763172 [debug] [Thread-2 (]: Finished running node model.dbt_contadoria.gld_processos_pendentes
[0m05:19:12.765531 [debug] [MainThread]: On master: COMMIT
[0m05:19:12.766001 [debug] [MainThread]: Using postgres connection "master"
[0m05:19:12.766326 [debug] [MainThread]: On master: COMMIT
[0m05:19:12.766601 [debug] [MainThread]: Opening a new connection, currently in state closed
[0m05:19:13.191240 [debug] [MainThread]: SQL status: COMMIT in 0.424 seconds
[0m05:19:13.192823 [debug] [MainThread]: On master: Close
[0m05:19:13.194846 [debug] [MainThread]: Connection 'master' was properly closed.
[0m05:19:13.195639 [debug] [MainThread]: Connection 'list_postgres' was properly closed.
[0m05:19:13.196298 [debug] [MainThread]: Connection 'list_postgres' was properly closed.
[0m05:19:13.196911 [debug] [MainThread]: Connection 'list_postgres_public_gold' was properly closed.
[0m05:19:13.197496 [debug] [MainThread]: Connection 'list_postgres_public_silver' was properly closed.
[0m05:19:13.198327 [debug] [MainThread]: Connection 'model.dbt_contadoria.slv_processos' was properly closed.
[0m05:19:13.199349 [debug] [MainThread]: Connection 'model.dbt_contadoria.gld_processos_pendentes' was properly closed.
[0m05:19:13.200467 [info ] [MainThread]: 
[0m05:19:13.202179 [info ] [MainThread]: Finished running 1 table model, 1 view model in 0 hours 0 minutes and 21.76 seconds (21.76s).
[0m05:19:13.205612 [debug] [MainThread]: Command end result
[0m05:19:13.271243 [debug] [MainThread]: Wrote artifact WritableManifest to dbt_contadoria\target\manifest.json
[0m05:19:13.277469 [debug] [MainThread]: Wrote artifact SemanticManifest to dbt_contadoria\target\semantic_manifest.json
[0m05:19:13.295306 [debug] [MainThread]: Wrote artifact RunExecutionResult to dbt_contadoria\target\run_results.json
[0m05:19:13.296309 [info ] [MainThread]: 
[0m05:19:13.297673 [info ] [MainThread]: [32mCompleted successfully[0m
[0m05:19:13.298758 [info ] [MainThread]: 
[0m05:19:13.299623 [info ] [MainThread]: Done. PASS=2 WARN=0 ERROR=0 SKIP=0 NO-OP=0 TOTAL=2
[0m05:19:13.301264 [debug] [MainThread]: Command `dbt run` succeeded at 05:19:13.301037 after 26.11 seconds
[0m05:19:13.302516 [debug] [MainThread]: Sending event: {'category': 'dbt', 'action': 'invocation', 'label': 'end', 'context': [<snowplow_tracker.self_describing_json.SelfDescribingJson object at 0x0000020A6FC07B10>, <snowplow_tracker.self_describing_json.SelfDescribingJson object at 0x0000020A6FAF27B0>, <snowplow_tracker.self_describing_json.SelfDescribingJson object at 0x0000020A6D36D750>]}
[0m05:19:13.303725 [debug] [MainThread]: Flushing usage events
[0m05:19:22.284945 [debug] [MainThread]: An error was encountered while trying to flush usage events
[0m08:03:20.868894 [debug] [MainThread]: Sending event: {'category': 'dbt', 'action': 'invocation', 'label': 'start', 'context': [<snowplow_tracker.self_describing_json.SelfDescribingJson object at 0x000001960233D400>, <snowplow_tracker.self_describing_json.SelfDescribingJson object at 0x000001967EC17390>, <snowplow_tracker.self_describing_json.SelfDescribingJson object at 0x0000019602DE3610>]}


============================== 08:03:20.884161 | 51462a15-0a4f-4844-a045-e45668b6eafa ==============================
[0m08:03:20.884161 [info ] [MainThread]: Running with dbt=1.11.8
[0m08:03:20.886284 [debug] [MainThread]: running dbt with arguments {'version_check': 'True', 'no_print': 'None', 'static_parser': 'True', 'target_path': 'None', 'warn_error_options': 'WarnErrorOptionsV2(error=[], warn=[], silence=[])', 'printer_width': '80', 'write_json': 'True', 'empty': 'False', 'log_cache_events': 'False', 'introspect': 'True', 'cache_selected_only': 'False', 'fail_fast': 'False', 'debug': 'False', 'log_format': 'default', 'profiles_dir': 'dbt_contadoria', 'send_anonymous_usage_stats': 'True', 'quiet': 'False', 'warn_error': 'None', 'partial_parse': 'True', 'use_colors': 'True', 'indirect_selection': 'eager', 'invocation_command': 'dbt run --profiles-dir dbt_contadoria --project-dir dbt_contadoria', 'use_experimental_parser': 'False', 'log_path': 'dbt_contadoria\\logs'}
[0m08:03:21.727496 [debug] [MainThread]: Sending event: {'category': 'dbt', 'action': 'project_id', 'label': '51462a15-0a4f-4844-a045-e45668b6eafa', 'context': [<snowplow_tracker.self_describing_json.SelfDescribingJson object at 0x0000019602804C30>]}
[0m08:03:21.827490 [debug] [MainThread]: Sending event: {'category': 'dbt', 'action': 'adapter_info', 'label': '51462a15-0a4f-4844-a045-e45668b6eafa', 'context': [<snowplow_tracker.self_describing_json.SelfDescribingJson object at 0x00000196045C0C00>]}
[0m08:03:21.831082 [info ] [MainThread]: Registered adapter: postgres=1.10.0
[0m08:03:23.002153 [debug] [MainThread]: checksum: 7d524ac048c2100769df89d592e662e060a73ca564e31bd9c2a37efdfe8d8ab6, vars: {}, profile: , target: , version: 1.11.8
[0m08:03:25.502922 [debug] [MainThread]: Partial parsing enabled: 0 files deleted, 0 files added, 1 files changed.
[0m08:03:25.504547 [debug] [MainThread]: Partial parsing: updated file: dbt_contadoria://models\silver\slv_processos.sql
[0m08:03:26.041264 [warn ] [MainThread]: [[33mWARNING[0m]: Configuration paths exist in your dbt_project.yml file which do not apply to any resources.
There are 1 unused configuration paths:
- models.dbt_contadoria.bronze
[0m08:03:26.060188 [debug] [MainThread]: Sending event: {'category': 'dbt', 'action': 'load_project', 'label': '51462a15-0a4f-4844-a045-e45668b6eafa', 'context': [<snowplow_tracker.self_describing_json.SelfDescribingJson object at 0x00000196049CF550>]}
[0m08:03:26.283655 [debug] [MainThread]: Wrote artifact WritableManifest to dbt_contadoria\target\manifest.json
[0m08:03:26.291004 [debug] [MainThread]: Wrote artifact SemanticManifest to dbt_contadoria\target\semantic_manifest.json
[0m08:03:26.339305 [debug] [MainThread]: Sending event: {'category': 'dbt', 'action': 'resource_counts', 'label': '51462a15-0a4f-4844-a045-e45668b6eafa', 'context': [<snowplow_tracker.self_describing_json.SelfDescribingJson object at 0x0000019601A3D8B0>]}
[0m08:03:26.340902 [info ] [MainThread]: Found 2 models, 1 test, 5 sources, 465 macros
[0m08:03:26.342375 [debug] [MainThread]: Sending event: {'category': 'dbt', 'action': 'runnable_timing', 'label': '51462a15-0a4f-4844-a045-e45668b6eafa', 'context': [<snowplow_tracker.self_describing_json.SelfDescribingJson object at 0x0000019604CA25F0>]}
[0m08:03:26.347414 [info ] [MainThread]: 
[0m08:03:26.349062 [info ] [MainThread]: Concurrency: 4 threads (target='dev')
[0m08:03:26.351012 [info ] [MainThread]: 
[0m08:03:26.353135 [debug] [MainThread]: Acquiring new postgres connection 'master'
[0m08:03:26.369005 [debug] [ThreadPool]: Acquiring new postgres connection 'list_postgres'
[0m08:03:26.386544 [debug] [ThreadPool]: Acquiring new postgres connection 'list_postgres'
[0m08:03:31.275808 [debug] [ThreadPool]: Using postgres connection "list_postgres"
[0m08:03:31.276625 [debug] [ThreadPool]: Using postgres connection "list_postgres"
[0m08:03:31.277310 [debug] [ThreadPool]: On list_postgres: /* {"app": "dbt", "dbt_version": "1.11.8", "profile_name": "contadoria_dw", "target_name": "dev", "connection_name": "list_postgres"} */

    select distinct nspname from pg_namespace
  
[0m08:03:31.278091 [debug] [ThreadPool]: On list_postgres: /* {"app": "dbt", "dbt_version": "1.11.8", "profile_name": "contadoria_dw", "target_name": "dev", "connection_name": "list_postgres"} */

    select distinct nspname from pg_namespace
  
[0m08:03:31.278685 [debug] [ThreadPool]: Opening a new connection, currently in state init
[0m08:03:31.279217 [debug] [ThreadPool]: Opening a new connection, currently in state init
[0m08:03:31.841863 [debug] [ThreadPool]: SQL status: SELECT 127 in 0.562 seconds
[0m08:03:31.846285 [debug] [ThreadPool]: On list_postgres: Close
[0m08:03:31.859841 [debug] [ThreadPool]: SQL status: SELECT 127 in 0.581 seconds
[0m08:03:31.863114 [debug] [ThreadPool]: On list_postgres: Close
[0m08:03:31.866848 [debug] [ThreadPool]: Acquiring new postgres connection 'list_postgres_public_silver'
[0m08:03:31.873608 [debug] [ThreadPool]: Using postgres connection "list_postgres_public_silver"
[0m08:03:31.874287 [debug] [ThreadPool]: Acquiring new postgres connection 'list_postgres_public_gold'
[0m08:03:31.874749 [debug] [ThreadPool]: On list_postgres_public_silver: /* {"app": "dbt", "dbt_version": "1.11.8", "profile_name": "contadoria_dw", "target_name": "dev", "connection_name": "list_postgres_public_silver"} */
select
      'postgres' as database,
      tablename as name,
      schemaname as schema,
      'table' as type
    from pg_tables
    where schemaname ilike 'public_silver'
    union all
    select
      'postgres' as database,
      viewname as name,
      schemaname as schema,
      'view' as type
    from pg_views
    where schemaname ilike 'public_silver'
    union all
    select
      'postgres' as database,
      matviewname as name,
      schemaname as schema,
      'materialized_view' as type
    from pg_matviews
    where schemaname ilike 'public_silver'
  
[0m08:03:31.877678 [debug] [ThreadPool]: Using postgres connection "list_postgres_public_gold"
[0m08:03:31.878258 [debug] [ThreadPool]: Opening a new connection, currently in state init
[0m08:03:31.878798 [debug] [ThreadPool]: On list_postgres_public_gold: /* {"app": "dbt", "dbt_version": "1.11.8", "profile_name": "contadoria_dw", "target_name": "dev", "connection_name": "list_postgres_public_gold"} */
select
      'postgres' as database,
      tablename as name,
      schemaname as schema,
      'table' as type
    from pg_tables
    where schemaname ilike 'public_gold'
    union all
    select
      'postgres' as database,
      viewname as name,
      schemaname as schema,
      'view' as type
    from pg_views
    where schemaname ilike 'public_gold'
    union all
    select
      'postgres' as database,
      matviewname as name,
      schemaname as schema,
      'materialized_view' as type
    from pg_matviews
    where schemaname ilike 'public_gold'
  
[0m08:03:31.879974 [debug] [ThreadPool]: Opening a new connection, currently in state init
[0m08:03:32.313987 [debug] [ThreadPool]: SQL status: SELECT 1 in 0.436 seconds
[0m08:03:32.319630 [debug] [ThreadPool]: On list_postgres_public_silver: ROLLBACK
[0m08:03:32.323426 [debug] [ThreadPool]: SQL status: SELECT 1 in 0.443 seconds
[0m08:03:32.328430 [debug] [ThreadPool]: On list_postgres_public_gold: ROLLBACK
[0m08:03:32.370293 [debug] [ThreadPool]: On list_postgres_public_silver: Close
[0m08:03:32.381978 [debug] [ThreadPool]: On list_postgres_public_gold: Close
[0m08:03:32.395386 [debug] [MainThread]: Using postgres connection "master"
[0m08:03:32.396498 [debug] [MainThread]: On master: /* {"app": "dbt", "dbt_version": "1.11.8", "profile_name": "contadoria_dw", "target_name": "dev", "connection_name": "master"} */
select distinct
        dependent_namespace.nspname as dependent_schema,
        dependent_class.relname as dependent_name,
        referenced_namespace.nspname as referenced_schema,
        referenced_class.relname as referenced_name

    -- Query for views: views are entries in pg_class with an entry in pg_rewrite, but we avoid
    -- a seq scan on pg_rewrite by leveraging the fact there is an "internal" row in pg_depend for
    -- the view...
    from pg_class as dependent_class
    join pg_namespace as dependent_namespace on dependent_namespace.oid = dependent_class.relnamespace
    join pg_depend as dependent_depend on dependent_depend.refobjid = dependent_class.oid
        and dependent_depend.classid = 'pg_rewrite'::regclass
        and dependent_depend.refclassid = 'pg_class'::regclass
        and dependent_depend.deptype = 'i'

    -- ... and via pg_depend (that has a row per column, hence the need for "distinct" above, and
    -- making sure to exclude the internal row to avoid a view appearing to depend on itself)...
    join pg_depend as joining_depend on joining_depend.objid = dependent_depend.objid
        and joining_depend.classid = 'pg_rewrite'::regclass
        and joining_depend.refclassid = 'pg_class'::regclass
        and joining_depend.refobjid != dependent_depend.refobjid

    -- ... we can find the tables they query from in pg_class, but excluding system tables. Note we
    -- don't need need to exclude _dependent_ system tables, because they only query from other
    -- system tables, and so are automatically excluded by excluding _referenced_ system tables
    join pg_class as referenced_class on referenced_class.oid = joining_depend.refobjid
    join pg_namespace as referenced_namespace on referenced_namespace.oid = referenced_class.relnamespace
        and referenced_namespace.nspname != 'information_schema'
        and referenced_namespace.nspname not like 'pg\_%'

    order by
        dependent_schema, dependent_name, referenced_schema, referenced_name;
[0m08:03:32.397565 [debug] [MainThread]: Opening a new connection, currently in state init
[0m08:03:32.855247 [debug] [MainThread]: SQL status: SELECT 3 in 0.457 seconds
[0m08:03:32.862041 [debug] [MainThread]: Sending event: {'category': 'dbt', 'action': 'runnable_timing', 'label': '51462a15-0a4f-4844-a045-e45668b6eafa', 'context': [<snowplow_tracker.self_describing_json.SelfDescribingJson object at 0x0000019604C74530>]}
[0m08:03:32.864046 [debug] [MainThread]: On master: ROLLBACK
[0m08:03:32.916967 [debug] [MainThread]: On master: COMMIT
[0m08:03:32.918461 [debug] [MainThread]: Using postgres connection "master"
[0m08:03:32.919748 [debug] [MainThread]: On master: COMMIT
[0m08:03:33.021876 [debug] [MainThread]: SQL status: COMMIT in 0.101 seconds
[0m08:03:33.023532 [debug] [MainThread]: On master: Close
[0m08:03:33.035672 [debug] [Thread-1 (]: Began running node model.dbt_contadoria.slv_processos
[0m08:03:33.038283 [info ] [Thread-1 (]: 1 of 2 START sql table model public_silver.slv_processos ....................... [RUN]
[0m08:03:33.040334 [debug] [Thread-1 (]: Acquiring new postgres connection 'model.dbt_contadoria.slv_processos'
[0m08:03:33.041206 [debug] [Thread-1 (]: Began compiling node model.dbt_contadoria.slv_processos
[0m08:03:33.062842 [debug] [Thread-1 (]: Writing injected SQL for node "model.dbt_contadoria.slv_processos"
[0m08:03:33.068489 [debug] [Thread-1 (]: Began executing node model.dbt_contadoria.slv_processos
[0m08:03:33.175229 [debug] [Thread-1 (]: Writing runtime sql for node "model.dbt_contadoria.slv_processos"
[0m08:03:33.179758 [debug] [Thread-1 (]: Using postgres connection "model.dbt_contadoria.slv_processos"
[0m08:03:33.180985 [debug] [Thread-1 (]: On model.dbt_contadoria.slv_processos: /* {"app": "dbt", "dbt_version": "1.11.8", "profile_name": "contadoria_dw", "target_name": "dev", "node_id": "model.dbt_contadoria.slv_processos"} */

  
    

  create  table "postgres"."public_silver"."slv_processos__dbt_tmp"
  
  
    as
  
  (
    

WITH base_processos AS (
    SELECT * FROM "postgres"."bronze"."processes"
),
base_users AS (
    SELECT * FROM "postgres"."bronze"."users"
),
base_status AS (
    SELECT * FROM "postgres"."bronze"."status"
)

SELECT
    p.position AS posicao,
    p.priority_position AS posicao_prioridade,
    p.number AS processo_numero,
    p.entry_date AS data_remessa,
    u.name AS calculista_nome,  -- Substituindo ID pelo Nome (coluna 'name' em users)
    p.status AS status_atual,   -- Usando a coluna 'status' diretamente de processes
    
    -- Lógica da Coluna Meta
    CASE 
        WHEN p.status IN (
            'Cálculo atualizado', 
            'Cálculo realizado', 
            'Devolvido: ausência de documentos para os cálculos', 
            'Devolvido: ausência de parâmetros', 
            'Devolvido: Beneficiário da Justiça Gratuita', 
            'Devolvido: Custas Satisfeitas', 
            'Devolvido: esclarecimento realizado', 
            'Partilha Realizada'
        ) THEN 1
        ELSE 0
    END AS meta,
    
    -- Cálculo de Dias Parado
    CURRENT_DATE - p.entry_date::date AS dias_parado,
    
    p.court AS vara,
    p.nucleus AS nucleo,
    p.priority AS prioridade,
    p.completion_date AS data_conclusao,
    p.valor_custas,
    p.observacao,
    p.created_at

FROM base_processos p
LEFT JOIN base_users u ON p.assigned_to_id = u.id  -- Corrigido para assigned_to_id
  );
  
[0m08:03:33.182206 [debug] [Thread-1 (]: Opening a new connection, currently in state init
[0m08:03:38.047883 [debug] [Thread-1 (]: SQL status: SELECT 196886 in 4.866 seconds
[0m08:03:38.085692 [debug] [Thread-1 (]: Using postgres connection "model.dbt_contadoria.slv_processos"
[0m08:03:38.087860 [debug] [Thread-1 (]: On model.dbt_contadoria.slv_processos: /* {"app": "dbt", "dbt_version": "1.11.8", "profile_name": "contadoria_dw", "target_name": "dev", "node_id": "model.dbt_contadoria.slv_processos"} */
alter table "postgres"."public_silver"."slv_processos" rename to "slv_processos__dbt_backup"
[0m08:03:38.177376 [debug] [Thread-1 (]: SQL status: ALTER TABLE in 0.088 seconds
[0m08:03:38.186161 [debug] [Thread-1 (]: Using postgres connection "model.dbt_contadoria.slv_processos"
[0m08:03:38.187478 [debug] [Thread-1 (]: On model.dbt_contadoria.slv_processos: /* {"app": "dbt", "dbt_version": "1.11.8", "profile_name": "contadoria_dw", "target_name": "dev", "node_id": "model.dbt_contadoria.slv_processos"} */
alter table "postgres"."public_silver"."slv_processos__dbt_tmp" rename to "slv_processos"
[0m08:03:38.247163 [debug] [Thread-1 (]: SQL status: ALTER TABLE in 0.058 seconds
[0m08:03:38.294506 [debug] [Thread-1 (]: On model.dbt_contadoria.slv_processos: COMMIT
[0m08:03:38.295762 [debug] [Thread-1 (]: Using postgres connection "model.dbt_contadoria.slv_processos"
[0m08:03:38.296511 [debug] [Thread-1 (]: On model.dbt_contadoria.slv_processos: COMMIT
[0m08:03:38.377525 [debug] [Thread-1 (]: SQL status: COMMIT in 0.080 seconds
[0m08:03:38.390987 [debug] [Thread-1 (]: Applying DROP to: "postgres"."public_silver"."slv_processos__dbt_backup"
[0m08:03:38.410611 [debug] [Thread-1 (]: Using postgres connection "model.dbt_contadoria.slv_processos"
[0m08:03:38.413018 [debug] [Thread-1 (]: On model.dbt_contadoria.slv_processos: /* {"app": "dbt", "dbt_version": "1.11.8", "profile_name": "contadoria_dw", "target_name": "dev", "node_id": "model.dbt_contadoria.slv_processos"} */
drop table if exists "postgres"."public_silver"."slv_processos__dbt_backup" cascade
[0m08:03:38.560438 [debug] [Thread-1 (]: SQL status: DROP TABLE in 0.146 seconds
[0m08:03:38.567280 [debug] [Thread-1 (]: On model.dbt_contadoria.slv_processos: Close
[0m08:03:38.576575 [debug] [Thread-1 (]: Sending event: {'category': 'dbt', 'action': 'run_model', 'label': '51462a15-0a4f-4844-a045-e45668b6eafa', 'context': [<snowplow_tracker.self_describing_json.SelfDescribingJson object at 0x0000019604C9B710>]}
[0m08:03:38.578791 [info ] [Thread-1 (]: 1 of 2 OK created sql table model public_silver.slv_processos .................. [[32mSELECT 196886[0m in 5.53s]
[0m08:03:38.581220 [debug] [Thread-1 (]: Finished running node model.dbt_contadoria.slv_processos
[0m08:03:38.583127 [debug] [Thread-2 (]: Began running node model.dbt_contadoria.gld_processos_pendentes
[0m08:03:38.585276 [info ] [Thread-2 (]: 2 of 2 START sql view model public_gold.gld_processos_pendentes ................ [RUN]
[0m08:03:38.587409 [debug] [Thread-2 (]: Acquiring new postgres connection 'model.dbt_contadoria.gld_processos_pendentes'
[0m08:03:38.588843 [debug] [Thread-2 (]: Began compiling node model.dbt_contadoria.gld_processos_pendentes
[0m08:03:38.598267 [debug] [Thread-2 (]: Writing injected SQL for node "model.dbt_contadoria.gld_processos_pendentes"
[0m08:03:38.601411 [debug] [Thread-2 (]: Began executing node model.dbt_contadoria.gld_processos_pendentes
[0m08:03:38.662598 [debug] [Thread-2 (]: Writing runtime sql for node "model.dbt_contadoria.gld_processos_pendentes"
[0m08:03:38.665992 [debug] [Thread-2 (]: Using postgres connection "model.dbt_contadoria.gld_processos_pendentes"
[0m08:03:38.668319 [debug] [Thread-2 (]: On model.dbt_contadoria.gld_processos_pendentes: /* {"app": "dbt", "dbt_version": "1.11.8", "profile_name": "contadoria_dw", "target_name": "dev", "node_id": "model.dbt_contadoria.gld_processos_pendentes"} */

  create view "postgres"."public_gold"."gld_processos_pendentes__dbt_tmp"
    
    
  as (
    

SELECT *
FROM "postgres"."public_silver"."slv_processos"
WHERE status_atual = 'Pendente'
  );
[0m08:03:38.669387 [debug] [Thread-2 (]: Opening a new connection, currently in state init
[0m08:03:39.118114 [debug] [Thread-2 (]: SQL status: CREATE VIEW in 0.449 seconds
[0m08:03:39.129805 [debug] [Thread-2 (]: Using postgres connection "model.dbt_contadoria.gld_processos_pendentes"
[0m08:03:39.131434 [debug] [Thread-2 (]: On model.dbt_contadoria.gld_processos_pendentes: /* {"app": "dbt", "dbt_version": "1.11.8", "profile_name": "contadoria_dw", "target_name": "dev", "node_id": "model.dbt_contadoria.gld_processos_pendentes"} */
alter table "postgres"."public_gold"."gld_processos_pendentes__dbt_tmp" rename to "gld_processos_pendentes"
[0m08:03:39.183298 [debug] [Thread-2 (]: SQL status: ALTER TABLE in 0.050 seconds
[0m08:03:39.186511 [debug] [Thread-2 (]: On model.dbt_contadoria.gld_processos_pendentes: COMMIT
[0m08:03:39.187475 [debug] [Thread-2 (]: Using postgres connection "model.dbt_contadoria.gld_processos_pendentes"
[0m08:03:39.188420 [debug] [Thread-2 (]: On model.dbt_contadoria.gld_processos_pendentes: COMMIT
[0m08:03:39.238735 [debug] [Thread-2 (]: SQL status: COMMIT in 0.049 seconds
[0m08:03:39.243531 [debug] [Thread-2 (]: Applying DROP to: "postgres"."public_gold"."gld_processos_pendentes__dbt_backup"
[0m08:03:39.252026 [debug] [Thread-2 (]: Using postgres connection "model.dbt_contadoria.gld_processos_pendentes"
[0m08:03:39.254139 [debug] [Thread-2 (]: On model.dbt_contadoria.gld_processos_pendentes: /* {"app": "dbt", "dbt_version": "1.11.8", "profile_name": "contadoria_dw", "target_name": "dev", "node_id": "model.dbt_contadoria.gld_processos_pendentes"} */
drop view if exists "postgres"."public_gold"."gld_processos_pendentes__dbt_backup" cascade
[0m08:03:39.308322 [debug] [Thread-2 (]: SQL status: DROP VIEW in 0.052 seconds
[0m08:03:39.311665 [debug] [Thread-2 (]: On model.dbt_contadoria.gld_processos_pendentes: Close
[0m08:03:39.313776 [debug] [Thread-2 (]: Sending event: {'category': 'dbt', 'action': 'run_model', 'label': '51462a15-0a4f-4844-a045-e45668b6eafa', 'context': [<snowplow_tracker.self_describing_json.SelfDescribingJson object at 0x0000019604CAB5F0>]}
[0m08:03:39.315683 [info ] [Thread-2 (]: 2 of 2 OK created sql view model public_gold.gld_processos_pendentes ........... [[32mCREATE VIEW[0m in 0.73s]
[0m08:03:39.317185 [debug] [Thread-2 (]: Finished running node model.dbt_contadoria.gld_processos_pendentes
[0m08:03:39.319797 [debug] [MainThread]: On master: COMMIT
[0m08:03:39.320642 [debug] [MainThread]: Using postgres connection "master"
[0m08:03:39.321445 [debug] [MainThread]: On master: COMMIT
[0m08:03:39.322030 [debug] [MainThread]: Opening a new connection, currently in state closed
[0m08:03:39.738516 [debug] [MainThread]: SQL status: COMMIT in 0.416 seconds
[0m08:03:39.740215 [debug] [MainThread]: On master: Close
[0m08:03:39.742425 [debug] [MainThread]: Connection 'master' was properly closed.
[0m08:03:39.743914 [debug] [MainThread]: Connection 'list_postgres' was properly closed.
[0m08:03:39.745255 [debug] [MainThread]: Connection 'list_postgres' was properly closed.
[0m08:03:39.746763 [debug] [MainThread]: Connection 'list_postgres_public_silver' was properly closed.
[0m08:03:39.747990 [debug] [MainThread]: Connection 'list_postgres_public_gold' was properly closed.
[0m08:03:39.749163 [debug] [MainThread]: Connection 'model.dbt_contadoria.slv_processos' was properly closed.
[0m08:03:39.750226 [debug] [MainThread]: Connection 'model.dbt_contadoria.gld_processos_pendentes' was properly closed.
[0m08:03:39.751473 [info ] [MainThread]: 
[0m08:03:39.752841 [info ] [MainThread]: Finished running 1 table model, 1 view model in 0 hours 0 minutes and 13.40 seconds (13.40s).
[0m08:03:39.756310 [debug] [MainThread]: Command end result
[0m08:03:39.846658 [debug] [MainThread]: Wrote artifact WritableManifest to dbt_contadoria\target\manifest.json
[0m08:03:39.854440 [debug] [MainThread]: Wrote artifact SemanticManifest to dbt_contadoria\target\semantic_manifest.json
[0m08:03:39.876843 [debug] [MainThread]: Wrote artifact RunExecutionResult to dbt_contadoria\target\run_results.json
[0m08:03:39.878536 [info ] [MainThread]: 
[0m08:03:39.880817 [info ] [MainThread]: [32mCompleted successfully[0m
[0m08:03:39.883712 [info ] [MainThread]: 
[0m08:03:39.886300 [info ] [MainThread]: Done. PASS=2 WARN=0 ERROR=0 SKIP=0 NO-OP=0 TOTAL=2
[0m08:03:39.891378 [debug] [MainThread]: Command `dbt run` succeeded at 08:03:39.889854 after 19.70 seconds
[0m08:03:39.893710 [debug] [MainThread]: Sending event: {'category': 'dbt', 'action': 'invocation', 'label': 'end', 'context': [<snowplow_tracker.self_describing_json.SelfDescribingJson object at 0x00000196050E9B30>, <snowplow_tracker.self_describing_json.SelfDescribingJson object at 0x0000019604ADF770>, <snowplow_tracker.self_describing_json.SelfDescribingJson object at 0x0000019601B79F50>]}
[0m08:03:39.898043 [debug] [MainThread]: Flushing usage events
[0m08:03:41.410614 [debug] [MainThread]: An error was encountered while trying to flush usage events
[0m15:22:32.792694 [debug] [MainThread]: Sending event: {'category': 'dbt', 'action': 'invocation', 'label': 'start', 'context': [<snowplow_tracker.self_describing_json.SelfDescribingJson object at 0x000002A3DC63D400>, <snowplow_tracker.self_describing_json.SelfDescribingJson object at 0x000002A3D8F87390>, <snowplow_tracker.self_describing_json.SelfDescribingJson object at 0x000002A3DD0E3610>]}


============================== 15:22:32.809088 | cf5664db-97cd-4bcb-b404-3ce8945b3bb4 ==============================
[0m15:22:32.809088 [info ] [MainThread]: Running with dbt=1.11.8
[0m15:22:32.811035 [debug] [MainThread]: running dbt with arguments {'static_parser': 'True', 'no_print': 'None', 'version_check': 'True', 'target_path': 'None', 'warn_error_options': 'WarnErrorOptionsV2(error=[], warn=[], silence=[])', 'printer_width': '80', 'write_json': 'True', 'introspect': 'True', 'log_cache_events': 'False', 'empty': 'False', 'cache_selected_only': 'False', 'fail_fast': 'False', 'debug': 'False', 'log_format': 'default', 'partial_parse': 'True', 'send_anonymous_usage_stats': 'True', 'quiet': 'False', 'warn_error': 'None', 'profiles_dir': 'dbt_contadoria', 'invocation_command': 'dbt run --profiles-dir dbt_contadoria --project-dir dbt_contadoria', 'indirect_selection': 'eager', 'use_colors': 'True', 'use_experimental_parser': 'False', 'log_path': 'dbt_contadoria\\logs'}
[0m15:22:33.423286 [debug] [MainThread]: Sending event: {'category': 'dbt', 'action': 'project_id', 'label': 'cf5664db-97cd-4bcb-b404-3ce8945b3bb4', 'context': [<snowplow_tracker.self_describing_json.SelfDescribingJson object at 0x000002A3DCB04C30>]}
[0m15:22:33.534902 [debug] [MainThread]: Sending event: {'category': 'dbt', 'action': 'adapter_info', 'label': 'cf5664db-97cd-4bcb-b404-3ce8945b3bb4', 'context': [<snowplow_tracker.self_describing_json.SelfDescribingJson object at 0x000002A3DE8BCC00>]}
[0m15:22:33.537815 [info ] [MainThread]: Registered adapter: postgres=1.10.0
[0m15:22:34.467974 [debug] [MainThread]: checksum: 7d524ac048c2100769df89d592e662e060a73ca564e31bd9c2a37efdfe8d8ab6, vars: {}, profile: , target: , version: 1.11.8
[0m15:22:36.831912 [debug] [MainThread]: Partial parsing enabled: 0 files deleted, 0 files added, 1 files changed.
[0m15:22:36.832675 [debug] [MainThread]: Partial parsing: updated file: dbt_contadoria://models\silver\slv_processos.sql
[0m15:22:37.382206 [warn ] [MainThread]: [[33mWARNING[0m]: Configuration paths exist in your dbt_project.yml file which do not apply to any resources.
There are 1 unused configuration paths:
- models.dbt_contadoria.bronze
[0m15:22:37.406820 [debug] [MainThread]: Sending event: {'category': 'dbt', 'action': 'load_project', 'label': 'cf5664db-97cd-4bcb-b404-3ce8945b3bb4', 'context': [<snowplow_tracker.self_describing_json.SelfDescribingJson object at 0x000002A3DED0F550>]}
[0m15:22:37.589856 [debug] [MainThread]: Wrote artifact WritableManifest to dbt_contadoria\target\manifest.json
[0m15:22:37.595841 [debug] [MainThread]: Wrote artifact SemanticManifest to dbt_contadoria\target\semantic_manifest.json
[0m15:22:37.642848 [debug] [MainThread]: Sending event: {'category': 'dbt', 'action': 'resource_counts', 'label': 'cf5664db-97cd-4bcb-b404-3ce8945b3bb4', 'context': [<snowplow_tracker.self_describing_json.SelfDescribingJson object at 0x000002A3DBD3D8B0>]}
[0m15:22:37.644275 [info ] [MainThread]: Found 2 models, 1 test, 5 sources, 465 macros
[0m15:22:37.645712 [debug] [MainThread]: Sending event: {'category': 'dbt', 'action': 'runnable_timing', 'label': 'cf5664db-97cd-4bcb-b404-3ce8945b3bb4', 'context': [<snowplow_tracker.self_describing_json.SelfDescribingJson object at 0x000002A3DEFDE5F0>]}
[0m15:22:37.652160 [info ] [MainThread]: 
[0m15:22:37.653950 [info ] [MainThread]: Concurrency: 4 threads (target='dev')
[0m15:22:37.655677 [info ] [MainThread]: 
[0m15:22:37.657935 [debug] [MainThread]: Acquiring new postgres connection 'master'
[0m15:22:37.666686 [debug] [ThreadPool]: Acquiring new postgres connection 'list_postgres'
[0m15:22:37.676076 [debug] [ThreadPool]: Acquiring new postgres connection 'list_postgres'
[0m15:22:42.506352 [debug] [ThreadPool]: Using postgres connection "list_postgres"
[0m15:22:42.507354 [debug] [ThreadPool]: Using postgres connection "list_postgres"
[0m15:22:42.508088 [debug] [ThreadPool]: On list_postgres: /* {"app": "dbt", "dbt_version": "1.11.8", "profile_name": "contadoria_dw", "target_name": "dev", "connection_name": "list_postgres"} */

    select distinct nspname from pg_namespace
  
[0m15:22:42.509748 [debug] [ThreadPool]: On list_postgres: /* {"app": "dbt", "dbt_version": "1.11.8", "profile_name": "contadoria_dw", "target_name": "dev", "connection_name": "list_postgres"} */

    select distinct nspname from pg_namespace
  
[0m15:22:42.510967 [debug] [ThreadPool]: Opening a new connection, currently in state init
[0m15:22:42.512095 [debug] [ThreadPool]: Opening a new connection, currently in state init
[0m15:22:47.100061 [debug] [ThreadPool]: SQL status: SELECT 127 in 4.588 seconds
[0m15:22:47.104265 [debug] [ThreadPool]: On list_postgres: Close
[0m15:22:47.123878 [debug] [ThreadPool]: SQL status: SELECT 127 in 4.613 seconds
[0m15:22:47.129599 [debug] [ThreadPool]: On list_postgres: Close
[0m15:22:47.135603 [debug] [ThreadPool]: Acquiring new postgres connection 'list_postgres_public_silver'
[0m15:22:47.150558 [debug] [ThreadPool]: Using postgres connection "list_postgres_public_silver"
[0m15:22:47.151994 [debug] [ThreadPool]: Acquiring new postgres connection 'list_postgres_public_gold'
[0m15:22:47.153047 [debug] [ThreadPool]: On list_postgres_public_silver: /* {"app": "dbt", "dbt_version": "1.11.8", "profile_name": "contadoria_dw", "target_name": "dev", "connection_name": "list_postgres_public_silver"} */
select
      'postgres' as database,
      tablename as name,
      schemaname as schema,
      'table' as type
    from pg_tables
    where schemaname ilike 'public_silver'
    union all
    select
      'postgres' as database,
      viewname as name,
      schemaname as schema,
      'view' as type
    from pg_views
    where schemaname ilike 'public_silver'
    union all
    select
      'postgres' as database,
      matviewname as name,
      schemaname as schema,
      'materialized_view' as type
    from pg_matviews
    where schemaname ilike 'public_silver'
  
[0m15:22:47.159939 [debug] [ThreadPool]: Using postgres connection "list_postgres_public_gold"
[0m15:22:47.161515 [debug] [ThreadPool]: Opening a new connection, currently in state init
[0m15:22:47.162689 [debug] [ThreadPool]: On list_postgres_public_gold: /* {"app": "dbt", "dbt_version": "1.11.8", "profile_name": "contadoria_dw", "target_name": "dev", "connection_name": "list_postgres_public_gold"} */
select
      'postgres' as database,
      tablename as name,
      schemaname as schema,
      'table' as type
    from pg_tables
    where schemaname ilike 'public_gold'
    union all
    select
      'postgres' as database,
      viewname as name,
      schemaname as schema,
      'view' as type
    from pg_views
    where schemaname ilike 'public_gold'
    union all
    select
      'postgres' as database,
      matviewname as name,
      schemaname as schema,
      'materialized_view' as type
    from pg_matviews
    where schemaname ilike 'public_gold'
  
[0m15:22:47.164337 [debug] [ThreadPool]: Opening a new connection, currently in state init
[0m15:22:47.565649 [debug] [ThreadPool]: SQL status: SELECT 1 in 0.401 seconds
[0m15:22:47.569755 [debug] [ThreadPool]: On list_postgres_public_gold: ROLLBACK
[0m15:22:47.610896 [debug] [ThreadPool]: SQL status: SELECT 1 in 0.449 seconds
[0m15:22:47.615674 [debug] [ThreadPool]: On list_postgres_public_silver: ROLLBACK
[0m15:22:47.617906 [debug] [ThreadPool]: On list_postgres_public_gold: Close
[0m15:22:47.667754 [debug] [ThreadPool]: On list_postgres_public_silver: Close
[0m15:22:47.680453 [debug] [MainThread]: Using postgres connection "master"
[0m15:22:47.681723 [debug] [MainThread]: On master: /* {"app": "dbt", "dbt_version": "1.11.8", "profile_name": "contadoria_dw", "target_name": "dev", "connection_name": "master"} */
select distinct
        dependent_namespace.nspname as dependent_schema,
        dependent_class.relname as dependent_name,
        referenced_namespace.nspname as referenced_schema,
        referenced_class.relname as referenced_name

    -- Query for views: views are entries in pg_class with an entry in pg_rewrite, but we avoid
    -- a seq scan on pg_rewrite by leveraging the fact there is an "internal" row in pg_depend for
    -- the view...
    from pg_class as dependent_class
    join pg_namespace as dependent_namespace on dependent_namespace.oid = dependent_class.relnamespace
    join pg_depend as dependent_depend on dependent_depend.refobjid = dependent_class.oid
        and dependent_depend.classid = 'pg_rewrite'::regclass
        and dependent_depend.refclassid = 'pg_class'::regclass
        and dependent_depend.deptype = 'i'

    -- ... and via pg_depend (that has a row per column, hence the need for "distinct" above, and
    -- making sure to exclude the internal row to avoid a view appearing to depend on itself)...
    join pg_depend as joining_depend on joining_depend.objid = dependent_depend.objid
        and joining_depend.classid = 'pg_rewrite'::regclass
        and joining_depend.refclassid = 'pg_class'::regclass
        and joining_depend.refobjid != dependent_depend.refobjid

    -- ... we can find the tables they query from in pg_class, but excluding system tables. Note we
    -- don't need need to exclude _dependent_ system tables, because they only query from other
    -- system tables, and so are automatically excluded by excluding _referenced_ system tables
    join pg_class as referenced_class on referenced_class.oid = joining_depend.refobjid
    join pg_namespace as referenced_namespace on referenced_namespace.oid = referenced_class.relnamespace
        and referenced_namespace.nspname != 'information_schema'
        and referenced_namespace.nspname not like 'pg\_%'

    order by
        dependent_schema, dependent_name, referenced_schema, referenced_name;
[0m15:22:47.682521 [debug] [MainThread]: Opening a new connection, currently in state init
[0m15:22:48.111623 [debug] [MainThread]: SQL status: SELECT 3 in 0.429 seconds
[0m15:22:48.117187 [debug] [MainThread]: Sending event: {'category': 'dbt', 'action': 'runnable_timing', 'label': 'cf5664db-97cd-4bcb-b404-3ce8945b3bb4', 'context': [<snowplow_tracker.self_describing_json.SelfDescribingJson object at 0x000002A3DEFB4530>]}
[0m15:22:48.119309 [debug] [MainThread]: On master: ROLLBACK
[0m15:22:48.170135 [debug] [MainThread]: On master: COMMIT
[0m15:22:48.171453 [debug] [MainThread]: Using postgres connection "master"
[0m15:22:48.172641 [debug] [MainThread]: On master: COMMIT
[0m15:22:48.273409 [debug] [MainThread]: SQL status: COMMIT in 0.100 seconds
[0m15:22:48.274497 [debug] [MainThread]: On master: Close
[0m15:22:48.343562 [debug] [Thread-1 (]: Began running node model.dbt_contadoria.slv_processos
[0m15:22:48.345076 [info ] [Thread-1 (]: 1 of 2 START sql table model public_silver.slv_processos ....................... [RUN]
[0m15:22:48.347222 [debug] [Thread-1 (]: Acquiring new postgres connection 'model.dbt_contadoria.slv_processos'
[0m15:22:48.348344 [debug] [Thread-1 (]: Began compiling node model.dbt_contadoria.slv_processos
[0m15:22:48.370249 [debug] [Thread-1 (]: Writing injected SQL for node "model.dbt_contadoria.slv_processos"
[0m15:22:48.375412 [debug] [Thread-1 (]: Began executing node model.dbt_contadoria.slv_processos
[0m15:22:48.460008 [debug] [Thread-1 (]: Writing runtime sql for node "model.dbt_contadoria.slv_processos"
[0m15:22:48.463792 [debug] [Thread-1 (]: Using postgres connection "model.dbt_contadoria.slv_processos"
[0m15:22:48.465585 [debug] [Thread-1 (]: On model.dbt_contadoria.slv_processos: /* {"app": "dbt", "dbt_version": "1.11.8", "profile_name": "contadoria_dw", "target_name": "dev", "node_id": "model.dbt_contadoria.slv_processos"} */

  
    

  create  table "postgres"."public_silver"."slv_processos__dbt_tmp"
  
  
    as
  
  (
    

WITH base_processos AS (
    SELECT * FROM "postgres"."bronze"."processes"
),
base_users AS (
    SELECT * FROM "postgres"."bronze"."users"
),
base_status AS (
    SELECT * FROM "postgres"."bronze"."status"
)

SELECT
    p.position AS posicao,
    p.priority_position AS posicao_prioridade,
    p.number AS processo_numero,
    p.entry_date AS data_remessa,
    u.name AS Calculista,  -- Substituindo ID pelo Nome (coluna 'name' em users)
    p.status AS status_atual,   -- Usando a coluna 'status' diretamente de processes
    
    -- Lógica da Coluna Meta
    CASE 
        WHEN p.status IN (
            'Cálculo atualizado', 
            'Cálculo realizado', 
            'Devolvido: ausência de documentos para os cálculos', 
            'Devolvido: ausência de parâmetros', 
            'Devolvido: Beneficiário da Justiça Gratuita', 
            'Devolvido: Custas Satisfeitas', 
            'Devolvido: esclarecimento realizado', 
            'Partilha Realizada'
        ) THEN 1
        ELSE 0
    END AS meta,
    
    -- Cálculo de Dias Parado
    CURRENT_DATE - p.entry_date::date AS dias_parado,
    
    p.court AS vara,
    p.nucleus AS nucleo,
    p.priority AS prioridade,
    p.completion_date AS data_conclusao,
    p.valor_custas,
    p.observacao,
    p.created_at

FROM base_processos p
LEFT JOIN base_users u ON p.assigned_to_id = u.id  -- Corrigido para assigned_to_id
  );
  
[0m15:22:48.467428 [debug] [Thread-1 (]: Opening a new connection, currently in state init
[0m15:22:52.454610 [debug] [Thread-1 (]: SQL status: SELECT 196904 in 3.987 seconds
[0m15:22:52.483793 [debug] [Thread-1 (]: Using postgres connection "model.dbt_contadoria.slv_processos"
[0m15:22:52.485274 [debug] [Thread-1 (]: On model.dbt_contadoria.slv_processos: /* {"app": "dbt", "dbt_version": "1.11.8", "profile_name": "contadoria_dw", "target_name": "dev", "node_id": "model.dbt_contadoria.slv_processos"} */
alter table "postgres"."public_silver"."slv_processos" rename to "slv_processos__dbt_backup"
[0m15:22:52.554328 [debug] [Thread-1 (]: SQL status: ALTER TABLE in 0.067 seconds
[0m15:22:52.568904 [debug] [Thread-1 (]: Using postgres connection "model.dbt_contadoria.slv_processos"
[0m15:22:52.571073 [debug] [Thread-1 (]: On model.dbt_contadoria.slv_processos: /* {"app": "dbt", "dbt_version": "1.11.8", "profile_name": "contadoria_dw", "target_name": "dev", "node_id": "model.dbt_contadoria.slv_processos"} */
alter table "postgres"."public_silver"."slv_processos__dbt_tmp" rename to "slv_processos"
[0m15:22:52.623216 [debug] [Thread-1 (]: SQL status: ALTER TABLE in 0.050 seconds
[0m15:22:52.701193 [debug] [Thread-1 (]: On model.dbt_contadoria.slv_processos: COMMIT
[0m15:22:52.703367 [debug] [Thread-1 (]: Using postgres connection "model.dbt_contadoria.slv_processos"
[0m15:22:52.704455 [debug] [Thread-1 (]: On model.dbt_contadoria.slv_processos: COMMIT
[0m15:22:52.757401 [debug] [Thread-1 (]: SQL status: COMMIT in 0.052 seconds
[0m15:22:52.780345 [debug] [Thread-1 (]: Applying DROP to: "postgres"."public_silver"."slv_processos__dbt_backup"
[0m15:22:52.795993 [debug] [Thread-1 (]: Using postgres connection "model.dbt_contadoria.slv_processos"
[0m15:22:52.797584 [debug] [Thread-1 (]: On model.dbt_contadoria.slv_processos: /* {"app": "dbt", "dbt_version": "1.11.8", "profile_name": "contadoria_dw", "target_name": "dev", "node_id": "model.dbt_contadoria.slv_processos"} */
drop table if exists "postgres"."public_silver"."slv_processos__dbt_backup" cascade
[0m15:22:52.962602 [debug] [Thread-1 (]: SQL status: DROP TABLE in 0.163 seconds
[0m15:22:52.968700 [debug] [Thread-1 (]: On model.dbt_contadoria.slv_processos: Close
[0m15:22:52.977788 [debug] [Thread-1 (]: Sending event: {'category': 'dbt', 'action': 'run_model', 'label': 'cf5664db-97cd-4bcb-b404-3ce8945b3bb4', 'context': [<snowplow_tracker.self_describing_json.SelfDescribingJson object at 0x000002A3DEFD7410>]}
[0m15:22:52.979657 [info ] [Thread-1 (]: 1 of 2 OK created sql table model public_silver.slv_processos .................. [[32mSELECT 196904[0m in 4.62s]
[0m15:22:52.981521 [debug] [Thread-1 (]: Finished running node model.dbt_contadoria.slv_processos
[0m15:22:52.983343 [debug] [Thread-2 (]: Began running node model.dbt_contadoria.gld_processos_pendentes
[0m15:22:52.984724 [info ] [Thread-2 (]: 2 of 2 START sql view model public_gold.gld_processos_pendentes ................ [RUN]
[0m15:22:52.986031 [debug] [Thread-2 (]: Acquiring new postgres connection 'model.dbt_contadoria.gld_processos_pendentes'
[0m15:22:52.987179 [debug] [Thread-2 (]: Began compiling node model.dbt_contadoria.gld_processos_pendentes
[0m15:22:52.994953 [debug] [Thread-2 (]: Writing injected SQL for node "model.dbt_contadoria.gld_processos_pendentes"
[0m15:22:52.997383 [debug] [Thread-2 (]: Began executing node model.dbt_contadoria.gld_processos_pendentes
[0m15:22:53.060917 [debug] [Thread-2 (]: Writing runtime sql for node "model.dbt_contadoria.gld_processos_pendentes"
[0m15:22:53.064897 [debug] [Thread-2 (]: Using postgres connection "model.dbt_contadoria.gld_processos_pendentes"
[0m15:22:53.066622 [debug] [Thread-2 (]: On model.dbt_contadoria.gld_processos_pendentes: /* {"app": "dbt", "dbt_version": "1.11.8", "profile_name": "contadoria_dw", "target_name": "dev", "node_id": "model.dbt_contadoria.gld_processos_pendentes"} */

  create view "postgres"."public_gold"."gld_processos_pendentes__dbt_tmp"
    
    
  as (
    

SELECT *
FROM "postgres"."public_silver"."slv_processos"
WHERE status_atual = 'Pendente'
  );
[0m15:22:53.068685 [debug] [Thread-2 (]: Opening a new connection, currently in state init
[0m15:22:53.560313 [debug] [Thread-2 (]: SQL status: CREATE VIEW in 0.491 seconds
[0m15:22:53.570980 [debug] [Thread-2 (]: Using postgres connection "model.dbt_contadoria.gld_processos_pendentes"
[0m15:22:53.572408 [debug] [Thread-2 (]: On model.dbt_contadoria.gld_processos_pendentes: /* {"app": "dbt", "dbt_version": "1.11.8", "profile_name": "contadoria_dw", "target_name": "dev", "node_id": "model.dbt_contadoria.gld_processos_pendentes"} */
alter table "postgres"."public_gold"."gld_processos_pendentes__dbt_tmp" rename to "gld_processos_pendentes"
[0m15:22:53.625863 [debug] [Thread-2 (]: SQL status: ALTER TABLE in 0.052 seconds
[0m15:22:53.630047 [debug] [Thread-2 (]: On model.dbt_contadoria.gld_processos_pendentes: COMMIT
[0m15:22:53.631256 [debug] [Thread-2 (]: Using postgres connection "model.dbt_contadoria.gld_processos_pendentes"
[0m15:22:53.632470 [debug] [Thread-2 (]: On model.dbt_contadoria.gld_processos_pendentes: COMMIT
[0m15:22:53.684602 [debug] [Thread-2 (]: SQL status: COMMIT in 0.051 seconds
[0m15:22:53.690546 [debug] [Thread-2 (]: Applying DROP to: "postgres"."public_gold"."gld_processos_pendentes__dbt_backup"
[0m15:22:53.698943 [debug] [Thread-2 (]: Using postgres connection "model.dbt_contadoria.gld_processos_pendentes"
[0m15:22:53.700128 [debug] [Thread-2 (]: On model.dbt_contadoria.gld_processos_pendentes: /* {"app": "dbt", "dbt_version": "1.11.8", "profile_name": "contadoria_dw", "target_name": "dev", "node_id": "model.dbt_contadoria.gld_processos_pendentes"} */
drop view if exists "postgres"."public_gold"."gld_processos_pendentes__dbt_backup" cascade
[0m15:22:53.752507 [debug] [Thread-2 (]: SQL status: DROP VIEW in 0.051 seconds
[0m15:22:53.758384 [debug] [Thread-2 (]: On model.dbt_contadoria.gld_processos_pendentes: Close
[0m15:22:53.760335 [debug] [Thread-2 (]: Sending event: {'category': 'dbt', 'action': 'run_model', 'label': 'cf5664db-97cd-4bcb-b404-3ce8945b3bb4', 'context': [<snowplow_tracker.self_describing_json.SelfDescribingJson object at 0x000002A3DEFEB5F0>]}
[0m15:22:53.761670 [info ] [Thread-2 (]: 2 of 2 OK created sql view model public_gold.gld_processos_pendentes ........... [[32mCREATE VIEW[0m in 0.77s]
[0m15:22:53.764365 [debug] [Thread-2 (]: Finished running node model.dbt_contadoria.gld_processos_pendentes
[0m15:22:53.767832 [debug] [MainThread]: On master: COMMIT
[0m15:22:53.768886 [debug] [MainThread]: Using postgres connection "master"
[0m15:22:53.769766 [debug] [MainThread]: On master: COMMIT
[0m15:22:53.770608 [debug] [MainThread]: Opening a new connection, currently in state closed
[0m15:22:54.171842 [debug] [MainThread]: SQL status: COMMIT in 0.401 seconds
[0m15:22:54.172912 [debug] [MainThread]: On master: Close
[0m15:22:54.175916 [debug] [MainThread]: Connection 'master' was properly closed.
[0m15:22:54.177867 [debug] [MainThread]: Connection 'list_postgres' was properly closed.
[0m15:22:54.178930 [debug] [MainThread]: Connection 'list_postgres' was properly closed.
[0m15:22:54.180186 [debug] [MainThread]: Connection 'list_postgres_public_silver' was properly closed.
[0m15:22:54.182133 [debug] [MainThread]: Connection 'list_postgres_public_gold' was properly closed.
[0m15:22:54.183864 [debug] [MainThread]: Connection 'model.dbt_contadoria.slv_processos' was properly closed.
[0m15:22:54.185187 [debug] [MainThread]: Connection 'model.dbt_contadoria.gld_processos_pendentes' was properly closed.
[0m15:22:54.205586 [info ] [MainThread]: 
[0m15:22:54.208295 [info ] [MainThread]: Finished running 1 table model, 1 view model in 0 hours 0 minutes and 16.53 seconds (16.53s).
[0m15:22:54.211621 [debug] [MainThread]: Command end result
[0m15:22:54.319839 [debug] [MainThread]: Wrote artifact WritableManifest to dbt_contadoria\target\manifest.json
[0m15:22:54.327149 [debug] [MainThread]: Wrote artifact SemanticManifest to dbt_contadoria\target\semantic_manifest.json
[0m15:22:54.370699 [debug] [MainThread]: Wrote artifact RunExecutionResult to dbt_contadoria\target\run_results.json
[0m15:22:54.372263 [info ] [MainThread]: 
[0m15:22:54.376342 [info ] [MainThread]: [32mCompleted successfully[0m
[0m15:22:54.387745 [info ] [MainThread]: 
[0m15:22:54.391515 [info ] [MainThread]: Done. PASS=2 WARN=0 ERROR=0 SKIP=0 NO-OP=0 TOTAL=2
[0m15:22:54.400990 [debug] [MainThread]: Command `dbt run` succeeded at 15:22:54.400078 after 22.17 seconds
[0m15:22:54.410630 [debug] [MainThread]: Sending event: {'category': 'dbt', 'action': 'invocation', 'label': 'end', 'context': [<snowplow_tracker.self_describing_json.SelfDescribingJson object at 0x000002A3DF44AFD0>, <snowplow_tracker.self_describing_json.SelfDescribingJson object at 0x000002A3DEE1F890>, <snowplow_tracker.self_describing_json.SelfDescribingJson object at 0x000002A3DECF81D0>]}
[0m15:22:54.412447 [debug] [MainThread]: Flushing usage events
[0m15:22:55.857543 [debug] [MainThread]: An error was encountered while trying to flush usage events
[0m17:10:51.618354 [debug] [MainThread]: Sending event: {'category': 'dbt', 'action': 'invocation', 'label': 'start', 'context': [<snowplow_tracker.self_describing_json.SelfDescribingJson object at 0x000001A399CB96A0>, <snowplow_tracker.self_describing_json.SelfDescribingJson object at 0x000001A39662F390>, <snowplow_tracker.self_describing_json.SelfDescribingJson object at 0x000001A39A781BD0>]}


============================== 17:10:51.635724 | 448b151b-6578-4dcc-a870-b8664e52fa6f ==============================
[0m17:10:51.635724 [info ] [MainThread]: Running with dbt=1.11.8
[0m17:10:51.637252 [debug] [MainThread]: running dbt with arguments {'static_parser': 'True', 'no_print': 'None', 'version_check': 'True', 'warn_error_options': 'WarnErrorOptionsV2(error=[], warn=[], silence=[])', 'target_path': 'None', 'printer_width': '80', 'write_json': 'True', 'empty': 'False', 'log_cache_events': 'False', 'introspect': 'True', 'cache_selected_only': 'False', 'fail_fast': 'False', 'debug': 'False', 'log_format': 'default', 'profiles_dir': 'dbt_contadoria', 'send_anonymous_usage_stats': 'True', 'quiet': 'False', 'warn_error': 'None', 'partial_parse': 'True', 'invocation_command': 'dbt run --profiles-dir dbt_contadoria --project-dir dbt_contadoria', 'indirect_selection': 'eager', 'use_colors': 'True', 'use_experimental_parser': 'False', 'log_path': 'dbt_contadoria\\logs'}
[0m17:10:54.241954 [debug] [MainThread]: Sending event: {'category': 'dbt', 'action': 'project_id', 'label': '448b151b-6578-4dcc-a870-b8664e52fa6f', 'context': [<snowplow_tracker.self_describing_json.SelfDescribingJson object at 0x000001A39A1A4C30>]}
[0m17:10:54.404484 [debug] [MainThread]: Sending event: {'category': 'dbt', 'action': 'adapter_info', 'label': '448b151b-6578-4dcc-a870-b8664e52fa6f', 'context': [<snowplow_tracker.self_describing_json.SelfDescribingJson object at 0x000001A39BF58D10>]}
[0m17:10:54.414057 [info ] [MainThread]: Registered adapter: postgres=1.10.0
[0m17:10:55.425584 [debug] [MainThread]: checksum: 7d524ac048c2100769df89d592e662e060a73ca564e31bd9c2a37efdfe8d8ab6, vars: {}, profile: , target: , version: 1.11.8
[0m17:10:56.078216 [debug] [MainThread]: Partial parsing enabled: 0 files deleted, 0 files added, 1 files changed.
[0m17:10:56.079539 [debug] [MainThread]: Partial parsing: updated file: dbt_contadoria://models\silver\slv_processos.sql
[0m17:10:56.639366 [warn ] [MainThread]: [[33mWARNING[0m]: Configuration paths exist in your dbt_project.yml file which do not apply to any resources.
There are 1 unused configuration paths:
- models.dbt_contadoria.bronze
[0m17:10:56.665643 [debug] [MainThread]: Sending event: {'category': 'dbt', 'action': 'load_project', 'label': '448b151b-6578-4dcc-a870-b8664e52fa6f', 'context': [<snowplow_tracker.self_describing_json.SelfDescribingJson object at 0x000001A39C3FB350>]}
[0m17:10:56.840349 [debug] [MainThread]: Wrote artifact WritableManifest to dbt_contadoria\target\manifest.json
[0m17:10:56.847548 [debug] [MainThread]: Wrote artifact SemanticManifest to dbt_contadoria\target\semantic_manifest.json
[0m17:10:56.886893 [debug] [MainThread]: Sending event: {'category': 'dbt', 'action': 'resource_counts', 'label': '448b151b-6578-4dcc-a870-b8664e52fa6f', 'context': [<snowplow_tracker.self_describing_json.SelfDescribingJson object at 0x000001A3993ED8B0>]}
[0m17:10:56.887956 [info ] [MainThread]: Found 2 models, 1 test, 5 sources, 465 macros
[0m17:10:56.888641 [debug] [MainThread]: Sending event: {'category': 'dbt', 'action': 'runnable_timing', 'label': '448b151b-6578-4dcc-a870-b8664e52fa6f', 'context': [<snowplow_tracker.self_describing_json.SelfDescribingJson object at 0x000001A39C6CE5F0>]}
[0m17:10:56.892116 [info ] [MainThread]: 
[0m17:10:56.894829 [info ] [MainThread]: Concurrency: 4 threads (target='dev')
[0m17:10:56.896243 [info ] [MainThread]: 
[0m17:10:56.897024 [debug] [MainThread]: Acquiring new postgres connection 'master'
[0m17:10:56.905296 [debug] [ThreadPool]: Acquiring new postgres connection 'list_postgres'
[0m17:10:56.914846 [debug] [ThreadPool]: Acquiring new postgres connection 'list_postgres'
[0m17:10:57.266284 [debug] [ThreadPool]: Using postgres connection "list_postgres"
[0m17:10:57.266860 [debug] [ThreadPool]: Using postgres connection "list_postgres"
[0m17:10:57.267455 [debug] [ThreadPool]: On list_postgres: /* {"app": "dbt", "dbt_version": "1.11.8", "profile_name": "contadoria_dw", "target_name": "dev", "connection_name": "list_postgres"} */

    select distinct nspname from pg_namespace
  
[0m17:10:57.268097 [debug] [ThreadPool]: On list_postgres: /* {"app": "dbt", "dbt_version": "1.11.8", "profile_name": "contadoria_dw", "target_name": "dev", "connection_name": "list_postgres"} */

    select distinct nspname from pg_namespace
  
[0m17:10:57.268590 [debug] [ThreadPool]: Opening a new connection, currently in state init
[0m17:10:57.269080 [debug] [ThreadPool]: Opening a new connection, currently in state init
[0m17:10:57.868996 [debug] [ThreadPool]: SQL status: SELECT 127 in 0.600 seconds
[0m17:10:57.874628 [debug] [ThreadPool]: On list_postgres: Close
[0m17:10:57.900195 [debug] [ThreadPool]: SQL status: SELECT 127 in 0.631 seconds
[0m17:10:57.905573 [debug] [ThreadPool]: On list_postgres: Close
[0m17:10:57.910237 [debug] [ThreadPool]: Acquiring new postgres connection 'list_postgres_public_gold'
[0m17:10:57.922807 [debug] [ThreadPool]: Using postgres connection "list_postgres_public_gold"
[0m17:10:57.923823 [debug] [ThreadPool]: Acquiring new postgres connection 'list_postgres_public_silver'
[0m17:10:57.924898 [debug] [ThreadPool]: On list_postgres_public_gold: /* {"app": "dbt", "dbt_version": "1.11.8", "profile_name": "contadoria_dw", "target_name": "dev", "connection_name": "list_postgres_public_gold"} */
select
      'postgres' as database,
      tablename as name,
      schemaname as schema,
      'table' as type
    from pg_tables
    where schemaname ilike 'public_gold'
    union all
    select
      'postgres' as database,
      viewname as name,
      schemaname as schema,
      'view' as type
    from pg_views
    where schemaname ilike 'public_gold'
    union all
    select
      'postgres' as database,
      matviewname as name,
      schemaname as schema,
      'materialized_view' as type
    from pg_matviews
    where schemaname ilike 'public_gold'
  
[0m17:10:57.929317 [debug] [ThreadPool]: Using postgres connection "list_postgres_public_silver"
[0m17:10:57.930141 [debug] [ThreadPool]: Opening a new connection, currently in state init
[0m17:10:57.931023 [debug] [ThreadPool]: On list_postgres_public_silver: /* {"app": "dbt", "dbt_version": "1.11.8", "profile_name": "contadoria_dw", "target_name": "dev", "connection_name": "list_postgres_public_silver"} */
select
      'postgres' as database,
      tablename as name,
      schemaname as schema,
      'table' as type
    from pg_tables
    where schemaname ilike 'public_silver'
    union all
    select
      'postgres' as database,
      viewname as name,
      schemaname as schema,
      'view' as type
    from pg_views
    where schemaname ilike 'public_silver'
    union all
    select
      'postgres' as database,
      matviewname as name,
      schemaname as schema,
      'materialized_view' as type
    from pg_matviews
    where schemaname ilike 'public_silver'
  
[0m17:10:57.932528 [debug] [ThreadPool]: Opening a new connection, currently in state init
[0m17:10:58.449687 [debug] [ThreadPool]: SQL status: SELECT 1 in 0.519 seconds
[0m17:10:58.454602 [debug] [ThreadPool]: On list_postgres_public_gold: ROLLBACK
[0m17:10:58.457963 [debug] [ThreadPool]: SQL status: SELECT 1 in 0.525 seconds
[0m17:10:58.461390 [debug] [ThreadPool]: On list_postgres_public_silver: ROLLBACK
[0m17:10:58.523364 [debug] [ThreadPool]: On list_postgres_public_gold: Close
[0m17:10:58.525032 [debug] [ThreadPool]: On list_postgres_public_silver: Close
[0m17:10:58.545360 [debug] [MainThread]: Using postgres connection "master"
[0m17:10:58.546549 [debug] [MainThread]: On master: /* {"app": "dbt", "dbt_version": "1.11.8", "profile_name": "contadoria_dw", "target_name": "dev", "connection_name": "master"} */
select distinct
        dependent_namespace.nspname as dependent_schema,
        dependent_class.relname as dependent_name,
        referenced_namespace.nspname as referenced_schema,
        referenced_class.relname as referenced_name

    -- Query for views: views are entries in pg_class with an entry in pg_rewrite, but we avoid
    -- a seq scan on pg_rewrite by leveraging the fact there is an "internal" row in pg_depend for
    -- the view...
    from pg_class as dependent_class
    join pg_namespace as dependent_namespace on dependent_namespace.oid = dependent_class.relnamespace
    join pg_depend as dependent_depend on dependent_depend.refobjid = dependent_class.oid
        and dependent_depend.classid = 'pg_rewrite'::regclass
        and dependent_depend.refclassid = 'pg_class'::regclass
        and dependent_depend.deptype = 'i'

    -- ... and via pg_depend (that has a row per column, hence the need for "distinct" above, and
    -- making sure to exclude the internal row to avoid a view appearing to depend on itself)...
    join pg_depend as joining_depend on joining_depend.objid = dependent_depend.objid
        and joining_depend.classid = 'pg_rewrite'::regclass
        and joining_depend.refclassid = 'pg_class'::regclass
        and joining_depend.refobjid != dependent_depend.refobjid

    -- ... we can find the tables they query from in pg_class, but excluding system tables. Note we
    -- don't need need to exclude _dependent_ system tables, because they only query from other
    -- system tables, and so are automatically excluded by excluding _referenced_ system tables
    join pg_class as referenced_class on referenced_class.oid = joining_depend.refobjid
    join pg_namespace as referenced_namespace on referenced_namespace.oid = referenced_class.relnamespace
        and referenced_namespace.nspname != 'information_schema'
        and referenced_namespace.nspname not like 'pg\_%'

    order by
        dependent_schema, dependent_name, referenced_schema, referenced_name;
[0m17:10:58.547620 [debug] [MainThread]: Opening a new connection, currently in state init
[0m17:10:59.039221 [debug] [MainThread]: SQL status: SELECT 3 in 0.491 seconds
[0m17:10:59.046484 [debug] [MainThread]: Sending event: {'category': 'dbt', 'action': 'runnable_timing', 'label': '448b151b-6578-4dcc-a870-b8664e52fa6f', 'context': [<snowplow_tracker.self_describing_json.SelfDescribingJson object at 0x000001A39C6A0530>]}
[0m17:10:59.048734 [debug] [MainThread]: On master: ROLLBACK
[0m17:10:59.108311 [debug] [MainThread]: On master: COMMIT
[0m17:10:59.109144 [debug] [MainThread]: Using postgres connection "master"
[0m17:10:59.109593 [debug] [MainThread]: On master: COMMIT
[0m17:10:59.225620 [debug] [MainThread]: SQL status: COMMIT in 0.115 seconds
[0m17:10:59.226698 [debug] [MainThread]: On master: Close
[0m17:10:59.240095 [debug] [Thread-1 (]: Began running node model.dbt_contadoria.slv_processos
[0m17:10:59.241329 [info ] [Thread-1 (]: 1 of 2 START sql table model public_silver.slv_processos ....................... [RUN]
[0m17:10:59.243958 [debug] [Thread-1 (]: Acquiring new postgres connection 'model.dbt_contadoria.slv_processos'
[0m17:10:59.244675 [debug] [Thread-1 (]: Began compiling node model.dbt_contadoria.slv_processos
[0m17:10:59.263513 [debug] [Thread-1 (]: Writing injected SQL for node "model.dbt_contadoria.slv_processos"
[0m17:10:59.266576 [debug] [Thread-1 (]: Began executing node model.dbt_contadoria.slv_processos
[0m17:10:59.345626 [debug] [Thread-1 (]: Writing runtime sql for node "model.dbt_contadoria.slv_processos"
[0m17:10:59.348885 [debug] [Thread-1 (]: Using postgres connection "model.dbt_contadoria.slv_processos"
[0m17:10:59.349776 [debug] [Thread-1 (]: On model.dbt_contadoria.slv_processos: /* {"app": "dbt", "dbt_version": "1.11.8", "profile_name": "contadoria_dw", "target_name": "dev", "node_id": "model.dbt_contadoria.slv_processos"} */

  
    

  create  table "postgres"."public_silver"."slv_processos__dbt_tmp"
  
  
    as
  
  (
    

WITH base_processos AS (
    SELECT * FROM "postgres"."bronze"."processes"
),
base_users AS (
    SELECT * FROM "postgres"."bronze"."users"
),
base_status AS (
    SELECT * FROM "postgres"."bronze"."status"
)

SELECT
    p.position AS posicao,
    p.priority_position AS posicao_prioridade,
    p.number AS processo_numero,
    p.entry_date AS data_remessa,
    u.name AS Calculista,  -- Substituindo ID pelo Nome (coluna 'name' em users)
    p.status AS status_atual,   -- Usando a coluna 'status' diretamente de processes
    
    -- Lógica da Coluna Meta
    CASE 
        WHEN p.status IN (
            'Cálculo atualizado', 
            'Cálculo realizado', 
            'Devolvido: ausência de documentos para os cálculos', 
            'Devolvido: ausência de parâmetros', 
            'Devolvido: Beneficiário da Justiça Gratuita', 
            'Devolvido: Custas Satisfeitas', 
            'Devolvido: esclarecimento realizado', 
            'Partilha Realizada'
        ) THEN 1
        ELSE 0
    END AS meta,
    
    -- Cálculo de Dias Parado
    CASE 
        WHEN p.status = 'Pendente' THEN CURRENT_DATE - p.entry_date::date
        ELSE p.completion_date::date - p.entry_date::date
    END AS dias_parado,
    
    p.court AS vara,
    p.nucleus AS nucleo,
    p.priority AS prioridade,
    p.completion_date AS data_conclusao,
    p.valor_custas,
    p.observacao,
    p.created_at

FROM base_processos p
LEFT JOIN base_users u ON p.assigned_to_id = u.id  -- Corrigido para assigned_to_id
  );
  
[0m17:10:59.350581 [debug] [Thread-1 (]: Opening a new connection, currently in state init
[0m17:11:10.843698 [debug] [Thread-1 (]: SQL status: SELECT 196904 in 11.493 seconds
[0m17:11:10.859563 [debug] [Thread-1 (]: Using postgres connection "model.dbt_contadoria.slv_processos"
[0m17:11:10.860132 [debug] [Thread-1 (]: On model.dbt_contadoria.slv_processos: /* {"app": "dbt", "dbt_version": "1.11.8", "profile_name": "contadoria_dw", "target_name": "dev", "node_id": "model.dbt_contadoria.slv_processos"} */
alter table "postgres"."public_silver"."slv_processos" rename to "slv_processos__dbt_backup"
[0m17:11:10.966879 [debug] [Thread-1 (]: SQL status: ALTER TABLE in 0.106 seconds
[0m17:11:10.970535 [debug] [Thread-1 (]: Using postgres connection "model.dbt_contadoria.slv_processos"
[0m17:11:10.971735 [debug] [Thread-1 (]: On model.dbt_contadoria.slv_processos: /* {"app": "dbt", "dbt_version": "1.11.8", "profile_name": "contadoria_dw", "target_name": "dev", "node_id": "model.dbt_contadoria.slv_processos"} */
alter table "postgres"."public_silver"."slv_processos__dbt_tmp" rename to "slv_processos"
[0m17:11:11.034689 [debug] [Thread-1 (]: SQL status: ALTER TABLE in 0.061 seconds
[0m17:11:11.076398 [debug] [Thread-1 (]: On model.dbt_contadoria.slv_processos: COMMIT
[0m17:11:11.077050 [debug] [Thread-1 (]: Using postgres connection "model.dbt_contadoria.slv_processos"
[0m17:11:11.077558 [debug] [Thread-1 (]: On model.dbt_contadoria.slv_processos: COMMIT
[0m17:11:11.171559 [debug] [Thread-1 (]: SQL status: COMMIT in 0.093 seconds
[0m17:11:11.186273 [debug] [Thread-1 (]: Applying DROP to: "postgres"."public_silver"."slv_processos__dbt_backup"
[0m17:11:11.198296 [debug] [Thread-1 (]: Using postgres connection "model.dbt_contadoria.slv_processos"
[0m17:11:11.199028 [debug] [Thread-1 (]: On model.dbt_contadoria.slv_processos: /* {"app": "dbt", "dbt_version": "1.11.8", "profile_name": "contadoria_dw", "target_name": "dev", "node_id": "model.dbt_contadoria.slv_processos"} */
drop table if exists "postgres"."public_silver"."slv_processos__dbt_backup" cascade
[0m17:11:14.442857 [debug] [Thread-1 (]: SQL status: DROP TABLE in 3.242 seconds
[0m17:11:14.447116 [debug] [Thread-1 (]: On model.dbt_contadoria.slv_processos: Close
[0m17:11:14.465097 [debug] [Thread-1 (]: Sending event: {'category': 'dbt', 'action': 'run_model', 'label': '448b151b-6578-4dcc-a870-b8664e52fa6f', 'context': [<snowplow_tracker.self_describing_json.SelfDescribingJson object at 0x000001A39C75F350>]}
[0m17:11:14.466147 [info ] [Thread-1 (]: 1 of 2 OK created sql table model public_silver.slv_processos .................. [[32mSELECT 196904[0m in 15.20s]
[0m17:11:14.467025 [debug] [Thread-1 (]: Finished running node model.dbt_contadoria.slv_processos
[0m17:11:14.468560 [debug] [Thread-2 (]: Began running node model.dbt_contadoria.gld_processos_pendentes
[0m17:11:14.469255 [info ] [Thread-2 (]: 2 of 2 START sql view model public_gold.gld_processos_pendentes ................ [RUN]
[0m17:11:14.469946 [debug] [Thread-2 (]: Acquiring new postgres connection 'model.dbt_contadoria.gld_processos_pendentes'
[0m17:11:14.470506 [debug] [Thread-2 (]: Began compiling node model.dbt_contadoria.gld_processos_pendentes
[0m17:11:14.475319 [debug] [Thread-2 (]: Writing injected SQL for node "model.dbt_contadoria.gld_processos_pendentes"
[0m17:11:14.476838 [debug] [Thread-2 (]: Began executing node model.dbt_contadoria.gld_processos_pendentes
[0m17:11:14.513314 [debug] [Thread-2 (]: Writing runtime sql for node "model.dbt_contadoria.gld_processos_pendentes"
[0m17:11:14.515770 [debug] [Thread-2 (]: Using postgres connection "model.dbt_contadoria.gld_processos_pendentes"
[0m17:11:14.516473 [debug] [Thread-2 (]: On model.dbt_contadoria.gld_processos_pendentes: /* {"app": "dbt", "dbt_version": "1.11.8", "profile_name": "contadoria_dw", "target_name": "dev", "node_id": "model.dbt_contadoria.gld_processos_pendentes"} */

  create view "postgres"."public_gold"."gld_processos_pendentes__dbt_tmp"
    
    
  as (
    

SELECT *
FROM "postgres"."public_silver"."slv_processos"
WHERE status_atual = 'Pendente'
  );
[0m17:11:14.517060 [debug] [Thread-2 (]: Opening a new connection, currently in state init
[0m17:11:15.788088 [debug] [Thread-2 (]: SQL status: CREATE VIEW in 1.271 seconds
[0m17:11:15.796764 [debug] [Thread-2 (]: Using postgres connection "model.dbt_contadoria.gld_processos_pendentes"
[0m17:11:15.798688 [debug] [Thread-2 (]: On model.dbt_contadoria.gld_processos_pendentes: /* {"app": "dbt", "dbt_version": "1.11.8", "profile_name": "contadoria_dw", "target_name": "dev", "node_id": "model.dbt_contadoria.gld_processos_pendentes"} */
alter table "postgres"."public_gold"."gld_processos_pendentes__dbt_tmp" rename to "gld_processos_pendentes"
[0m17:11:15.861417 [debug] [Thread-2 (]: SQL status: ALTER TABLE in 0.061 seconds
[0m17:11:15.866236 [debug] [Thread-2 (]: On model.dbt_contadoria.gld_processos_pendentes: COMMIT
[0m17:11:15.867260 [debug] [Thread-2 (]: Using postgres connection "model.dbt_contadoria.gld_processos_pendentes"
[0m17:11:15.868662 [debug] [Thread-2 (]: On model.dbt_contadoria.gld_processos_pendentes: COMMIT
[0m17:11:15.934374 [debug] [Thread-2 (]: SQL status: COMMIT in 0.064 seconds
[0m17:11:15.939775 [debug] [Thread-2 (]: Applying DROP to: "postgres"."public_gold"."gld_processos_pendentes__dbt_backup"
[0m17:11:15.947407 [debug] [Thread-2 (]: Using postgres connection "model.dbt_contadoria.gld_processos_pendentes"
[0m17:11:15.948070 [debug] [Thread-2 (]: On model.dbt_contadoria.gld_processos_pendentes: /* {"app": "dbt", "dbt_version": "1.11.8", "profile_name": "contadoria_dw", "target_name": "dev", "node_id": "model.dbt_contadoria.gld_processos_pendentes"} */
drop view if exists "postgres"."public_gold"."gld_processos_pendentes__dbt_backup" cascade
[0m17:11:16.007790 [debug] [Thread-2 (]: SQL status: DROP VIEW in 0.059 seconds
[0m17:11:16.013089 [debug] [Thread-2 (]: On model.dbt_contadoria.gld_processos_pendentes: Close
[0m17:11:16.016489 [debug] [Thread-2 (]: Sending event: {'category': 'dbt', 'action': 'run_model', 'label': '448b151b-6578-4dcc-a870-b8664e52fa6f', 'context': [<snowplow_tracker.self_describing_json.SelfDescribingJson object at 0x000001A39C6D3540>]}
[0m17:11:16.019200 [info ] [Thread-2 (]: 2 of 2 OK created sql view model public_gold.gld_processos_pendentes ........... [[32mCREATE VIEW[0m in 1.55s]
[0m17:11:16.023075 [debug] [Thread-2 (]: Finished running node model.dbt_contadoria.gld_processos_pendentes
[0m17:11:16.029655 [debug] [MainThread]: On master: COMMIT
[0m17:11:16.032092 [debug] [MainThread]: Using postgres connection "master"
[0m17:11:16.033523 [debug] [MainThread]: On master: COMMIT
[0m17:11:16.034730 [debug] [MainThread]: Opening a new connection, currently in state closed
[0m17:11:16.537189 [debug] [MainThread]: SQL status: COMMIT in 0.502 seconds
[0m17:11:16.538204 [debug] [MainThread]: On master: Close
[0m17:11:16.539227 [debug] [MainThread]: Connection 'master' was properly closed.
[0m17:11:16.539695 [debug] [MainThread]: Connection 'list_postgres' was properly closed.
[0m17:11:16.540019 [debug] [MainThread]: Connection 'list_postgres' was properly closed.
[0m17:11:16.540300 [debug] [MainThread]: Connection 'list_postgres_public_gold' was properly closed.
[0m17:11:16.540562 [debug] [MainThread]: Connection 'list_postgres_public_silver' was properly closed.
[0m17:11:16.541139 [debug] [MainThread]: Connection 'model.dbt_contadoria.slv_processos' was properly closed.
[0m17:11:16.543497 [debug] [MainThread]: Connection 'model.dbt_contadoria.gld_processos_pendentes' was properly closed.
[0m17:11:16.545136 [info ] [MainThread]: 
[0m17:11:16.545775 [info ] [MainThread]: Finished running 1 table model, 1 view model in 0 hours 0 minutes and 19.65 seconds (19.65s).
[0m17:11:16.547260 [debug] [MainThread]: Command end result
[0m17:11:16.606461 [debug] [MainThread]: Wrote artifact WritableManifest to dbt_contadoria\target\manifest.json
[0m17:11:16.613269 [debug] [MainThread]: Wrote artifact SemanticManifest to dbt_contadoria\target\semantic_manifest.json
[0m17:11:16.629814 [debug] [MainThread]: Wrote artifact RunExecutionResult to dbt_contadoria\target\run_results.json
[0m17:11:16.631606 [info ] [MainThread]: 
[0m17:11:16.633557 [info ] [MainThread]: [32mCompleted successfully[0m
[0m17:11:16.634808 [info ] [MainThread]: 
[0m17:11:16.636129 [info ] [MainThread]: Done. PASS=2 WARN=0 ERROR=0 SKIP=0 NO-OP=0 TOTAL=2
[0m17:11:16.638492 [debug] [MainThread]: Command `dbt run` succeeded at 17:11:16.638094 after 25.87 seconds
[0m17:11:16.639653 [debug] [MainThread]: Sending event: {'category': 'dbt', 'action': 'invocation', 'label': 'end', 'context': [<snowplow_tracker.self_describing_json.SelfDescribingJson object at 0x000001A39CB33070>, <snowplow_tracker.self_describing_json.SelfDescribingJson object at 0x000001A39C723650>, <snowplow_tracker.self_describing_json.SelfDescribingJson object at 0x000001A39C46A7D0>]}
[0m17:11:16.643108 [debug] [MainThread]: Flushing usage events
[0m17:11:17.835466 [debug] [MainThread]: An error was encountered while trying to flush usage events
