nucleo,processo,vara,data,prioridades,dias
5ª CC,0000010-30.2025.8.17.2100,1ª Vara Cível da Comarca de Abreu e Lima,02/06/2026,Prioridade Legal,27
5ª CC,0000191-94.2026.8.17.2100,1ª Vara Cível da Comarca de Abreu e Lima,04/06/2026,Prioridade Legal,26
5ª CC,0000257-74.2026.8.17.2100,1ª Vara Cível da Comarca de Abreu e Lima,04/06/2026,Prioridade Legal,26
5ª CC,0000320-36.2025.8.17.2100,1ª Vara Cível da Comarca de Abreu e Lima,05/06/2026,Prioridade Legal,24
5ª CC,0000364-21.2026.8.17.2100,1ª Vara Cível da Comarca de Abreu e Lima,04/06/2026,Prioridade Legal,25
5ª CC,0000469-32.2025.8.17.2100,1ª Vara Cível da Comarca de Abreu e Lima,12/06/2026,Sem prioridade,17
4ª CCJ,0000888-62.2019.8.17.2100,1ª Vara Cível da Comarca de Abreu e Lima,17/06/2026,Sem prioridade,12
5ª CC,0000939-29.2026.8.17.2100,1ª Vara Cível da Comarca de Abreu e Lima,04/06/2026,Prioridade Legal,25
5ª CC,0001126-81.2019.8.17.2100,1ª Vara Cível da Comarca de Abreu e Lima,18/06/2026,Prioridade Legal,11
5ª CC,0001187-63.2024.8.17.2100,1ª Vara Cível da Comarca de Abreu e Lima,01/06/2026,Prioridade Legal,28
5ª CC,0001469-04.2024.8.17.2100,1ª Vara Cível da Comarca de Abreu e Lima,04/06/2026,Prioridade Legal,25
5ª CC,0001723-40.2025.8.17.2100,1ª Vara Cível da Comarca de Abreu e Lima,04/06/2026,Prioridade Legal,25
5ª CC,0002029-53.2018.8.17.2100,1ª Vara Cível da Comarca de Abreu e Lima,18/06/2026,Super prioridade,11
5ª CC,0002305-11.2023.8.17.2100,1ª Vara Cível da Comarca de Abreu e Lima,04/06/2026,Prioridade Legal,25
5ª CC,0002736-45.2023.8.17.2100,1ª Vara Cível da Comarca de Abreu e Lima,02/06/2026,Prioridade Legal,27
5ª CC,0002768-50.2023.8.17.2100,1ª Vara Cível da Comarca de Abreu e Lima,04/06/2026,Prioridade Legal,25
5ª CC,0002934-48.2024.8.17.2100,1ª Vara Cível da Comarca de Abreu e Lima,04/06/2026,Prioridade Legal,25
5ª CC,0004099-96.2025.8.17.2100,1ª Vara Cível da Comarca de Abreu e Lima,04/06/2026,Prioridade Legal,25
5ª CC,0005075-74.2023.8.17.2100,1ª Vara Cível da Comarca de Abreu e Lima,12/06/2026,Prioridade Legal,17
5ª CC,0000234-31.2026.8.17.2100,2ª Vara Cível da Comarca de Abreu e Lima,28/05/2026,Prioridade Legal,32
5ª CC,0000633-60.2026.8.17.2100,2ª Vara Cível da Comarca de Abreu e Lima,17/06/2026,Prioridade Legal,12
5ª CC,0001463-60.2025.8.17.2100,2ª Vara Cível da Comarca de Abreu e Lima,13/06/2026,Sem prioridade,16
5ª CC,0000152-73.2021.8.17.2100,3ª Vara Cível da Comarca de Abreu e Lima,05/06/2026,Sem prioridade,24
5ª CC,0000260-34.2023.8.17.2100,3ª Vara Cível da Comarca de Abreu e Lima,10/06/2026,Prioridade Legal,19
4ª CCJ,0000642-61.2022.8.17.2100,3ª Vara Cível da Comarca de Abreu e Lima,04/06/2026,Prioridade Legal,25
5ª CC,0000695-37.2025.8.17.2100,3ª Vara Cível da Comarca de Abreu e Lima,18/06/2026,Prioridade Legal,11
5ª CC,0000850-40.2025.8.17.2100,3ª Vara Cível da Comarca de Abreu e Lima,05/06/2026,Sem prioridade,24
5ª CC,0002309-14.2024.8.17.2100,3ª Vara Cível da Comarca de Abreu e Lima,12/06/2026,Prioridade Legal,17
5ª CC,0002424-79.2017.8.17.2100,3ª Vara Cível da Comarca de Abreu e Lima,18/06/2026,Sem prioridade,11
5ª CC,0002900-73.2024.8.17.2100,3ª Vara Cível da Comarca de Abreu e Lima,05/06/2026,Sem prioridade,24
5ª CC,0004103-76.2012.8.17.0100,3ª Vara Cível da Comarca de Abreu e Lima,19/06/2026,Sem prioridade,10
2ª CC,0002319-91.2025.8.17.5990,Vara Criminal da Comarca de Abreu e Lima,18/06/2026,Prioridade Legal,0
2ª CC,0000158-03.2023.8.17.5110,1ª Vara Criminal da Comarca de Afogados da Ingazeira,17/06/2026,Prioridade Legal,0
2ª CC,0000233-75.2021.8.17.0110,1ª Vara Criminal da Comarca de Afogados da Ingazeira,17/06/2026,Sem prioridade,0
2ª CC,0000489-07.2025.8.17.4110,1ª Vara Criminal da Comarca de Afogados da Ingazeira,16/06/2026,Sem prioridade,0
2ª CC,0000600-88.2025.8.17.4110,1ª Vara Criminal da Comarca de Afogados da Ingazeira,17/06/2026,Prioridade Legal,0
6ª CCJ,0000029-06.2025.8.17.2110,1ª Vara Cível da Comarca de Afogados da Ingazeira,03/06/2026,Prioridade Legal,26
6ª CCJ,0000061-11.2025.8.17.2110,1ª Vara Cível da Comarca de Afogados da Ingazeira,10/06/2026,Prioridade Legal,19
7ª CC,0000355-68.2022.8.17.2110,1ª Vara Cível da Comarca de Afogados da Ingazeira,16/06/2026,Prioridade Legal,13
6ª CCJ,0000373-60.2020.8.17.2110,1ª Vara Cível da Comarca de Afogados da Ingazeira,17/06/2026,Prioridade Legal,13
7ª CC,0000486-14.2020.8.17.2110,1ª Vara Cível da Comarca de Afogados da Ingazeira,15/06/2026,Prioridade Legal,14
6ª CCJ,0000512-36.2025.8.17.2110,1ª Vara Cível da Comarca de Afogados da Ingazeira,01/06/2026,Prioridade Legal,28
6ª CCJ,0000573-91.2025.8.17.2110,1ª Vara Cível da Comarca de Afogados da Ingazeira,03/06/2026,Prioridade Legal,26
6ª CCJ,0000595-91.2021.8.17.2110,1ª Vara Cível da Comarca de Afogados da Ingazeira,10/06/2026,Prioridade Legal,19
6ª CCJ,0000607-66.2025.8.17.2110,1ª Vara Cível da Comarca de Afogados da Ingazeira,15/06/2026,Prioridade Legal,14
6ª CCJ,0000933-27.2016.8.17.0110,1ª Vara Cível da Comarca de Afogados da Ingazeira,03/06/2026,Prioridade Legal,26
6ª CCJ,0001100-19.2020.8.17.2110,1ª Vara Cível da Comarca de Afogados da Ingazeira,04/06/2026,Sem prioridade,26
6ª CCJ,0001170-07.2018.8.17.2110,1ª Vara Cível da Comarca de Afogados da Ingazeira,15/06/2026,Sem prioridade,14
6ª CCJ,0001175-29.2018.8.17.2110,1ª Vara Cível da Comarca de Afogados da Ingazeira,15/06/2026,Sem prioridade,14
6ª CCJ,0001331-46.2020.8.17.2110,1ª Vara Cível da Comarca de Afogados da Ingazeira,09/06/2026,Sem prioridade,20
6ª CCJ,0001400-39.2024.8.17.2110,1ª Vara Cível da Comarca de Afogados da Ingazeira,01/06/2026,Prioridade Legal,28
7ª CC,0001419-21.2019.8.17.2110,1ª Vara Cível da Comarca de Afogados da Ingazeira,18/06/2026,Prioridade Legal,11
6ª CCJ,0001478-43.2018.8.17.2110,1ª Vara Cível da Comarca de Afogados da Ingazeira,16/06/2026,Prioridade Legal,13
6ª CCJ,0001680-73.2025.8.17.2110,1ª Vara Cível da Comarca de Afogados da Ingazeira,01/06/2026,Prioridade Legal,28
6ª CCJ,0001695-76.2024.8.17.2110,1ª Vara Cível da Comarca de Afogados da Ingazeira,16/06/2026,Prioridade Legal,13
6ª CCJ,0001700-64.2025.8.17.2110,1ª Vara Cível da Comarca de Afogados da Ingazeira,15/06/2026,Prioridade Legal,14
6ª CCJ,0001729-51.2024.8.17.2110,1ª Vara Cível da Comarca de Afogados da Ingazeira,05/06/2026,Prioridade Legal,24
7ª CC,0001763-94.2022.8.17.2110,1ª Vara Cível da Comarca de Afogados da Ingazeira,16/06/2026,Prioridade Legal,13
6ª CCJ,0001784-65.2025.8.17.2110,1ª Vara Cível da Comarca de Afogados da Ingazeira,15/06/2026,Prioridade Legal,14
6ª CCJ,0001788-39.2024.8.17.2110,1ª Vara Cível da Comarca de Afogados da Ingazeira,12/06/2026,Prioridade Legal,18
6ª CCJ,0001864-63.2024.8.17.2110,1ª Vara Cível da Comarca de Afogados da Ingazeira,15/06/2026,Prioridade Legal,14
6ª CCJ,0002006-34.2016.8.17.0110,1ª Vara Cível da Comarca de Afogados da Ingazeira,11/06/2026,Sem prioridade,18
7ª CC,0002248-60.2023.8.17.2110,1ª Vara Cível da Comarca de Afogados da Ingazeira,16/06/2026,Prioridade Legal,13
6ª CCJ,0002255-18.2024.8.17.2110,1ª Vara Cível da Comarca de Afogados da Ingazeira,01/06/2026,Sem prioridade,28
7ª CC,0002707-91.2025.8.17.2110,1ª Vara Cível da Comarca de Afogados da Ingazeira,18/06/2026,Prioridade Legal,11
6ª CCJ,0003002-36.2022.8.17.2110,1ª Vara Cível da Comarca de Afogados da Ingazeira,16/06/2026,Prioridade Legal,13
6ª CCJ,0003053-42.2025.8.17.2110,1ª Vara Cível da Comarca de Afogados da Ingazeira,15/06/2026,Prioridade Legal,14
7ª CC,0003120-08.2016.8.17.0110,1ª Vara Cível da Comarca de Afogados da Ingazeira,18/06/2026,Prioridade Legal,11
6ª CCJ,0003145-25.2022.8.17.2110,1ª Vara Cível da Comarca de Afogados da Ingazeira,01/06/2026,Prioridade Legal,28
6ª CCJ,0003156-54.2022.8.17.2110,1ª Vara Cível da Comarca de Afogados da Ingazeira,18/06/2026,Prioridade Legal,11
6ª CCJ,0003346-46.2024.8.17.2110,1ª Vara Cível da Comarca de Afogados da Ingazeira,11/06/2026,Prioridade Legal,18
6ª CCJ,0003388-95.2024.8.17.2110,1ª Vara Cível da Comarca de Afogados da Ingazeira,01/06/2026,Prioridade Legal,28
6ª CCJ,0003389-80.2024.8.17.2110,1ª Vara Cível da Comarca de Afogados da Ingazeira,10/06/2026,Prioridade Legal,19
7ª CC,0003551-75.2024.8.17.2110,1ª Vara Cível da Comarca de Afogados da Ingazeira,15/06/2026,Prioridade Legal,14
6ª CCJ,0000609-70.2024.8.17.2110,2ª Vara Cível e Regional da Infância e Juventude da Comarca de Afogados da Ingazeira,05/06/2026,Sem prioridade,24
6ª CCJ,0000856-27.2019.8.17.2110,2ª Vara Cível e Regional da Infância e Juventude da Comarca de Afogados da Ingazeira,10/06/2026,Prioridade Legal,19
6ª CCJ,0001287-95.2018.8.17.2110,2ª Vara Cível e Regional da Infância e Juventude da Comarca de Afogados da Ingazeira,18/06/2026,Prioridade Legal,11
6ª CCJ,0001411-68.2024.8.17.2110,2ª Vara Cível e Regional da Infância e Juventude da Comarca de Afogados da Ingazeira,01/06/2026,Prioridade Legal,28
3ª CC,0001570-55.2017.8.17.2110,2ª Vara Cível e Regional da Infância e Juventude da Comarca de Afogados da Ingazeira,29/06/2026,Prioridade Legal,0
7ª CC,0001652-76.2023.8.17.2110,2ª Vara Cível e Regional da Infância e Juventude da Comarca de Afogados da Ingazeira,18/06/2026,Prioridade Legal,12
6ª CCJ,0001729-85.2023.8.17.2110,2ª Vara Cível e Regional da Infância e Juventude da Comarca de Afogados da Ingazeira,16/06/2026,Sem prioridade,13
6ª CCJ,0002119-21.2024.8.17.2110,2ª Vara Cível e Regional da Infância e Juventude da Comarca de Afogados da Ingazeira,05/06/2026,Sem prioridade,24
6ª CCJ,0002149-56.2024.8.17.2110,2ª Vara Cível e Regional da Infância e Juventude da Comarca de Afogados da Ingazeira,16/06/2026,Prioridade Legal,13
6ª CCJ,0002261-25.2024.8.17.2110,2ª Vara Cível e Regional da Infância e Juventude da Comarca de Afogados da Ingazeira,05/06/2026,Sem prioridade,24
6ª CCJ,0002273-39.2024.8.17.2110,2ª Vara Cível e Regional da Infância e Juventude da Comarca de Afogados da Ingazeira,17/06/2026,Sem prioridade,13
6ª CCJ,0002277-76.2024.8.17.2110,2ª Vara Cível e Regional da Infância e Juventude da Comarca de Afogados da Ingazeira,16/06/2026,Sem prioridade,13
6ª CCJ,0002279-46.2024.8.17.2110,2ª Vara Cível e Regional da Infância e Juventude da Comarca de Afogados da Ingazeira,18/06/2026,Sem prioridade,11
6ª CCJ,0003269-37.2024.8.17.2110,2ª Vara Cível e Regional da Infância e Juventude da Comarca de Afogados da Ingazeira,27/05/2026,Prioridade Legal,33
3ª CC,0003517-03.2024.8.17.2110,2ª Vara Cível e Regional da Infância e Juventude da Comarca de Afogados da Ingazeira,29/06/2026,Prioridade Legal,0
7ª CC,0000002-90.2025.8.17.2120,Vara Única da Comarca de Afrânio,16/06/2026,Sem prioridade,13
7ª CC,0000037-16.2026.8.17.2120,Vara Única da Comarca de Afrânio,16/06/2026,Prioridade Legal,14
7ª CC,0000065-57.2021.8.17.2120,Vara Única da Comarca de Afrânio,24/06/2026,Prioridade Legal,6
7ª CC,0000083-39.2025.8.17.2120,Vara Única da Comarca de Afrânio,16/06/2026,Sem prioridade,14
6ª CCJ,0000121-90.2021.8.17.2120,Vara Única da Comarca de Afrânio,12/06/2026,Prioridade Legal,17
6ª CCJ,0000148-44.2019.8.17.2120,Vara Única da Comarca de Afrânio,05/06/2026,Prioridade Legal,25
7ª CC,0000178-45.2020.8.17.2120,Vara Única da Comarca de Afrânio,15/06/2026,Prioridade Legal,15
7ª CC,0000189-11.2019.8.17.2120,Vara Única da Comarca de Afrânio,15/06/2026,Prioridade Legal,15
7ª CC,0000194-57.2024.8.17.2120,Vara Única da Comarca de Afrânio,16/06/2026,Prioridade Legal,13
7ª CC,0000243-36.2014.8.17.0120,Vara Única da Comarca de Afrânio,19/06/2026,Prioridade Legal,0
7ª CC,0000267-92.2025.8.17.2120,Vara Única da Comarca de Afrânio,15/06/2026,Prioridade Legal,15
7ª CC,0000269-38.2020.8.17.2120,Vara Única da Comarca de Afrânio,18/06/2026,Sem prioridade,12
PARTIDOR,0000368-67.2015.8.17.0120,Vara Única da Comarca de Afrânio,15/06/2026,Sem prioridade,14
7ª CC,0000389-08.2025.8.17.2120,Vara Única da Comarca de Afrânio,15/06/2026,Prioridade Legal,15
6ª CCJ,0000404-45.2023.8.17.2120,Vara Única da Comarca de Afrânio,02/06/2026,Prioridade Legal,27
7ª CC,0000412-28.2011.8.17.0120,Vara Única da Comarca de Afrânio,16/06/2026,Sem prioridade,13
7ª CC,0000421-13.2025.8.17.2120,Vara Única da Comarca de Afrânio,15/06/2026,Prioridade Legal,15
7ª CC,0000435-94.2025.8.17.2120,Vara Única da Comarca de Afrânio,23/06/2026,Prioridade Legal,7
6ª CCJ,0000492-15.2025.8.17.2120,Vara Única da Comarca de Afrânio,16/06/2026,Prioridade Legal,13
7ª CC,0000499-46.2021.8.17.2120,Vara Única da Comarca de Afrânio,12/06/2026,Prioridade Legal,18
7ª CC,0000571-97.2013.8.17.0120,Vara Única da Comarca de Afrânio,23/06/2026,Super prioridade,7
7ª CC,0000583-13.2022.8.17.2120,Vara Única da Comarca de Afrânio,18/06/2026,Prioridade Legal,11
7ª CC,0000724-32.2022.8.17.2120,Vara Única da Comarca de Afrânio,15/06/2026,Prioridade Legal,15
6ª CCJ,0001180-11.2024.8.17.2120,Vara Única da Comarca de Afrânio,15/06/2026,Prioridade Legal,14
7ª CC,0001324-82.2024.8.17.2120,Vara Única da Comarca de Afrânio,16/06/2026,Prioridade Legal,13
7ª CC,0001502-31.2024.8.17.2120,Vara Única da Comarca de Afrânio,16/06/2026,Prioridade Legal,13
7ª CC,0001558-64.2024.8.17.2120,Vara Única da Comarca de Afrânio,18/06/2026,Prioridade Legal,11
6ª CCJ,0001788-09.2024.8.17.2120,Vara Única da Comarca de Afrânio,05/06/2026,Prioridade Legal,25
7ª CC,0012937-76.2024.8.17.3130,Vara Única da Comarca de Afrânio,16/06/2026,Prioridade Legal,14
5ª CCJ,0000052-29.2012.8.17.0130,Vara Única da Comarca de Agrestina,12/06/2026,Sem prioridade,17
6ª CC,0000332-39.2008.8.17.0130,Vara Única da Comarca de Agrestina,05/06/2026,Prioridade Legal,24
6ª CC,0000350-44.2026.8.17.2130,Vara Única da Comarca de Agrestina,15/06/2026,Prioridade Legal,14
6ª CC,0000387-38.2018.8.17.0130,Vara Única da Comarca de Agrestina,18/06/2026,Prioridade Legal,0
5ª CCJ,0000497-42.2015.8.17.0130,Vara Única da Comarca de Agrestina,21/05/2026,Prioridade Legal,39
6ª CC,0000626-51.2021.8.17.2130,Vara Única da Comarca de Agrestina,17/06/2026,Prioridade Legal,0
6ª CC,0000813-25.2022.8.17.2130,Vara Única da Comarca de Agrestina,12/06/2026,Prioridade Legal,17
6ª CC,0000856-25.2023.8.17.2130,Vara Única da Comarca de Agrestina,17/06/2026,Prioridade Legal,0
5ª CCJ,0000008-45.2023.8.17.2160,Vara Única da Comarca de Alagoinha,15/06/2026,Prioridade Legal,14
5ª CCJ,0000055-82.2024.8.17.2160,Vara Única da Comarca de Alagoinha,03/06/2026,Prioridade Legal,27
5ª CCJ,0000085-54.2023.8.17.2160,Vara Única da Comarca de Alagoinha,10/06/2026,Prioridade Legal,19
5ª CCJ,0000117-93.2022.8.17.2160,Vara Única da Comarca de Alagoinha,08/06/2026,Prioridade Legal,21
6ª CC,0000126-84.2024.8.17.2160,Vara Única da Comarca de Alagoinha,16/06/2026,Sem prioridade,13
6ª CC,0000145-90.2024.8.17.2160,Vara Única da Comarca de Alagoinha,16/06/2026,Prioridade Legal,13
6ª CC,0000148-21.2019.8.17.2160,Vara Única da Comarca de Alagoinha,16/06/2026,Sem prioridade,13
6ª CC,0000162-29.2024.8.17.2160,Vara Única da Comarca de Alagoinha,19/06/2026,Prioridade Legal,11
6ª CC,0000180-55.2021.8.17.2160,Vara Única da Comarca de Alagoinha,09/06/2026,Sem prioridade,20
5ª CCJ,0000182-59.2020.8.17.2160,Vara Única da Comarca de Alagoinha,19/06/2026,Prioridade Legal,11
6ª CC,0000209-42.2020.8.17.2160,Vara Única da Comarca de Alagoinha,20/06/2026,Prioridade Legal,9
5ª CCJ,0000215-20.2018.8.17.2160,Vara Única da Comarca de Alagoinha,11/06/2026,Prioridade Legal,18
5ª CCJ,0000258-15.2022.8.17.2160,Vara Única da Comarca de Alagoinha,16/06/2026,Prioridade Legal,13
5ª CCJ,0000268-54.2025.8.17.2160,Vara Única da Comarca de Alagoinha,14/05/2026,Sem prioridade,46
5ª CCJ,0000275-17.2023.8.17.2160,Vara Única da Comarca de Alagoinha,29/05/2026,Prioridade Legal,31
5ª CCJ,0000293-43.2020.8.17.2160,Vara Única da Comarca de Alagoinha,18/06/2026,Prioridade Legal,11
5ª CCJ,0000293-67.2025.8.17.2160,Vara Única da Comarca de Alagoinha,22/05/2026,Prioridade Legal,38
6ª CC,0000340-41.2025.8.17.2160,Vara Única da Comarca de Alagoinha,16/06/2026,Sem prioridade,13
6ª CC,0000365-30.2020.8.17.2160,Vara Única da Comarca de Alagoinha,15/06/2026,Prioridade Legal,14
5ª CCJ,0000402-81.2025.8.17.2160,Vara Única da Comarca de Alagoinha,07/05/2026,Sem prioridade,53
6ª CC,0000463-20.2017.8.17.2160,Vara Única da Comarca de Alagoinha,15/06/2026,Prioridade Legal,14
5ª CCJ,0000496-10.2017.8.17.2160,Vara Única da Comarca de Alagoinha,11/06/2026,Prioridade Legal,19
6ª CC,0000521-76.2024.8.17.2160,Vara Única da Comarca de Alagoinha,16/06/2026,Prioridade Legal,13
6ª CC,0000571-05.2024.8.17.2160,Vara Única da Comarca de Alagoinha,19/06/2026,Prioridade Legal,10
5ª CCJ,0000659-43.2024.8.17.2160,Vara Única da Comarca de Alagoinha,19/05/2026,Sem prioridade,41
5ª CCJ,0000695-56.2022.8.17.2160,Vara Única da Comarca de Alagoinha,09/06/2026,Prioridade Legal,20
6ª CC,0000720-64.2025.8.17.2160,Vara Única da Comarca de Alagoinha,19/06/2026,Prioridade Legal,10
6ª CC,0000737-37.2024.8.17.2160,Vara Única da Comarca de Alagoinha,16/06/2026,Prioridade Legal,13
5ª CCJ,0000743-78.2023.8.17.2160,Vara Única da Comarca de Alagoinha,10/06/2026,Prioridade Legal,19
6ª CC,0000830-97.2024.8.17.2160,Vara Única da Comarca de Alagoinha,16/06/2026,Prioridade Legal,13
6ª CC,0000960-87.2024.8.17.2160,Vara Única da Comarca de Alagoinha,16/06/2026,Prioridade Legal,13
6ª CC,0000961-09.2023.8.17.2160,Vara Única da Comarca de Alagoinha,18/06/2026,Prioridade Legal,11
6ª CC,0001097-69.2024.8.17.2160,Vara Única da Comarca de Alagoinha,16/06/2026,Sem prioridade,13
6ª CC,0001172-11.2024.8.17.2160,Vara Única da Comarca de Alagoinha,18/06/2026,Sem prioridade,11
5ª CCJ,0001390-73.2023.8.17.2160,Vara Única da Comarca de Alagoinha,08/06/2026,Prioridade Legal,21
5ª CCJ,0001399-35.2023.8.17.2160,Vara Única da Comarca de Alagoinha,22/05/2026,Prioridade Legal,38
5ª CC,0000060-74.2024.8.17.2170,Vara Única da Comarca de Aliança,19/05/2026,Prioridade Legal,41
4ª CCJ,0000092-32.2005.8.17.0170,Vara Única da Comarca de Aliança,16/06/2026,Sem prioridade,13
5ª CC,0000133-12.2025.8.17.2170,Vara Única da Comarca de Aliança,13/06/2026,Prioridade Legal,17
4ª CCJ,0000144-12.2023.8.17.2170,Vara Única da Comarca de Aliança,08/06/2026,Sem prioridade,21
4ª CCJ,0000277-88.2022.8.17.2170,Vara Única da Comarca de Aliança,27/05/2026,Prioridade Legal,34
4ª CCJ,0000308-84.2017.8.17.2170,Vara Única da Comarca de Aliança,04/06/2026,Prioridade Legal,25
4ª CCJ,0000372-76.2019.8.17.2218,Vara Única da Comarca de Aliança,16/06/2026,Prioridade Legal,13
5ª CC,0000383-45.2025.8.17.2170,Vara Única da Comarca de Aliança,30/05/2026,Prioridade Legal,30
4ª CCJ,0000411-13.2025.8.17.2170,Vara Única da Comarca de Aliança,15/06/2026,Sem prioridade,14
5ª CC,0000470-74.2020.8.17.2170,Vara Única da Comarca de Aliança,09/06/2026,Sem prioridade,20
PARTIDOR,0000476-86.2017.8.17.2170,Vara Única da Comarca de Aliança,18/06/2026,Prioridade Legal,11
4ª CCJ,0000665-21.2015.8.17.0170,Vara Única da Comarca de Aliança,26/05/2026,Sem prioridade,34
4ª CCJ,0000712-96.2021.8.17.2170,Vara Única da Comarca de Aliança,15/06/2026,Prioridade Legal,14
4ª CCJ,0000805-20.2025.8.17.2170,Vara Única da Comarca de Aliança,25/05/2026,Sem prioridade,35
4ª CCJ,0000805-26.2013.8.17.0170,Vara Única da Comarca de Aliança,15/06/2026,Sem prioridade,14
5ª CC,0000862-38.2025.8.17.2170,Vara Única da Comarca de Aliança,03/06/2026,Prioridade Legal,26
4ª CCJ,0000950-76.2025.8.17.2170,Vara Única da Comarca de Aliança,28/05/2026,Sem prioridade,32
5ª CC,0001110-09.2022.8.17.2170,Vara Única da Comarca de Aliança,03/06/2026,Sem prioridade,26
4ª CCJ,0001159-84.2021.8.17.2170,Vara Única da Comarca de Aliança,04/06/2026,Prioridade Legal,25
4ª CCJ,0001163-24.2021.8.17.2170,Vara Única da Comarca de Aliança,18/06/2026,Prioridade Legal,11
5ª CC,0001475-29.2023.8.17.2170,Vara Única da Comarca de Aliança,09/06/2026,Sem prioridade,20
5ª CCJ,0000015-69.2026.8.17.2180,Vara Única da Comarca de Altinho,16/06/2026,Prioridade Legal,13
6ª CC,0000048-47.2020.8.17.0700,Vara Única da Comarca de Altinho,15/06/2026,Sem prioridade,0
6ª CC,0000116-43.2025.8.17.2180,Vara Única da Comarca de Altinho,16/06/2026,Prioridade Legal,13
5ª CCJ,0000148-20.2014.8.17.0180,Vara Única da Comarca de Altinho,21/05/2026,Prioridade Legal,39
5ª CCJ,0000181-43.2022.8.17.2180,Vara Única da Comarca de Altinho,05/06/2026,Prioridade Legal,24
5ª CCJ,0000218-36.2023.8.17.2180,Vara Única da Comarca de Altinho,01/06/2026,Prioridade Legal,28
6ª CC,0000220-41.2013.8.17.0180,Vara Única da Comarca de Altinho,18/06/2026,Sem prioridade,11
6ª CC,0000239-41.2025.8.17.2180,Vara Única da Comarca de Altinho,16/06/2026,Prioridade Legal,14
6ª CC,0000246-77.2018.8.17.2180,Vara Única da Comarca de Altinho,15/06/2026,Prioridade Legal,14
5ª CCJ,0000327-26.2018.8.17.2180,Vara Única da Comarca de Altinho,20/05/2026,Prioridade Legal,40
6ª CC,0000347-07.2024.8.17.2180,Vara Única da Comarca de Altinho,15/06/2026,Prioridade Legal,14
6ª CC,0000364-09.2025.8.17.2180,Vara Única da Comarca de Altinho,11/06/2026,Prioridade Legal,18
6ª CC,0000418-48.2020.8.17.2180,Vara Única da Comarca de Altinho,12/06/2026,Sem prioridade,17
5ª CCJ,0000471-58.2022.8.17.2180,Vara Única da Comarca de Altinho,03/06/2026,Sem prioridade,26
6ª CC,0000481-35.2015.8.17.0180,Vara Única da Comarca de Altinho,18/06/2026,Sem prioridade,11
6ª CC,0000608-35.2025.8.17.2180,Vara Única da Comarca de Altinho,15/06/2026,Prioridade Legal,14
6ª CC,0000620-59.2019.8.17.2180,Vara Única da Comarca de Altinho,15/06/2026,Sem prioridade,14
6ª CC,0001036-85.2023.8.17.2180,Vara Única da Comarca de Altinho,12/06/2026,Prioridade Legal,17
5ª CCJ,0001299-20.2023.8.17.2180,Vara Única da Comarca de Altinho,11/06/2026,Prioridade Legal,18
5ª CCJ,0001309-30.2024.8.17.2180,Vara Única da Comarca de Altinho,27/05/2026,Sem prioridade,33
5ª CC,0000091-93.2019.8.17.1160,Vara Única da Comarca de Amaraji,19/06/2026,Prioridade Legal,0
5ª CC,0000145-10.2018.8.17.2190,Vara Única da Comarca de Amaraji,17/06/2026,Sem prioridade,12
4ª CCJ,0000146-58.2019.8.17.3160,Vara Única da Comarca de Amaraji,03/06/2026,Prioridade Legal,26
5ª CC,0000206-02.2017.8.17.3160,Vara Única da Comarca de Amaraji,17/06/2026,Sem prioridade,12
5ª CC,0000477-31.2016.8.17.0190,Vara Única da Comarca de Amaraji,03/06/2026,Sem prioridade,26
4ª CCJ,0000568-58.2015.8.17.0190,Vara Única da Comarca de Amaraji,19/06/2026,Sem prioridade,10
5ª CC,0000663-59.2013.8.17.0190,Vara Única da Comarca de Amaraji,17/06/2026,Prioridade Legal,12
4ª CCJ,0000956-91.2023.8.17.2190,Vara Única da Comarca de Amaraji,03/06/2026,Sem prioridade,26
5ª CC,0001940-63.2025.8.17.4370,Vara Única da Comarca de Amaraji,04/06/2026,Prioridade Legal,0
7ª CC,0000218-48.2020.8.17.2210,1ª Vara Cível da Comarca de Araripina,19/06/2026,Prioridade Legal,10
7ª CC,0000279-02.2014.8.17.0210,1ª Vara Cível da Comarca de Araripina,27/06/2026,Prioridade Legal,2
7ª CC,0000548-35.2026.8.17.2210,1ª Vara Cível da Comarca de Araripina,19/06/2026,Prioridade Legal,10
7ª CC,0000692-98.2003.8.17.0210,1ª Vara Cível da Comarca de Araripina,17/06/2026,Prioridade Legal,12
7ª CC,0000703-19.2018.8.17.2210,1ª Vara Cível da Comarca de Araripina,12/06/2026,Prioridade Legal,17
7ª CC,0000780-86.2022.8.17.2210,1ª Vara Cível da Comarca de Araripina,26/06/2026,Prioridade Legal,3
7ª CC,0000827-26.2023.8.17.2210,1ª Vara Cível da Comarca de Araripina,19/06/2026,Prioridade Legal,10
7ª CC,0000929-15.2015.8.17.0210,1ª Vara Cível da Comarca de Araripina,17/06/2026,Sem prioridade,12
6ª CCJ,0001345-84.2021.8.17.2210,1ª Vara Cível da Comarca de Araripina,08/06/2026,Prioridade Legal,22
7ª CC,0001391-39.2022.8.17.2210,1ª Vara Cível da Comarca de Araripina,19/06/2026,Prioridade Legal,10
7ª CC,0002106-47.2023.8.17.2210,1ª Vara Cível da Comarca de Araripina,17/06/2026,Prioridade Legal,12
7ª CC,0002649-84.2022.8.17.2210,1ª Vara Cível da Comarca de Araripina,19/06/2026,Prioridade Legal,10
7ª CC,0000094-28.1995.8.17.0210,2ª Vara Cível da Comarca de Araripina,14/06/2026,Prioridade Legal,16
7ª CC,0000727-37.2024.8.17.2210,2ª Vara Cível da Comarca de Araripina,21/06/2026,Prioridade Legal,9
7ª CC,0000804-51.2021.8.17.2210,2ª Vara Cível da Comarca de Araripina,21/06/2026,Prioridade Legal,9
6ª CCJ,0002131-61.2014.8.17.0210,2ª Vara Cível da Comarca de Araripina,09/06/2026,Sem prioridade,20
7ª CC,0002529-75.2021.8.17.2210,2ª Vara Cível da Comarca de Araripina,24/06/2026,Sem prioridade,6
2ª CC,0000444-77.2025.8.17.2210,Vara Criminal da Comarca de Araripina,19/06/2026,Prioridade Legal,0
2ª CC,0001700-94.2021.8.17.2210,Vara Criminal da Comarca de Araripina,19/06/2026,Sem prioridade,0
2ª CC,0000844-75.2025.8.17.4220,1ª Vara Criminal da Comarca de Arcoverde,18/06/2026,Prioridade Legal,0
2ª CC,0003628-51.2012.8.17.0220,1ª Vara Criminal da Comarca de Arcoverde,16/06/2026,Sem prioridade,0
2ª CC,0004084-98.2012.8.17.0220,1ª Vara Criminal da Comarca de Arcoverde,15/06/2026,Sem prioridade,0
6ª CCJ,0000065-72.2026.8.17.2220,1ª Vara Cível da Comarca de Arcoverde,18/06/2026,Prioridade Legal,11
7ª CC,0000119-38.2026.8.17.2220,1ª Vara Cível da Comarca de Arcoverde,16/06/2026,Prioridade Legal,13
6ª CCJ,0000276-45.2025.8.17.2220,1ª Vara Cível da Comarca de Arcoverde,10/06/2026,Prioridade Legal,19
7ª CC,0000383-89.2025.8.17.2220,1ª Vara Cível da Comarca de Arcoverde,12/06/2026,Prioridade Legal,17
6ª CCJ,0000440-10.2025.8.17.2220,1ª Vara Cível da Comarca de Arcoverde,04/06/2026,Prioridade Legal,25
7ª CC,0000761-11.2026.8.17.2220,1ª Vara Cível da Comarca de Arcoverde,20/06/2026,Prioridade Legal,10
7ª CC,0001187-23.2026.8.17.2220,1ª Vara Cível da Comarca de Arcoverde,14/06/2026,Prioridade Legal,16
7ª CC,0001194-15.2026.8.17.2220,1ª Vara Cível da Comarca de Arcoverde,18/06/2026,Prioridade Legal,12
7ª CC,0001386-84.2022.8.17.2220,1ª Vara Cível da Comarca de Arcoverde,20/06/2026,Prioridade Legal,10
6ª CCJ,0001435-67.2018.8.17.2220,1ª Vara Cível da Comarca de Arcoverde,25/05/2026,Prioridade Legal,35
7ª CC,0001442-15.2025.8.17.2220,1ª Vara Cível da Comarca de Arcoverde,27/06/2026,Prioridade Legal,2
6ª CCJ,0001454-92.2026.8.17.2220,1ª Vara Cível da Comarca de Arcoverde,19/06/2026,Prioridade Legal,10
6ª CCJ,0001536-02.2021.8.17.2220,1ª Vara Cível da Comarca de Arcoverde,15/06/2026,Prioridade Legal,14
6ª CCJ,0001664-46.2026.8.17.2220,1ª Vara Cível da Comarca de Arcoverde,19/06/2026,Prioridade Legal,10
7ª CC,0001951-09.2026.8.17.2220,1ª Vara Cível da Comarca de Arcoverde,12/06/2026,Prioridade Legal,18
7ª CC,0002193-07.2022.8.17.2220,1ª Vara Cível da Comarca de Arcoverde,20/06/2026,Prioridade Legal,10
7ª CC,0002672-92.2025.8.17.2220,1ª Vara Cível da Comarca de Arcoverde,16/06/2026,Prioridade Legal,14
7ª CC,0002725-10.2024.8.17.2220,1ª Vara Cível da Comarca de Arcoverde,19/06/2026,Sem prioridade,11
7ª CC,0002885-98.2025.8.17.2220,1ª Vara Cível da Comarca de Arcoverde,15/06/2026,Prioridade Legal,14
7ª CC,0003072-77.2023.8.17.2220,1ª Vara Cível da Comarca de Arcoverde,20/06/2026,Prioridade Legal,10
7ª CC,0003221-39.2024.8.17.2220,1ª Vara Cível da Comarca de Arcoverde,17/06/2026,Prioridade Legal,12
7ª CC,0003231-49.2025.8.17.2220,1ª Vara Cível da Comarca de Arcoverde,15/06/2026,Prioridade Legal,14
7ª CC,0003305-40.2024.8.17.2220,1ª Vara Cível da Comarca de Arcoverde,16/06/2026,Prioridade Legal,13
7ª CC,0003352-82.2022.8.17.2220,1ª Vara Cível da Comarca de Arcoverde,26/06/2026,Prioridade Legal,3
6ª CCJ,0004085-43.2025.8.17.2220,1ª Vara Cível da Comarca de Arcoverde,12/06/2026,Prioridade Legal,17
6ª CCJ,0004154-12.2024.8.17.2220,1ª Vara Cível da Comarca de Arcoverde,17/06/2026,Prioridade Legal,12
6ª CCJ,0004600-79.2016.8.17.0220,1ª Vara Cível da Comarca de Arcoverde,12/06/2026,Sem prioridade,17
6ª CCJ,0004947-14.2025.8.17.2220,1ª Vara Cível da Comarca de Arcoverde,22/06/2026,Prioridade Legal,7
7ª CC,0005639-47.2024.8.17.2220,1ª Vara Cível da Comarca de Arcoverde,17/06/2026,Sem prioridade,13
6ª CCJ,0005866-37.2024.8.17.2220,1ª Vara Cível da Comarca de Arcoverde,01/06/2026,Prioridade Legal,28
7ª CC,0007351-09.2023.8.17.2220,1ª Vara Cível da Comarca de Arcoverde,14/06/2026,Prioridade Legal,16
7ª CC,0001726-86.2026.8.17.2220,2ª Vara Cível da Comarca de Arcoverde,22/06/2026,Prioridade Legal,8
7ª CC,0001978-89.2026.8.17.2220,2ª Vara Cível da Comarca de Arcoverde,16/06/2026,Prioridade Legal,14
6ª CCJ,0004066-37.2025.8.17.2220,2ª Vara Cível da Comarca de Arcoverde,09/06/2026,Prioridade Legal,20
6ª CCJ,0004224-92.2025.8.17.2220,2ª Vara Cível da Comarca de Arcoverde,10/06/2026,Prioridade Legal,19
7ª CC,0005738-17.2024.8.17.2220,2ª Vara Cível da Comarca de Arcoverde,29/06/2026,Prioridade Legal,0
5ª CC,0000391-02.2026.8.17.2230,Vara Única da Comarca de Barreiros,03/06/2026,Prioridade Legal,26
5ª CC,0000447-86.2023.8.17.6030,Vara Única da Comarca de Barreiros,12/06/2026,Prioridade Legal,0
5ª CC,0000881-97.2021.8.17.2230,Vara Única da Comarca de Barreiros,19/06/2026,Prioridade Legal,0
5ª CC,0001136-21.2022.8.17.2230,Vara Única da Comarca de Barreiros,04/06/2026,Prioridade Legal,25
6ª CC,0000108-54.2024.8.17.2260,1ª Vara Cível da Comarca de Belo Jardim,17/06/2026,Prioridade Legal,12
5ª CCJ,0000324-49.2023.8.17.2260,1ª Vara Cível da Comarca de Belo Jardim,05/06/2026,Prioridade Legal,24
6ª CC,0000894-17.2006.8.17.0260,1ª Vara Cível da Comarca de Belo Jardim,18/06/2026,Sem prioridade,11
5ª CCJ,0001095-61.2022.8.17.2260,1ª Vara Cível da Comarca de Belo Jardim,20/05/2026,Prioridade Legal,40
5ª CCJ,0001545-67.2023.8.17.2260,1ª Vara Cível da Comarca de Belo Jardim,15/05/2026,Prioridade Legal,45
6ª CC,0001620-38.2025.8.17.2260,1ª Vara Cível da Comarca de Belo Jardim,16/06/2026,Sem prioridade,13
5ª CCJ,0001800-98.2018.8.17.2260,1ª Vara Cível da Comarca de Belo Jardim,22/05/2026,Sem prioridade,39
5ª CCJ,0001896-70.2016.8.17.0260,1ª Vara Cível da Comarca de Belo Jardim,03/06/2026,Prioridade Legal,26
5ª CCJ,0002368-41.2023.8.17.2260,1ª Vara Cível da Comarca de Belo Jardim,08/06/2026,Prioridade Legal,21
5ª CCJ,0003621-98.2022.8.17.2260,1ª Vara Cível da Comarca de Belo Jardim,15/05/2026,Prioridade Legal,45
5ª CCJ,0004585-58.2014.8.17.0260,1ª Vara Cível da Comarca de Belo Jardim,15/05/2026,Prioridade Legal,45
5ª CCJ,0000142-97.2022.8.17.2260,2ª Vara Cível da Comarca de Belo Jardim,14/05/2026,Prioridade Legal,46
5ª CCJ,0000384-84.2023.8.17.2110,2ª Vara Cível da Comarca de Belo Jardim,11/06/2026,Prioridade Legal,18
6ª CC,0000415-71.2025.8.17.2260,2ª Vara Cível da Comarca de Belo Jardim,15/06/2026,Prioridade Legal,14
6ª CC,0000417-85.2018.8.17.2260,2ª Vara Cível da Comarca de Belo Jardim,19/06/2026,Prioridade Legal,10
6ª CC,0000698-76.2008.8.17.0260,2ª Vara Cível da Comarca de Belo Jardim,18/06/2026,Sem prioridade,11
5ª CCJ,0000874-49.2020.8.17.2260,2ª Vara Cível da Comarca de Belo Jardim,03/06/2026,Sem prioridade,26
5ª CCJ,0001008-76.2020.8.17.2260,2ª Vara Cível da Comarca de Belo Jardim,18/06/2026,Prioridade Legal,11
5ª CCJ,0001054-02.2019.8.17.2260,2ª Vara Cível da Comarca de Belo Jardim,15/06/2026,Prioridade Legal,14
5ª CCJ,0001477-93.2018.8.17.2260,2ª Vara Cível da Comarca de Belo Jardim,25/05/2026,Prioridade Legal,35
6ª CC,0001516-46.2025.8.17.2260,2ª Vara Cível da Comarca de Belo Jardim,12/06/2026,Prioridade Legal,17
5ª CCJ,0001555-14.2023.8.17.2260,2ª Vara Cível da Comarca de Belo Jardim,26/05/2026,Prioridade Legal,34
5ª CCJ,0001588-10.2011.8.17.0260,2ª Vara Cível da Comarca de Belo Jardim,12/06/2026,Prioridade Legal,18
6ª CC,0001835-14.2025.8.17.2260,2ª Vara Cível da Comarca de Belo Jardim,19/06/2026,Prioridade Legal,10
5ª CCJ,0001949-21.2023.8.17.2260,2ª Vara Cível da Comarca de Belo Jardim,27/05/2026,Prioridade Legal,33
5ª CCJ,0001982-74.2024.8.17.2260,2ª Vara Cível da Comarca de Belo Jardim,02/06/2026,Prioridade Legal,27
5ª CCJ,0002002-02.2023.8.17.2260,2ª Vara Cível da Comarca de Belo Jardim,27/05/2026,Prioridade Legal,33
6ª CC,0002099-31.2025.8.17.2260,2ª Vara Cível da Comarca de Belo Jardim,19/06/2026,Prioridade Legal,10
5ª CCJ,0002446-64.2025.8.17.2260,2ª Vara Cível da Comarca de Belo Jardim,17/06/2026,Prioridade Legal,13
6ª CC,0002517-66.2025.8.17.2260,2ª Vara Cível da Comarca de Belo Jardim,17/06/2026,Prioridade Legal,12
5ª CCJ,0002818-47.2024.8.17.2260,2ª Vara Cível da Comarca de Belo Jardim,11/06/2026,Prioridade Legal,18
5ª CCJ,0004510-18.2023.8.17.2260,2ª Vara Cível da Comarca de Belo Jardim,19/06/2026,Prioridade Legal,10
6ª CC,0004754-44.2023.8.17.2260,2ª Vara Cível da Comarca de Belo Jardim,11/06/2026,Prioridade Legal,18
2ª CC,0002153-98.2023.8.17.4480,Vara Criminal da Comarca de Belo Jardim,19/06/2026,Sem prioridade,0
7ª CC,0000014-78.2020.8.17.2250,Vara Única da Comarca de Belém São Francisco,16/06/2026,Prioridade Legal,13
6ª CCJ,0000110-25.2022.8.17.2250,Vara Única da Comarca de Belém São Francisco,10/06/2026,Prioridade Legal,19
6ª CCJ,0000360-88.2015.8.17.0250,Vara Única da Comarca de Belém São Francisco,08/06/2026,Prioridade Legal,21
6ª CCJ,0000398-36.2023.8.17.2250,Vara Única da Comarca de Belém São Francisco,16/06/2026,Prioridade Legal,13
5ª CCJ,0000525-73.2026.8.17.2280,1ª Vara da Comarca de Bezerros,05/06/2026,Prioridade Legal,24
6ª CC,0000740-86.2025.8.17.5480,1ª Vara da Comarca de Bezerros,15/06/2026,Prioridade Legal,0
6ª CC,0001166-37.2021.8.17.2280,1ª Vara da Comarca de Bezerros,15/06/2026,Prioridade Legal,14
6ª CC,0001478-76.2022.8.17.2280,1ª Vara da Comarca de Bezerros,18/06/2026,Prioridade Legal,12
6ª CC,0001793-07.2022.8.17.2280,1ª Vara da Comarca de Bezerros,19/06/2026,Sem prioridade,11
6ª CC,0003014-54.2024.8.17.2280,1ª Vara da Comarca de Bezerros,15/06/2026,Prioridade Legal,15
6ª CC,0004195-34.2019.8.17.0480,1ª Vara da Comarca de Bezerros,17/06/2026,Prioridade Legal,0
5ª CCJ,0000014-75.2026.8.17.2280,2ª Vara da Comarca de Bezerros,20/05/2026,Sem prioridade,40
6ª CC,0000398-72.2025.8.17.2280,2ª Vara da Comarca de Bezerros,18/06/2026,Prioridade Legal,11
6ª CC,0000525-10.2025.8.17.2280,2ª Vara da Comarca de Bezerros,18/06/2026,Sem prioridade,11
6ª CC,0000889-79.2025.8.17.2280,2ª Vara da Comarca de Bezerros,19/06/2026,Prioridade Legal,10
6ª CC,0001656-54.2024.8.17.2280,2ª Vara da Comarca de Bezerros,11/06/2026,Prioridade Legal,18
5ª CCJ,0001682-18.2025.8.17.2280,2ª Vara da Comarca de Bezerros,05/06/2026,Prioridade Legal,24
6ª CC,0003041-37.2024.8.17.2280,2ª Vara da Comarca de Bezerros,19/06/2026,Prioridade Legal,10
7ª CC,0000288-53.2019.8.17.2290,Vara Única da Comarca de Bodocó,15/06/2026,Sem prioridade,14
7ª CC,0000401-65.2023.8.17.2290,Vara Única da Comarca de Bodocó,14/06/2026,Prioridade Legal,15
7ª CC,0000596-50.2023.8.17.2290,Vara Única da Comarca de Bodocó,18/06/2026,Prioridade Legal,0
7ª CC,0000646-08.2025.8.17.2290,Vara Única da Comarca de Bodocó,17/06/2026,Prioridade Legal,12
6ª CCJ,0000751-88.2013.8.17.0290,Vara Única da Comarca de Bodocó,01/06/2026,Prioridade Legal,28
7ª CC,0001108-67.2022.8.17.2290,Vara Única da Comarca de Bodocó,18/06/2026,Prioridade Legal,11
7ª CC,0001147-93.2024.8.17.2290,Vara Única da Comarca de Bodocó,15/06/2026,Sem prioridade,14
6ª CCJ,0001316-51.2022.8.17.2290,Vara Única da Comarca de Bodocó,10/06/2026,Sem prioridade,19
6ª CCJ,0001373-35.2023.8.17.2290,Vara Única da Comarca de Bodocó,08/06/2026,Prioridade Legal,21
7ª CC,0001402-56.2021.8.17.2290,Vara Única da Comarca de Bodocó,18/06/2026,Prioridade Legal,11
5ª CCJ,0000052-42.2017.8.17.2300,1ª Vara da Comarca de Bom Conselho,17/06/2026,Prioridade Legal,12
5ª CCJ,0000113-92.2020.8.17.2300,1ª Vara da Comarca de Bom Conselho,20/05/2026,Prioridade Legal,40
6ª CC,0000471-47.2026.8.17.2300,1ª Vara da Comarca de Bom Conselho,15/06/2026,Prioridade Legal,14
5ª CCJ,0000497-50.2023.8.17.2300,1ª Vara da Comarca de Bom Conselho,20/05/2026,Prioridade Legal,40
6ª CC,0000542-88.2022.8.17.2300,1ª Vara da Comarca de Bom Conselho,12/06/2026,Sem prioridade,0
6ª CC,0000598-19.2025.8.17.2300,1ª Vara da Comarca de Bom Conselho,17/06/2026,Prioridade Legal,12
6ª CC,0000634-61.2025.8.17.2300,1ª Vara da Comarca de Bom Conselho,17/06/2026,Sem prioridade,12
6ª CC,0000770-58.2025.8.17.2300,1ª Vara da Comarca de Bom Conselho,16/06/2026,Prioridade Legal,13
6ª CC,0000990-90.2024.8.17.2300,1ª Vara da Comarca de Bom Conselho,16/06/2026,Sem prioridade,0
6ª CC,0001003-89.2024.8.17.2300,1ª Vara da Comarca de Bom Conselho,12/06/2026,Prioridade Legal,0
6ª CC,0001068-21.2023.8.17.2300,1ª Vara da Comarca de Bom Conselho,17/06/2026,Prioridade Legal,12
5ª CCJ,0001172-76.2024.8.17.2300,1ª Vara da Comarca de Bom Conselho,08/06/2026,Sem prioridade,21
6ª CC,0001714-94.2024.8.17.2300,1ª Vara da Comarca de Bom Conselho,17/06/2026,Prioridade Legal,12
5ª CCJ,0001788-17.2025.8.17.2300,1ª Vara da Comarca de Bom Conselho,26/05/2026,Sem prioridade,34
5ª CCJ,0002738-94.2023.8.17.2300,1ª Vara da Comarca de Bom Conselho,12/06/2026,Prioridade Legal,17
6ª CC,0000143-36.2008.8.17.0300,2ª Vara da Comarca de Bom Conselho,10/06/2026,Sem prioridade,19
6ª CC,0000365-56.2024.8.17.2300,2ª Vara da Comarca de Bom Conselho,15/06/2026,Prioridade Legal,14
6ª CC,0000426-10.2018.8.17.0300,2ª Vara da Comarca de Bom Conselho,10/06/2026,Prioridade Legal,19
5ª CCJ,0001212-97.2020.8.17.2300,2ª Vara da Comarca de Bom Conselho,10/06/2026,Prioridade Legal,19
6ª CC,0001373-10.2022.8.17.5640,2ª Vara da Comarca de Bom Conselho,18/06/2026,Prioridade Legal,0
5ª CCJ,0000087-69.2017.8.17.2310,Vara Única da Comarca de Bom Jardim,28/05/2026,Prioridade Legal,32
5ª CCJ,0000093-37.2021.8.17.2310,Vara Única da Comarca de Bom Jardim,19/06/2026,Prioridade Legal,10
6ª CC,0000097-70.2015.8.17.0310,Vara Única da Comarca de Bom Jardim,17/06/2026,Prioridade Legal,12
6ª CC,0000134-10.2009.8.17.0310,Vara Única da Comarca de Bom Jardim,11/06/2026,Prioridade Legal,18
5ª CCJ,0000152-93.2019.8.17.2310,Vara Única da Comarca de Bom Jardim,19/06/2026,Prioridade Legal,10
5ª CCJ,0000173-69.2019.8.17.2310,Vara Única da Comarca de Bom Jardim,19/06/2026,Prioridade Legal,10
5ª CCJ,0000225-36.2017.8.17.2310,Vara Única da Comarca de Bom Jardim,19/06/2026,Sem prioridade,10
6ª CC,0000258-21.2020.8.17.2310,Vara Única da Comarca de Bom Jardim,18/06/2026,Prioridade Legal,11
5ª CCJ,0000273-87.2020.8.17.2310,Vara Única da Comarca de Bom Jardim,22/05/2026,Prioridade Legal,38
5ª CCJ,0000274-43.2018.8.17.2310,Vara Única da Comarca de Bom Jardim,28/05/2026,Prioridade Legal,32
5ª CCJ,0000276-13.2018.8.17.2310,Vara Única da Comarca de Bom Jardim,28/05/2026,Prioridade Legal,32
5ª CCJ,0000304-35.2016.8.17.0310,Vara Única da Comarca de Bom Jardim,27/05/2026,Prioridade Legal,33
6ª CC,0000335-60.2013.8.17.0310,Vara Única da Comarca de Bom Jardim,19/06/2026,Sem prioridade,10
5ª CCJ,0000562-83.2021.8.17.2310,Vara Única da Comarca de Bom Jardim,18/06/2026,Prioridade Legal,11
5ª CCJ,0000984-25.2013.8.17.0310,Vara Única da Comarca de Bom Jardim,29/05/2026,Prioridade Legal,31
6ª CC,0001206-21.2024.8.17.2310,Vara Única da Comarca de Bom Jardim,20/06/2026,Prioridade Legal,9
5ª CCJ,0000031-37.1990.8.17.0320,Vara Única da Comarca de Bonito,18/05/2026,Prioridade Legal,42
6ª CC,0000287-07.2021.8.17.2320,Vara Única da Comarca de Bonito,10/06/2026,Prioridade Legal,0
6ª CC,0000675-61.2019.8.17.0320,Vara Única da Comarca de Bonito,19/06/2026,Sem prioridade,0
5ª CCJ,0000728-51.2022.8.17.2320,Vara Única da Comarca de Bonito,18/06/2026,Sem prioridade,12
6ª CC,0000746-72.2022.8.17.2320,Vara Única da Comarca de Bonito,17/06/2026,Prioridade Legal,0
PARTIDOR,0000763-16.2019.8.17.2320,Vara Única da Comarca de Bonito,17/06/2026,Prioridade Legal,12
6ª CC,0000782-80.2023.8.17.2320,Vara Única da Comarca de Bonito,17/06/2026,Prioridade Legal,12
5ª CCJ,0000870-89.2021.8.17.2320,Vara Única da Comarca de Bonito,15/06/2026,Prioridade Legal,15
5ª CCJ,0001146-86.2022.8.17.2320,Vara Única da Comarca de Bonito,26/05/2026,Sem prioridade,34
6ª CC,0001520-05.2022.8.17.2320,Vara Única da Comarca de Bonito,18/06/2026,Prioridade Legal,0
6ª CC,0000002-46.2024.8.17.5250,Vara Única da Comarca de Brejo da Madre de Deus,19/06/2026,Prioridade Legal,0
6ª CC,0000015-70.2020.8.17.0340,Vara Única da Comarca de Brejo da Madre de Deus,19/06/2026,Sem prioridade,0
6ª CC,0000108-08.2024.8.17.2340,Vara Única da Comarca de Brejo da Madre de Deus,17/06/2026,Prioridade Legal,0
6ª CC,0000192-09.2024.8.17.5250,Vara Única da Comarca de Brejo da Madre de Deus,19/06/2026,Prioridade Legal,0
5ª CCJ,0000262-31.2021.8.17.2340,Vara Única da Comarca de Brejo da Madre de Deus,15/06/2026,Prioridade Legal,14
6ª CC,0000264-08.2025.8.17.7110,Vara Única da Comarca de Brejo da Madre de Deus,19/06/2026,Prioridade Legal,0
5ª CCJ,0000299-19.2025.8.17.2340,Vara Única da Comarca de Brejo da Madre de Deus,15/06/2026,Prioridade Legal,14
6ª CC,0000396-87.2023.8.17.5250,Vara Única da Comarca de Brejo da Madre de Deus,19/06/2026,Prioridade Legal,0
6ª CC,0000606-46.2020.8.17.2340,Vara Única da Comarca de Brejo da Madre de Deus,19/06/2026,Prioridade Legal,10
6ª CC,0000968-72.2025.8.17.2340,Vara Única da Comarca de Brejo da Madre de Deus,19/06/2026,Prioridade Legal,10
6ª CC,0001304-13.2024.8.17.2340,Vara Única da Comarca de Brejo da Madre de Deus,15/06/2026,Prioridade Legal,0
6ª CC,0001774-89.2025.8.17.4480,Vara Única da Comarca de Brejo da Madre de Deus,12/06/2026,Prioridade Legal,0
6ª CC,0000001-59.2021.8.17.5220,Vara Única da Comarca de Buíque,17/06/2026,Prioridade Legal,0
6ª CC,0000034-25.2023.8.17.2360,Vara Única da Comarca de Buíque,15/06/2026,Prioridade Legal,14
6ª CC,0000242-30.2002.8.17.0360,Vara Única da Comarca de Buíque,17/06/2026,Sem prioridade,12
6ª CC,0000447-33.2026.8.17.2360,Vara Única da Comarca de Buíque,15/06/2026,Prioridade Legal,14
6ª CC,0000706-43.2017.8.17.2360,Vara Única da Comarca de Buíque,10/06/2026,Prioridade Legal,20
6ª CC,0000712-50.2017.8.17.2360,Vara Única da Comarca de Buíque,08/06/2026,Prioridade Legal,21
6ª CC,0001297-63.2021.8.17.2360,Vara Única da Comarca de Buíque,17/06/2026,Prioridade Legal,12
6ª CC,0001414-15.2025.8.17.2360,Vara Única da Comarca de Buíque,19/06/2026,Prioridade Legal,10
5ª CCJ,0001838-39.2008.8.17.0360,Vara Única da Comarca de Buíque,05/06/2026,Sem prioridade,24
6ª CC,0001983-16.2025.8.17.2360,Vara Única da Comarca de Buíque,19/06/2026,Prioridade Legal,10
6ª CC,0002143-41.2025.8.17.2360,Vara Única da Comarca de Buíque,17/06/2026,Prioridade Legal,12
2ª CC,0003347-62.2014.8.17.0370,1ª Vara Criminal da Comarca do Cabo de Santo Agostinho,15/06/2026,Sem prioridade,0
4ª CCJ,0000011-56.1991.8.17.0370,1ª Vara Cível da Comarca do Cabo de Santo Agostinho,12/06/2026,Sem prioridade,17
5ª CC,0000325-29.2022.8.17.2370,1ª Vara Cível da Comarca do Cabo de Santo Agostinho,19/05/2026,Prioridade Legal,41
4ª CCJ,0002009-18.2024.8.17.2370,1ª Vara Cível da Comarca do Cabo de Santo Agostinho,03/06/2026,Sem prioridade,26
4ª CCJ,0002042-76.2022.8.17.2370,1ª Vara Cível da Comarca do Cabo de Santo Agostinho,16/06/2026,Sem prioridade,13
4ª CCJ,0002822-22.2010.8.17.0370,1ª Vara Cível da Comarca do Cabo de Santo Agostinho,10/06/2026,Sem prioridade,19
5ª CC,0032803-56.2023.8.17.2370,1ª Vara Cível da Comarca do Cabo de Santo Agostinho,17/06/2026,Sem prioridade,12
2ª CC,0001211-87.2022.8.17.5810,2ª Vara Criminal da Comarca do Cabo de Santo Agostinho,19/06/2026,Prioridade Legal,0
2ª CC,0001355-61.2022.8.17.5810,2ª Vara Criminal da Comarca do Cabo de Santo Agostinho,19/06/2026,Prioridade Legal,0
2ª CC,0041833-18.2018.8.17.0810,2ª Vara Criminal da Comarca do Cabo de Santo Agostinho,19/06/2026,Sem prioridade,0
5ª CC,0000339-71.2026.8.17.2370,2ª Vara Cível da Comarca do Cabo de Santo Agostinho,07/06/2026,Prioridade Legal,22
5ª CC,0000900-03.2023.8.17.2370,2ª Vara Cível da Comarca do Cabo de Santo Agostinho,18/06/2026,Sem prioridade,11
5ª CC,0000901-22.2022.8.17.2370,2ª Vara Cível da Comarca do Cabo de Santo Agostinho,03/06/2026,Prioridade Legal,26
5ª CC,0001432-06.2025.8.17.2370,2ª Vara Cível da Comarca do Cabo de Santo Agostinho,03/06/2026,Prioridade Legal,26
5ª CC,0001539-16.2026.8.17.2370,2ª Vara Cível da Comarca do Cabo de Santo Agostinho,08/06/2026,Prioridade Legal,21
5ª CC,0001735-83.2026.8.17.2370,2ª Vara Cível da Comarca do Cabo de Santo Agostinho,10/06/2026,Prioridade Legal,19
5ª CC,0001941-97.2026.8.17.2370,2ª Vara Cível da Comarca do Cabo de Santo Agostinho,28/05/2026,Prioridade Legal,32
5ª CC,0003098-42.2025.8.17.2370,2ª Vara Cível da Comarca do Cabo de Santo Agostinho,05/06/2026,Sem prioridade,24
5ª CC,0004848-20.2025.8.17.2810,2ª Vara Cível da Comarca do Cabo de Santo Agostinho,14/06/2026,Sem prioridade,15
5ª CC,0005370-09.2025.8.17.2370,2ª Vara Cível da Comarca do Cabo de Santo Agostinho,04/06/2026,Sem prioridade,25
5ª CC,0005580-60.2025.8.17.2370,2ª Vara Cível da Comarca do Cabo de Santo Agostinho,16/06/2026,Prioridade Legal,13
5ª CC,0006899-63.2025.8.17.2370,2ª Vara Cível da Comarca do Cabo de Santo Agostinho,18/06/2026,Prioridade Legal,11
5ª CC,0008612-45.2014.8.17.0370,2ª Vara Cível da Comarca do Cabo de Santo Agostinho,18/06/2026,Sem prioridade,11
5ª CC,0008789-37.2025.8.17.2370,2ª Vara Cível da Comarca do Cabo de Santo Agostinho,08/06/2026,Prioridade Legal,21
4ª CCJ,0013701-82.2022.8.17.2370,2ª Vara Cível da Comarca do Cabo de Santo Agostinho,26/05/2026,Prioridade Legal,34
2ª CC,0000108-15.2024.8.17.2370,3ª Vara Criminal da Comarca do Cabo de Santo Agostinho,19/06/2026,Prioridade Legal,0
5ª CC,0000215-25.2025.8.17.2370,3ª Vara Cível da Comarca do Cabo de Santo Agostinho,08/06/2026,Prioridade Legal,21
5ª CC,0000379-87.2025.8.17.2370,3ª Vara Cível da Comarca do Cabo de Santo Agostinho,11/06/2026,Prioridade Legal,18
5ª CC,0000911-27.2026.8.17.2370,3ª Vara Cível da Comarca do Cabo de Santo Agostinho,10/06/2026,Prioridade Legal,19
5ª CC,0000980-59.2026.8.17.2370,3ª Vara Cível da Comarca do Cabo de Santo Agostinho,11/06/2026,Prioridade Legal,18
5ª CC,0001304-98.2016.8.17.2370,3ª Vara Cível da Comarca do Cabo de Santo Agostinho,13/06/2026,Prioridade Legal,16
5ª CC,0001473-07.2024.8.17.2370,3ª Vara Cível da Comarca do Cabo de Santo Agostinho,27/05/2026,Prioridade Legal,33
5ª CC,0001666-85.2025.8.17.2370,3ª Vara Cível da Comarca do Cabo de Santo Agostinho,03/06/2026,Sem prioridade,26
5ª CC,0002476-60.2025.8.17.2370,3ª Vara Cível da Comarca do Cabo de Santo Agostinho,08/06/2026,Prioridade Legal,21
5ª CC,0002763-23.2025.8.17.2370,3ª Vara Cível da Comarca do Cabo de Santo Agostinho,15/06/2026,Prioridade Legal,14
5ª CC,0003413-70.2025.8.17.2370,3ª Vara Cível da Comarca do Cabo de Santo Agostinho,03/06/2026,Prioridade Legal,26
5ª CC,0004156-56.2020.8.17.2370,3ª Vara Cível da Comarca do Cabo de Santo Agostinho,11/06/2026,Sem prioridade,18
5ª CC,0005475-20.2024.8.17.2370,3ª Vara Cível da Comarca do Cabo de Santo Agostinho,19/06/2026,Prioridade Legal,10
5ª CC,0005719-18.2013.8.17.0370,3ª Vara Cível da Comarca do Cabo de Santo Agostinho,13/06/2026,Sem prioridade,16
5ª CC,0008186-61.2025.8.17.2370,3ª Vara Cível da Comarca do Cabo de Santo Agostinho,08/06/2026,Prioridade Legal,21
5ª CC,0009163-87.2024.8.17.2370,3ª Vara Cível da Comarca do Cabo de Santo Agostinho,03/06/2026,Prioridade Legal,26
5ª CC,0009661-52.2025.8.17.2370,3ª Vara Cível da Comarca do Cabo de Santo Agostinho,09/06/2026,Prioridade Legal,20
5ª CC,0009781-32.2024.8.17.2370,3ª Vara Cível da Comarca do Cabo de Santo Agostinho,18/06/2026,Prioridade Legal,11
5ª CC,0015275-43.2022.8.17.2370,3ª Vara Cível da Comarca do Cabo de Santo Agostinho,13/06/2026,Sem prioridade,16
5ª CC,0026497-42.2021.8.17.2370,3ª Vara Cível da Comarca do Cabo de Santo Agostinho,18/06/2026,Prioridade Legal,11
5ª CC,0000315-92.2016.8.17.2370,4ª Vara Cível da Comarca do Cabo de Santo Agostinho,12/06/2026,Prioridade Legal,17
5ª CC,0000585-38.2024.8.17.2370,4ª Vara Cível da Comarca do Cabo de Santo Agostinho,04/06/2026,Prioridade Legal,25
5ª CC,0001559-75.2024.8.17.2370,4ª Vara Cível da Comarca do Cabo de Santo Agostinho,14/06/2026,Prioridade Legal,15
4ª CCJ,0003076-96.2016.8.17.2370,4ª Vara Cível da Comarca do Cabo de Santo Agostinho,02/06/2026,Sem prioridade,27
5ª CC,0003258-04.2024.8.17.2370,4ª Vara Cível da Comarca do Cabo de Santo Agostinho,04/06/2026,Prioridade Legal,25
5ª CC,0003274-27.2013.8.17.0370,4ª Vara Cível da Comarca do Cabo de Santo Agostinho,27/05/2026,Super prioridade,33
5ª CC,0004060-65.2025.8.17.2370,4ª Vara Cível da Comarca do Cabo de Santo Agostinho,26/05/2026,Prioridade Legal,34
5ª CC,0010928-40.2017.8.17.2370,4ª Vara Cível da Comarca do Cabo de Santo Agostinho,14/06/2026,Prioridade Legal,15
5ª CC,0010962-73.2021.8.17.2370,4ª Vara Cível da Comarca do Cabo de Santo Agostinho,09/06/2026,Prioridade Legal,20
5ª CC,0012889-40.2022.8.17.2370,4ª Vara Cível da Comarca do Cabo de Santo Agostinho,14/06/2026,Prioridade Legal,15
5ª CC,0018705-37.2021.8.17.2370,4ª Vara Cível da Comarca do Cabo de Santo Agostinho,08/06/2026,Sem prioridade,21
5ª CC,0018985-37.2023.8.17.2370,4ª Vara Cível da Comarca do Cabo de Santo Agostinho,09/06/2026,Prioridade Legal,20
5ª CC,0021034-51.2023.8.17.2370,4ª Vara Cível da Comarca do Cabo de Santo Agostinho,04/06/2026,Prioridade Legal,25
4ª CCJ,0032433-77.2023.8.17.2370,4ª Vara Cível da Comarca do Cabo de Santo Agostinho,10/06/2026,Prioridade Legal,19
5ª CC,0039304-26.2023.8.17.2370,4ª Vara Cível da Comarca do Cabo de Santo Agostinho,14/06/2026,Prioridade Legal,15
5ª CC,0000047-23.2025.8.17.2370,5ª Vara Cível da Comarca do Cabo de Santo Agostinho,09/06/2026,Sem prioridade,20
5ª CC,0000286-42.2016.8.17.2370,5ª Vara Cível da Comarca do Cabo de Santo Agostinho,11/06/2026,Prioridade Legal,18
5ª CC,0001064-75.2017.8.17.2370,5ª Vara Cível da Comarca do Cabo de Santo Agostinho,02/06/2026,Sem prioridade,27
5ª CC,0001805-08.2023.8.17.2370,5ª Vara Cível da Comarca do Cabo de Santo Agostinho,16/06/2026,Prioridade Legal,13
5ª CC,0001828-51.2023.8.17.2370,5ª Vara Cível da Comarca do Cabo de Santo Agostinho,16/06/2026,Sem prioridade,13
5ª CC,0002116-28.2025.8.17.2370,5ª Vara Cível da Comarca do Cabo de Santo Agostinho,16/06/2026,Prioridade Legal,13
5ª CC,0004024-38.2016.8.17.2370,5ª Vara Cível da Comarca do Cabo de Santo Agostinho,17/06/2026,Prioridade Legal,12
5ª CC,0004067-57.2025.8.17.2370,5ª Vara Cível da Comarca do Cabo de Santo Agostinho,05/06/2026,Prioridade Legal,24
5ª CC,0004617-28.2020.8.17.2370,5ª Vara Cível da Comarca do Cabo de Santo Agostinho,04/06/2026,Sem prioridade,25
5ª CC,0006556-67.2025.8.17.2370,5ª Vara Cível da Comarca do Cabo de Santo Agostinho,17/06/2026,Prioridade Legal,12
5ª CC,0008843-37.2024.8.17.2370,5ª Vara Cível da Comarca do Cabo de Santo Agostinho,15/06/2026,Sem prioridade,14
5ª CC,0008916-72.2025.8.17.2370,5ª Vara Cível da Comarca do Cabo de Santo Agostinho,03/06/2026,Prioridade Legal,26
4ª CCJ,0011661-64.2021.8.17.2370,5ª Vara Cível da Comarca do Cabo de Santo Agostinho,26/05/2026,Prioridade Legal,34
4ª CCJ,0013706-46.2018.8.17.2370,5ª Vara Cível da Comarca do Cabo de Santo Agostinho,29/05/2026,Prioridade Legal,31
5ª CC,0014554-28.2021.8.17.2370,5ª Vara Cível da Comarca do Cabo de Santo Agostinho,09/06/2026,Sem prioridade,20
5ª CC,0022871-44.2023.8.17.2370,5ª Vara Cível da Comarca do Cabo de Santo Agostinho,17/06/2026,Prioridade Legal,12
5ª CC,0064538-79.2025.8.17.2001,5ª Vara Cível da Comarca do Cabo de Santo Agostinho,20/06/2026,Prioridade Legal,9
1ª CCJ,0000022-48.2024.8.17.8221,Juizado Especial Cível e das Relações de Consumo do Cabo de Santo Agostinho - Turno Manhã - 08:00h às 14:00h,25/05/2026,Prioridade Legal,35
1ª CCJ,0000061-74.2026.8.17.8221,Juizado Especial Cível e das Relações de Consumo do Cabo de Santo Agostinho - Turno Manhã - 08:00h às 14:00h,26/06/2026,Prioridade Legal,4
1ª CCJ,0000184-09.2025.8.17.8221,Juizado Especial Cível e das Relações de Consumo do Cabo de Santo Agostinho - Turno Manhã - 08:00h às 14:00h,30/05/2026,Prioridade Legal,30
1ª CCJ,0000188-12.2026.8.17.8221,Juizado Especial Cível e das Relações de Consumo do Cabo de Santo Agostinho - Turno Manhã - 08:00h às 14:00h,26/06/2026,Prioridade Legal,4
1ª CCJ,0000273-66.2024.8.17.8221,Juizado Especial Cível e das Relações de Consumo do Cabo de Santo Agostinho - Turno Manhã - 08:00h às 14:00h,01/06/2026,Prioridade Legal,28
1ª CCJ,0000390-91.2023.8.17.8221,Juizado Especial Cível e das Relações de Consumo do Cabo de Santo Agostinho - Turno Manhã - 08:00h às 14:00h,28/05/2026,Prioridade Legal,32
1ª CCJ,0000391-42.2024.8.17.8221,Juizado Especial Cível e das Relações de Consumo do Cabo de Santo Agostinho - Turno Manhã - 08:00h às 14:00h,09/06/2026,Prioridade Legal,20
1ª CCJ,0000412-47.2026.8.17.8221,Juizado Especial Cível e das Relações de Consumo do Cabo de Santo Agostinho - Turno Manhã - 08:00h às 14:00h,28/05/2026,Prioridade Legal,32
1ª CCJ,0000466-47.2025.8.17.8221,Juizado Especial Cível e das Relações de Consumo do Cabo de Santo Agostinho - Turno Manhã - 08:00h às 14:00h,29/04/2026,Prioridade Legal,61
1ª CCJ,0000511-51.2025.8.17.8221,Juizado Especial Cível e das Relações de Consumo do Cabo de Santo Agostinho - Turno Manhã - 08:00h às 14:00h,02/06/2026,Prioridade Legal,28
1ª CCJ,0000702-09.2019.8.17.8221,Juizado Especial Cível e das Relações de Consumo do Cabo de Santo Agostinho - Turno Manhã - 08:00h às 14:00h,05/05/2026,Prioridade Legal,55
1ª CCJ,0000892-98.2021.8.17.8221,Juizado Especial Cível e das Relações de Consumo do Cabo de Santo Agostinho - Turno Manhã - 08:00h às 14:00h,19/06/2026,Prioridade Legal,10
1ª CCJ,0001263-62.2021.8.17.8221,Juizado Especial Cível e das Relações de Consumo do Cabo de Santo Agostinho - Turno Manhã - 08:00h às 14:00h,05/06/2026,Prioridade Legal,24
1ª CCJ,0001423-82.2024.8.17.8221,Juizado Especial Cível e das Relações de Consumo do Cabo de Santo Agostinho - Turno Manhã - 08:00h às 14:00h,27/05/2026,Sem prioridade,33
1ª CCJ,0001451-84.2023.8.17.8221,Juizado Especial Cível e das Relações de Consumo do Cabo de Santo Agostinho - Turno Manhã - 08:00h às 14:00h,09/06/2026,Prioridade Legal,20
1ª CCJ,0001522-18.2025.8.17.8221,Juizado Especial Cível e das Relações de Consumo do Cabo de Santo Agostinho - Turno Manhã - 08:00h às 14:00h,29/04/2026,Prioridade Legal,61
1ª CCJ,0001642-61.2025.8.17.8221,Juizado Especial Cível e das Relações de Consumo do Cabo de Santo Agostinho - Turno Manhã - 08:00h às 14:00h,21/05/2026,Prioridade Legal,39
1ª CCJ,0001701-20.2023.8.17.8221,Juizado Especial Cível e das Relações de Consumo do Cabo de Santo Agostinho - Turno Manhã - 08:00h às 14:00h,17/06/2026,Prioridade Legal,12
1ª CCJ,0001747-72.2024.8.17.8221,Juizado Especial Cível e das Relações de Consumo do Cabo de Santo Agostinho - Turno Manhã - 08:00h às 14:00h,21/05/2026,Prioridade Legal,39
1ª CCJ,0001758-04.2024.8.17.8221,Juizado Especial Cível e das Relações de Consumo do Cabo de Santo Agostinho - Turno Manhã - 08:00h às 14:00h,19/06/2026,Prioridade Legal,10
1ª CCJ,0001802-86.2025.8.17.8221,Juizado Especial Cível e das Relações de Consumo do Cabo de Santo Agostinho - Turno Manhã - 08:00h às 14:00h,18/06/2026,Prioridade Legal,11
1ª CCJ,0001880-80.2025.8.17.8221,Juizado Especial Cível e das Relações de Consumo do Cabo de Santo Agostinho - Turno Manhã - 08:00h às 14:00h,09/06/2026,Prioridade Legal,20
1ª CCJ,0001886-87.2025.8.17.8221,Juizado Especial Cível e das Relações de Consumo do Cabo de Santo Agostinho - Turno Manhã - 08:00h às 14:00h,04/05/2026,Prioridade Legal,56
1ª CCJ,0002519-98.2025.8.17.8221,Juizado Especial Cível e das Relações de Consumo do Cabo de Santo Agostinho - Turno Manhã - 08:00h às 14:00h,28/04/2026,Prioridade Legal,62
1ª CCJ,0002521-68.2025.8.17.8221,Juizado Especial Cível e das Relações de Consumo do Cabo de Santo Agostinho - Turno Manhã - 08:00h às 14:00h,28/05/2026,Prioridade Legal,33
2ª CC,0000541-27.2003.8.17.0730,Vara Regional do Tribunal do Júri do Cabo de Santo Agostinho e Ipojuca,15/06/2026,Prioridade Legal,0
4ª CC,0000160-55.2017.8.17.2370,Vara da Fazenda Pública da Comarca do Cabo de Santo Agostinho,08/06/2026,Prioridade Legal,21
4ª CC,0000736-44.2011.8.17.0370,Vara da Fazenda Pública da Comarca do Cabo de Santo Agostinho,11/06/2026,Prioridade Legal,19
4ª CC,0000949-73.2025.8.17.2370,Vara da Fazenda Pública da Comarca do Cabo de Santo Agostinho,07/06/2026,Sem prioridade,22
2ª CCJ,0001242-24.2017.8.17.2370,Vara da Fazenda Pública da Comarca do Cabo de Santo Agostinho,30/05/2026,Prioridade Legal,30
2ª CCJ,0001797-75.2016.8.17.2370,Vara da Fazenda Pública da Comarca do Cabo de Santo Agostinho,21/05/2026,Prioridade Legal,39
4ª CC,0002191-09.2021.8.17.2370,Vara da Fazenda Pública da Comarca do Cabo de Santo Agostinho,10/06/2026,Sem prioridade,19
4ª CC,0002352-58.2017.8.17.2370,Vara da Fazenda Pública da Comarca do Cabo de Santo Agostinho,11/06/2026,Prioridade Legal,18
4ª CC,0003189-79.2018.8.17.2370,Vara da Fazenda Pública da Comarca do Cabo de Santo Agostinho,10/06/2026,Sem prioridade,19
4ª CC,0004055-14.2023.8.17.2370,Vara da Fazenda Pública da Comarca do Cabo de Santo Agostinho,10/06/2026,Sem prioridade,19
2ª CCJ,0004233-95.2013.8.17.0370,Vara da Fazenda Pública da Comarca do Cabo de Santo Agostinho,10/06/2026,Prioridade Legal,19
4ª CC,0004289-41.2007.8.17.0370,Vara da Fazenda Pública da Comarca do Cabo de Santo Agostinho,18/06/2026,Prioridade Legal,11
2ª CCJ,0004342-22.2007.8.17.0370,Vara da Fazenda Pública da Comarca do Cabo de Santo Agostinho,27/05/2026,Sem prioridade,33
4ª CC,0005509-58.2025.8.17.2370,Vara da Fazenda Pública da Comarca do Cabo de Santo Agostinho,09/06/2026,Prioridade Legal,20
2ª CCJ,0005625-12.2009.8.17.0370,Vara da Fazenda Pública da Comarca do Cabo de Santo Agostinho,02/06/2026,Prioridade Legal,27
2ª CCJ,0008194-44.2013.8.17.0370,Vara da Fazenda Pública da Comarca do Cabo de Santo Agostinho,08/06/2026,Sem prioridade,21
2ª CCJ,0009675-12.2020.8.17.2370,Vara da Fazenda Pública da Comarca do Cabo de Santo Agostinho,29/05/2026,Prioridade Legal,31
2ª CCJ,0010002-59.2017.8.17.2370,Vara da Fazenda Pública da Comarca do Cabo de Santo Agostinho,16/06/2026,Prioridade Legal,13
2ª CCJ,0014190-61.2018.8.17.2370,Vara da Fazenda Pública da Comarca do Cabo de Santo Agostinho,30/04/2026,Prioridade Legal,60
2ª CCJ,0018982-82.2023.8.17.2370,Vara da Fazenda Pública da Comarca do Cabo de Santo Agostinho,25/05/2026,Prioridade Legal,35
4ª CC,0019030-80.2019.8.17.2370,Vara da Fazenda Pública da Comarca do Cabo de Santo Agostinho,09/06/2026,Sem prioridade,20
4ª CC,0020502-19.2019.8.17.2370,Vara da Fazenda Pública da Comarca do Cabo de Santo Agostinho,11/06/2026,Sem prioridade,18
4ª CC,0020517-17.2021.8.17.2370,Vara da Fazenda Pública da Comarca do Cabo de Santo Agostinho,02/06/2026,Prioridade Legal,27
2ª CCJ,0020746-06.2023.8.17.2370,Vara da Fazenda Pública da Comarca do Cabo de Santo Agostinho,05/06/2026,Prioridade Legal,24
4ª CC,0026110-95.2019.8.17.2370,Vara da Fazenda Pública da Comarca do Cabo de Santo Agostinho,11/06/2026,Prioridade Legal,18
2ª CCJ,0029619-34.2019.8.17.2370,Vara da Fazenda Pública da Comarca do Cabo de Santo Agostinho,28/05/2026,Prioridade Legal,32
2ª CCJ,0029620-19.2019.8.17.2370,Vara da Fazenda Pública da Comarca do Cabo de Santo Agostinho,29/05/2026,Prioridade Legal,31
4ª CC,0036627-28.2020.8.17.2370,Vara da Fazenda Pública da Comarca do Cabo de Santo Agostinho,16/06/2026,Prioridade Legal,13
4ª CC,0036982-38.2020.8.17.2370,Vara da Fazenda Pública da Comarca do Cabo de Santo Agostinho,10/06/2026,Prioridade Legal,19
2ª CC,0001284-43.2024.8.17.4370,Vara de Violência Doméstica e Familiar Contra Mulher do Cabo de Santo Agostinho,15/06/2026,Prioridade Legal,0
2ª CC,0001295-54.2023.8.17.5810,Vara de Violência Doméstica e Familiar Contra Mulher do Cabo de Santo Agostinho,18/06/2026,Sem prioridade,0
7ª CC,0000110-19.2016.8.17.0380,1ª Vara da Comarca de Cabrobó,17/06/2026,Prioridade Legal,12
6ª CCJ,0000120-38.2020.8.17.2380,1ª Vara da Comarca de Cabrobó,17/06/2026,Sem prioridade,12
7ª CC,0000212-67.2024.8.17.5260,1ª Vara da Comarca de Cabrobó,12/06/2026,Sem prioridade,0
7ª CC,0000296-34.2025.8.17.5260,1ª Vara da Comarca de Cabrobó,19/06/2026,Prioridade Legal,0
7ª CC,0000585-04.2018.8.17.0380,1ª Vara da Comarca de Cabrobó,19/06/2026,Sem prioridade,0
7ª CC,0000687-40.2018.8.17.2380,1ª Vara da Comarca de Cabrobó,18/06/2026,Prioridade Legal,11
7ª CC,0000925-49.2024.8.17.2380,1ª Vara da Comarca de Cabrobó,19/06/2026,Prioridade Legal,0
7ª CC,0000983-63.2009.8.17.0380,1ª Vara da Comarca de Cabrobó,16/06/2026,Sem prioridade,13
7ª CC,0001177-86.2023.8.17.2380,1ª Vara da Comarca de Cabrobó,16/06/2026,Sem prioridade,13
7ª CC,0001581-80.2010.8.17.0380,1ª Vara da Comarca de Cabrobó,15/06/2026,Prioridade Legal,14
7ª CC,0002062-03.2023.8.17.2380,1ª Vara da Comarca de Cabrobó,18/06/2026,Sem prioridade,11
7ª CC,0000088-57.2025.8.17.2380,2ª Vara da Comarca de Cabrobó,18/06/2026,Prioridade Legal,11
7ª CC,0000194-53.2024.8.17.2380,2ª Vara da Comarca de Cabrobó,15/06/2026,Prioridade Legal,14
6ª CCJ,0000231-86.2012.8.17.0380,2ª Vara da Comarca de Cabrobó,02/06/2026,Prioridade Legal,27
7ª CC,0000467-95.2025.8.17.2380,2ª Vara da Comarca de Cabrobó,17/06/2026,Prioridade Legal,12
6ª CCJ,0000667-39.2024.8.17.2380,2ª Vara da Comarca de Cabrobó,01/06/2026,Prioridade Legal,28
6ª CCJ,0000781-46.2022.8.17.2380,2ª Vara da Comarca de Cabrobó,01/06/2026,Prioridade Legal,28
7ª CC,0001582-89.2015.8.17.0380,2ª Vara da Comarca de Cabrobó,12/06/2026,Prioridade Legal,17
7ª CC,0001694-57.2024.8.17.2380,2ª Vara da Comarca de Cabrobó,19/06/2026,Prioridade Legal,10
6ª CCJ,0002222-62.2022.8.17.2380,2ª Vara da Comarca de Cabrobó,28/05/2026,Prioridade Legal,32
5ª CCJ,0000064-54.2003.8.17.0390,Vara Única da Comarca de Cachoeirinha,01/06/2026,Sem prioridade,28
5ª CCJ,0000065-91.2019.8.17.2390,Vara Única da Comarca de Cachoeirinha,16/06/2026,Prioridade Legal,14
5ª CCJ,0000082-93.2020.8.17.2390,Vara Única da Comarca de Cachoeirinha,16/06/2026,Sem prioridade,13
6ª CC,0000174-66.2023.8.17.2390,Vara Única da Comarca de Cachoeirinha,17/06/2026,Prioridade Legal,12
5ª CCJ,0000268-82.2021.8.17.2390,Vara Única da Comarca de Cachoeirinha,17/06/2026,Prioridade Legal,12
6ª CC,0000270-13.2025.8.17.2390,Vara Única da Comarca de Cachoeirinha,12/06/2026,Prioridade Legal,17
6ª CC,0000327-02.2023.8.17.2390,Vara Única da Comarca de Cachoeirinha,19/06/2026,Prioridade Legal,0
6ª CC,0000356-81.2025.8.17.2390,Vara Única da Comarca de Cachoeirinha,16/06/2026,Prioridade Legal,13
6ª CC,0000444-62.2012.8.17.0390,Vara Única da Comarca de Cachoeirinha,17/06/2026,Sem prioridade,12
6ª CC,0000448-02.2012.8.17.0390,Vara Única da Comarca de Cachoeirinha,17/06/2026,Sem prioridade,12
6ª CC,0000500-90.2025.8.17.4480,Vara Única da Comarca de Cachoeirinha,19/06/2026,Sem prioridade,10
6ª CC,0000580-19.2025.8.17.2390,Vara Única da Comarca de Cachoeirinha,16/06/2026,Prioridade Legal,13
6ª CC,0000621-88.2022.8.17.2390,Vara Única da Comarca de Cachoeirinha,18/06/2026,Prioridade Legal,11
6ª CC,0000724-63.2023.8.17.2260,Vara Única da Comarca de Cachoeirinha,11/06/2026,Prioridade Legal,18
6ª CC,0005391-82.2021.8.17.2480,Vara Única da Comarca de Cachoeirinha,17/06/2026,Sem prioridade,12
5ª CCJ,0000004-35.2021.8.17.2400,Vara Única da Comarca de Caetés,09/06/2026,Prioridade Legal,20
6ª CC,0000006-68.2022.8.17.2400,Vara Única da Comarca de Caetés,15/06/2026,Prioridade Legal,0
5ª CCJ,0000105-38.2022.8.17.2400,Vara Única da Comarca de Caetés,04/06/2026,Prioridade Legal,26
6ª CC,0000153-89.2025.8.17.2400,Vara Única da Comarca de Caetés,16/06/2026,Sem prioridade,13
5ª CCJ,0000165-45.2021.8.17.2400,Vara Única da Comarca de Caetés,08/06/2026,Prioridade Legal,21
6ª CC,0000216-80.2026.8.17.2400,Vara Única da Comarca de Caetés,16/06/2026,Prioridade Legal,13
5ª CCJ,0000296-20.2021.8.17.2400,Vara Única da Comarca de Caetés,04/06/2026,Prioridade Legal,25
6ª CC,0000310-62.2025.8.17.2400,Vara Única da Comarca de Caetés,16/06/2026,Prioridade Legal,14
5ª CCJ,0000321-33.2021.8.17.2400,Vara Única da Comarca de Caetés,02/06/2026,Prioridade Legal,27
6ª CC,0000421-46.2025.8.17.2400,Vara Única da Comarca de Caetés,18/06/2026,Prioridade Legal,11
6ª CC,0000505-82.2015.8.17.0400,Vara Única da Comarca de Caetés,18/06/2026,Sem prioridade,0
6ª CC,0000508-12.2019.8.17.2400,Vara Única da Comarca de Caetés,17/06/2026,Sem prioridade,12
6ª CC,0000519-41.2019.8.17.2400,Vara Única da Comarca de Caetés,17/06/2026,Sem prioridade,12
6ª CC,0000520-26.2019.8.17.2400,Vara Única da Comarca de Caetés,17/06/2026,Sem prioridade,12
6ª CC,0000524-63.2019.8.17.2400,Vara Única da Comarca de Caetés,17/06/2026,Sem prioridade,12
6ª CC,0000580-96.2019.8.17.2400,Vara Única da Comarca de Caetés,17/06/2026,Sem prioridade,12
6ª CC,0000582-03.2018.8.17.2400,Vara Única da Comarca de Caetés,17/06/2026,Sem prioridade,12
6ª CC,0000582-66.2019.8.17.2400,Vara Única da Comarca de Caetés,17/06/2026,Sem prioridade,12
6ª CC,0000583-51.2019.8.17.2400,Vara Única da Comarca de Caetés,17/06/2026,Sem prioridade,12
6ª CC,0000589-58.2019.8.17.2400,Vara Única da Comarca de Caetés,17/06/2026,Sem prioridade,12
6ª CC,0000591-28.2019.8.17.2400,Vara Única da Comarca de Caetés,17/06/2026,Sem prioridade,12
5ª CCJ,0000615-17.2023.8.17.2400,Vara Única da Comarca de Caetés,18/06/2026,Super prioridade,11
5ª CCJ,0000719-43.2022.8.17.2400,Vara Única da Comarca de Caetés,25/05/2026,Prioridade Legal,35
5ª CCJ,0000780-30.2024.8.17.2400,Vara Única da Comarca de Caetés,17/06/2026,Sem prioridade,12
6ª CC,0000781-15.2024.8.17.2400,Vara Única da Comarca de Caetés,17/06/2026,Sem prioridade,12
2ª CC,0000950-20.2025.8.17.5810,1ª Vara Criminal da Comarca de Camaragibe,17/06/2026,Prioridade Legal,0
2ª CC,0002023-20.2025.8.17.4810,1ª Vara Criminal da Comarca de Camaragibe,15/06/2026,Prioridade Legal,0
2ª CC,0002051-92.2025.8.17.5810,1ª Vara Criminal da Comarca de Camaragibe,16/06/2026,Prioridade Legal,0
2ª CC,0004323-44.2025.8.17.2420,1ª Vara Criminal da Comarca de Camaragibe,19/06/2026,Prioridade Legal,0
4ª CCJ,0001363-15.1999.8.17.0420,1ª Vara Cível da Comarca de Camaragibe,17/06/2026,Sem prioridade,12
5ª CC,0001814-83.2012.8.17.0420,1ª Vara Cível da Comarca de Camaragibe,08/06/2026,Sem prioridade,21
5ª CC,0002336-46.2020.8.17.2420,1ª Vara Cível da Comarca de Camaragibe,15/06/2026,Sem prioridade,14
5ª CC,0002550-04.2012.8.17.0420,1ª Vara Cível da Comarca de Camaragibe,05/06/2026,Prioridade Legal,24
5ª CC,0004419-35.2020.8.17.2420,1ª Vara Cível da Comarca de Camaragibe,11/06/2026,Sem prioridade,18
5ª CC,0004501-90.2025.8.17.2420,1ª Vara Cível da Comarca de Camaragibe,08/06/2026,Prioridade Legal,21
4ª CCJ,0005549-84.2025.8.17.2420,1ª Vara Cível da Comarca de Camaragibe,09/06/2026,Prioridade Legal,20
4ª CCJ,0008783-84.2019.8.17.2420,1ª Vara Cível da Comarca de Camaragibe,03/06/2026,Prioridade Legal,26
5ª CC,0009607-14.2017.8.17.2420,1ª Vara Cível da Comarca de Camaragibe,30/05/2026,Sem prioridade,30
4ª CCJ,0013183-44.2019.8.17.2420,1ª Vara Cível da Comarca de Camaragibe,26/05/2026,Sem prioridade,34
4ª CCJ,0014027-62.2017.8.17.2420,1ª Vara Cível da Comarca de Camaragibe,01/06/2026,Prioridade Legal,28
5ª CC,0026209-07.2022.8.17.2420,1ª Vara Cível da Comarca de Camaragibe,19/06/2026,Prioridade Legal,10
2ª CC,0001458-56.2025.8.17.4810,2ª Vara Criminal da Comarca de Camaragibe,15/06/2026,Prioridade Legal,0
2ª CC,0001914-13.2025.8.17.5810,2ª Vara Criminal da Comarca de Camaragibe,19/06/2026,Prioridade Legal,0
2ª CC,0013276-31.2024.8.17.2420,2ª Vara Criminal da Comarca de Camaragibe,15/06/2026,Prioridade Legal,0
5ª CC,0000213-36.2024.8.17.2420,2ª Vara Cível da Comarca de Camaragibe,05/06/2026,Prioridade Legal,24
5ª CC,0000287-56.2025.8.17.2420,2ª Vara Cível da Comarca de Camaragibe,08/06/2026,Prioridade Legal,21
5ª CC,0000454-79.2013.8.17.0420,2ª Vara Cível da Comarca de Camaragibe,16/06/2026,Sem prioridade,13
5ª CC,0000831-41.1999.8.17.0420,2ª Vara Cível da Comarca de Camaragibe,11/06/2026,Sem prioridade,18
5ª CC,0000921-92.2012.8.17.0420,2ª Vara Cível da Comarca de Camaragibe,04/06/2026,Sem prioridade,25
5ª CC,0001145-87.2025.8.17.2420,2ª Vara Cível da Comarca de Camaragibe,09/06/2026,Prioridade Legal,20
5ª CC,0001285-24.2025.8.17.2420,2ª Vara Cível da Comarca de Camaragibe,12/06/2026,Prioridade Legal,17
4ª CCJ,0001352-68.2008.8.17.0420,2ª Vara Cível da Comarca de Camaragibe,25/05/2026,Sem prioridade,35
5ª CC,0001812-54.2017.8.17.2420,2ª Vara Cível da Comarca de Camaragibe,11/06/2026,Prioridade Legal,18
5ª CC,0001816-53.2012.8.17.0420,2ª Vara Cível da Comarca de Camaragibe,09/06/2026,Prioridade Legal,20
5ª CC,0002253-54.2025.8.17.2420,2ª Vara Cível da Comarca de Camaragibe,18/06/2026,Prioridade Legal,11
5ª CC,0002414-64.2025.8.17.2420,2ª Vara Cível da Comarca de Camaragibe,04/06/2026,Prioridade Legal,25
5ª CC,0002449-74.2006.8.17.0420,2ª Vara Cível da Comarca de Camaragibe,05/06/2026,Sem prioridade,24
5ª CC,0002949-37.2018.8.17.2420,2ª Vara Cível da Comarca de Camaragibe,09/06/2026,Prioridade Legal,20
5ª CC,0003257-39.2019.8.17.2420,2ª Vara Cível da Comarca de Camaragibe,11/06/2026,Prioridade Legal,18
5ª CC,0004032-16.2014.8.17.0420,2ª Vara Cível da Comarca de Camaragibe,04/06/2026,Sem prioridade,25
5ª CC,0004096-94.2012.8.17.0420,2ª Vara Cível da Comarca de Camaragibe,04/06/2026,Prioridade Legal,25
5ª CC,0004788-59.2013.8.17.0420,2ª Vara Cível da Comarca de Camaragibe,04/06/2026,Sem prioridade,25
5ª CC,0005089-97.2025.8.17.2420,2ª Vara Cível da Comarca de Camaragibe,09/06/2026,Prioridade Legal,20
4ª CCJ,0005188-67.2025.8.17.2420,2ª Vara Cível da Comarca de Camaragibe,08/06/2026,Prioridade Legal,21
5ª CC,0006184-65.2025.8.17.2420,2ª Vara Cível da Comarca de Camaragibe,09/06/2026,Prioridade Legal,20
5ª CC,0006829-61.2023.8.17.2420,2ª Vara Cível da Comarca de Camaragibe,18/06/2026,Prioridade Legal,11
4ª CCJ,0007379-22.2024.8.17.2420,2ª Vara Cível da Comarca de Camaragibe,15/06/2026,Prioridade Legal,14
5ª CC,0008115-84.2017.8.17.2420,2ª Vara Cível da Comarca de Camaragibe,09/06/2026,Prioridade Legal,20
5ª CC,0008611-45.2019.8.17.2420,2ª Vara Cível da Comarca de Camaragibe,09/06/2026,Prioridade Legal,20
5ª CC,0012060-79.2017.8.17.2420,2ª Vara Cível da Comarca de Camaragibe,05/06/2026,Sem prioridade,24
5ª CC,0014004-72.2024.8.17.2420,2ª Vara Cível da Comarca de Camaragibe,04/06/2026,Prioridade Legal,25
5ª CC,0016646-28.2018.8.17.2420,2ª Vara Cível da Comarca de Camaragibe,11/06/2026,Prioridade Legal,18
5ª CC,0018508-92.2022.8.17.2420,2ª Vara Cível da Comarca de Camaragibe,16/06/2026,Sem prioridade,13
5ª CC,0019833-68.2023.8.17.2420,2ª Vara Cível da Comarca de Camaragibe,16/06/2026,Prioridade Legal,13
5ª CC,0002597-06.2023.8.17.2420,3ª Vara Cível da Comarca de Camaragibe,10/06/2026,Sem prioridade,20
5ª CC,0002952-89.2018.8.17.2420,3ª Vara Cível da Comarca de Camaragibe,12/06/2026,Sem prioridade,17
5ª CC,0003171-34.2020.8.17.2420,3ª Vara Cível da Comarca de Camaragibe,19/06/2026,Sem prioridade,10
5ª CC,0003956-20.2025.8.17.2420,3ª Vara Cível da Comarca de Camaragibe,28/05/2026,Prioridade Legal,32
5ª CC,0006804-24.2018.8.17.2420,3ª Vara Cível da Comarca de Camaragibe,12/06/2026,Sem prioridade,17
5ª CC,0007390-95.2017.8.17.2420,3ª Vara Cível da Comarca de Camaragibe,12/06/2026,Sem prioridade,17
5ª CC,0008287-16.2023.8.17.2420,3ª Vara Cível da Comarca de Camaragibe,10/06/2026,Sem prioridade,20
5ª CC,0008614-34.2018.8.17.2420,3ª Vara Cível da Comarca de Camaragibe,10/06/2026,Sem prioridade,20
5ª CC,0008683-66.2018.8.17.2420,3ª Vara Cível da Comarca de Camaragibe,10/06/2026,Sem prioridade,20
5ª CC,0010097-02.2018.8.17.2420,3ª Vara Cível da Comarca de Camaragibe,10/06/2026,Sem prioridade,20
5ª CC,0010390-35.2019.8.17.2420,3ª Vara Cível da Comarca de Camaragibe,12/06/2026,Sem prioridade,17
5ª CC,0010781-87.2019.8.17.2420,3ª Vara Cível da Comarca de Camaragibe,10/06/2026,Sem prioridade,20
4ª CCJ,0011254-73.2019.8.17.2420,3ª Vara Cível da Comarca de Camaragibe,26/05/2026,Prioridade Legal,34
5ª CC,0011555-54.2018.8.17.2420,3ª Vara Cível da Comarca de Camaragibe,10/06/2026,Sem prioridade,20
5ª CC,0012264-89.2018.8.17.2420,3ª Vara Cível da Comarca de Camaragibe,10/06/2026,Sem prioridade,20
5ª CC,0013349-37.2023.8.17.2420,3ª Vara Cível da Comarca de Camaragibe,12/06/2026,Sem prioridade,17
5ª CC,0013453-29.2023.8.17.2420,3ª Vara Cível da Comarca de Camaragibe,12/06/2026,Sem prioridade,17
5ª CC,0013974-81.2017.8.17.2420,3ª Vara Cível da Comarca de Camaragibe,12/06/2026,Sem prioridade,17
5ª CC,0014022-40.2017.8.17.2420,3ª Vara Cível da Comarca de Camaragibe,12/06/2026,Sem prioridade,17
5ª CC,0022501-85.2018.8.17.2420,3ª Vara Cível da Comarca de Camaragibe,05/06/2026,Sem prioridade,24
5ª CC,0024946-76.2018.8.17.2420,3ª Vara Cível da Comarca de Camaragibe,12/06/2026,Sem prioridade,17
1ª CCJ,0000396-43.2024.8.17.8228,Juizado Especial Cível e das Relações de Consumo de Camaragibe - Turno Manhã - 07:00h às 13:00h,03/06/2026,Prioridade Legal,26
1ª CCJ,0000414-30.2025.8.17.8228,Juizado Especial Cível e das Relações de Consumo de Camaragibe - Turno Manhã - 07:00h às 13:00h,29/06/2026,Prioridade Legal,0
1ª CCJ,0000533-93.2022.8.17.8228,Juizado Especial Cível e das Relações de Consumo de Camaragibe - Turno Manhã - 07:00h às 13:00h,18/06/2026,Prioridade Legal,11
1ª CCJ,0000606-26.2026.8.17.8228,Juizado Especial Cível e das Relações de Consumo de Camaragibe - Turno Manhã - 07:00h às 13:00h,21/05/2026,Sem prioridade,39
1ª CCJ,0000691-46.2025.8.17.8228,Juizado Especial Cível e das Relações de Consumo de Camaragibe - Turno Manhã - 07:00h às 13:00h,17/06/2026,Prioridade Legal,12
1ª CCJ,0000823-40.2024.8.17.8228,Juizado Especial Cível e das Relações de Consumo de Camaragibe - Turno Manhã - 07:00h às 13:00h,10/06/2026,Prioridade Legal,19
1ª CCJ,0000878-54.2025.8.17.8228,Juizado Especial Cível e das Relações de Consumo de Camaragibe - Turno Manhã - 07:00h às 13:00h,19/05/2026,Prioridade Legal,41
1ª CCJ,0001055-57.2021.8.17.8228,Juizado Especial Cível e das Relações de Consumo de Camaragibe - Turno Manhã - 07:00h às 13:00h,28/05/2026,Prioridade Legal,32
1ª CCJ,0001097-67.2025.8.17.8228,Juizado Especial Cível e das Relações de Consumo de Camaragibe - Turno Manhã - 07:00h às 13:00h,16/06/2026,Prioridade Legal,13
1ª CCJ,0001118-77.2024.8.17.8228,Juizado Especial Cível e das Relações de Consumo de Camaragibe - Turno Manhã - 07:00h às 13:00h,28/06/2026,Prioridade Legal,2
1ª CCJ,0001148-78.2025.8.17.8228,Juizado Especial Cível e das Relações de Consumo de Camaragibe - Turno Manhã - 07:00h às 13:00h,30/04/2026,Prioridade Legal,61
1ª CCJ,0001148-83.2022.8.17.8228,Juizado Especial Cível e das Relações de Consumo de Camaragibe - Turno Manhã - 07:00h às 13:00h,04/05/2026,Prioridade Legal,56
1ª CCJ,0001149-63.2025.8.17.8228,Juizado Especial Cível e das Relações de Consumo de Camaragibe - Turno Manhã - 07:00h às 13:00h,29/04/2026,Prioridade Legal,61
1ª CCJ,0001316-80.2025.8.17.8228,Juizado Especial Cível e das Relações de Consumo de Camaragibe - Turno Manhã - 07:00h às 13:00h,29/04/2026,Prioridade Legal,61
1ª CCJ,0001335-57.2023.8.17.8228,Juizado Especial Cível e das Relações de Consumo de Camaragibe - Turno Manhã - 07:00h às 13:00h,19/06/2026,Prioridade Legal,10
1ª CCJ,0001387-53.2023.8.17.8228,Juizado Especial Cível e das Relações de Consumo de Camaragibe - Turno Manhã - 07:00h às 13:00h,30/04/2026,Prioridade Legal,60
1ª CCJ,0001446-70.2025.8.17.8228,Juizado Especial Cível e das Relações de Consumo de Camaragibe - Turno Manhã - 07:00h às 13:00h,04/06/2026,Prioridade Legal,25
1ª CCJ,0001603-77.2024.8.17.8228,Juizado Especial Cível e das Relações de Consumo de Camaragibe - Turno Manhã - 07:00h às 13:00h,29/04/2026,Prioridade Legal,61
1ª CCJ,0001714-61.2024.8.17.8228,Juizado Especial Cível e das Relações de Consumo de Camaragibe - Turno Manhã - 07:00h às 13:00h,19/06/2026,Prioridade Legal,10
1ª CCJ,0001794-88.2025.8.17.8228,Juizado Especial Cível e das Relações de Consumo de Camaragibe - Turno Manhã - 07:00h às 13:00h,13/06/2026,Prioridade Legal,16
1ª CCJ,0001936-92.2025.8.17.8228,Juizado Especial Cível e das Relações de Consumo de Camaragibe - Turno Manhã - 07:00h às 13:00h,29/06/2026,Prioridade Legal,0
1ª CCJ,0001942-70.2023.8.17.8228,Juizado Especial Cível e das Relações de Consumo de Camaragibe - Turno Manhã - 07:00h às 13:00h,19/06/2026,Prioridade Legal,11
1ª CCJ,0001982-18.2024.8.17.8228,Juizado Especial Cível e das Relações de Consumo de Camaragibe - Turno Manhã - 07:00h às 13:00h,16/06/2026,Prioridade Legal,13
1ª CCJ,0002020-93.2025.8.17.8228,Juizado Especial Cível e das Relações de Consumo de Camaragibe - Turno Manhã - 07:00h às 13:00h,03/06/2026,Prioridade Legal,26
1ª CCJ,0002182-25.2024.8.17.8228,Juizado Especial Cível e das Relações de Consumo de Camaragibe - Turno Manhã - 07:00h às 13:00h,12/06/2026,Prioridade Legal,17
1ª CCJ,0002208-23.2024.8.17.8228,Juizado Especial Cível e das Relações de Consumo de Camaragibe - Turno Manhã - 07:00h às 13:00h,29/06/2026,Prioridade Legal,0
1ª CCJ,0002214-98.2022.8.17.8228,Juizado Especial Cível e das Relações de Consumo de Camaragibe - Turno Manhã - 07:00h às 13:00h,11/06/2026,Prioridade Legal,18
1ª CCJ,0002796-64.2023.8.17.8228,Juizado Especial Cível e das Relações de Consumo de Camaragibe - Turno Manhã - 07:00h às 13:00h,30/04/2026,Prioridade Legal,60
1ª CCJ,0002807-93.2023.8.17.8228,Juizado Especial Cível e das Relações de Consumo de Camaragibe - Turno Manhã - 07:00h às 13:00h,29/06/2026,Prioridade Legal,0
1ª CCJ,0002919-96.2022.8.17.8228,Juizado Especial Cível e das Relações de Consumo de Camaragibe - Turno Manhã - 07:00h às 13:00h,05/06/2026,Prioridade Legal,24
2ª CC,0000650-29.2023.8.17.5810,Vara de Violência Doméstica e Familiar Contra Mulher de Camaragibe,18/06/2026,Prioridade Legal,0
2ª CC,0001802-44.2025.8.17.5810,Vara de Violência Doméstica e Familiar Contra Mulher de Camaragibe,15/06/2026,Prioridade Legal,0
2ª CC,0007258-91.2024.8.17.2420,Vara de Violência Doméstica e Familiar Contra Mulher de Camaragibe,15/06/2026,Prioridade Legal,0
2ª CC,0011677-57.2024.8.17.2420,Vara de Violência Doméstica e Familiar Contra Mulher de Camaragibe,18/06/2026,Prioridade Legal,0
6ª CC,0000093-31.2022.8.17.2430,Vara Única da Comarca de Camocim de São Félix,19/06/2026,Prioridade Legal,0
6ª CC,0000495-15.2022.8.17.2430,Vara Única da Comarca de Camocim de São Félix,18/06/2026,Prioridade Legal,11
5ª CCJ,0000499-86.2021.8.17.2430,Vara Única da Comarca de Camocim de São Félix,19/06/2026,Sem prioridade,0
6ª CC,0000755-24.2024.8.17.2430,Vara Única da Comarca de Camocim de São Félix,19/06/2026,Prioridade Legal,10
6ª CC,0001555-13.2024.8.17.4480,Vara Única da Comarca de Camocim de São Félix,19/06/2026,Prioridade Legal,0
5ª CCJ,0000158-19.2005.8.17.0200,Vara Única da Comarca de Canhotinho,09/06/2026,Sem prioridade,20
6ª CC,0000162-67.2021.8.17.2440,Vara Única da Comarca de Canhotinho,19/06/2026,Prioridade Legal,10
6ª CC,0000319-98.2025.8.17.2440,Vara Única da Comarca de Canhotinho,19/06/2026,Prioridade Legal,10
5ª CCJ,0000470-06.2021.8.17.2440,Vara Única da Comarca de Canhotinho,20/05/2026,Sem prioridade,40
6ª CC,0000583-21.2025.8.17.5640,Vara Única da Comarca de Canhotinho,12/06/2026,Prioridade Legal,0
6ª CC,0000071-73.2023.8.17.2450,Vara Única da Comarca de Capoeiras,20/06/2026,Prioridade Legal,9
5ª CCJ,0000098-27.2021.8.17.2450,Vara Única da Comarca de Capoeiras,04/06/2026,Prioridade Legal,25
5ª CCJ,0000116-19.2019.8.17.2450,Vara Única da Comarca de Capoeiras,26/05/2026,Sem prioridade,34
6ª CC,0000126-29.2020.8.17.2450,Vara Única da Comarca de Capoeiras,16/06/2026,Prioridade Legal,13
6ª CC,0000130-66.2020.8.17.2450,Vara Única da Comarca de Capoeiras,16/06/2026,Sem prioridade,13
5ª CCJ,0000213-48.2021.8.17.2450,Vara Única da Comarca de Capoeiras,29/05/2026,Prioridade Legal,31
6ª CC,0000383-15.2024.8.17.2450,Vara Única da Comarca de Capoeiras,16/06/2026,Prioridade Legal,13
5ª CCJ,0000424-85.2012.8.17.0450,Vara Única da Comarca de Capoeiras,27/05/2026,Sem prioridade,33
6ª CC,0000475-61.2022.8.17.2450,Vara Única da Comarca de Capoeiras,11/06/2026,Prioridade Legal,18
7ª CC,0000031-56.2026.8.17.2460,Vara Única da Comarca de Carnaíba,25/06/2026,Prioridade Legal,5
6ª CCJ,0000106-42.2019.8.17.2460,Vara Única da Comarca de Carnaíba,11/06/2026,Prioridade Legal,18
7ª CC,0000120-79.2026.8.17.2460,Vara Única da Comarca de Carnaíba,15/06/2026,Prioridade Legal,15
7ª CC,0000257-95.2025.8.17.2460,Vara Única da Comarca de Carnaíba,17/06/2026,Prioridade Legal,12
7ª CC,0000361-92.2022.8.17.2460,Vara Única da Comarca de Carnaíba,18/06/2026,Sem prioridade,11
7ª CC,0000460-57.2025.8.17.2460,Vara Única da Comarca de Carnaíba,15/06/2026,Prioridade Legal,14
7ª CC,0000489-10.2025.8.17.2460,Vara Única da Comarca de Carnaíba,15/06/2026,Prioridade Legal,14
7ª CC,0000494-13.2017.8.17.2460,Vara Única da Comarca de Carnaíba,15/06/2026,Sem prioridade,14
7ª CC,0000559-32.2022.8.17.2460,Vara Única da Comarca de Carnaíba,17/06/2026,Prioridade Legal,12
7ª CC,0000647-36.2023.8.17.2460,Vara Única da Comarca de Carnaíba,15/06/2026,Prioridade Legal,15
5ª CC,0000755-64.2025.8.17.2470,1ª Vara Cível da Comarca de Carpina,10/06/2026,Prioridade Legal,19
5ª CC,0001061-49.2007.8.17.0470,1ª Vara Cível da Comarca de Carpina,12/06/2026,Prioridade Legal,17
5ª CC,0001154-30.2024.8.17.2470,1ª Vara Cível da Comarca de Carpina,12/06/2026,Super prioridade,17
5ª CC,0001159-81.2026.8.17.2470,1ª Vara Cível da Comarca de Carpina,01/06/2026,Prioridade Legal,28
5ª CC,0001343-47.2020.8.17.2470,1ª Vara Cível da Comarca de Carpina,10/06/2026,Prioridade Legal,19
5ª CC,0001380-35.2024.8.17.2470,1ª Vara Cível da Comarca de Carpina,09/06/2026,Prioridade Legal,20
4ª CCJ,0001414-49.2020.8.17.2470,1ª Vara Cível da Comarca de Carpina,03/06/2026,Prioridade Legal,26
5ª CC,0001518-07.2021.8.17.2470,1ª Vara Cível da Comarca de Carpina,16/06/2026,Sem prioridade,13
5ª CC,0001746-45.2022.8.17.2470,1ª Vara Cível da Comarca de Carpina,04/06/2026,Prioridade Legal,25
4ª CCJ,0002259-81.2020.8.17.2470,1ª Vara Cível da Comarca de Carpina,18/06/2026,Prioridade Legal,12
4ª CCJ,0002313-71.2025.8.17.2470,1ª Vara Cível da Comarca de Carpina,07/06/2026,Sem prioridade,22
5ª CC,0002356-52.2018.8.17.2470,1ª Vara Cível da Comarca de Carpina,09/06/2026,Sem prioridade,20
5ª CC,0002374-68.2021.8.17.2470,1ª Vara Cível da Comarca de Carpina,15/06/2026,Prioridade Legal,14
5ª CC,0002428-29.2024.8.17.2470,1ª Vara Cível da Comarca de Carpina,12/06/2026,Prioridade Legal,17
5ª CC,0002435-21.2024.8.17.2470,1ª Vara Cível da Comarca de Carpina,09/06/2026,Sem prioridade,20
5ª CC,0003100-03.2025.8.17.2470,1ª Vara Cível da Comarca de Carpina,19/06/2026,Sem prioridade,10
5ª CC,0003330-89.2018.8.17.2470,1ª Vara Cível da Comarca de Carpina,12/06/2026,Prioridade Legal,17
5ª CC,0003471-98.2024.8.17.2470,1ª Vara Cível da Comarca de Carpina,16/06/2026,Sem prioridade,13
5ª CC,0003610-50.2024.8.17.2470,1ª Vara Cível da Comarca de Carpina,16/06/2026,Prioridade Legal,13
5ª CC,0003895-09.2025.8.17.2470,1ª Vara Cível da Comarca de Carpina,09/06/2026,Super prioridade,20
5ª CC,0003896-28.2024.8.17.2470,1ª Vara Cível da Comarca de Carpina,12/06/2026,Sem prioridade,17
5ª CC,0003901-50.2024.8.17.2470,1ª Vara Cível da Comarca de Carpina,12/06/2026,Prioridade Legal,17
4ª CCJ,0005123-58.2021.8.17.2470,1ª Vara Cível da Comarca de Carpina,25/05/2026,Prioridade Legal,35
5ª CC,0006423-84.2023.8.17.2470,1ª Vara Cível da Comarca de Carpina,09/06/2026,Sem prioridade,20
5ª CC,0000007-71.2021.8.17.2470,2ª Vara Cível da Comarca de Carpina,18/06/2026,Sem prioridade,11
4ª CCJ,0000176-92.2020.8.17.2470,2ª Vara Cível da Comarca de Carpina,18/06/2026,Sem prioridade,11
5ª CC,0000319-43.2015.8.17.0470,2ª Vara Cível da Comarca de Carpina,12/06/2026,Sem prioridade,17
5ª CC,0000546-95.2025.8.17.2470,2ª Vara Cível da Comarca de Carpina,19/06/2026,Prioridade Legal,10
5ª CC,0001081-63.2021.8.17.2470,2ª Vara Cível da Comarca de Carpina,12/06/2026,Prioridade Legal,17
5ª CC,0001113-29.2025.8.17.2470,2ª Vara Cível da Comarca de Carpina,04/06/2026,Prioridade Legal,25
4ª CCJ,0001197-35.2022.8.17.2470,2ª Vara Cível da Comarca de Carpina,29/05/2026,Prioridade Legal,31
5ª CC,0001268-32.2025.8.17.2470,2ª Vara Cível da Comarca de Carpina,04/06/2026,Prioridade Legal,25
5ª CC,0001413-64.2020.8.17.2470,2ª Vara Cível da Comarca de Carpina,12/06/2026,Sem prioridade,17
4ª CCJ,0002077-61.2021.8.17.2470,2ª Vara Cível da Comarca de Carpina,17/06/2026,Sem prioridade,12
5ª CC,0002594-03.2020.8.17.2470,2ª Vara Cível da Comarca de Carpina,18/06/2026,Sem prioridade,11
5ª CC,0002640-16.2025.8.17.2470,2ª Vara Cível da Comarca de Carpina,19/06/2026,Prioridade Legal,10
4ª CCJ,0002747-70.2019.8.17.2470,2ª Vara Cível da Comarca de Carpina,27/05/2026,Prioridade Legal,34
5ª CC,0002929-81.2015.8.17.0470,2ª Vara Cível da Comarca de Carpina,03/06/2026,Sem prioridade,26
5ª CC,0003422-23.2025.8.17.2470,2ª Vara Cível da Comarca de Carpina,18/06/2026,Prioridade Legal,11
5ª CC,0003452-92.2024.8.17.2470,2ª Vara Cível da Comarca de Carpina,19/06/2026,Prioridade Legal,10
5ª CC,0003534-32.2012.8.17.0470,2ª Vara Cível da Comarca de Carpina,16/06/2026,Sem prioridade,13
5ª CC,0003595-19.2014.8.17.0470,2ª Vara Cível da Comarca de Carpina,09/06/2026,Sem prioridade,20
5ª CC,0003796-44.2022.8.17.2470,2ª Vara Cível da Comarca de Carpina,18/06/2026,Sem prioridade,11
5ª CC,0004233-17.2024.8.17.2470,2ª Vara Cível da Comarca de Carpina,12/06/2026,Prioridade Legal,17
5ª CC,0004307-42.2022.8.17.2470,2ª Vara Cível da Comarca de Carpina,18/06/2026,Sem prioridade,11
5ª CC,0004649-87.2021.8.17.2470,2ª Vara Cível da Comarca de Carpina,12/06/2026,Sem prioridade,17
5ª CC,0005596-10.2022.8.17.2470,2ª Vara Cível da Comarca de Carpina,01/06/2026,Prioridade Legal,28
5ª CC,0000083-27.2023.8.17.2470,3ª Vara Cível da Comarca de Carpina,12/06/2026,Prioridade Legal,17
5ª CC,0000151-11.2022.8.17.2470,3ª Vara Cível da Comarca de Carpina,05/06/2026,Prioridade Legal,24
4ª CCJ,0000304-20.2017.8.17.2470,3ª Vara Cível da Comarca de Carpina,04/06/2026,Prioridade Legal,25
4ª CCJ,0000380-97.2024.8.17.2470,3ª Vara Cível da Comarca de Carpina,03/06/2026,Prioridade Legal,26
5ª CC,0000578-66.2026.8.17.2470,3ª Vara Cível da Comarca de Carpina,04/06/2026,Prioridade Legal,25
4ª CCJ,0000727-38.2021.8.17.2470,3ª Vara Cível da Comarca de Carpina,04/06/2026,Prioridade Legal,25
4ª CCJ,0000768-63.2025.8.17.2470,3ª Vara Cível da Comarca de Carpina,26/05/2026,Prioridade Legal,34
4ª CCJ,0000915-70.2017.8.17.2470,3ª Vara Cível da Comarca de Carpina,09/06/2026,Prioridade Legal,20
5ª CC,0001117-08.2021.8.17.2470,3ª Vara Cível da Comarca de Carpina,18/06/2026,Prioridade Legal,11
5ª CC,0001255-33.2025.8.17.2470,3ª Vara Cível da Comarca de Carpina,19/06/2026,Prioridade Legal,10
4ª CCJ,0001393-05.2022.8.17.2470,3ª Vara Cível da Comarca de Carpina,04/06/2026,Prioridade Legal,25
4ª CCJ,0001761-09.2025.8.17.2470,3ª Vara Cível da Comarca de Carpina,27/05/2026,Prioridade Legal,33
5ª CC,0001832-50.2021.8.17.2470,3ª Vara Cível da Comarca de Carpina,03/06/2026,Prioridade Legal,26
4ª CCJ,0001864-16.2025.8.17.2470,3ª Vara Cível da Comarca de Carpina,18/06/2026,Prioridade Legal,12
5ª CC,0001867-78.2019.8.17.2470,3ª Vara Cível da Comarca de Carpina,07/06/2026,Prioridade Legal,22
5ª CC,0001906-02.2024.8.17.2470,3ª Vara Cível da Comarca de Carpina,10/06/2026,Prioridade Legal,19
5ª CC,0002072-73.2020.8.17.2470,3ª Vara Cível da Comarca de Carpina,18/06/2026,Sem prioridade,11
5ª CC,0002225-09.2020.8.17.2470,3ª Vara Cível da Comarca de Carpina,28/05/2026,Sem prioridade,32
5ª CC,0002392-50.2025.8.17.2470,3ª Vara Cível da Comarca de Carpina,03/06/2026,Prioridade Legal,26
4ª CCJ,0002444-90.2018.8.17.2470,3ª Vara Cível da Comarca de Carpina,18/06/2026,Prioridade Legal,11
5ª CC,0002479-45.2021.8.17.2470,3ª Vara Cível da Comarca de Carpina,09/06/2026,Prioridade Legal,20
5ª CC,0002729-39.2025.8.17.2470,3ª Vara Cível da Comarca de Carpina,07/06/2026,Prioridade Legal,22
4ª CCJ,0003940-18.2022.8.17.2470,3ª Vara Cível da Comarca de Carpina,03/06/2026,Prioridade Legal,26
5ª CC,0003997-65.2024.8.17.2470,3ª Vara Cível da Comarca de Carpina,28/05/2026,Sem prioridade,32
5ª CC,0004427-80.2025.8.17.2470,3ª Vara Cível da Comarca de Carpina,12/06/2026,Prioridade Legal,17
4ª CCJ,0004650-04.2023.8.17.2470,3ª Vara Cível da Comarca de Carpina,03/06/2026,Sem prioridade,26
5ª CC,0004698-26.2024.8.17.2470,3ª Vara Cível da Comarca de Carpina,04/06/2026,Prioridade Legal,26
4ª CCJ,0004703-53.2021.8.17.2470,3ª Vara Cível da Comarca de Carpina,03/06/2026,Sem prioridade,26
4ª CCJ,0004720-89.2021.8.17.2470,3ª Vara Cível da Comarca de Carpina,03/06/2026,Prioridade Legal,26
4ª CCJ,0004743-35.2021.8.17.2470,3ª Vara Cível da Comarca de Carpina,02/06/2026,Prioridade Legal,27
5ª CC,0004813-18.2022.8.17.2470,3ª Vara Cível da Comarca de Carpina,10/06/2026,Prioridade Legal,19
5ª CC,0005193-36.2025.8.17.2470,3ª Vara Cível da Comarca de Carpina,19/06/2026,Prioridade Legal,10
5ª CC,0005206-35.2025.8.17.2470,3ª Vara Cível da Comarca de Carpina,19/06/2026,Prioridade Legal,10
4ª CCJ,0005953-53.2023.8.17.2470,3ª Vara Cível da Comarca de Carpina,02/06/2026,Prioridade Legal,27
5ª CC,0006390-94.2023.8.17.2470,3ª Vara Cível da Comarca de Carpina,18/06/2026,Prioridade Legal,11
2ª CC,0000078-77.2025.8.17.5980,Vara Criminal da Comarca de Carpina,17/06/2026,Prioridade Legal,0
2ª CC,0000125-67.2020.8.17.0470,Vara Criminal da Comarca de Carpina,19/06/2026,Sem prioridade,0
2ª CC,0000212-34.2024.8.17.4980,Vara Criminal da Comarca de Carpina,19/06/2026,Prioridade Legal,0
2ª CC,0000240-72.2025.8.17.5980,Vara Criminal da Comarca de Carpina,17/06/2026,Prioridade Legal,0
2ª CC,0000479-74.2022.8.17.4980,Vara Criminal da Comarca de Carpina,19/06/2026,Prioridade Legal,0
2ª CC,0000640-79.2025.8.17.4980,Vara Criminal da Comarca de Carpina,15/06/2026,Prioridade Legal,0
2ª CC,0002466-46.2021.8.17.2470,Vara Criminal da Comarca de Carpina,16/06/2026,Sem prioridade,0
2ª CC,0002515-49.2016.8.17.0470,Vara Criminal da Comarca de Carpina,19/06/2026,Prioridade Legal,0
2ª CC,0001013-06.2020.8.17.0480,1ª Vara Criminal da Comarca de Caruaru,16/06/2026,Sem prioridade,0
2ª CC,0002257-04.2019.8.17.0480,1ª Vara Criminal da Comarca de Caruaru,16/06/2026,Prioridade Legal,0
2ª CC,0005356-21.2015.8.17.0480,1ª Vara Criminal da Comarca de Caruaru,16/06/2026,Sem prioridade,0
2ª CC,0006326-79.2019.8.17.0480,1ª Vara Criminal da Comarca de Caruaru,17/06/2026,Sem prioridade,0
2ª CC,0015074-12.2022.8.17.2480,1ª Vara Criminal da Comarca de Caruaru,17/06/2026,Prioridade Legal,0
1ª CCJ,0000353-90.2013.8.17.1180,1ª Vara Cível da Comarca de Caruaru,06/05/2026,Sem prioridade,54
3ª CC,0000915-59.2025.8.17.2480,1ª Vara Cível da Comarca de Caruaru,26/05/2026,Prioridade Legal,34
3ª CC,0001055-98.2022.8.17.2480,1ª Vara Cível da Comarca de Caruaru,08/06/2026,Sem prioridade,21
3ª CC,0001576-72.2024.8.17.2480,1ª Vara Cível da Comarca de Caruaru,16/06/2026,Sem prioridade,13
3ª CC,0002116-86.2025.8.17.2480,1ª Vara Cível da Comarca de Caruaru,19/06/2026,Prioridade Legal,11
1ª CCJ,0002139-42.2019.8.17.2480,1ª Vara Cível da Comarca de Caruaru,05/05/2026,Prioridade Legal,55
3ª CC,0002619-49.2021.8.17.2480,1ª Vara Cível da Comarca de Caruaru,12/06/2026,Prioridade Legal,17
1ª CCJ,0002671-11.2022.8.17.2480,1ª Vara Cível da Comarca de Caruaru,09/06/2026,Sem prioridade,20
1ª CCJ,0002790-06.2021.8.17.2480,1ª Vara Cível da Comarca de Caruaru,27/05/2026,Prioridade Legal,33
PARTIDOR,0003215-29.2015.8.17.0480,1ª Vara Cível da Comarca de Caruaru,15/06/2026,Sem prioridade,14
1ª CCJ,0003563-56.2018.8.17.2480,1ª Vara Cível da Comarca de Caruaru,31/05/2026,Prioridade Legal,30
1ª CCJ,0003963-41.2016.8.17.2480,1ª Vara Cível da Comarca de Caruaru,10/06/2026,Prioridade Legal,19
1ª CCJ,0004845-95.2019.8.17.2480,1ª Vara Cível da Comarca de Caruaru,08/05/2026,Prioridade Legal,52
3ª CC,0004980-97.2025.8.17.2480,1ª Vara Cível da Comarca de Caruaru,18/06/2026,Prioridade Legal,12
3ª CC,0005445-19.2019.8.17.2480,1ª Vara Cível da Comarca de Caruaru,12/06/2026,Prioridade Legal,17
1ª CCJ,0005530-10.2016.8.17.2480,1ª Vara Cível da Comarca de Caruaru,27/05/2026,Sem prioridade,33
3ª CC,0007765-37.2022.8.17.2480,1ª Vara Cível da Comarca de Caruaru,16/06/2026,Prioridade Legal,13
3ª CC,0008354-93.2014.8.17.0480,1ª Vara Cível da Comarca de Caruaru,10/06/2026,Prioridade Legal,19
3ª CC,0012611-29.2024.8.17.2480,1ª Vara Cível da Comarca de Caruaru,09/06/2026,Sem prioridade,21
3ª CC,0013507-09.2023.8.17.2480,1ª Vara Cível da Comarca de Caruaru,09/06/2026,Prioridade Legal,21
3ª CC,0014570-98.2025.8.17.2480,1ª Vara Cível da Comarca de Caruaru,19/06/2026,Sem prioridade,10
3ª CC,0014977-46.2021.8.17.2480,1ª Vara Cível da Comarca de Caruaru,16/06/2026,Sem prioridade,13
3ª CC,0016431-57.2015.8.17.0480,1ª Vara Cível da Comarca de Caruaru,16/06/2026,Sem prioridade,13
3ª CC,0023274-71.2023.8.17.2480,1ª Vara Cível da Comarca de Caruaru,12/06/2026,Prioridade Legal,17
2ª CCJ,0000658-34.2025.8.17.2480,1ª Vara da Fazenda Pública da Comarca de Caruaru,22/05/2026,Sem prioridade,38
2ª CCJ,0000838-27.2011.8.17.0480,1ª Vara da Fazenda Pública da Comarca de Caruaru,04/06/2026,Sem prioridade,25
4ª CC,0000939-34.2018.8.17.2480,1ª Vara da Fazenda Pública da Comarca de Caruaru,09/06/2026,Prioridade Legal,20
4ª CC,0001083-08.2018.8.17.2480,1ª Vara da Fazenda Pública da Comarca de Caruaru,08/06/2026,Sem prioridade,21
4ª CC,0001174-35.2017.8.17.2480,1ª Vara da Fazenda Pública da Comarca de Caruaru,10/06/2026,Prioridade Legal,19
2ª CCJ,0001423-15.2019.8.17.2480,1ª Vara da Fazenda Pública da Comarca de Caruaru,21/05/2026,Prioridade Legal,39
2ª CCJ,0001563-49.2019.8.17.2480,1ª Vara da Fazenda Pública da Comarca de Caruaru,30/04/2026,Prioridade Legal,60
2ª CCJ,0002684-44.2021.8.17.2480,1ª Vara da Fazenda Pública da Comarca de Caruaru,10/06/2026,Prioridade Legal,19
2ª CCJ,0003534-94.2015.8.17.0480,1ª Vara da Fazenda Pública da Comarca de Caruaru,06/05/2026,Sem prioridade,54
2ª CCJ,0003620-69.2021.8.17.2480,1ª Vara da Fazenda Pública da Comarca de Caruaru,05/06/2026,Prioridade Legal,24
2ª CCJ,0003880-20.2019.8.17.2480,1ª Vara da Fazenda Pública da Comarca de Caruaru,12/05/2026,Prioridade Legal,48
2ª CCJ,0004102-75.2025.8.17.2480,1ª Vara da Fazenda Pública da Comarca de Caruaru,08/06/2026,Prioridade Legal,21
4ª CC,0004213-98.2021.8.17.2480,1ª Vara da Fazenda Pública da Comarca de Caruaru,04/06/2026,Prioridade Legal,25
2ª CCJ,0004476-72.2017.8.17.2480,1ª Vara da Fazenda Pública da Comarca de Caruaru,04/06/2026,Prioridade Legal,25
2ª CCJ,0004623-98.2017.8.17.2480,1ª Vara da Fazenda Pública da Comarca de Caruaru,20/05/2026,Prioridade Legal,40
4ª CC,0004950-62.2025.8.17.2480,1ª Vara da Fazenda Pública da Comarca de Caruaru,12/06/2026,Prioridade Legal,17
4ª CC,0005190-51.2025.8.17.2480,1ª Vara da Fazenda Pública da Comarca de Caruaru,11/06/2026,Prioridade Legal,18
4ª CC,0005368-39.2021.8.17.2480,1ª Vara da Fazenda Pública da Comarca de Caruaru,18/06/2026,Prioridade Legal,11
4ª CC,0006021-37.2015.8.17.0480,1ª Vara da Fazenda Pública da Comarca de Caruaru,18/06/2026,Sem prioridade,11
4ª CC,0006534-09.2021.8.17.2480,1ª Vara da Fazenda Pública da Comarca de Caruaru,12/06/2026,Prioridade Legal,17
4ª CC,0007490-26.2012.8.17.0480,1ª Vara da Fazenda Pública da Comarca de Caruaru,12/06/2026,Prioridade Legal,18
4ª CC,0007795-67.2025.8.17.2480,1ª Vara da Fazenda Pública da Comarca de Caruaru,12/06/2026,Sem prioridade,17
4ª CC,0008227-58.2014.8.17.0480,1ª Vara da Fazenda Pública da Comarca de Caruaru,04/06/2026,Prioridade Legal,25
2ª CCJ,0008478-47.2012.8.17.0480,1ª Vara da Fazenda Pública da Comarca de Caruaru,15/05/2026,Sem prioridade,46
2ª CCJ,0009228-88.2008.8.17.0480,1ª Vara da Fazenda Pública da Comarca de Caruaru,15/05/2026,Sem prioridade,45
4ª CC,0010193-02.2016.8.17.2480,1ª Vara da Fazenda Pública da Comarca de Caruaru,14/06/2026,Sem prioridade,15
2ª CCJ,0010508-20.2022.8.17.2480,1ª Vara da Fazenda Pública da Comarca de Caruaru,06/05/2026,Prioridade Legal,54
2ª CCJ,0010849-75.2024.8.17.2480,1ª Vara da Fazenda Pública da Comarca de Caruaru,17/06/2026,Prioridade Legal,12
2ª CCJ,0011230-49.2025.8.17.2480,1ª Vara da Fazenda Pública da Comarca de Caruaru,17/06/2026,Sem prioridade,12
4ª CC,0011422-84.2022.8.17.2480,1ª Vara da Fazenda Pública da Comarca de Caruaru,18/06/2026,Prioridade Legal,11
2ª CCJ,0011465-55.2021.8.17.2480,1ª Vara da Fazenda Pública da Comarca de Caruaru,12/06/2026,Prioridade Legal,18
2ª CCJ,0011871-42.2022.8.17.2480,1ª Vara da Fazenda Pública da Comarca de Caruaru,12/06/2026,Prioridade Legal,17
4ª CC,0012525-92.2023.8.17.2480,1ª Vara da Fazenda Pública da Comarca de Caruaru,15/06/2026,Prioridade Legal,14
2ª CCJ,0012926-23.2025.8.17.2480,1ª Vara da Fazenda Pública da Comarca de Caruaru,21/05/2026,Prioridade Legal,39
2ª CCJ,0013278-20.2021.8.17.2480,1ª Vara da Fazenda Pública da Comarca de Caruaru,12/05/2026,Prioridade Legal,48
4ª CC,0014784-60.2023.8.17.2480,1ª Vara da Fazenda Pública da Comarca de Caruaru,14/06/2026,Prioridade Legal,15
4ª CC,0015816-66.2024.8.17.2480,1ª Vara da Fazenda Pública da Comarca de Caruaru,12/06/2026,Prioridade Legal,17
4ª CC,0017844-75.2022.8.17.2480,1ª Vara da Fazenda Pública da Comarca de Caruaru,17/06/2026,Prioridade Legal,12
4ª CC,0018869-26.2022.8.17.2480,1ª Vara da Fazenda Pública da Comarca de Caruaru,18/06/2026,Prioridade Legal,11
2ª CCJ,0021002-07.2023.8.17.2480,1ª Vara da Fazenda Pública da Comarca de Caruaru,03/06/2026,Prioridade Legal,26
4ª CC,0022278-73.2023.8.17.2480,1ª Vara da Fazenda Pública da Comarca de Caruaru,05/06/2026,Prioridade Legal,24
3ª CCJ,0000949-05.2023.8.17.2480,1ª Vara de Família e Registro Civil da Comarca de Caruaru,14/05/2026,Sem prioridade,47
3ª CCJ,0001155-19.2023.8.17.2480,1ª Vara de Família e Registro Civil da Comarca de Caruaru,05/06/2026,Sem prioridade,24
3ª CCJ,0003814-30.2025.8.17.2480,1ª Vara de Família e Registro Civil da Comarca de Caruaru,04/06/2026,Sem prioridade,25
3ª CCJ,0004033-48.2022.8.17.2480,1ª Vara de Família e Registro Civil da Comarca de Caruaru,05/06/2026,Prioridade Legal,24
3ª CC,0004852-48.2023.8.17.2480,1ª Vara de Família e Registro Civil da Comarca de Caruaru,01/06/2026,Sem prioridade,28
3ª CCJ,0005096-06.2025.8.17.2480,1ª Vara de Família e Registro Civil da Comarca de Caruaru,04/06/2026,Prioridade Legal,25
3ª CCJ,0005251-09.2025.8.17.2480,1ª Vara de Família e Registro Civil da Comarca de Caruaru,28/05/2026,Prioridade Legal,33
3ª CCJ,0006918-30.2025.8.17.2480,1ª Vara de Família e Registro Civil da Comarca de Caruaru,19/06/2026,Sem prioridade,10
3ª CCJ,0008254-50.2017.8.17.2480,1ª Vara de Família e Registro Civil da Comarca de Caruaru,27/05/2026,Prioridade Legal,33
3ª CCJ,0008855-75.2025.8.17.2480,1ª Vara de Família e Registro Civil da Comarca de Caruaru,11/06/2026,Prioridade Legal,18
3ª CCJ,0011282-45.2025.8.17.2480,1ª Vara de Família e Registro Civil da Comarca de Caruaru,03/06/2026,Sem prioridade,26
3ª CCJ,0013085-97.2024.8.17.2480,1ª Vara de Família e Registro Civil da Comarca de Caruaru,11/06/2026,Sem prioridade,18
3ª CCJ,0014149-79.2023.8.17.2480,1ª Vara de Família e Registro Civil da Comarca de Caruaru,10/06/2026,Sem prioridade,19
3ª CC,0014476-87.2024.8.17.2480,1ª Vara de Família e Registro Civil da Comarca de Caruaru,11/06/2026,Prioridade Legal,19
3ª CCJ,0015083-03.2024.8.17.2480,1ª Vara de Família e Registro Civil da Comarca de Caruaru,11/06/2026,Sem prioridade,18
3ª CCJ,0015158-08.2025.8.17.2480,1ª Vara de Família e Registro Civil da Comarca de Caruaru,19/06/2026,Sem prioridade,10
3ª CCJ,0016451-82.2014.8.17.0480,1ª Vara de Família e Registro Civil da Comarca de Caruaru,08/06/2026,Sem prioridade,21
2ª CC,0000693-20.2022.8.17.5480,2ª Vara Criminal da Comarca de Caruaru,19/06/2026,Sem prioridade,0
1ª CCJ,0000017-22.2021.8.17.3180,2ª Vara Cível da Comarca de Caruaru,18/06/2026,Prioridade Legal,11
1ª CCJ,0000067-77.2022.8.17.2480,2ª Vara Cível da Comarca de Caruaru,03/06/2026,Prioridade Legal,26
3ª CC,0000635-06.2016.8.17.2480,2ª Vara Cível da Comarca de Caruaru,29/05/2026,Prioridade Legal,31
1ª CCJ,0001908-44.2021.8.17.2480,2ª Vara Cível da Comarca de Caruaru,18/06/2026,Prioridade Legal,11
1ª CCJ,0002067-55.2019.8.17.2480,2ª Vara Cível da Comarca de Caruaru,19/06/2026,Sem prioridade,10
1ª CCJ,0002079-40.2017.8.17.2480,2ª Vara Cível da Comarca de Caruaru,18/06/2026,Prioridade Legal,11
3ª CC,0002891-38.2024.8.17.2480,2ª Vara Cível da Comarca de Caruaru,11/06/2026,Prioridade Legal,18
3ª CC,0003056-85.2024.8.17.2480,2ª Vara Cível da Comarca de Caruaru,11/06/2026,Sem prioridade,18
3ª CC,0006056-89.2018.8.17.0480,2ª Vara Cível da Comarca de Caruaru,17/06/2026,Sem prioridade,12
1ª CCJ,0006173-65.2016.8.17.2480,2ª Vara Cível da Comarca de Caruaru,18/06/2026,Prioridade Legal,11
3ª CC,0007678-13.2024.8.17.2480,2ª Vara Cível da Comarca de Caruaru,05/06/2026,Prioridade Legal,24
1ª CCJ,0008124-55.2020.8.17.2480,2ª Vara Cível da Comarca de Caruaru,25/05/2026,Prioridade Legal,35
3ª CC,0009117-59.2024.8.17.2480,2ª Vara Cível da Comarca de Caruaru,11/06/2026,Sem prioridade,18
1ª CCJ,0009409-88.2017.8.17.2480,2ª Vara Cível da Comarca de Caruaru,03/06/2026,Prioridade Legal,27
1ª CCJ,0009830-39.2021.8.17.2480,2ª Vara Cível da Comarca de Caruaru,25/05/2026,Prioridade Legal,35
3ª CC,0009979-06.2019.8.17.2480,2ª Vara Cível da Comarca de Caruaru,09/06/2026,Prioridade Legal,20
3ª CC,0010244-72.2011.8.17.0480,2ª Vara Cível da Comarca de Caruaru,05/06/2026,Prioridade Legal,24
3ª CC,0010721-21.2025.8.17.2480,2ª Vara Cível da Comarca de Caruaru,17/06/2026,Prioridade Legal,12
3ª CC,0016964-49.2023.8.17.2480,2ª Vara Cível da Comarca de Caruaru,09/06/2026,Prioridade Legal,20
3ª CC,0018132-52.2024.8.17.2480,2ª Vara Cível da Comarca de Caruaru,19/06/2026,Sem prioridade,10
1ª CCJ,0018322-83.2022.8.17.2480,2ª Vara Cível da Comarca de Caruaru,19/06/2026,Sem prioridade,10
2ª CCJ,0000244-17.2018.8.17.3180,2ª Vara da Fazenda Pública da Comarca de Caruaru,19/06/2026,Sem prioridade,10
4ª CC,0000821-82.2023.8.17.2480,2ª Vara da Fazenda Pública da Comarca de Caruaru,18/06/2026,Sem prioridade,11
2ª CCJ,0001111-44.2016.8.17.2480,2ª Vara da Fazenda Pública da Comarca de Caruaru,17/06/2026,Prioridade Legal,12
2ª CCJ,0001122-34.2020.8.17.2480,2ª Vara da Fazenda Pública da Comarca de Caruaru,04/05/2026,Prioridade Legal,56
4ª CC,0001183-21.2022.8.17.2480,2ª Vara da Fazenda Pública da Comarca de Caruaru,18/06/2026,Prioridade Legal,11
4ª CC,0001475-06.2022.8.17.2480,2ª Vara da Fazenda Pública da Comarca de Caruaru,09/06/2026,Prioridade Legal,20
2ª CCJ,0001802-25.2008.8.17.0480,2ª Vara da Fazenda Pública da Comarca de Caruaru,25/05/2026,Sem prioridade,35
4ª CC,0001863-79.2017.8.17.2480,2ª Vara da Fazenda Pública da Comarca de Caruaru,18/06/2026,Prioridade Legal,11
2ª CCJ,0002189-39.2017.8.17.2480,2ª Vara da Fazenda Pública da Comarca de Caruaru,04/06/2026,Prioridade Legal,25
4ª CC,0003051-63.2024.8.17.2480,2ª Vara da Fazenda Pública da Comarca de Caruaru,17/06/2026,Sem prioridade,12
4ª CC,0003226-62.2021.8.17.2480,2ª Vara da Fazenda Pública da Comarca de Caruaru,11/06/2026,Prioridade Legal,18
2ª CCJ,0003363-73.2023.8.17.2480,2ª Vara da Fazenda Pública da Comarca de Caruaru,19/05/2026,Prioridade Legal,41
2ª CCJ,0003673-84.2020.8.17.2480,2ª Vara da Fazenda Pública da Comarca de Caruaru,04/06/2026,Prioridade Legal,25
4ª CC,0003740-78.2022.8.17.2480,2ª Vara da Fazenda Pública da Comarca de Caruaru,08/06/2026,Sem prioridade,21
4ª CC,0003939-32.2024.8.17.2480,2ª Vara da Fazenda Pública da Comarca de Caruaru,18/06/2026,Sem prioridade,11
2ª CCJ,0004167-91.2004.8.17.0480,2ª Vara da Fazenda Pública da Comarca de Caruaru,09/06/2026,Sem prioridade,20
2ª CCJ,0004677-98.2016.8.17.2480,2ª Vara da Fazenda Pública da Comarca de Caruaru,15/05/2026,Prioridade Legal,45
4ª CC,0004886-62.2019.8.17.2480,2ª Vara da Fazenda Pública da Comarca de Caruaru,19/06/2026,Sem prioridade,11
4ª CC,0004975-90.2016.8.17.2480,2ª Vara da Fazenda Pública da Comarca de Caruaru,19/06/2026,Sem prioridade,10
4ª CC,0005066-83.2016.8.17.2480,2ª Vara da Fazenda Pública da Comarca de Caruaru,19/06/2026,Sem prioridade,10
2ª CCJ,0005460-17.2021.8.17.2480,2ª Vara da Fazenda Pública da Comarca de Caruaru,19/06/2026,Sem prioridade,10
2ª CCJ,0005691-73.2023.8.17.2480,2ª Vara da Fazenda Pública da Comarca de Caruaru,11/06/2026,Prioridade Legal,18
2ª CCJ,0006230-73.2022.8.17.2480,2ª Vara da Fazenda Pública da Comarca de Caruaru,18/06/2026,Prioridade Legal,11
2ª CCJ,0006358-59.2023.8.17.2480,2ª Vara da Fazenda Pública da Comarca de Caruaru,17/06/2026,Prioridade Legal,12
2ª CCJ,0006533-19.2024.8.17.2480,2ª Vara da Fazenda Pública da Comarca de Caruaru,15/05/2026,Prioridade Legal,45
2ª CCJ,0006562-45.2019.8.17.2480,2ª Vara da Fazenda Pública da Comarca de Caruaru,01/06/2026,Prioridade Legal,28
2ª CCJ,0007127-67.2023.8.17.2480,2ª Vara da Fazenda Pública da Comarca de Caruaru,17/06/2026,Sem prioridade,12
4ª CC,0007954-78.2023.8.17.2480,2ª Vara da Fazenda Pública da Comarca de Caruaru,17/06/2026,Prioridade Legal,12
4ª CC,0008077-18.2019.8.17.2480,2ª Vara da Fazenda Pública da Comarca de Caruaru,19/06/2026,Prioridade Legal,10
2ª CCJ,0008281-28.2020.8.17.2480,2ª Vara da Fazenda Pública da Comarca de Caruaru,19/06/2026,Prioridade Legal,10
4ª CC,0008398-14.2023.8.17.2480,2ª Vara da Fazenda Pública da Comarca de Caruaru,12/06/2026,Sem prioridade,18
2ª CCJ,0008648-81.2022.8.17.2480,2ª Vara da Fazenda Pública da Comarca de Caruaru,21/05/2026,Prioridade Legal,39
2ª CCJ,0008787-72.2018.8.17.2480,2ª Vara da Fazenda Pública da Comarca de Caruaru,04/06/2026,Sem prioridade,25
2ª CCJ,0009047-08.2025.8.17.2480,2ª Vara da Fazenda Pública da Comarca de Caruaru,11/06/2026,Sem prioridade,18
4ª CC,0009080-32.2024.8.17.2480,2ª Vara da Fazenda Pública da Comarca de Caruaru,18/06/2026,Prioridade Legal,11
2ª CCJ,0009528-39.2023.8.17.2480,2ª Vara da Fazenda Pública da Comarca de Caruaru,03/06/2026,Prioridade Legal,26
2ª CCJ,0009626-53.2025.8.17.2480,2ª Vara da Fazenda Pública da Comarca de Caruaru,04/06/2026,Prioridade Legal,25
2ª CCJ,0009671-72.2016.8.17.2480,2ª Vara da Fazenda Pública da Comarca de Caruaru,15/05/2026,Prioridade Legal,45
2ª CCJ,0009698-55.2016.8.17.2480,2ª Vara da Fazenda Pública da Comarca de Caruaru,17/06/2026,Prioridade Legal,12
2ª CCJ,0010390-49.2019.8.17.2480,2ª Vara da Fazenda Pública da Comarca de Caruaru,22/05/2026,Prioridade Legal,38
4ª CC,0011220-39.2024.8.17.2480,2ª Vara da Fazenda Pública da Comarca de Caruaru,17/06/2026,Sem prioridade,12
4ª CC,0011317-73.2023.8.17.2480,2ª Vara da Fazenda Pública da Comarca de Caruaru,09/06/2026,Sem prioridade,20
4ª CC,0011320-91.2024.8.17.2480,2ª Vara da Fazenda Pública da Comarca de Caruaru,19/06/2026,Sem prioridade,10
2ª CCJ,0011419-66.2021.8.17.2480,2ª Vara da Fazenda Pública da Comarca de Caruaru,25/05/2026,Sem prioridade,35
4ª CC,0012469-30.2021.8.17.2480,2ª Vara da Fazenda Pública da Comarca de Caruaru,12/06/2026,Prioridade Legal,17
4ª CC,0012676-58.2023.8.17.2480,2ª Vara da Fazenda Pública da Comarca de Caruaru,18/06/2026,Sem prioridade,12
2ª CCJ,0013120-57.2024.8.17.2480,2ª Vara da Fazenda Pública da Comarca de Caruaru,17/06/2026,Prioridade Legal,12
4ª CC,0013157-56.2013.8.17.0480,2ª Vara da Fazenda Pública da Comarca de Caruaru,08/06/2026,Sem prioridade,21
4ª CC,0013664-85.2011.8.17.0480,2ª Vara da Fazenda Pública da Comarca de Caruaru,19/06/2026,Sem prioridade,10
4ª CC,0013953-75.2024.8.17.2480,2ª Vara da Fazenda Pública da Comarca de Caruaru,17/06/2026,Prioridade Legal,12
2ª CCJ,0014086-83.2025.8.17.2480,2ª Vara da Fazenda Pública da Comarca de Caruaru,12/06/2026,Sem prioridade,17
4ª CC,0014988-36.2025.8.17.2480,2ª Vara da Fazenda Pública da Comarca de Caruaru,17/06/2026,Prioridade Legal,12
4ª CC,0015511-53.2022.8.17.2480,2ª Vara da Fazenda Pública da Comarca de Caruaru,12/06/2026,Sem prioridade,17
2ª CCJ,0016190-53.2022.8.17.2480,2ª Vara da Fazenda Pública da Comarca de Caruaru,03/06/2026,Prioridade Legal,26
4ª CC,0016384-19.2023.8.17.2480,2ª Vara da Fazenda Pública da Comarca de Caruaru,12/06/2026,Prioridade Legal,17
4ª CC,0016582-90.2022.8.17.2480,2ª Vara da Fazenda Pública da Comarca de Caruaru,10/06/2026,Sem prioridade,19
2ª CCJ,0060179-67.2000.8.17.0480,2ª Vara da Fazenda Pública da Comarca de Caruaru,29/05/2026,Sem prioridade,31
2ª CCJ,0069931-92.2002.8.17.0480,2ª Vara da Fazenda Pública da Comarca de Caruaru,09/06/2026,Sem prioridade,20
3ª CCJ,0000055-24.2026.8.17.2480,2ª Vara de Família e Registro Civil da Comarca de Caruaru,16/06/2026,Prioridade Legal,14
3ª CCJ,0001074-65.2026.8.17.2480,2ª Vara de Família e Registro Civil da Comarca de Caruaru,16/06/2026,Prioridade Legal,13
3ª CCJ,0001633-22.2026.8.17.2480,2ª Vara de Família e Registro Civil da Comarca de Caruaru,17/06/2026,Prioridade Legal,12
3ª CCJ,0001826-42.2023.8.17.2480,2ª Vara de Família e Registro Civil da Comarca de Caruaru,21/05/2026,Prioridade Legal,40
3ª CCJ,0002607-59.2026.8.17.2480,2ª Vara de Família e Registro Civil da Comarca de Caruaru,18/06/2026,Prioridade Legal,12
3ª CCJ,0003657-23.2026.8.17.2480,2ª Vara de Família e Registro Civil da Comarca de Caruaru,17/06/2026,Prioridade Legal,12
3ª CCJ,0009334-68.2025.8.17.2480,2ª Vara de Família e Registro Civil da Comarca de Caruaru,08/06/2026,Prioridade Legal,21
3ª CCJ,0010168-71.2025.8.17.2480,2ª Vara de Família e Registro Civil da Comarca de Caruaru,03/06/2026,Prioridade Legal,26
3ª CCJ,0012893-33.2025.8.17.2480,2ª Vara de Família e Registro Civil da Comarca de Caruaru,29/05/2026,Sem prioridade,31
3ª CCJ,0015471-03.2024.8.17.2480,2ª Vara de Família e Registro Civil da Comarca de Caruaru,29/05/2026,Prioridade Legal,31
3ª CCJ,0015756-59.2025.8.17.2480,2ª Vara de Família e Registro Civil da Comarca de Caruaru,11/06/2026,Prioridade Legal,18
3ª CCJ,0016273-64.2025.8.17.2480,2ª Vara de Família e Registro Civil da Comarca de Caruaru,14/06/2026,Prioridade Legal,15
3ª CCJ,0016829-66.2025.8.17.2480,2ª Vara de Família e Registro Civil da Comarca de Caruaru,19/06/2026,Prioridade Legal,10
3ª CC,0021677-67.2023.8.17.2480,2ª Vara de Família e Registro Civil da Comarca de Caruaru,09/06/2026,Sem prioridade,20
2ª CC,0000566-14.2024.8.17.5480,3ª Vara Criminal da Comarca de Caruaru,15/06/2026,Sem prioridade,0
2ª CC,0000960-21.2024.8.17.5480,3ª Vara Criminal da Comarca de Caruaru,19/06/2026,Prioridade Legal,0
2ª CC,0011684-69.2012.8.17.0480,3ª Vara Criminal da Comarca de Caruaru,19/06/2026,Sem prioridade,0
3ª CC,0000332-40.2026.8.17.2480,3ª Vara Cível da Comarca de Caruaru,11/06/2026,Prioridade Legal,18
3ª CC,0001026-87.2018.8.17.2480,3ª Vara Cível da Comarca de Caruaru,18/06/2026,Prioridade Legal,11
1ª CCJ,0001974-93.2010.8.17.0480,3ª Vara Cível da Comarca de Caruaru,29/05/2026,Prioridade Legal,31
1ª CCJ,0001983-10.2026.8.17.2480,3ª Vara Cível da Comarca de Caruaru,11/06/2026,Sem prioridade,18
3ª CC,0003245-44.2016.8.17.2480,3ª Vara Cível da Comarca de Caruaru,18/06/2026,Prioridade Legal,11
3ª CC,0003303-72.2012.8.17.0480,3ª Vara Cível da Comarca de Caruaru,25/05/2026,Sem prioridade,35
3ª CC,0004133-66.2023.8.17.2480,3ª Vara Cível da Comarca de Caruaru,12/06/2026,Prioridade Legal,17
3ª CC,0004405-70.2017.8.17.2480,3ª Vara Cível da Comarca de Caruaru,14/06/2026,Prioridade Legal,15
1ª CCJ,0004430-78.2020.8.17.2480,3ª Vara Cível da Comarca de Caruaru,12/06/2026,Prioridade Legal,17
1ª CCJ,0005238-65.2003.8.17.0480,3ª Vara Cível da Comarca de Caruaru,21/05/2026,Sem prioridade,39
1ª CCJ,0005241-04.2021.8.17.2480,3ª Vara Cível da Comarca de Caruaru,18/06/2026,Prioridade Legal,12
3ª CC,0005324-44.2026.8.17.2480,3ª Vara Cível da Comarca de Caruaru,11/06/2026,Prioridade Legal,18
1ª CCJ,0005714-63.2016.8.17.2480,3ª Vara Cível da Comarca de Caruaru,02/06/2026,Prioridade Legal,27
3ª CC,0006285-82.2026.8.17.2480,3ª Vara Cível da Comarca de Caruaru,19/06/2026,Prioridade Legal,10
3ª CC,0006287-96.2019.8.17.2480,3ª Vara Cível da Comarca de Caruaru,18/06/2026,Prioridade Legal,11
1ª CCJ,0006414-34.2019.8.17.2480,3ª Vara Cível da Comarca de Caruaru,14/05/2026,Prioridade Legal,46
3ª CC,0007807-62.2017.8.17.2480,3ª Vara Cível da Comarca de Caruaru,18/06/2026,Prioridade Legal,11
3ª CC,0008340-55.2016.8.17.2480,3ª Vara Cível da Comarca de Caruaru,11/06/2026,Prioridade Legal,18
3ª CC,0008429-97.2024.8.17.2480,3ª Vara Cível da Comarca de Caruaru,18/06/2026,Prioridade Legal,11
1ª CCJ,0008795-44.2021.8.17.2480,3ª Vara Cível da Comarca de Caruaru,09/06/2026,Prioridade Legal,20
1ª CCJ,0009561-58.2025.8.17.2480,3ª Vara Cível da Comarca de Caruaru,11/06/2026,Sem prioridade,18
3ª CC,0012495-86.2025.8.17.2480,3ª Vara Cível da Comarca de Caruaru,16/06/2026,Sem prioridade,13
1ª CCJ,0012606-42.2014.8.17.0480,3ª Vara Cível da Comarca de Caruaru,26/05/2026,Prioridade Legal,34
1ª CCJ,0014226-26.2013.8.17.0480,3ª Vara Cível da Comarca de Caruaru,10/06/2026,Sem prioridade,19
1ª CCJ,0014408-45.2021.8.17.2480,3ª Vara Cível da Comarca de Caruaru,18/06/2026,Prioridade Legal,11
3ª CC,0014721-35.2023.8.17.2480,3ª Vara Cível da Comarca de Caruaru,09/06/2026,Prioridade Legal,20
3ª CC,0018295-03.2022.8.17.2480,3ª Vara Cível da Comarca de Caruaru,14/06/2026,Sem prioridade,15
1ª CCJ,0066716-84.1997.8.17.0480,3ª Vara Cível da Comarca de Caruaru,22/05/2026,Sem prioridade,38
2ª CC,0000172-36.2026.8.17.5480,4ª Vara Criminal da Comarca de Caruaru,17/06/2026,Prioridade Legal,0
2ª CC,0000879-81.2017.8.17.0480,4ª Vara Criminal da Comarca de Caruaru,19/06/2026,Sem prioridade,0
2ª CC,0001231-23.2024.8.17.4480,4ª Vara Criminal da Comarca de Caruaru,18/06/2026,Prioridade Legal,0
2ª CC,0002416-49.2016.8.17.0480,4ª Vara Criminal da Comarca de Caruaru,16/06/2026,Prioridade Legal,0
3ª CC,0000223-02.2022.8.17.3180,4ª Vara Cível da Comarca de Caruaru,14/06/2026,Sem prioridade,15
3ª CC,0000270-53.2022.8.17.4480,4ª Vara Cível da Comarca de Caruaru,28/06/2026,Super prioridade,2
3ª CC,0002407-28.2021.8.17.2480,4ª Vara Cível da Comarca de Caruaru,28/06/2026,Prioridade Legal,2
3ª CC,0002644-23.2025.8.17.2480,4ª Vara Cível da Comarca de Caruaru,14/06/2026,Sem prioridade,15
3ª CC,0002685-87.2025.8.17.2480,4ª Vara Cível da Comarca de Caruaru,14/06/2026,Sem prioridade,15
3ª CC,0002873-22.2021.8.17.2480,4ª Vara Cível da Comarca de Caruaru,24/06/2026,Prioridade Legal,5
3ª CC,0003193-33.2025.8.17.2480,4ª Vara Cível da Comarca de Caruaru,14/06/2026,Sem prioridade,15
3ª CC,0003472-19.2025.8.17.2480,4ª Vara Cível da Comarca de Caruaru,14/06/2026,Sem prioridade,15
3ª CC,0003833-02.2026.8.17.2480,4ª Vara Cível da Comarca de Caruaru,11/06/2026,Sem prioridade,18
3ª CC,0004344-44.2019.8.17.2480,4ª Vara Cível da Comarca de Caruaru,28/06/2026,Prioridade Legal,2
3ª CC,0004630-12.2025.8.17.2480,4ª Vara Cível da Comarca de Caruaru,14/06/2026,Prioridade Legal,15
3ª CC,0004648-33.2025.8.17.2480,4ª Vara Cível da Comarca de Caruaru,11/06/2026,Prioridade Legal,18
3ª CC,0008216-57.2025.8.17.2480,4ª Vara Cível da Comarca de Caruaru,25/05/2026,Prioridade Legal,35
1ª CCJ,0009149-35.2022.8.17.2480,4ª Vara Cível da Comarca de Caruaru,04/05/2026,Prioridade Legal,56
3ª CC,0009171-59.2023.8.17.2480,4ª Vara Cível da Comarca de Caruaru,14/06/2026,Prioridade Legal,15
3ª CC,0009425-96.2015.8.17.0480,4ª Vara Cível da Comarca de Caruaru,18/06/2026,Sem prioridade,11
3ª CC,0011800-69.2024.8.17.2480,4ª Vara Cível da Comarca de Caruaru,14/06/2026,Sem prioridade,15
3ª CC,0012595-80.2021.8.17.2480,4ª Vara Cível da Comarca de Caruaru,25/05/2026,Sem prioridade,35
3ª CC,0012609-93.2023.8.17.2480,4ª Vara Cível da Comarca de Caruaru,28/06/2026,Prioridade Legal,2
1ª CCJ,0012641-64.2024.8.17.2480,4ª Vara Cível da Comarca de Caruaru,16/06/2026,Prioridade Legal,13
3ª CC,0013324-04.2024.8.17.2480,4ª Vara Cível da Comarca de Caruaru,28/06/2026,Prioridade Legal,2
3ª CC,0014510-67.2021.8.17.2480,4ª Vara Cível da Comarca de Caruaru,24/06/2026,Prioridade Legal,5
3ª CC,0014857-66.2022.8.17.2480,4ª Vara Cível da Comarca de Caruaru,14/06/2026,Sem prioridade,15
3ª CC,0019819-98.2023.8.17.2480,4ª Vara Cível da Comarca de Caruaru,02/06/2026,Prioridade Legal,27
PARTIDOR,0044920-76.1993.8.17.0480,4ª Vara Cível da Comarca de Caruaru,11/06/2026,Sem prioridade,19
3ª CC,0071911-74.2002.8.17.0480,4ª Vara Cível da Comarca de Caruaru,01/06/2026,Sem prioridade,28
3ª CC,0001563-10.2023.8.17.2480,5ª Vara Cível da Comarca de Caruaru,16/06/2026,Prioridade Legal,13
1ª CCJ,0001701-16.2019.8.17.2480,5ª Vara Cível da Comarca de Caruaru,06/05/2026,Prioridade Legal,54
3ª CC,0002877-59.2021.8.17.2480,5ª Vara Cível da Comarca de Caruaru,19/06/2026,Prioridade Legal,10
1ª CCJ,0002954-74.2009.8.17.0480,5ª Vara Cível da Comarca de Caruaru,11/06/2026,Sem prioridade,18
1ª CCJ,0003381-36.2019.8.17.2480,5ª Vara Cível da Comarca de Caruaru,09/06/2026,Prioridade Legal,20
3ª CC,0003943-40.2022.8.17.2480,5ª Vara Cível da Comarca de Caruaru,19/06/2026,Prioridade Legal,10
1ª CCJ,0004218-86.2022.8.17.2480,5ª Vara Cível da Comarca de Caruaru,15/05/2026,Prioridade Legal,45
1ª CCJ,0005894-40.2020.8.17.2480,5ª Vara Cível da Comarca de Caruaru,19/05/2026,Sem prioridade,41
1ª CCJ,0007173-03.2016.8.17.2480,5ª Vara Cível da Comarca de Caruaru,17/06/2026,Prioridade Legal,12
1ª CCJ,0009844-96.2016.8.17.2480,5ª Vara Cível da Comarca de Caruaru,06/05/2026,Prioridade Legal,54
3ª CC,0010398-55.2021.8.17.2480,5ª Vara Cível da Comarca de Caruaru,27/05/2026,Prioridade Legal,33
1ª CCJ,0011009-03.2024.8.17.2480,5ª Vara Cível da Comarca de Caruaru,27/05/2026,Prioridade Legal,33
1ª CCJ,0011314-21.2023.8.17.2480,5ª Vara Cível da Comarca de Caruaru,20/05/2026,Prioridade Legal,40
1ª CCJ,0015529-11.2021.8.17.2480,5ª Vara Cível da Comarca de Caruaru,18/06/2026,Prioridade Legal,11
1ª CCJ,0017563-51.2024.8.17.2480,5ª Vara Cível da Comarca de Caruaru,17/06/2026,Prioridade Legal,12
1ª CCJ,0017795-34.2022.8.17.2480,5ª Vara Cível da Comarca de Caruaru,29/05/2026,Prioridade Legal,31
3ª CC,0020789-98.2023.8.17.2480,5ª Vara Cível da Comarca de Caruaru,15/06/2026,Prioridade Legal,14
3ª CC,0024652-62.2023.8.17.2480,5ª Vara Cível da Comarca de Caruaru,13/06/2026,Prioridade Legal,16
1ª CCJ,0072980-44.2002.8.17.0480,5ª Vara Cível da Comarca de Caruaru,26/04/2026,Sem prioridade,64
3ª CC,0002421-70.2025.8.17.2480,6ª Vara Cível da Comarca de Caruaru,07/06/2026,Prioridade Legal,22
3ª CC,0006293-59.2026.8.17.2480,6ª Vara Cível da Comarca de Caruaru,10/06/2026,Prioridade Legal,20
3ª CC,0008078-90.2025.8.17.2480,6ª Vara Cível da Comarca de Caruaru,16/06/2026,Sem prioridade,13
3ª CC,0009474-05.2025.8.17.2480,6ª Vara Cível da Comarca de Caruaru,19/06/2026,Sem prioridade,10
3ª CC,0011700-80.2025.8.17.2480,6ª Vara Cível da Comarca de Caruaru,17/06/2026,Prioridade Legal,12
1ª CCJ,0014597-81.2025.8.17.2480,6ª Vara Cível da Comarca de Caruaru,05/05/2026,Sem prioridade,55
3ª CC,0014676-60.2025.8.17.2480,6ª Vara Cível da Comarca de Caruaru,10/06/2026,Prioridade Legal,20
1ª CCJ,0000521-15.2018.8.17.8230,Juizado Especial Cível e das Relações de Consumo de Caruaru - Turno Manhã - 08:00h às 14:00h,18/05/2026,Prioridade Legal,42
1ª CCJ,0000765-94.2025.8.17.8230,Juizado Especial Cível e das Relações de Consumo de Caruaru - Turno Manhã - 08:00h às 14:00h,16/05/2026,Prioridade Legal,44
1ª CCJ,0001136-58.2025.8.17.8230,Juizado Especial Cível e das Relações de Consumo de Caruaru - Turno Manhã - 08:00h às 14:00h,17/06/2026,Prioridade Legal,12
1ª CCJ,0001250-31.2024.8.17.8230,Juizado Especial Cível e das Relações de Consumo de Caruaru - Turno Manhã - 08:00h às 14:00h,18/05/2026,Prioridade Legal,42
1ª CCJ,0001330-58.2025.8.17.8230,Juizado Especial Cível e das Relações de Consumo de Caruaru - Turno Manhã - 08:00h às 14:00h,20/05/2026,Prioridade Legal,40
1ª CCJ,0001648-41.2025.8.17.8230,Juizado Especial Cível e das Relações de Consumo de Caruaru - Turno Manhã - 08:00h às 14:00h,30/06/2026,Prioridade Legal,0
1ª CCJ,0002272-90.2025.8.17.8230,Juizado Especial Cível e das Relações de Consumo de Caruaru - Turno Manhã - 08:00h às 14:00h,29/04/2026,Prioridade Legal,61
1ª CCJ,0002370-12.2024.8.17.8230,Juizado Especial Cível e das Relações de Consumo de Caruaru - Turno Manhã - 08:00h às 14:00h,28/05/2026,Prioridade Legal,32
1ª CCJ,0002379-08.2023.8.17.8230,Juizado Especial Cível e das Relações de Consumo de Caruaru - Turno Manhã - 08:00h às 14:00h,18/06/2026,Prioridade Legal,11
1ª CCJ,0004435-48.2022.8.17.8230,Juizado Especial Cível e das Relações de Consumo de Caruaru - Turno Manhã - 08:00h às 14:00h,11/06/2026,Sem prioridade,19
1ª CCJ,0004599-13.2022.8.17.8230,Juizado Especial Cível e das Relações de Consumo de Caruaru - Turno Manhã - 08:00h às 14:00h,19/06/2026,Prioridade Legal,10
2ª CC,0000275-82.2022.8.17.5480,Vara de Violência Doméstica e Familiar Contra Mulher de Caruaru,18/06/2026,Sem prioridade,0
2ª CC,0000368-19.2025.8.17.2480,Vara de Violência Doméstica e Familiar Contra Mulher de Caruaru,18/06/2026,Prioridade Legal,0
2ª CC,0001413-84.2022.8.17.5480,Vara de Violência Doméstica e Familiar Contra Mulher de Caruaru,18/06/2026,Prioridade Legal,0
2ª CC,0002153-08.2023.8.17.5480,Vara do Tribunal do Júri da Comarca de Caruaru,18/06/2026,Prioridade Legal,0
2ª CC,0009865-29.2014.8.17.0480,Vara do Tribunal do Júri da Comarca de Caruaru,18/06/2026,Prioridade Legal,0
5ª CC,0000102-45.2025.8.17.5030,Vara Única da Comarca de Catende,25/05/2026,Prioridade Legal,0
5ª CC,0000133-95.2020.8.17.2490,Vara Única da Comarca de Catende,18/06/2026,Sem prioridade,12
4ª CCJ,0000467-56.2025.8.17.2490,Vara Única da Comarca de Catende,20/06/2026,Prioridade Legal,9
5ª CC,0000599-03.2024.8.17.6030,Vara Única da Comarca de Catende,05/06/2026,Prioridade Legal,0
5ª CC,0000602-73.2022.8.17.2490,Vara Única da Comarca de Catende,01/06/2026,Sem prioridade,28
5ª CC,0000669-77.2018.8.17.2490,Vara Única da Comarca de Catende,28/05/2026,Sem prioridade,32
4ª CCJ,0000818-39.2019.8.17.2490,Vara Única da Comarca de Catende,08/06/2026,Prioridade Legal,21
5ª CC,0001012-63.2024.8.17.2490,Vara Única da Comarca de Catende,11/06/2026,Sem prioridade,18
5ª CC,0001206-97.2023.8.17.2490,Vara Única da Comarca de Catende,28/05/2026,Sem prioridade,32
5ª CC,0001337-72.2023.8.17.2490,Vara Única da Comarca de Catende,01/06/2026,Sem prioridade,28
4ª CCJ,0000094-33.2023.8.17.2510,Vara Única da Comarca de Condado,05/06/2026,Prioridade Legal,24
4ª CCJ,0000099-94.2019.8.17.2510,Vara Única da Comarca de Condado,15/06/2026,Prioridade Legal,14
4ª CCJ,0000239-42.2004.8.17.0510,Vara Única da Comarca de Condado,15/06/2026,Sem prioridade,14
5ª CC,0000266-04.2025.8.17.2510,Vara Única da Comarca de Condado,12/06/2026,Prioridade Legal,17
4ª CCJ,0000301-03.2021.8.17.2510,Vara Única da Comarca de Condado,18/05/2026,Prioridade Legal,42
4ª CCJ,0000505-18.2019.8.17.2510,Vara Única da Comarca de Condado,15/06/2026,Prioridade Legal,14
4ª CCJ,0000608-49.2024.8.17.2510,Vara Única da Comarca de Condado,19/06/2026,Prioridade Legal,10
4ª CCJ,0000737-31.2010.8.17.0510,Vara Única da Comarca de Condado,15/06/2026,Sem prioridade,14
5ª CC,0000907-31.2021.8.17.2510,Vara Única da Comarca de Condado,11/06/2026,Prioridade Legal,18
6ª CC,0000019-90.2025.8.17.2520,Vara Única da Comarca de Correntes,16/06/2026,Prioridade Legal,13
6ª CC,0000037-27.2001.8.17.0880,Vara Única da Comarca de Correntes,16/06/2026,Prioridade Legal,13
6ª CC,0000067-62.2001.8.17.0880,Vara Única da Comarca de Correntes,19/06/2026,Prioridade Legal,10
5ª CCJ,0000123-41.2014.8.17.0880,Vara Única da Comarca de Correntes,15/06/2026,Sem prioridade,14
6ª CC,0000129-48.2014.8.17.0880,Vara Única da Comarca de Correntes,16/06/2026,Sem prioridade,13
5ª CCJ,0000340-96.2023.8.17.2520,Vara Única da Comarca de Correntes,29/05/2026,Prioridade Legal,31
5ª CCJ,0000437-04.2020.8.17.2520,Vara Única da Comarca de Correntes,16/06/2026,Prioridade Legal,13
5ª CCJ,0000453-51.2014.8.17.0520,Vara Única da Comarca de Correntes,01/06/2026,Sem prioridade,28
6ª CC,0000506-60.2025.8.17.2520,Vara Única da Comarca de Correntes,19/06/2026,Prioridade Legal,10
6ª CC,0000567-52.2024.8.17.2520,Vara Única da Comarca de Correntes,12/06/2026,Prioridade Legal,0
4ª CCJ,0000121-24.2021.8.17.2530,Vara Única da Comarca de Cortês,20/05/2026,Prioridade Legal,40
4ª CCJ,0000122-09.2021.8.17.2530,Vara Única da Comarca de Cortês,27/05/2026,Prioridade Legal,33
5ª CC,0000130-15.2023.8.17.2530,Vara Única da Comarca de Cortês,11/06/2026,Sem prioridade,18
5ª CC,0000168-27.2023.8.17.2530,Vara Única da Comarca de Cortês,17/06/2026,Sem prioridade,12
5ª CC,0000297-61.2025.8.17.2530,Vara Única da Comarca de Cortês,09/06/2026,Prioridade Legal,20
5ª CC,0000323-59.2025.8.17.2530,Vara Única da Comarca de Cortês,09/06/2026,Prioridade Legal,20
4ª CCJ,0000367-16.2015.8.17.0530,Vara Única da Comarca de Cortês,04/06/2026,Sem prioridade,25
5ª CC,0000390-24.2025.8.17.2530,Vara Única da Comarca de Cortês,28/05/2026,Prioridade Legal,32
5ª CCJ,0000063-59.2019.8.17.2540,Vara Única da Comarca de Cumaru,28/05/2026,Prioridade Legal,32
6ª CC,0000069-37.2017.8.17.2540,Vara Única da Comarca de Cumaru,19/06/2026,Prioridade Legal,10
5ª CCJ,0000080-32.2018.8.17.2540,Vara Única da Comarca de Cumaru,16/06/2026,Prioridade Legal,13
5ª CCJ,0000089-87.2012.8.17.0540,Vara Única da Comarca de Cumaru,25/05/2026,Sem prioridade,35
6ª CC,0000105-60.2020.8.17.0540,Vara Única da Comarca de Cumaru,18/06/2026,Prioridade Legal,0
6ª CC,0000583-77.2023.8.17.2540,Vara Única da Comarca de Cumaru,12/06/2026,Sem prioridade,17
5ª CCJ,0000022-33.2017.8.17.2550,Vara Única da Comarca de Cupira,04/06/2026,Prioridade Legal,25
6ª CC,0000034-81.2016.8.17.2550,Vara Única da Comarca de Cupira,19/06/2026,Prioridade Legal,11
6ª CC,0000044-18.2022.8.17.2550,Vara Única da Comarca de Cupira,16/06/2026,Prioridade Legal,0
6ª CC,0000087-18.2023.8.17.2550,Vara Única da Comarca de Cupira,18/06/2026,Prioridade Legal,0
5ª CCJ,0000304-03.2019.8.17.2550,Vara Única da Comarca de Cupira,04/06/2026,Prioridade Legal,25
6ª CC,0000325-08.2021.8.17.2550,Vara Única da Comarca de Cupira,15/06/2026,Prioridade Legal,0
5ª CCJ,0000415-45.2023.8.17.2550,Vara Única da Comarca de Cupira,22/05/2026,Prioridade Legal,0
6ª CC,0000824-51.2016.8.17.0550,Vara Única da Comarca de Cupira,19/06/2026,Prioridade Legal,10
6ª CC,0001294-59.2020.8.17.0480,Vara Única da Comarca de Cupira,16/06/2026,Prioridade Legal,0
6ª CC,0002375-73.2023.8.17.5480,Vara Única da Comarca de Cupira,19/06/2026,Prioridade Legal,0
7ª CC,0000001-08.2020.8.17.0560,1ª Vara da Comarca de Custódia,19/06/2026,Prioridade Legal,0
7ª CC,0000004-98.2025.8.17.2560,1ª Vara da Comarca de Custódia,18/06/2026,Sem prioridade,11
7ª CC,0000070-79.2016.8.17.0560,1ª Vara da Comarca de Custódia,16/06/2026,Sem prioridade,14
6ª CCJ,0000084-63.2016.8.17.0560,1ª Vara da Comarca de Custódia,18/06/2026,Prioridade Legal,11
6ª CCJ,0000180-43.2026.8.17.2560,1ª Vara da Comarca de Custódia,11/06/2026,Sem prioridade,19
7ª CC,0000268-89.2025.8.17.5220,1ª Vara da Comarca de Custódia,18/06/2026,Prioridade Legal,0
6ª CCJ,0000366-66.2026.8.17.2560,1ª Vara da Comarca de Custódia,11/06/2026,Sem prioridade,18
7ª CC,0000410-96.2011.8.17.0560,1ª Vara da Comarca de Custódia,02/06/2026,Super prioridade,27
7ª CC,0000543-06.2021.8.17.2560,1ª Vara da Comarca de Custódia,16/06/2026,Prioridade Legal,14
7ª CC,0000708-77.2026.8.17.2560,1ª Vara da Comarca de Custódia,15/06/2026,Sem prioridade,0
6ª CCJ,0000938-57.2016.8.17.0560,1ª Vara da Comarca de Custódia,04/06/2026,Sem prioridade,25
7ª CC,0001057-17.2025.8.17.2560,1ª Vara da Comarca de Custódia,12/06/2026,Prioridade Legal,18
7ª CC,0000180-77.2025.8.17.2560,2ª Vara da Comarca de Custódia,16/06/2026,Prioridade Legal,14
6ª CCJ,0000351-42.2010.8.17.0270,2ª Vara da Comarca de Custódia,19/06/2026,Sem prioridade,10
7ª CC,0000371-98.2020.8.17.2560,2ª Vara da Comarca de Custódia,16/06/2026,Prioridade Legal,13
6ª CCJ,0000680-46.2025.8.17.2560,2ª Vara da Comarca de Custódia,04/06/2026,Prioridade Legal,25
7ª CC,0001560-43.2022.8.17.2560,2ª Vara da Comarca de Custódia,29/06/2026,Prioridade Legal,0
5ª CC,0000131-69.2026.8.17.2570,1ª Vara da Comarca de Escada,05/06/2026,Prioridade Legal,24
4ª CCJ,0000179-04.2021.8.17.2570,1ª Vara da Comarca de Escada,10/06/2026,Sem prioridade,19
5ª CC,0000181-71.2021.8.17.2570,1ª Vara da Comarca de Escada,11/06/2026,Sem prioridade,18
5ª CC,0000205-65.2022.8.17.2570,1ª Vara da Comarca de Escada,11/06/2026,Sem prioridade,18
5ª CC,0000209-92.2024.8.17.5590,1ª Vara da Comarca de Escada,07/06/2026,Prioridade Legal,0
5ª CC,0000219-10.2026.8.17.2570,1ª Vara da Comarca de Escada,18/06/2026,Prioridade Legal,11
5ª CC,0000311-27.2022.8.17.2570,1ª Vara da Comarca de Escada,18/06/2026,Sem prioridade,11
5ª CC,0000335-89.2021.8.17.2570,1ª Vara da Comarca de Escada,18/06/2026,Sem prioridade,11
5ª CC,0000357-74.2026.8.17.2570,1ª Vara da Comarca de Escada,16/06/2026,Prioridade Legal,13
5ª CC,0000421-66.2009.8.17.0570,1ª Vara da Comarca de Escada,12/06/2026,Prioridade Legal,0
5ª CC,0000461-42.2021.8.17.2570,1ª Vara da Comarca de Escada,19/06/2026,Sem prioridade,10
5ª CC,0000466-64.2021.8.17.2570,1ª Vara da Comarca de Escada,15/06/2026,Prioridade Legal,14
5ª CC,0000476-69.2025.8.17.2570,1ª Vara da Comarca de Escada,08/06/2026,Prioridade Legal,21
5ª CC,0000534-05.2018.8.17.0570,1ª Vara da Comarca de Escada,08/06/2026,Prioridade Legal,0
4ª CCJ,0000558-77.2011.8.17.0570,1ª Vara da Comarca de Escada,18/06/2026,Prioridade Legal,12
5ª CC,0000638-64.2025.8.17.2570,1ª Vara da Comarca de Escada,17/06/2026,Prioridade Legal,12
5ª CC,0000663-43.2022.8.17.5590,1ª Vara da Comarca de Escada,07/06/2026,Prioridade Legal,0
5ª CC,0000777-55.2021.8.17.2570,1ª Vara da Comarca de Escada,18/06/2026,Prioridade Legal,11
5ª CC,0000861-51.2024.8.17.2570,1ª Vara da Comarca de Escada,05/06/2026,Prioridade Legal,0
5ª CC,0000967-76.2025.8.17.2570,1ª Vara da Comarca de Escada,16/06/2026,Prioridade Legal,13
5ª CC,0000982-74.2023.8.17.5590,1ª Vara da Comarca de Escada,04/06/2026,Prioridade Legal,0
5ª CC,0000999-29.2009.8.17.0570,1ª Vara da Comarca de Escada,18/06/2026,Prioridade Legal,11
5ª CC,0001046-90.2015.8.17.0570,1ª Vara da Comarca de Escada,18/06/2026,Sem prioridade,11
5ª CC,0001138-33.2025.8.17.2570,1ª Vara da Comarca de Escada,12/06/2026,Prioridade Legal,17
5ª CC,0001245-14.2024.8.17.2570,1ª Vara da Comarca de Escada,17/06/2026,Sem prioridade,12
5ª CC,0001278-67.2025.8.17.2570,1ª Vara da Comarca de Escada,18/06/2026,Prioridade Legal,0
4ª CCJ,0001443-51.2024.8.17.2570,1ª Vara da Comarca de Escada,02/06/2026,Prioridade Legal,27
5ª CC,0001837-58.2024.8.17.2570,1ª Vara da Comarca de Escada,17/06/2026,Prioridade Legal,12
5ª CC,0001845-98.2025.8.17.2570,1ª Vara da Comarca de Escada,16/06/2026,Prioridade Legal,13
5ª CC,0001982-52.2014.8.17.0570,1ª Vara da Comarca de Escada,19/06/2026,Sem prioridade,11
5ª CC,0002152-86.2024.8.17.2570,1ª Vara da Comarca de Escada,18/06/2026,Prioridade Legal,11
5ª CC,0002311-63.2023.8.17.2570,1ª Vara da Comarca de Escada,03/06/2026,Prioridade Legal,26
5ª CC,0002368-47.2024.8.17.2570,1ª Vara da Comarca de Escada,05/06/2026,Prioridade Legal,24
5ª CC,0002723-28.2022.8.17.2570,1ª Vara da Comarca de Escada,10/06/2026,Super prioridade,19
4ª CCJ,0060025-10.2021.8.17.2001,1ª Vara da Comarca de Escada,18/06/2026,Prioridade Legal,11
4ª CCJ,0000060-93.2002.8.17.0570,2ª Vara da Comarca de Escada,07/06/2026,Sem prioridade,22
5ª CC,0000103-09.2023.8.17.2570,2ª Vara da Comarca de Escada,15/06/2026,Prioridade Legal,14
5ª CC,0000240-20.2025.8.17.2570,2ª Vara da Comarca de Escada,10/06/2026,Prioridade Legal,19
5ª CC,0000295-35.2017.8.17.0570,2ª Vara da Comarca de Escada,02/06/2026,Sem prioridade,0
4ª CCJ,0000403-15.2016.8.17.2570,2ª Vara da Comarca de Escada,19/06/2026,Sem prioridade,10
4ª CCJ,0000545-04.2025.8.17.2570,2ª Vara da Comarca de Escada,05/06/2026,Prioridade Legal,24
5ª CC,0000725-50.2018.8.17.0570,2ª Vara da Comarca de Escada,21/06/2026,Prioridade Legal,0
5ª CC,0000727-63.2020.8.17.2570,2ª Vara da Comarca de Escada,15/06/2026,Prioridade Legal,14
4ª CCJ,0000737-16.2008.8.17.0570,2ª Vara da Comarca de Escada,01/06/2026,Sem prioridade,28
4ª CCJ,0000796-90.2023.8.17.2570,2ª Vara da Comarca de Escada,03/06/2026,Prioridade Legal,26
5ª CC,0001040-48.2025.8.17.2570,2ª Vara da Comarca de Escada,11/06/2026,Prioridade Legal,18
4ª CCJ,0001451-29.2015.8.17.0570,2ª Vara da Comarca de Escada,18/06/2026,Sem prioridade,11
4ª CCJ,0002217-18.2023.8.17.2570,2ª Vara da Comarca de Escada,03/06/2026,Prioridade Legal,26
7ª CC,0000013-34.2024.8.17.2580,Vara Única da Comarca de Exu,15/06/2026,Prioridade Legal,14
7ª CC,0000060-87.2007.8.17.0580,Vara Única da Comarca de Exu,18/06/2026,Sem prioridade,11
7ª CC,0000098-54.2023.8.17.2580,Vara Única da Comarca de Exu,18/06/2026,Prioridade Legal,11
7ª CC,0000109-15.2025.8.17.2580,Vara Única da Comarca de Exu,17/06/2026,Prioridade Legal,12
6ª CCJ,0000127-70.2024.8.17.2580,Vara Única da Comarca de Exu,01/06/2026,Sem prioridade,28
6ª CCJ,0000130-25.2024.8.17.2580,Vara Única da Comarca de Exu,04/06/2026,Sem prioridade,25
7ª CC,0000220-68.2014.8.17.0580,Vara Única da Comarca de Exu,15/06/2026,Prioridade Legal,14
6ª CCJ,0000275-43.2014.8.17.0960,Vara Única da Comarca de Exu,26/05/2026,Sem prioridade,35
6ª CCJ,0000404-48.2014.8.17.0960,Vara Única da Comarca de Exu,08/06/2026,Sem prioridade,21
6ª CCJ,0000432-77.2022.8.17.5020,Vara Única da Comarca de Exu,04/06/2026,Sem prioridade,0
7ª CC,0000570-84.2025.8.17.2580,Vara Única da Comarca de Exu,15/06/2026,Prioridade Legal,14
7ª CC,0000849-70.2025.8.17.2580,Vara Única da Comarca de Exu,18/06/2026,Prioridade Legal,11
7ª CC,0001163-50.2024.8.17.2580,Vara Única da Comarca de Exu,14/06/2026,Prioridade Legal,15
6ª CCJ,0001392-78.2022.8.17.2580,Vara Única da Comarca de Exu,03/06/2026,Sem prioridade,26
7ª CC,0001419-61.2017.8.17.1020,Vara Única da Comarca de Exu,18/06/2026,Sem prioridade,0
6ª CC,0000111-62.2019.8.17.2590,Vara Única da Comarca de Feira Nova,09/06/2026,Prioridade Legal,20
6ª CC,0000284-92.2007.8.17.0590,Vara Única da Comarca de Feira Nova,16/06/2026,Prioridade Legal,13
6ª CC,0000330-03.2015.8.17.0590,Vara Única da Comarca de Feira Nova,15/06/2026,Prioridade Legal,0
5ª CCJ,0000356-44.2017.8.17.2590,Vara Única da Comarca de Feira Nova,27/05/2026,Sem prioridade,33
5ª CCJ,0000410-63.2024.8.17.2590,Vara Única da Comarca de Feira Nova,15/06/2026,Sem prioridade,14
5ª CCJ,0000526-12.2011.8.17.0590,Vara Única da Comarca de Feira Nova,07/05/2026,Sem prioridade,53
6ª CC,0001000-74.2023.8.17.2590,Vara Única da Comarca de Feira Nova,11/06/2026,Prioridade Legal,18
5ª CC,0000039-08.2026.8.17.3600,Vara Única do Arquipélago de Fernando de Noronha,19/06/2026,Prioridade Legal,10
5ª CC,0000179-76.2025.8.17.3600,Vara Única do Arquipélago de Fernando de Noronha,17/06/2026,Prioridade Legal,12
5ª CC,0019044-90.2019.8.17.0001,Vara Única do Arquipélago de Fernando de Noronha,18/06/2026,Prioridade Legal,0
6ª CCJ,0000138-77.2022.8.17.2610,Vara Única da Comarca de Flores,17/06/2026,Prioridade Legal,12
6ª CCJ,0000175-80.2017.8.17.2610,Vara Única da Comarca de Flores,03/06/2026,Prioridade Legal,26
6ª CCJ,0000206-03.2017.8.17.2610,Vara Única da Comarca de Flores,03/06/2026,Prioridade Legal,26
6ª CCJ,0000511-75.2014.8.17.0610,Vara Única da Comarca de Flores,02/06/2026,Sem prioridade,27
7ª CC,0000544-64.2023.8.17.2610,Vara Única da Comarca de Flores,29/06/2026,Prioridade Legal,1
7ª CC,0000603-81.2025.8.17.2610,Vara Única da Comarca de Flores,29/06/2026,Prioridade Legal,1
6ª CCJ,0001788-81.2020.8.17.3370,Vara Única da Comarca de Flores,15/06/2026,Prioridade Legal,14
7ª CC,0000025-50.2020.8.17.0620,Vara Única da Comarca de Floresta,17/06/2026,Prioridade Legal,0
7ª CC,0000104-29.2020.8.17.0620,Vara Única da Comarca de Floresta,17/06/2026,Prioridade Legal,0
7ª CC,0000105-18.2026.8.17.2620,Vara Única da Comarca de Floresta,17/06/2026,Prioridade Legal,12
6ª CCJ,0000147-05.2016.8.17.0620,Vara Única da Comarca de Floresta,10/06/2026,Sem prioridade,20
7ª CC,0000204-81.2020.8.17.0620,Vara Única da Comarca de Floresta,17/06/2026,Prioridade Legal,0
7ª CC,0000218-75.2014.8.17.0620,Vara Única da Comarca de Floresta,18/06/2026,Prioridade Legal,11
7ª CC,0000465-27.2012.8.17.0620,Vara Única da Comarca de Floresta,17/06/2026,Prioridade Legal,12
7ª CC,0000468-39.2025.8.17.2620,Vara Única da Comarca de Floresta,15/06/2026,Prioridade Legal,14
6ª CCJ,0000484-95.2022.8.17.2620,Vara Única da Comarca de Floresta,19/06/2026,Super prioridade,10
7ª CC,0000626-71.2011.8.17.0620,Vara Única da Comarca de Floresta,15/06/2026,Sem prioridade,14
7ª CC,0000685-53.2023.8.17.2620,Vara Única da Comarca de Floresta,17/06/2026,Prioridade Legal,0
7ª CC,0000741-18.2025.8.17.2620,Vara Única da Comarca de Floresta,17/06/2026,Prioridade Legal,12
7ª CC,0000741-52.2024.8.17.2620,Vara Única da Comarca de Floresta,15/06/2026,Prioridade Legal,14
7ª CC,0001265-71.2023.8.17.4370,Vara Única da Comarca de Floresta,16/06/2026,Prioridade Legal,0
7ª CC,0002388-36.2025.8.17.4370,Vara Única da Comarca de Floresta,16/06/2026,Prioridade Legal,0
5ª CC,0000123-43.2025.8.17.2630,Vara Única da Comarca de Gameleira,26/05/2026,Prioridade Legal,34
4ª CCJ,0000223-76.2017.8.17.2630,Vara Única da Comarca de Gameleira,09/06/2026,Prioridade Legal,20
4ª CCJ,0000259-11.2023.8.17.2630,Vara Única da Comarca de Gameleira,16/06/2026,Sem prioridade,13
4ª CCJ,0000265-91.2018.8.17.2630,Vara Única da Comarca de Gameleira,25/05/2026,Prioridade Legal,35
4ª CCJ,0000268-70.2023.8.17.2630,Vara Única da Comarca de Gameleira,16/06/2026,Prioridade Legal,13
5ª CC,0000867-15.2011.8.17.0630,Vara Única da Comarca de Gameleira,01/06/2026,Prioridade Legal,28
2ª CC,0000002-58.2007.8.17.0330,1ª Vara Criminal da Comarca de Garanhuns,17/06/2026,Sem prioridade,0
2ª CC,0000095-08.2021.8.17.5640,1ª Vara Criminal da Comarca de Garanhuns,19/06/2026,Sem prioridade,0
2ª CC,0000140-70.2025.8.17.5640,1ª Vara Criminal da Comarca de Garanhuns,15/06/2026,Prioridade Legal,0
2ª CC,0000449-55.2023.8.17.4640,1ª Vara Criminal da Comarca de Garanhuns,19/06/2026,Sem prioridade,0
2ª CC,0000589-28.2025.8.17.5640,1ª Vara Criminal da Comarca de Garanhuns,17/06/2026,Prioridade Legal,0
2ª CC,0008321-44.2022.8.17.2640,1ª Vara Criminal da Comarca de Garanhuns,17/06/2026,Prioridade Legal,0
3ª CC,0000017-22.2023.8.17.2640,1ª Vara Cível da Comarca de Garanhuns,12/06/2026,Sem prioridade,17
3ª CC,0000142-18.2021.8.17.2330,1ª Vara Cível da Comarca de Garanhuns,04/06/2026,Prioridade Legal,25
3ª CC,0000692-19.2022.8.17.2640,1ª Vara Cível da Comarca de Garanhuns,09/06/2026,Prioridade Legal,20
1ª CCJ,0001264-72.2022.8.17.2640,1ª Vara Cível da Comarca de Garanhuns,17/06/2026,Prioridade Legal,13
3ª CC,0001670-64.2020.8.17.2640,1ª Vara Cível da Comarca de Garanhuns,12/06/2026,Prioridade Legal,17
3ª CC,0001742-80.2022.8.17.2640,1ª Vara Cível da Comarca de Garanhuns,12/06/2026,Prioridade Legal,17
3ª CC,0001959-89.2023.8.17.2640,1ª Vara Cível da Comarca de Garanhuns,12/06/2026,Prioridade Legal,17
3ª CC,0002235-52.2025.8.17.2640,1ª Vara Cível da Comarca de Garanhuns,04/06/2026,Sem prioridade,25
3ª CC,0002333-71.2024.8.17.2640,1ª Vara Cível da Comarca de Garanhuns,03/06/2026,Prioridade Legal,26
1ª CCJ,0002834-30.2021.8.17.2640,1ª Vara Cível da Comarca de Garanhuns,04/06/2026,Prioridade Legal,25
3ª CC,0003073-63.2023.8.17.2640,1ª Vara Cível da Comarca de Garanhuns,04/06/2026,Prioridade Legal,25
3ª CC,0003098-42.2024.8.17.2640,1ª Vara Cível da Comarca de Garanhuns,04/06/2026,Prioridade Legal,25
1ª CCJ,0003668-04.2019.8.17.2640,1ª Vara Cível da Comarca de Garanhuns,20/05/2026,Prioridade Legal,40
1ª CCJ,0003707-59.2023.8.17.2640,1ª Vara Cível da Comarca de Garanhuns,22/05/2026,Prioridade Legal,38
3ª CC,0003711-28.2025.8.17.2640,1ª Vara Cível da Comarca de Garanhuns,05/06/2026,Prioridade Legal,24
3ª CC,0003815-54.2024.8.17.2640,1ª Vara Cível da Comarca de Garanhuns,12/06/2026,Prioridade Legal,17
1ª CCJ,0003984-17.2019.8.17.2640,1ª Vara Cível da Comarca de Garanhuns,07/05/2026,Prioridade Legal,53
3ª CC,0004006-36.2023.8.17.2640,1ª Vara Cível da Comarca de Garanhuns,29/06/2026,Prioridade Legal,0
1ª CCJ,0004323-97.2024.8.17.2640,1ª Vara Cível da Comarca de Garanhuns,20/05/2026,Prioridade Legal,41
1ª CCJ,0004329-46.2020.8.17.2640,1ª Vara Cível da Comarca de Garanhuns,25/05/2026,Prioridade Legal,35
1ª CCJ,0004467-13.2020.8.17.2640,1ª Vara Cível da Comarca de Garanhuns,15/06/2026,Prioridade Legal,14
1ª CCJ,0005372-53.2010.8.17.0640,1ª Vara Cível da Comarca de Garanhuns,03/06/2026,Prioridade Legal,27
3ª CC,0005557-80.2025.8.17.2640,1ª Vara Cível da Comarca de Garanhuns,25/05/2026,Prioridade Legal,35
1ª CCJ,0006095-33.2014.8.17.0640,1ª Vara Cível da Comarca de Garanhuns,07/05/2026,Prioridade Legal,54
1ª CCJ,0006106-32.2021.8.17.2640,1ª Vara Cível da Comarca de Garanhuns,08/06/2026,Prioridade Legal,21
1ª CCJ,0006908-59.2023.8.17.2640,1ª Vara Cível da Comarca de Garanhuns,04/06/2026,Prioridade Legal,25
3ª CC,0007497-17.2024.8.17.2640,1ª Vara Cível da Comarca de Garanhuns,05/06/2026,Prioridade Legal,24
3ª CC,0007745-46.2025.8.17.2640,1ª Vara Cível da Comarca de Garanhuns,05/06/2026,Prioridade Legal,24
1ª CCJ,0007782-78.2022.8.17.2640,1ª Vara Cível da Comarca de Garanhuns,17/06/2026,Prioridade Legal,13
1ª CCJ,0008522-02.2023.8.17.2640,1ª Vara Cível da Comarca de Garanhuns,13/06/2026,Sem prioridade,16
1ª CCJ,0008977-93.2025.8.17.2640,1ª Vara Cível da Comarca de Garanhuns,18/05/2026,Sem prioridade,42
3ª CC,0010661-24.2023.8.17.2640,1ª Vara Cível da Comarca de Garanhuns,15/06/2026,Prioridade Legal,14
1ª CCJ,0010782-52.2023.8.17.2640,1ª Vara Cível da Comarca de Garanhuns,23/05/2026,Prioridade Legal,37
3ª CC,0000743-25.2025.8.17.2640,1ª Vara de Família e Reg. Civil da Comarca de Garanhuns,09/06/2026,Prioridade Legal,20
3ª CC,0000964-71.2026.8.17.2640,1ª Vara de Família e Reg. Civil da Comarca de Garanhuns,19/06/2026,Prioridade Legal,10
3ª CC,0001332-80.2026.8.17.2640,1ª Vara de Família e Reg. Civil da Comarca de Garanhuns,18/06/2026,Prioridade Legal,11
3ª CCJ,0002020-76.2025.8.17.2640,1ª Vara de Família e Reg. Civil da Comarca de Garanhuns,17/06/2026,Sem prioridade,12
3ª CC,0002435-25.2026.8.17.2640,1ª Vara de Família e Reg. Civil da Comarca de Garanhuns,19/06/2026,Prioridade Legal,10
3ª CC,0005655-65.2025.8.17.2640,1ª Vara de Família e Reg. Civil da Comarca de Garanhuns,05/06/2026,Prioridade Legal,24
3ª CC,0005747-43.2025.8.17.2640,1ª Vara de Família e Reg. Civil da Comarca de Garanhuns,18/06/2026,Prioridade Legal,11
3ª CC,0007361-20.2024.8.17.2640,1ª Vara de Família e Reg. Civil da Comarca de Garanhuns,16/06/2026,Prioridade Legal,13
2ª CC,0000168-38.2025.8.17.5640,2ª Vara Criminal da Comarca de Garanhuns,19/06/2026,Prioridade Legal,0
2ª CC,0001107-94.2025.8.17.2640,2ª Vara Criminal da Comarca de Garanhuns,19/06/2026,Prioridade Legal,0
2ª CC,0002143-79.2022.8.17.2640,2ª Vara Criminal da Comarca de Garanhuns,18/06/2026,Prioridade Legal,0
2ª CC,0003560-92.2018.8.17.0640,2ª Vara Criminal da Comarca de Garanhuns,18/06/2026,Prioridade Legal,0
2ª CC,0006839-61.2022.8.17.2640,2ª Vara Criminal da Comarca de Garanhuns,18/06/2026,Prioridade Legal,0
1ª CCJ,0000032-53.2020.8.17.2330,2ª Vara Cível da Comarca de Garanhuns,19/05/2026,Prioridade Legal,41
3ª CC,0000432-05.2023.8.17.2640,2ª Vara Cível da Comarca de Garanhuns,24/05/2026,Prioridade Legal,36
3ª CC,0000473-35.2024.8.17.2640,2ª Vara Cível da Comarca de Garanhuns,19/06/2026,Super prioridade,11
1ª CCJ,0000750-85.2023.8.17.2640,2ª Vara Cível da Comarca de Garanhuns,03/06/2026,Prioridade Legal,26
3ª CC,0001204-07.2019.8.17.2640,2ª Vara Cível da Comarca de Garanhuns,09/06/2026,Prioridade Legal,20
1ª CCJ,0001229-45.2015.8.17.0640,2ª Vara Cível da Comarca de Garanhuns,19/05/2026,Sem prioridade,41
1ª CCJ,0001256-90.2025.8.17.2640,2ª Vara Cível da Comarca de Garanhuns,29/05/2026,Prioridade Legal,31
3ª CC,0001332-56.2021.8.17.2640,2ª Vara Cível da Comarca de Garanhuns,09/06/2026,Prioridade Legal,20
1ª CCJ,0001769-68.2019.8.17.2640,2ª Vara Cível da Comarca de Garanhuns,06/06/2026,Prioridade Legal,23
1ª CCJ,0002168-34.2018.8.17.2640,2ª Vara Cível da Comarca de Garanhuns,09/06/2026,Sem prioridade,20
1ª CCJ,0002348-16.2019.8.17.2640,2ª Vara Cível da Comarca de Garanhuns,24/05/2026,Prioridade Legal,36
3ª CC,0003195-82.2011.8.17.0640,2ª Vara Cível da Comarca de Garanhuns,01/06/2026,Super prioridade,28
1ª CCJ,0003304-27.2022.8.17.2640,2ª Vara Cível da Comarca de Garanhuns,25/05/2026,Prioridade Legal,36
3ª CC,0003324-81.2023.8.17.2640,2ª Vara Cível da Comarca de Garanhuns,16/06/2026,Prioridade Legal,13
3ª CC,0004038-41.2023.8.17.2640,2ª Vara Cível da Comarca de Garanhuns,16/06/2026,Sem prioridade,13
3ª CC,0005031-89.2020.8.17.2640,2ª Vara Cível da Comarca de Garanhuns,11/06/2026,Prioridade Legal,18
3ª CC,0005161-11.2022.8.17.2640,2ª Vara Cível da Comarca de Garanhuns,11/06/2026,Sem prioridade,18
1ª CCJ,0005667-16.2024.8.17.2640,2ª Vara Cível da Comarca de Garanhuns,03/05/2026,Prioridade Legal,58
1ª CCJ,0005966-28.2014.8.17.0640,2ª Vara Cível da Comarca de Garanhuns,19/06/2026,Prioridade Legal,10
3ª CC,0006036-78.2022.8.17.2640,2ª Vara Cível da Comarca de Garanhuns,19/06/2026,Prioridade Legal,11
3ª CC,0007219-16.2024.8.17.2640,2ª Vara Cível da Comarca de Garanhuns,11/06/2026,Prioridade Legal,18
3ª CC,0010275-91.2023.8.17.2640,2ª Vara Cível da Comarca de Garanhuns,09/06/2026,Prioridade Legal,20
3ª CC,0011394-87.2023.8.17.2640,2ª Vara Cível da Comarca de Garanhuns,19/06/2026,Prioridade Legal,11
3ª CC,0001882-51.2021.8.17.2640,2ª Vara de Família e Reg. Civil da Comarca de Garanhuns,18/06/2026,Prioridade Legal,11
3ª CC,0002189-10.2018.8.17.2640,2ª Vara de Família e Reg. Civil da Comarca de Garanhuns,05/06/2026,Prioridade Legal,24
3ª CC,0002255-53.2019.8.17.2640,2ª Vara de Família e Reg. Civil da Comarca de Garanhuns,08/06/2026,Prioridade Legal,21
3ª CC,0003129-33.2022.8.17.2640,2ª Vara de Família e Reg. Civil da Comarca de Garanhuns,03/06/2026,Prioridade Legal,26
3ª CC,0004079-03.2026.8.17.2640,2ª Vara de Família e Reg. Civil da Comarca de Garanhuns,09/06/2026,Sem prioridade,20
3ª CC,0005444-63.2024.8.17.2640,2ª Vara de Família e Reg. Civil da Comarca de Garanhuns,17/06/2026,Prioridade Legal,12
3ª CC,0006197-20.2024.8.17.2640,2ª Vara de Família e Reg. Civil da Comarca de Garanhuns,05/06/2026,Prioridade Legal,24
3ª CCJ,0006798-94.2022.8.17.2640,2ª Vara de Família e Reg. Civil da Comarca de Garanhuns,26/05/2026,Prioridade Legal,34
3ª CC,0007158-92.2023.8.17.2640,2ª Vara de Família e Reg. Civil da Comarca de Garanhuns,05/06/2026,Prioridade Legal,24
3ª CC,0007600-92.2022.8.17.2640,2ª Vara de Família e Reg. Civil da Comarca de Garanhuns,19/06/2026,Prioridade Legal,11
3ª CC,0000161-88.2026.8.17.2640,3ª Vara Cível da Comarca de Garanhuns,19/06/2026,Prioridade Legal,10
3ª CC,0001442-89.2020.8.17.2640,3ª Vara Cível da Comarca de Garanhuns,06/06/2026,Prioridade Legal,23
1ª CCJ,0001623-56.2021.8.17.2640,3ª Vara Cível da Comarca de Garanhuns,22/05/2026,Prioridade Legal,38
3ª CC,0001998-28.2019.8.17.2640,3ª Vara Cível da Comarca de Garanhuns,12/06/2026,Prioridade Legal,17
3ª CC,0002984-11.2021.8.17.2640,3ª Vara Cível da Comarca de Garanhuns,15/06/2026,Prioridade Legal,14
3ª CC,0003205-52.2025.8.17.2640,3ª Vara Cível da Comarca de Garanhuns,08/06/2026,Prioridade Legal,21
1ª CCJ,0003256-98.2015.8.17.0640,3ª Vara Cível da Comarca de Garanhuns,21/05/2026,Sem prioridade,39
3ª CC,0003697-44.2025.8.17.2640,3ª Vara Cível da Comarca de Garanhuns,08/06/2026,Prioridade Legal,21
1ª CCJ,0004686-94.2018.8.17.2640,3ª Vara Cível da Comarca de Garanhuns,01/06/2026,Sem prioridade,28
3ª CC,0004717-70.2025.8.17.2640,3ª Vara Cível da Comarca de Garanhuns,18/06/2026,Prioridade Legal,11
3ª CC,0006075-07.2024.8.17.2640,3ª Vara Cível da Comarca de Garanhuns,06/06/2026,Prioridade Legal,23
3ª CC,0006172-07.2024.8.17.2640,3ª Vara Cível da Comarca de Garanhuns,11/06/2026,Prioridade Legal,18
1ª CCJ,0000318-06.2025.8.17.8231,Juizado Especial Cível e das Relações de Consumo de Garanhuns - Turno Manhã - 08:00h às 14:00h,19/06/2026,Prioridade Legal,10
1ª CCJ,0000651-55.2025.8.17.8231,Juizado Especial Cível e das Relações de Consumo de Garanhuns - Turno Manhã - 08:00h às 14:00h,28/05/2026,Prioridade Legal,32
1ª CCJ,0000654-83.2020.8.17.8231,Juizado Especial Cível e das Relações de Consumo de Garanhuns - Turno Manhã - 08:00h às 14:00h,08/06/2026,Prioridade Legal,21
1ª CCJ,0000777-13.2022.8.17.8231,Juizado Especial Cível e das Relações de Consumo de Garanhuns - Turno Manhã - 08:00h às 14:00h,06/05/2026,Prioridade Legal,54
1ª CCJ,0000957-24.2025.8.17.8231,Juizado Especial Cível e das Relações de Consumo de Garanhuns - Turno Manhã - 08:00h às 14:00h,05/05/2026,Prioridade Legal,55
1ª CCJ,0000983-22.2025.8.17.8231,Juizado Especial Cível e das Relações de Consumo de Garanhuns - Turno Manhã - 08:00h às 14:00h,14/05/2026,Prioridade Legal,46
1ª CCJ,0001154-18.2021.8.17.8231,Juizado Especial Cível e das Relações de Consumo de Garanhuns - Turno Manhã - 08:00h às 14:00h,08/05/2026,Prioridade Legal,52
1ª CC,0001336-62.2025.8.17.8231,Juizado Especial Cível e das Relações de Consumo de Garanhuns - Turno Manhã - 08:00h às 14:00h,19/06/2026,Prioridade Legal,10
1ª CCJ,0001355-10.2021.8.17.8231,Juizado Especial Cível e das Relações de Consumo de Garanhuns - Turno Manhã - 08:00h às 14:00h,05/06/2026,Prioridade Legal,24
1ª CCJ,0001394-07.2021.8.17.8231,Juizado Especial Cível e das Relações de Consumo de Garanhuns - Turno Manhã - 08:00h às 14:00h,08/05/2026,Prioridade Legal,52
1ª CCJ,0001451-83.2025.8.17.8231,Juizado Especial Cível e das Relações de Consumo de Garanhuns - Turno Manhã - 08:00h às 14:00h,11/06/2026,Prioridade Legal,18
1ª CCJ,0001520-52.2024.8.17.8231,Juizado Especial Cível e das Relações de Consumo de Garanhuns - Turno Manhã - 08:00h às 14:00h,09/06/2026,Prioridade Legal,20
1ª CCJ,0001612-93.2025.8.17.8231,Juizado Especial Cível e das Relações de Consumo de Garanhuns - Turno Manhã - 08:00h às 14:00h,17/06/2026,Prioridade Legal,12
1ª CCJ,0001660-57.2022.8.17.8231,Juizado Especial Cível e das Relações de Consumo de Garanhuns - Turno Manhã - 08:00h às 14:00h,29/04/2026,Prioridade Legal,61
1ª CCJ,0001724-62.2025.8.17.8231,Juizado Especial Cível e das Relações de Consumo de Garanhuns - Turno Manhã - 08:00h às 14:00h,29/04/2026,Prioridade Legal,61
1ª CCJ,0001739-36.2022.8.17.8231,Juizado Especial Cível e das Relações de Consumo de Garanhuns - Turno Manhã - 08:00h às 14:00h,29/04/2026,Prioridade Legal,61
1ª CCJ,0001794-79.2025.8.17.8231,Juizado Especial Cível e das Relações de Consumo de Garanhuns - Turno Manhã - 08:00h às 14:00h,27/05/2026,Sem prioridade,33
1ª CCJ,0001824-95.2017.8.17.8231,Juizado Especial Cível e das Relações de Consumo de Garanhuns - Turno Manhã - 08:00h às 14:00h,15/06/2026,Prioridade Legal,14
1ª CCJ,0001844-08.2025.8.17.8231,Juizado Especial Cível e das Relações de Consumo de Garanhuns - Turno Manhã - 08:00h às 14:00h,18/05/2026,Prioridade Legal,42
1ª CCJ,0001872-73.2025.8.17.8231,Juizado Especial Cível e das Relações de Consumo de Garanhuns - Turno Manhã - 08:00h às 14:00h,16/06/2026,Prioridade Legal,13
1ª CCJ,0002047-67.2025.8.17.8231,Juizado Especial Cível e das Relações de Consumo de Garanhuns - Turno Manhã - 08:00h às 14:00h,16/06/2026,Prioridade Legal,13
1ª CCJ,0002072-17.2024.8.17.8231,Juizado Especial Cível e das Relações de Consumo de Garanhuns - Turno Manhã - 08:00h às 14:00h,29/04/2026,Prioridade Legal,61
1ª CCJ,0002093-90.2024.8.17.8231,Juizado Especial Cível e das Relações de Consumo de Garanhuns - Turno Manhã - 08:00h às 14:00h,20/05/2026,Prioridade Legal,40
1ª CCJ,0002206-49.2021.8.17.8231,Juizado Especial Cível e das Relações de Consumo de Garanhuns - Turno Manhã - 08:00h às 14:00h,12/06/2026,Prioridade Legal,17
1ª CCJ,0002257-55.2024.8.17.8231,Juizado Especial Cível e das Relações de Consumo de Garanhuns - Turno Manhã - 08:00h às 14:00h,01/06/2026,Prioridade Legal,28
1ª CCJ,0002299-70.2025.8.17.8231,Juizado Especial Cível e das Relações de Consumo de Garanhuns - Turno Manhã - 08:00h às 14:00h,29/04/2026,Prioridade Legal,61
1ª CCJ,0002374-12.2025.8.17.8231,Juizado Especial Cível e das Relações de Consumo de Garanhuns - Turno Manhã - 08:00h às 14:00h,29/04/2026,Prioridade Legal,61
1ª CCJ,0002436-52.2025.8.17.8231,Juizado Especial Cível e das Relações de Consumo de Garanhuns - Turno Manhã - 08:00h às 14:00h,18/06/2026,Prioridade Legal,11
1ª CCJ,0002459-66.2023.8.17.8231,Juizado Especial Cível e das Relações de Consumo de Garanhuns - Turno Manhã - 08:00h às 14:00h,12/05/2026,Prioridade Legal,49
1ª CCJ,0002466-87.2025.8.17.8231,Juizado Especial Cível e das Relações de Consumo de Garanhuns - Turno Manhã - 08:00h às 14:00h,20/05/2026,Sem prioridade,40
1ª CCJ,0002478-04.2025.8.17.8231,Juizado Especial Cível e das Relações de Consumo de Garanhuns - Turno Manhã - 08:00h às 14:00h,16/06/2026,Prioridade Legal,13
1ª CCJ,0002517-98.2025.8.17.8231,Juizado Especial Cível e das Relações de Consumo de Garanhuns - Turno Manhã - 08:00h às 14:00h,19/06/2026,Prioridade Legal,10
1ª CCJ,0002565-57.2025.8.17.8231,Juizado Especial Cível e das Relações de Consumo de Garanhuns - Turno Manhã - 08:00h às 14:00h,19/06/2026,Prioridade Legal,10
2ª CCJ,0000547-90.2015.8.17.0640,Vara da Fazenda Pública da Comarca de Garanhuns,01/06/2026,Prioridade Legal,28
4ª CC,0000644-31.2020.8.17.2640,Vara da Fazenda Pública da Comarca de Garanhuns,11/06/2026,Prioridade Legal,18
4ª CC,0001488-78.2020.8.17.2640,Vara da Fazenda Pública da Comarca de Garanhuns,15/06/2026,Prioridade Legal,14
2ª CCJ,0001821-84.2018.8.17.0640,Vara da Fazenda Pública da Comarca de Garanhuns,21/05/2026,Sem prioridade,39
4ª CC,0002128-42.2024.8.17.2640,Vara da Fazenda Pública da Comarca de Garanhuns,11/06/2026,Prioridade Legal,18
4ª CC,0002400-78.2023.8.17.8231,Vara da Fazenda Pública da Comarca de Garanhuns,17/06/2026,Prioridade Legal,12
4ª CC,0002553-45.2019.8.17.2640,Vara da Fazenda Pública da Comarca de Garanhuns,11/06/2026,Prioridade Legal,18
4ª CC,0004620-07.2024.8.17.2640,Vara da Fazenda Pública da Comarca de Garanhuns,09/06/2026,Prioridade Legal,20
2ª CCJ,0005057-48.2024.8.17.2640,Vara da Fazenda Pública da Comarca de Garanhuns,18/06/2026,Prioridade Legal,11
4ª CC,0005212-51.2024.8.17.2640,Vara da Fazenda Pública da Comarca de Garanhuns,10/06/2026,Prioridade Legal,19
4ª CCJ,0000011-14.2025.8.17.2650,Vara Única da Comarca de Glória do Goitá,26/05/2026,Sem prioridade,34
5ª CC,0000096-73.2020.8.17.2650,Vara Única da Comarca de Glória do Goitá,16/06/2026,Sem prioridade,13
5ª CC,0000106-85.2024.8.17.5590,Vara Única da Comarca de Glória do Goitá,18/06/2026,Prioridade Legal,0
5ª CC,0000127-64.2018.8.17.2650,Vara Única da Comarca de Glória do Goitá,07/06/2026,Prioridade Legal,23
4ª CCJ,0000149-54.2020.8.17.2650,Vara Única da Comarca de Glória do Goitá,10/06/2026,Prioridade Legal,19
5ª CC,0000167-36.2024.8.17.2650,Vara Única da Comarca de Glória do Goitá,05/06/2026,Prioridade Legal,0
5ª CC,0000231-71.2020.8.17.0650,Vara Única da Comarca de Glória do Goitá,08/06/2026,Prioridade Legal,0
5ª CC,0000260-10.2009.8.17.0650,Vara Única da Comarca de Glória do Goitá,02/06/2026,Sem prioridade,27
5ª CC,0000335-04.2025.8.17.2650,Vara Única da Comarca de Glória do Goitá,03/06/2026,Prioridade Legal,0
4ª CCJ,0000419-44.2021.8.17.2650,Vara Única da Comarca de Glória do Goitá,29/05/2026,Prioridade Legal,32
5ª CC,0000523-36.2021.8.17.2650,Vara Única da Comarca de Glória do Goitá,07/06/2026,Prioridade Legal,22
5ª CC,0000564-95.2024.8.17.2650,Vara Única da Comarca de Glória do Goitá,01/06/2026,Prioridade Legal,0
5ª CC,0000618-95.2023.8.17.2650,Vara Única da Comarca de Glória do Goitá,16/06/2026,Sem prioridade,13
5ª CC,0000731-83.2022.8.17.2650,Vara Única da Comarca de Glória do Goitá,11/06/2026,Prioridade Legal,18
5ª CC,0000787-49.2015.8.17.0650,Vara Única da Comarca de Glória do Goitá,16/06/2026,Sem prioridade,13
5ª CC,0001018-18.2011.8.17.0650,Vara Única da Comarca de Glória do Goitá,11/06/2026,Sem prioridade,18
5ª CC,0001054-20.2024.8.17.2650,Vara Única da Comarca de Glória do Goitá,11/06/2026,Prioridade Legal,18
5ª CC,0001064-30.2025.8.17.2650,Vara Única da Comarca de Glória do Goitá,09/06/2026,Prioridade Legal,21
4ª CCJ,0001064-64.2024.8.17.2650,Vara Única da Comarca de Glória do Goitá,03/06/2026,Prioridade Legal,26
5ª CC,0001145-47.2023.8.17.2650,Vara Única da Comarca de Glória do Goitá,08/06/2026,Super prioridade,21
5ª CC,0000129-88.2026.8.17.2218,1ª Vara Cível da Comarca de Goiana,10/06/2026,Prioridade Legal,19
5ª CC,0000369-77.2026.8.17.2218,1ª Vara Cível da Comarca de Goiana,08/06/2026,Prioridade Legal,21
5ª CC,0000627-87.2026.8.17.2218,1ª Vara Cível da Comarca de Goiana,17/06/2026,Prioridade Legal,12
5ª CC,0001017-57.2026.8.17.2218,1ª Vara Cível da Comarca de Goiana,09/06/2026,Prioridade Legal,20
5ª CC,0001616-30.2025.8.17.2218,1ª Vara Cível da Comarca de Goiana,29/05/2026,Prioridade Legal,31
5ª CC,0001884-55.2023.8.17.2218,1ª Vara Cível da Comarca de Goiana,18/05/2026,Prioridade Legal,42
5ª CC,0002593-22.2025.8.17.2218,1ª Vara Cível da Comarca de Goiana,17/06/2026,Sem prioridade,12
5ª CC,0002628-50.2023.8.17.2218,1ª Vara Cível da Comarca de Goiana,08/06/2026,Prioridade Legal,21
5ª CC,0002871-23.2025.8.17.2218,1ª Vara Cível da Comarca de Goiana,08/06/2026,Prioridade Legal,21
5ª CC,0003366-72.2022.8.17.2218,1ª Vara Cível da Comarca de Goiana,27/05/2026,Sem prioridade,33
5ª CC,0003709-34.2023.8.17.2218,1ª Vara Cível da Comarca de Goiana,05/06/2026,Prioridade Legal,25
5ª CC,0003773-73.2025.8.17.2218,1ª Vara Cível da Comarca de Goiana,08/06/2026,Prioridade Legal,21
5ª CC,0003787-91.2024.8.17.2218,1ª Vara Cível da Comarca de Goiana,29/05/2026,Prioridade Legal,31
5ª CC,0004212-21.2024.8.17.2218,1ª Vara Cível da Comarca de Goiana,18/06/2026,Prioridade Legal,12
5ª CC,0000391-67.2000.8.17.0660,2ª Vara Cível da Comarca de Goiana,09/06/2026,Prioridade Legal,20
5ª CC,0000444-19.2026.8.17.2218,2ª Vara Cível da Comarca de Goiana,19/06/2026,Prioridade Legal,10
5ª CC,0000991-59.2026.8.17.2218,2ª Vara Cível da Comarca de Goiana,15/06/2026,Sem prioridade,14
4ª CCJ,0002258-71.2023.8.17.2218,2ª Vara Cível da Comarca de Goiana,01/06/2026,Prioridade Legal,28
5ª CC,0004087-19.2025.8.17.2218,2ª Vara Cível da Comarca de Goiana,09/06/2026,Prioridade Legal,20
1ª CCJ,0000138-52.2023.8.17.8233,Juizado Especial Cível e das Relações de Consumo e Criminal de Goiana - Turno Manhã - 08:00h às 14:00h,19/06/2026,Prioridade Legal,10
1ª CCJ,0000271-94.2023.8.17.8233,Juizado Especial Cível e das Relações de Consumo e Criminal de Goiana - Turno Manhã - 08:00h às 14:00h,19/06/2026,Prioridade Legal,10
1ª CCJ,0000501-68.2025.8.17.8233,Juizado Especial Cível e das Relações de Consumo e Criminal de Goiana - Turno Manhã - 08:00h às 14:00h,19/06/2026,Prioridade Legal,10
1ª CCJ,0000586-54.2025.8.17.8233,Juizado Especial Cível e das Relações de Consumo e Criminal de Goiana - Turno Manhã - 08:00h às 14:00h,28/05/2026,Prioridade Legal,32
1ª CCJ,0000858-82.2024.8.17.8233,Juizado Especial Cível e das Relações de Consumo e Criminal de Goiana - Turno Manhã - 08:00h às 14:00h,19/06/2026,Sem prioridade,10
1ª CCJ,0000865-74.2024.8.17.8233,Juizado Especial Cível e das Relações de Consumo e Criminal de Goiana - Turno Manhã - 08:00h às 14:00h,19/06/2026,Prioridade Legal,10
1ª CCJ,0001192-24.2021.8.17.8233,Juizado Especial Cível e das Relações de Consumo e Criminal de Goiana - Turno Manhã - 08:00h às 14:00h,19/06/2026,Prioridade Legal,10
1ª CCJ,0001216-47.2024.8.17.8233,Juizado Especial Cível e das Relações de Consumo e Criminal de Goiana - Turno Manhã - 08:00h às 14:00h,19/06/2026,Super prioridade,10
1ª CCJ,0001217-95.2025.8.17.8233,Juizado Especial Cível e das Relações de Consumo e Criminal de Goiana - Turno Manhã - 08:00h às 14:00h,28/05/2026,Prioridade Legal,32
1ª CCJ,0001236-04.2025.8.17.8233,Juizado Especial Cível e das Relações de Consumo e Criminal de Goiana - Turno Manhã - 08:00h às 14:00h,19/06/2026,Prioridade Legal,10
1ª CCJ,0001339-45.2024.8.17.8233,Juizado Especial Cível e das Relações de Consumo e Criminal de Goiana - Turno Manhã - 08:00h às 14:00h,28/05/2026,Prioridade Legal,32
1ª CCJ,0001531-75.2024.8.17.8233,Juizado Especial Cível e das Relações de Consumo e Criminal de Goiana - Turno Manhã - 08:00h às 14:00h,29/04/2026,Prioridade Legal,61
1ª CCJ,0001820-08.2024.8.17.8233,Juizado Especial Cível e das Relações de Consumo e Criminal de Goiana - Turno Manhã - 08:00h às 14:00h,09/06/2026,Prioridade Legal,20
1ª CCJ,0001822-41.2025.8.17.8233,Juizado Especial Cível e das Relações de Consumo e Criminal de Goiana - Turno Manhã - 08:00h às 14:00h,30/04/2026,Prioridade Legal,60
1ª CCJ,0001845-21.2024.8.17.8233,Juizado Especial Cível e das Relações de Consumo e Criminal de Goiana - Turno Manhã - 08:00h às 14:00h,04/05/2026,Prioridade Legal,56
1ª CCJ,0002067-86.2024.8.17.8233,Juizado Especial Cível e das Relações de Consumo e Criminal de Goiana - Turno Manhã - 08:00h às 14:00h,28/05/2026,Prioridade Legal,32
1ª CCJ,0002126-74.2024.8.17.8233,Juizado Especial Cível e das Relações de Consumo e Criminal de Goiana - Turno Manhã - 08:00h às 14:00h,04/05/2026,Prioridade Legal,56
1ª CCJ,0003078-24.2022.8.17.8233,Juizado Especial Cível e das Relações de Consumo e Criminal de Goiana - Turno Manhã - 08:00h às 14:00h,19/06/2026,Prioridade Legal,10
1ª CCJ,0003769-04.2023.8.17.8233,Juizado Especial Cível e das Relações de Consumo e Criminal de Goiana - Turno Manhã - 08:00h às 14:00h,09/06/2026,Prioridade Legal,20
1ª CCJ,0003874-78.2023.8.17.8233,Juizado Especial Cível e das Relações de Consumo e Criminal de Goiana - Turno Manhã - 08:00h às 14:00h,19/06/2026,Prioridade Legal,10
1ª CCJ,0003941-43.2023.8.17.8233,Juizado Especial Cível e das Relações de Consumo e Criminal de Goiana - Turno Manhã - 08:00h às 14:00h,19/06/2026,Prioridade Legal,10
2ª CC,0000900-31.2019.8.17.0660,Vara Criminal da Comarca de Goiana,18/06/2026,Prioridade Legal,0
2ª CC,0001044-04.2023.8.17.4980,Vara Criminal da Comarca de Goiana,18/06/2026,Prioridade Legal,0
2ª CC,0002382-20.2024.8.17.2218,Vara Criminal da Comarca de Goiana,18/06/2026,Prioridade Legal,0
2ª CC,0002987-97.2023.8.17.2218,Vara Criminal da Comarca de Goiana,18/06/2026,Prioridade Legal,0
2ª CC,0000038-41.1993.8.17.0670,1ª Vara Criminal da Comarca de Gravatá,19/06/2026,Sem prioridade,0
2ª CC,0001815-26.2014.8.17.0670,1ª Vara Criminal da Comarca de Gravatá,19/06/2026,Sem prioridade,0
2ª CC,0001975-17.2015.8.17.0670,1ª Vara Criminal da Comarca de Gravatá,19/06/2026,Sem prioridade,0
5ª CCJ,0000199-59.2016.8.17.2670,1ª Vara Cível da Comarca de Gravatá,14/05/2026,Prioridade Legal,47
6ª CC,0000235-57.2023.8.17.2670,1ª Vara Cível da Comarca de Gravatá,19/06/2026,Sem prioridade,10
6ª CC,0000321-88.2013.8.17.0500,1ª Vara Cível da Comarca de Gravatá,19/06/2026,Sem prioridade,10
6ª CC,0000655-97.2013.8.17.0670,1ª Vara Cível da Comarca de Gravatá,19/06/2026,Sem prioridade,10
5ª CCJ,0000715-65.2016.8.17.0670,1ª Vara Cível da Comarca de Gravatá,09/06/2026,Prioridade Legal,20
6ª CC,0000724-07.2017.8.17.2670,1ª Vara Cível da Comarca de Gravatá,19/06/2026,Sem prioridade,10
5ª CCJ,0000724-13.2005.8.17.0670,1ª Vara Cível da Comarca de Gravatá,18/06/2026,Sem prioridade,11
6ª CC,0001199-21.2021.8.17.2670,1ª Vara Cível da Comarca de Gravatá,15/06/2026,Prioridade Legal,14
5ª CCJ,0001244-89.2013.8.17.0670,1ª Vara Cível da Comarca de Gravatá,10/06/2026,Sem prioridade,19
6ª CC,0001309-78.2025.8.17.2670,1ª Vara Cível da Comarca de Gravatá,19/06/2026,Super prioridade,10
5ª CCJ,0002009-31.2011.8.17.0670,1ª Vara Cível da Comarca de Gravatá,11/06/2026,Sem prioridade,18
5ª CCJ,0002086-98.2015.8.17.0670,1ª Vara Cível da Comarca de Gravatá,09/06/2026,Prioridade Legal,20
6ª CC,0002170-30.2026.8.17.2670,1ª Vara Cível da Comarca de Gravatá,19/06/2026,Prioridade Legal,10
6ª CC,0002174-09.2022.8.17.2670,1ª Vara Cível da Comarca de Gravatá,19/06/2026,Sem prioridade,10
6ª CC,0002432-53.2021.8.17.2670,1ª Vara Cível da Comarca de Gravatá,19/06/2026,Prioridade Legal,10
6ª CC,0003053-11.2025.8.17.2670,1ª Vara Cível da Comarca de Gravatá,15/06/2026,Prioridade Legal,14
6ª CC,0004300-61.2024.8.17.2670,1ª Vara Cível da Comarca de Gravatá,16/06/2026,Prioridade Legal,13
5ª CCJ,0006843-71.2023.8.17.2670,1ª Vara Cível da Comarca de Gravatá,11/06/2026,Prioridade Legal,18
6ª CC,0007669-69.2012.8.17.0670,1ª Vara Cível da Comarca de Gravatá,10/06/2026,Prioridade Legal,19
6ª CC,0007776-44.2023.8.17.2670,1ª Vara Cível da Comarca de Gravatá,19/06/2026,Sem prioridade,10
6ª CC,0009125-19.2022.8.17.2670,1ª Vara Cível da Comarca de Gravatá,19/06/2026,Prioridade Legal,10
2ª CC,0000015-75.2020.8.17.0500,2ª Vara Criminal da Comarca de Gravatá,18/06/2026,Sem prioridade,0
2ª CC,0001784-06.2014.8.17.0670,2ª Vara Criminal da Comarca de Gravatá,15/06/2026,Sem prioridade,0
5ª CCJ,0000902-88.2007.8.17.0670,2ª Vara Cível da Comarca de Gravatá,03/06/2026,Sem prioridade,26
5ª CCJ,0001047-32.2016.8.17.0670,2ª Vara Cível da Comarca de Gravatá,08/06/2026,Sem prioridade,21
5ª CCJ,0001222-17.2002.8.17.0670,2ª Vara Cível da Comarca de Gravatá,03/06/2026,Sem prioridade,26
6ª CC,0001490-16.2024.8.17.2670,2ª Vara Cível da Comarca de Gravatá,09/06/2026,Prioridade Legal,20
6ª CC,0001710-43.2026.8.17.2670,2ª Vara Cível da Comarca de Gravatá,17/06/2026,Prioridade Legal,12
6ª CC,0001764-43.2025.8.17.2670,2ª Vara Cível da Comarca de Gravatá,15/06/2026,Prioridade Legal,14
6ª CC,0002105-35.2026.8.17.2670,2ª Vara Cível da Comarca de Gravatá,16/06/2026,Sem prioridade,13
5ª CCJ,0002713-44.2011.8.17.0670,2ª Vara Cível da Comarca de Gravatá,02/06/2026,Sem prioridade,27
1ª CCJ,0000137-89.2026.8.17.8224,Juizado Especial Cível e das Relações de Consumo e Criminal da Comarca de Gravatá,02/06/2026,Prioridade Legal,27
1ª CCJ,0000316-23.2026.8.17.8224,Juizado Especial Cível e das Relações de Consumo e Criminal da Comarca de Gravatá,26/05/2026,Prioridade Legal,34
1ª CCJ,0000775-59.2025.8.17.8224,Juizado Especial Cível e das Relações de Consumo e Criminal da Comarca de Gravatá,19/05/2026,Prioridade Legal,41
1ª CCJ,0000781-03.2024.8.17.8224,Juizado Especial Cível e das Relações de Consumo e Criminal da Comarca de Gravatá,27/05/2026,Prioridade Legal,33
1ª CCJ,0000917-63.2025.8.17.8224,Juizado Especial Cível e das Relações de Consumo e Criminal da Comarca de Gravatá,29/04/2026,Prioridade Legal,61
1ª CCJ,0000942-47.2023.8.17.8224,Juizado Especial Cível e das Relações de Consumo e Criminal da Comarca de Gravatá,26/05/2026,Prioridade Legal,34
1ª CCJ,0001044-98.2025.8.17.8224,Juizado Especial Cível e das Relações de Consumo e Criminal da Comarca de Gravatá,20/05/2026,Prioridade Legal,40
1ª CCJ,0001254-52.2025.8.17.8224,Juizado Especial Cível e das Relações de Consumo e Criminal da Comarca de Gravatá,11/06/2026,Prioridade Legal,18
1ª CCJ,0001422-54.2025.8.17.8224,Juizado Especial Cível e das Relações de Consumo e Criminal da Comarca de Gravatá,30/04/2026,Prioridade Legal,60
1ª CCJ,0001566-28.2025.8.17.8224,Juizado Especial Cível e das Relações de Consumo e Criminal da Comarca de Gravatá,07/05/2026,Prioridade Legal,53
6ª CC,0000004-39.2019.8.17.2680,Vara Única da Comarca de Iati,18/06/2026,Prioridade Legal,11
6ª CC,0000025-73.2023.8.17.2680,Vara Única da Comarca de Iati,18/06/2026,Prioridade Legal,11
6ª CC,0000037-53.2024.8.17.2680,Vara Única da Comarca de Iati,18/06/2026,Prioridade Legal,11
6ª CC,0000049-67.2024.8.17.2680,Vara Única da Comarca de Iati,18/06/2026,Prioridade Legal,11
6ª CC,0000081-38.2025.8.17.2680,Vara Única da Comarca de Iati,15/06/2026,Prioridade Legal,14
5ª CCJ,0000082-04.2017.8.17.2680,Vara Única da Comarca de Iati,19/06/2026,Prioridade Legal,10
6ª CC,0000158-95.2021.8.17.0640,Vara Única da Comarca de Iati,18/06/2026,Prioridade Legal,0
6ª CC,0000169-76.2025.8.17.2680,Vara Única da Comarca de Iati,16/06/2026,Prioridade Legal,13
6ª CC,0000258-07.2022.8.17.2680,Vara Única da Comarca de Iati,19/06/2026,Sem prioridade,10
6ª CC,0000378-79.2024.8.17.2680,Vara Única da Comarca de Iati,19/06/2026,Sem prioridade,10
6ª CC,0000447-14.2024.8.17.2680,Vara Única da Comarca de Iati,19/06/2026,Prioridade Legal,10
5ª CCJ,0000642-04.2021.8.17.2680,Vara Única da Comarca de Iati,17/06/2026,Prioridade Legal,12
5ª CCJ,0000788-11.2022.8.17.2680,Vara Única da Comarca de Iati,10/06/2026,Prioridade Legal,19
5ª CCJ,0000872-75.2023.8.17.2680,Vara Única da Comarca de Iati,18/06/2026,Prioridade Legal,11
5ª CCJ,0000932-48.2023.8.17.2680,Vara Única da Comarca de Iati,29/05/2026,Prioridade Legal,31
5ª CCJ,0000937-70.2023.8.17.2680,Vara Única da Comarca de Iati,19/05/2026,Prioridade Legal,41
7ª CC,0000108-55.2017.8.17.0690,Vara Única da Comarca de Ibimirim,15/06/2026,Prioridade Legal,14
6ª CCJ,0000206-83.2019.8.17.2690,Vara Única da Comarca de Ibimirim,16/06/2026,Prioridade Legal,13
7ª CC,0000271-73.2022.8.17.2690,Vara Única da Comarca de Ibimirim,19/06/2026,Sem prioridade,0
6ª CCJ,0000285-58.2013.8.17.0690,Vara Única da Comarca de Ibimirim,17/06/2026,Sem prioridade,13
6ª CCJ,0000303-16.2012.8.17.0690,Vara Única da Comarca de Ibimirim,11/06/2026,Sem prioridade,18
7ª CC,0000305-87.2018.8.17.2690,Vara Única da Comarca de Ibimirim,16/06/2026,Prioridade Legal,13
6ª CCJ,0000375-07.2018.8.17.2690,Vara Única da Comarca de Ibimirim,17/06/2026,Prioridade Legal,13
7ª CC,0000504-02.2024.8.17.2690,Vara Única da Comarca de Ibimirim,16/06/2026,Prioridade Legal,13
7ª CC,0000512-52.2019.8.17.2690,Vara Única da Comarca de Ibimirim,16/06/2026,Sem prioridade,13
7ª CC,0000684-81.2025.8.17.2690,Vara Única da Comarca de Ibimirim,16/06/2026,Prioridade Legal,13
7ª CC,0000776-59.2025.8.17.2690,Vara Única da Comarca de Ibimirim,19/06/2026,Sem prioridade,10
5ª CC,0000001-69.1985.8.17.0710,1ª Vara Cível da Comarca de Igarassu,05/06/2026,Sem prioridade,24
5ª CC,0000082-06.2020.8.17.2710,1ª Vara Cível da Comarca de Igarassu,05/06/2026,Sem prioridade,24
4ª CCJ,0000386-44.2016.8.17.2710,1ª Vara Cível da Comarca de Igarassu,11/06/2026,Prioridade Legal,18
4ª CCJ,0000431-72.2021.8.17.2710,1ª Vara Cível da Comarca de Igarassu,15/06/2026,Prioridade Legal,14
5ª CC,0000685-50.2018.8.17.2710,1ª Vara Cível da Comarca de Igarassu,18/06/2026,Sem prioridade,11
5ª CC,0000688-97.2021.8.17.2710,1ª Vara Cível da Comarca de Igarassu,18/05/2026,Prioridade Legal,42
5ª CC,0000827-12.1996.8.17.0710,1ª Vara Cível da Comarca de Igarassu,18/06/2026,Sem prioridade,11
5ª CC,0000872-87.2020.8.17.2710,1ª Vara Cível da Comarca de Igarassu,18/06/2026,Sem prioridade,11
5ª CC,0001240-96.2020.8.17.2710,1ª Vara Cível da Comarca de Igarassu,17/06/2026,Prioridade Legal,12
5ª CC,0001328-66.2022.8.17.2710,1ª Vara Cível da Comarca de Igarassu,18/06/2026,Prioridade Legal,11
5ª CC,0001526-98.2025.8.17.2710,1ª Vara Cível da Comarca de Igarassu,12/06/2026,Prioridade Legal,17
5ª CC,0001668-49.2018.8.17.2710,1ª Vara Cível da Comarca de Igarassu,18/06/2026,Prioridade Legal,11
5ª CC,0001860-41.2013.8.17.0710,1ª Vara Cível da Comarca de Igarassu,19/06/2026,Prioridade Legal,10
5ª CC,0001871-30.2026.8.17.2710,1ª Vara Cível da Comarca de Igarassu,05/06/2026,Prioridade Legal,24
5ª CC,0002117-02.2021.8.17.2710,1ª Vara Cível da Comarca de Igarassu,29/05/2026,Prioridade Legal,31
5ª CC,0002134-33.2024.8.17.2710,1ª Vara Cível da Comarca de Igarassu,18/06/2026,Prioridade Legal,11
4ª CCJ,0002860-81.2010.8.17.0710,1ª Vara Cível da Comarca de Igarassu,29/05/2026,Prioridade Legal,31
5ª CC,0004706-64.2021.8.17.2710,1ª Vara Cível da Comarca de Igarassu,11/06/2026,Prioridade Legal,18
4ª CCJ,0006944-22.2022.8.17.2710,1ª Vara Cível da Comarca de Igarassu,18/06/2026,Prioridade Legal,11
4ª CCJ,0012681-93.2023.8.17.3090,1ª Vara Cível da Comarca de Igarassu,02/06/2026,Prioridade Legal,27
4ª CCJ,0001857-22.2021.8.17.2710,2ª Vara Cível da Comarca de Igarassu,03/06/2026,Prioridade Legal,26
5ª CC,0001969-83.2024.8.17.2710,2ª Vara Cível da Comarca de Igarassu,18/06/2026,Sem prioridade,11
5ª CC,0001993-53.2020.8.17.2710,2ª Vara Cível da Comarca de Igarassu,04/06/2026,Sem prioridade,25
4ª CCJ,0003026-39.2024.8.17.2710,2ª Vara Cível da Comarca de Igarassu,08/06/2026,Sem prioridade,21
4ª CCJ,0003641-92.2025.8.17.2710,2ª Vara Cível da Comarca de Igarassu,11/06/2026,Prioridade Legal,18
5ª CC,0004068-60.2023.8.17.2710,2ª Vara Cível da Comarca de Igarassu,11/06/2026,Super prioridade,18
4ª CCJ,0004597-50.2021.8.17.2710,2ª Vara Cível da Comarca de Igarassu,03/06/2026,Sem prioridade,26
5ª CC,0007016-09.2022.8.17.2710,2ª Vara Cível da Comarca de Igarassu,08/06/2026,Prioridade Legal,21
5ª CC,0009408-82.2023.8.17.2710,2ª Vara Cível da Comarca de Igarassu,18/06/2026,Sem prioridade,11
2ª CC,0000304-57.2022.8.17.5990,Vara Criminal da Comarca de Igarassu,16/06/2026,Prioridade Legal,13
2ª CC,0000962-57.2015.8.17.0710,Vara Criminal da Comarca de Igarassu,19/06/2026,Sem prioridade,0
2ª CC,0003331-18.2019.8.17.0990,Vara Criminal da Comarca de Igarassu,16/06/2026,Prioridade Legal,0
5ª CC,0000240-88.2026.8.17.2730,1ª Vara Cível da Comarca de Ipojuca,19/06/2026,Prioridade Legal,10
5ª CC,0000280-17.2019.8.17.2730,1ª Vara Cível da Comarca de Ipojuca,09/06/2026,Sem prioridade,20
5ª CC,0000452-85.2021.8.17.2730,1ª Vara Cível da Comarca de Ipojuca,04/06/2026,Prioridade Legal,25
5ª CC,0000616-50.2021.8.17.2730,1ª Vara Cível da Comarca de Ipojuca,04/06/2026,Sem prioridade,25
5ª CC,0001589-63.2025.8.17.2730,1ª Vara Cível da Comarca de Ipojuca,11/06/2026,Prioridade Legal,18
5ª CC,0002303-23.2025.8.17.2730,1ª Vara Cível da Comarca de Ipojuca,11/06/2026,Prioridade Legal,18
5ª CC,0002535-35.2025.8.17.2730,1ª Vara Cível da Comarca de Ipojuca,02/06/2026,Prioridade Legal,27
5ª CC,0002623-73.2025.8.17.2730,1ª Vara Cível da Comarca de Ipojuca,12/06/2026,Prioridade Legal,18
5ª CC,0002710-68.2021.8.17.2730,1ª Vara Cível da Comarca de Ipojuca,11/06/2026,Prioridade Legal,18
5ª CC,0003818-93.2025.8.17.2730,1ª Vara Cível da Comarca de Ipojuca,03/06/2026,Prioridade Legal,26
5ª CC,0062129-72.2021.8.17.2001,1ª Vara Cível da Comarca de Ipojuca,04/06/2026,Sem prioridade,25
5ª CC,0000017-87.2016.8.17.2730,2ª Vara Cível da Comarca de Ipojuca,02/06/2026,Sem prioridade,27
4ª CCJ,0000067-79.2017.8.17.2730,2ª Vara Cível da Comarca de Ipojuca,16/06/2026,Prioridade Legal,13
5ª CC,0000082-19.2015.8.17.2730,2ª Vara Cível da Comarca de Ipojuca,08/06/2026,Sem prioridade,21
5ª CC,0000560-46.2023.8.17.2730,2ª Vara Cível da Comarca de Ipojuca,08/06/2026,Sem prioridade,21
5ª CC,0000906-26.2025.8.17.2730,2ª Vara Cível da Comarca de Ipojuca,01/06/2026,Prioridade Legal,28
5ª CC,0000966-38.2021.8.17.2730,2ª Vara Cível da Comarca de Ipojuca,18/06/2026,Sem prioridade,11
4ª CCJ,0001480-59.2019.8.17.2730,2ª Vara Cível da Comarca de Ipojuca,18/06/2026,Prioridade Legal,11
5ª CC,0001557-58.2025.8.17.2730,2ª Vara Cível da Comarca de Ipojuca,12/06/2026,Prioridade Legal,17
5ª CC,0001892-77.2025.8.17.2730,2ª Vara Cível da Comarca de Ipojuca,08/06/2026,Prioridade Legal,21
5ª CC,0002234-69.2017.8.17.2730,2ª Vara Cível da Comarca de Ipojuca,12/06/2026,Prioridade Legal,17
4ª CCJ,0002284-95.2017.8.17.2730,2ª Vara Cível da Comarca de Ipojuca,04/06/2026,Prioridade Legal,25
5ª CC,0002459-11.2025.8.17.2730,2ª Vara Cível da Comarca de Ipojuca,29/05/2026,Prioridade Legal,31
5ª CC,0002612-44.2025.8.17.2730,2ª Vara Cível da Comarca de Ipojuca,02/06/2026,Prioridade Legal,27
5ª CC,0002655-78.2025.8.17.2730,2ª Vara Cível da Comarca de Ipojuca,08/06/2026,Prioridade Legal,21
5ª CC,0002662-70.2025.8.17.2730,2ª Vara Cível da Comarca de Ipojuca,28/05/2026,Prioridade Legal,32
5ª CC,0002714-66.2025.8.17.2730,2ª Vara Cível da Comarca de Ipojuca,01/06/2026,Prioridade Legal,28
5ª CC,0002715-51.2025.8.17.2730,2ª Vara Cível da Comarca de Ipojuca,01/06/2026,Prioridade Legal,28
5ª CC,0002769-57.2012.8.17.0730,2ª Vara Cível da Comarca de Ipojuca,05/06/2026,Sem prioridade,24
5ª CC,0002821-13.2025.8.17.2730,2ª Vara Cível da Comarca de Ipojuca,16/06/2026,Prioridade Legal,13
5ª CC,0002910-36.2025.8.17.2730,2ª Vara Cível da Comarca de Ipojuca,14/06/2026,Prioridade Legal,15
5ª CC,0002913-88.2025.8.17.2730,2ª Vara Cível da Comarca de Ipojuca,16/06/2026,Prioridade Legal,13
5ª CC,0002915-58.2025.8.17.2730,2ª Vara Cível da Comarca de Ipojuca,04/06/2026,Prioridade Legal,25
5ª CC,0002936-34.2025.8.17.2730,2ª Vara Cível da Comarca de Ipojuca,06/06/2026,Prioridade Legal,23
5ª CC,0002938-04.2025.8.17.2730,2ª Vara Cível da Comarca de Ipojuca,16/06/2026,Prioridade Legal,13
5ª CC,0002942-41.2025.8.17.2730,2ª Vara Cível da Comarca de Ipojuca,04/06/2026,Prioridade Legal,25
5ª CC,0002951-03.2025.8.17.2730,2ª Vara Cível da Comarca de Ipojuca,16/06/2026,Prioridade Legal,13
5ª CC,0002994-37.2025.8.17.2730,2ª Vara Cível da Comarca de Ipojuca,06/06/2026,Prioridade Legal,23
5ª CC,0003024-09.2024.8.17.2730,2ª Vara Cível da Comarca de Ipojuca,11/06/2026,Prioridade Legal,18
5ª CC,0003036-86.2025.8.17.2730,2ª Vara Cível da Comarca de Ipojuca,06/06/2026,Prioridade Legal,23
5ª CC,0003039-41.2025.8.17.2730,2ª Vara Cível da Comarca de Ipojuca,14/06/2026,Prioridade Legal,15
5ª CC,0003120-87.2025.8.17.2730,2ª Vara Cível da Comarca de Ipojuca,06/06/2026,Prioridade Legal,23
5ª CC,0003131-19.2025.8.17.2730,2ª Vara Cível da Comarca de Ipojuca,09/06/2026,Prioridade Legal,20
5ª CC,0003170-16.2025.8.17.2730,2ª Vara Cível da Comarca de Ipojuca,06/06/2026,Prioridade Legal,23
5ª CC,0003183-83.2023.8.17.2730,2ª Vara Cível da Comarca de Ipojuca,08/06/2026,Sem prioridade,21
5ª CC,0003218-72.2025.8.17.2730,2ª Vara Cível da Comarca de Ipojuca,04/06/2026,Prioridade Legal,25
5ª CC,0003274-08.2025.8.17.2730,2ª Vara Cível da Comarca de Ipojuca,04/06/2026,Prioridade Legal,25
5ª CC,0003321-79.2025.8.17.2730,2ª Vara Cível da Comarca de Ipojuca,04/06/2026,Prioridade Legal,25
5ª CC,0003731-74.2024.8.17.2730,2ª Vara Cível da Comarca de Ipojuca,19/05/2026,Prioridade Legal,41
5ª CC,0003844-28.2024.8.17.2730,2ª Vara Cível da Comarca de Ipojuca,08/06/2026,Prioridade Legal,21
5ª CC,0004120-25.2025.8.17.2730,2ª Vara Cível da Comarca de Ipojuca,12/06/2026,Prioridade Legal,17
2ª CC,0000152-19.2022.8.17.4370,Vara Criminal da Comarca de Ipojuca,18/06/2026,Prioridade Legal,0
4ª CC,0000001-48.1981.8.17.0730,Vara da Fazenda Pública da Comarca de Ipojuca,09/06/2026,Sem prioridade,20
2ª CCJ,0000046-06.2017.8.17.2730,Vara da Fazenda Pública da Comarca de Ipojuca,24/05/2026,Prioridade Legal,37
2ª CCJ,0000135-20.2014.8.17.0730,Vara da Fazenda Pública da Comarca de Ipojuca,04/06/2026,Sem prioridade,25
4ª CC,0000398-22.2021.8.17.2730,Vara da Fazenda Pública da Comarca de Ipojuca,18/06/2026,Prioridade Legal,11
2ª CCJ,0000485-80.2018.8.17.2730,Vara da Fazenda Pública da Comarca de Ipojuca,18/05/2026,Sem prioridade,42
4ª CC,0000525-91.2020.8.17.2730,Vara da Fazenda Pública da Comarca de Ipojuca,19/06/2026,Sem prioridade,10
2ª CCJ,0001010-57.2021.8.17.2730,Vara da Fazenda Pública da Comarca de Ipojuca,02/06/2026,Prioridade Legal,27
2ª CCJ,0001168-15.2021.8.17.2730,Vara da Fazenda Pública da Comarca de Ipojuca,03/06/2026,Prioridade Legal,26
2ª CCJ,0001317-45.2020.8.17.2730,Vara da Fazenda Pública da Comarca de Ipojuca,18/06/2026,Prioridade Legal,11
2ª CCJ,0001362-49.2020.8.17.2730,Vara da Fazenda Pública da Comarca de Ipojuca,04/06/2026,Prioridade Legal,25
2ª CCJ,0001745-22.2023.8.17.2730,Vara da Fazenda Pública da Comarca de Ipojuca,10/06/2026,Prioridade Legal,19
2ª CCJ,0001900-88.2024.8.17.2730,Vara da Fazenda Pública da Comarca de Ipojuca,03/06/2026,Prioridade Legal,26
2ª CCJ,0001992-32.2025.8.17.2730,Vara da Fazenda Pública da Comarca de Ipojuca,25/05/2026,Sem prioridade,35
2ª CCJ,0002082-79.2021.8.17.2730,Vara da Fazenda Pública da Comarca de Ipojuca,12/06/2026,Prioridade Legal,17
2ª CCJ,0002083-64.2021.8.17.2730,Vara da Fazenda Pública da Comarca de Ipojuca,02/06/2026,Prioridade Legal,27
2ª CCJ,0002195-67.2020.8.17.2730,Vara da Fazenda Pública da Comarca de Ipojuca,18/06/2026,Sem prioridade,11
4ª CC,0002278-25.2016.8.17.2730,Vara da Fazenda Pública da Comarca de Ipojuca,16/06/2026,Prioridade Legal,13
4ª CC,0002625-77.2024.8.17.2730,Vara da Fazenda Pública da Comarca de Ipojuca,10/06/2026,Prioridade Legal,19
2ª CCJ,0002720-10.2024.8.17.2730,Vara da Fazenda Pública da Comarca de Ipojuca,02/06/2026,Prioridade Legal,27
2ª CCJ,0002725-37.2021.8.17.2730,Vara da Fazenda Pública da Comarca de Ipojuca,16/06/2026,Prioridade Legal,13
4ª CC,0003084-45.2025.8.17.2730,Vara da Fazenda Pública da Comarca de Ipojuca,18/06/2026,Sem prioridade,11
2ª CCJ,0003102-37.2023.8.17.2730,Vara da Fazenda Pública da Comarca de Ipojuca,11/06/2026,Prioridade Legal,18
2ª CCJ,0003198-23.2021.8.17.2730,Vara da Fazenda Pública da Comarca de Ipojuca,28/05/2026,Prioridade Legal,32
4ª CC,0003207-43.2025.8.17.2730,Vara da Fazenda Pública da Comarca de Ipojuca,16/06/2026,Sem prioridade,13
2ª CCJ,0003310-50.2025.8.17.2730,Vara da Fazenda Pública da Comarca de Ipojuca,25/05/2026,Prioridade Legal,35
2ª CCJ,0003334-20.2021.8.17.2730,Vara da Fazenda Pública da Comarca de Ipojuca,03/06/2026,Prioridade Legal,27
2ª CCJ,0003489-23.2021.8.17.2730,Vara da Fazenda Pública da Comarca de Ipojuca,02/06/2026,Prioridade Legal,27
4ª CC,0004089-10.2022.8.17.2730,Vara da Fazenda Pública da Comarca de Ipojuca,19/06/2026,Sem prioridade,10
4ª CC,0004237-84.2023.8.17.2730,Vara da Fazenda Pública da Comarca de Ipojuca,11/06/2026,Prioridade Legal,18
2ª CCJ,0004547-56.2024.8.17.2730,Vara da Fazenda Pública da Comarca de Ipojuca,05/06/2026,Prioridade Legal,24
2ª CCJ,0004562-59.2023.8.17.2730,Vara da Fazenda Pública da Comarca de Ipojuca,02/06/2026,Prioridade Legal,27
2ª CCJ,0065726-78.2023.8.17.2001,Vara da Fazenda Pública da Comarca de Ipojuca,15/06/2026,Prioridade Legal,14
6ª CCJ,0000009-70.2022.8.17.2740,Vara Única da Comarca de Ipubi,15/06/2026,Sem prioridade,14
7ª CC,0000025-53.2024.8.17.2740,Vara Única da Comarca de Ipubi,18/06/2026,Prioridade Legal,11
6ª CCJ,0000071-52.2018.8.17.2740,Vara Única da Comarca de Ipubi,08/06/2026,Prioridade Legal,21
6ª CCJ,0000128-31.2022.8.17.2740,Vara Única da Comarca de Ipubi,16/06/2026,Prioridade Legal,13
6ª CCJ,0000198-24.2017.8.17.2740,Vara Única da Comarca de Ipubi,16/06/2026,Prioridade Legal,13
7ª CC,0000203-36.2023.8.17.2740,Vara Única da Comarca de Ipubi,18/06/2026,Prioridade Legal,11
6ª CCJ,0000268-32.2014.8.17.0740,Vara Única da Comarca de Ipubi,16/06/2026,Sem prioridade,13
7ª CC,0000318-33.2018.8.17.2740,Vara Única da Comarca de Ipubi,18/06/2026,Prioridade Legal,12
7ª CC,0000518-93.2025.8.17.2740,Vara Única da Comarca de Ipubi,16/06/2026,Prioridade Legal,13
6ª CCJ,0000557-95.2022.8.17.2740,Vara Única da Comarca de Ipubi,12/06/2026,Prioridade Legal,17
6ª CCJ,0000609-86.2025.8.17.2740,Vara Única da Comarca de Ipubi,10/06/2026,Sem prioridade,19
6ª CCJ,0000636-40.2023.8.17.2740,Vara Única da Comarca de Ipubi,11/06/2026,Prioridade Legal,18
6ª CCJ,0000638-10.2023.8.17.2740,Vara Única da Comarca de Ipubi,11/06/2026,Prioridade Legal,18
7ª CC,0000722-45.2022.8.17.2740,Vara Única da Comarca de Ipubi,16/06/2026,Prioridade Legal,13
6ª CCJ,0001076-02.2024.8.17.2740,Vara Única da Comarca de Ipubi,01/06/2026,Sem prioridade,28
6ª CCJ,0001087-65.2023.8.17.2740,Vara Única da Comarca de Ipubi,16/06/2026,Prioridade Legal,13
7ª CC,0001114-87.2019.8.17.2740,Vara Única da Comarca de Ipubi,15/06/2026,Prioridade Legal,14
7ª CC,0001225-32.2023.8.17.2740,Vara Única da Comarca de Ipubi,18/06/2026,Prioridade Legal,12
5ª CC,0000013-10.1997.8.17.0760,Vara Única da Comarca de Itamaracá,29/05/2026,Prioridade Legal,31
4ª CCJ,0000156-07.2020.8.17.2760,Vara Única da Comarca de Itamaracá,04/06/2026,Prioridade Legal,25
5ª CC,0000445-09.2009.8.17.0760,Vara Única da Comarca de Itamaracá,04/06/2026,Sem prioridade,25
5ª CC,0000497-57.2025.8.17.2760,Vara Única da Comarca de Itamaracá,15/06/2026,Prioridade Legal,14
5ª CC,0000940-48.2012.8.17.0760,Vara Única da Comarca de Itamaracá,09/06/2026,Sem prioridade,0
5ª CC,0000062-19.2026.8.17.2770,Vara Única da Comarca de Itambé,15/06/2026,Prioridade Legal,14
5ª CC,0000062-92.2021.8.17.2770,Vara Única da Comarca de Itambé,16/06/2026,Prioridade Legal,13
4ª CCJ,0000147-49.2019.8.17.2770,Vara Única da Comarca de Itambé,28/05/2026,Prioridade Legal,32
5ª CC,0000380-36.2025.8.17.2770,Vara Única da Comarca de Itambé,15/06/2026,Prioridade Legal,14
5ª CC,0000583-95.2025.8.17.2770,Vara Única da Comarca de Itambé,03/06/2026,Sem prioridade,0
5ª CC,0000642-83.2024.8.17.4980,Vara Única da Comarca de Itambé,12/06/2026,Prioridade Legal,0
4ª CCJ,0000968-49.2013.8.17.0770,Vara Única da Comarca de Itambé,02/06/2026,Sem prioridade,27
5ª CC,0001042-39.2021.8.17.2770,Vara Única da Comarca de Itambé,17/06/2026,Prioridade Legal,12
5ª CC,0023525-08.2022.8.17.2001,Vara Única da Comarca de Itambé,04/06/2026,Prioridade Legal,25
7ª CC,0000016-30.2019.8.17.0780,Vara Única da Comarca de Itapetim,15/06/2026,Sem prioridade,0
7ª CC,0000124-68.2022.8.17.2780,Vara Única da Comarca de Itapetim,18/06/2026,Prioridade Legal,11
7ª CC,0000389-12.2018.8.17.2780,Vara Única da Comarca de Itapetim,18/06/2026,Prioridade Legal,11
7ª CC,0000413-80.2025.8.17.4110,Vara Única da Comarca de Itapetim,19/06/2026,Prioridade Legal,0
4ª CCJ,0000221-09.2020.8.17.2790,Vara Única da Comarca de Itapissuma,04/06/2026,Prioridade Legal,25
5ª CC,0000246-28.2008.8.17.0790,Vara Única da Comarca de Itapissuma,19/06/2026,Prioridade Legal,10
5ª CC,0001197-36.2025.8.17.4990,Vara Única da Comarca de Itapissuma,05/06/2026,Prioridade Legal,0
5ª CC,0001475-37.2025.8.17.4990,Vara Única da Comarca de Itapissuma,16/06/2026,Prioridade Legal,0
5ª CC,0000526-55.2023.8.17.2800,Vara Única da Comarca de Itaquitinga,16/06/2026,Prioridade Legal,0
5ª CCJ,0000006-38.2003.8.17.0750,Vara Única da Comarca de Itaíba,09/06/2026,Sem prioridade,20
5ª CCJ,0000022-34.2025.8.17.2750,Vara Única da Comarca de Itaíba,28/05/2026,Prioridade Legal,32
5ª CCJ,0000028-41.2025.8.17.2750,Vara Única da Comarca de Itaíba,16/06/2026,Sem prioridade,13
5ª CCJ,0000072-65.2022.8.17.2750,Vara Única da Comarca de Itaíba,16/06/2026,Prioridade Legal,13
5ª CCJ,0000074-40.2019.8.17.2750,Vara Única da Comarca de Itaíba,22/05/2026,Prioridade Legal,38
5ª CCJ,0000136-12.2021.8.17.2750,Vara Única da Comarca de Itaíba,18/06/2026,Prioridade Legal,11
5ª CCJ,0000165-33.2019.8.17.2750,Vara Única da Comarca de Itaíba,17/06/2026,Prioridade Legal,12
6ª CC,0000183-88.2018.8.17.2750,Vara Única da Comarca de Itaíba,17/06/2026,Prioridade Legal,12
5ª CCJ,0000202-21.2023.8.17.2750,Vara Única da Comarca de Itaíba,18/06/2026,Prioridade Legal,11
6ª CC,0000209-42.2025.8.17.2750,Vara Única da Comarca de Itaíba,19/06/2026,Prioridade Legal,10
5ª CCJ,0000219-91.2022.8.17.2750,Vara Única da Comarca de Itaíba,17/06/2026,Prioridade Legal,12
6ª CC,0000222-12.2023.8.17.2750,Vara Única da Comarca de Itaíba,20/06/2026,Super prioridade,9
5ª CCJ,0000265-75.2025.8.17.2750,Vara Única da Comarca de Itaíba,05/06/2026,Sem prioridade,24
5ª CCJ,0000288-94.2020.8.17.2750,Vara Única da Comarca de Itaíba,11/06/2026,Prioridade Legal,18
5ª CCJ,0000290-64.2020.8.17.2750,Vara Única da Comarca de Itaíba,16/06/2026,Prioridade Legal,13
5ª CCJ,0000313-73.2021.8.17.2750,Vara Única da Comarca de Itaíba,28/05/2026,Prioridade Legal,32
5ª CCJ,0000320-07.2017.8.17.2750,Vara Única da Comarca de Itaíba,17/06/2026,Prioridade Legal,12
5ª CCJ,0000334-88.2017.8.17.2750,Vara Única da Comarca de Itaíba,04/06/2026,Prioridade Legal,25
5ª CCJ,0000338-81.2024.8.17.2750,Vara Única da Comarca de Itaíba,15/06/2026,Prioridade Legal,14
5ª CCJ,0000371-71.2024.8.17.2750,Vara Única da Comarca de Itaíba,20/05/2026,Prioridade Legal,40
6ª CC,0000406-94.2025.8.17.2750,Vara Única da Comarca de Itaíba,18/06/2026,Prioridade Legal,11
6ª CC,0000433-48.2023.8.17.2750,Vara Única da Comarca de Itaíba,20/06/2026,Prioridade Legal,9
6ª CC,0000460-60.2025.8.17.2750,Vara Única da Comarca de Itaíba,17/06/2026,Prioridade Legal,12
6ª CC,0000888-13.2023.8.17.2750,Vara Única da Comarca de Itaíba,18/06/2026,Prioridade Legal,12
5ª CCJ,0000903-79.2023.8.17.2750,Vara Única da Comarca de Itaíba,03/06/2026,Prioridade Legal,26
2ª CC,0000182-65.2023.8.17.5810,1ª Vara Criminal da Comarca de Jaboatão dos Guararapes,16/06/2026,Sem prioridade,0
2ª CC,0000345-78.2021.8.17.0810,1ª Vara Criminal da Comarca de Jaboatão dos Guararapes,17/06/2026,Sem prioridade,0
2ª CC,0000585-63.2025.8.17.5810,1ª Vara Criminal da Comarca de Jaboatão dos Guararapes,18/06/2026,Prioridade Legal,0
2ª CC,0000658-40.2022.8.17.5810,1ª Vara Criminal da Comarca de Jaboatão dos Guararapes,18/06/2026,Sem prioridade,0
2ª CC,0000687-22.2024.8.17.5810,1ª Vara Criminal da Comarca de Jaboatão dos Guararapes,15/06/2026,Prioridade Legal,0
2ª CC,0000825-56.2021.8.17.0810,1ª Vara Criminal da Comarca de Jaboatão dos Guararapes,18/06/2026,Prioridade Legal,0
2ª CC,0001378-06.2021.8.17.0810,1ª Vara Criminal da Comarca de Jaboatão dos Guararapes,17/06/2026,Sem prioridade,0
2ª CC,0001451-98.2024.8.17.4810,1ª Vara Criminal da Comarca de Jaboatão dos Guararapes,16/06/2026,Prioridade Legal,0
2ª CC,0001463-56.2023.8.17.5810,1ª Vara Criminal da Comarca de Jaboatão dos Guararapes,16/06/2026,Sem prioridade,0
2ª CC,0001630-95.2025.8.17.4810,1ª Vara Criminal da Comarca de Jaboatão dos Guararapes,19/06/2026,Prioridade Legal,0
2ª CC,0003124-40.2020.8.17.0810,1ª Vara Criminal da Comarca de Jaboatão dos Guararapes,17/06/2026,Sem prioridade,0
2ª CC,0003244-83.2020.8.17.0810,1ª Vara Criminal da Comarca de Jaboatão dos Guararapes,16/06/2026,Sem prioridade,0
2ª CC,0003576-50.2020.8.17.0810,1ª Vara Criminal da Comarca de Jaboatão dos Guararapes,17/06/2026,Sem prioridade,0
2ª CC,0003696-93.2020.8.17.0810,1ª Vara Criminal da Comarca de Jaboatão dos Guararapes,19/06/2026,Prioridade Legal,0
2ª CC,0003798-57.2016.8.17.0810,1ª Vara Criminal da Comarca de Jaboatão dos Guararapes,15/06/2026,Sem prioridade,0
2ª CC,0004019-98.2020.8.17.0810,1ª Vara Criminal da Comarca de Jaboatão dos Guararapes,19/06/2026,Prioridade Legal,0
2ª CC,0004410-53.2020.8.17.0810,1ª Vara Criminal da Comarca de Jaboatão dos Guararapes,15/06/2026,Sem prioridade,0
2ª CC,0011950-64.2023.8.17.2810,1ª Vara Criminal da Comarca de Jaboatão dos Guararapes,17/06/2026,Sem prioridade,0
2ª CC,0018592-53.2023.8.17.2810,1ª Vara Criminal da Comarca de Jaboatão dos Guararapes,16/06/2026,Sem prioridade,0
2ª CC,0030182-27.2023.8.17.2810,1ª Vara Criminal da Comarca de Jaboatão dos Guararapes,18/06/2026,Sem prioridade,0
2ª CC,0034001-40.2021.8.17.2810,1ª Vara Criminal da Comarca de Jaboatão dos Guararapes,19/06/2026,Prioridade Legal,0
3ª CC,0001610-08.2016.8.17.2810,1ª Vara Cível da Comarca de Jaboatão dos Guararapes,27/05/2026,Prioridade Legal,33
3ª CC,0003222-48.2023.8.17.4810,1ª Vara Cível da Comarca de Jaboatão dos Guararapes,19/06/2026,Sem prioridade,10
3ª CC,0004637-28.2018.8.17.2810,1ª Vara Cível da Comarca de Jaboatão dos Guararapes,19/06/2026,Sem prioridade,10
3ª CC,0007428-86.2026.8.17.2810,1ª Vara Cível da Comarca de Jaboatão dos Guararapes,09/06/2026,Prioridade Legal,20
3ª CC,0008436-74.2021.8.17.2810,1ª Vara Cível da Comarca de Jaboatão dos Guararapes,10/06/2026,Prioridade Legal,19
3ª CC,0008660-70.2025.8.17.2810,1ª Vara Cível da Comarca de Jaboatão dos Guararapes,16/06/2026,Prioridade Legal,13
3ª CC,0011144-58.2025.8.17.2810,1ª Vara Cível da Comarca de Jaboatão dos Guararapes,12/06/2026,Prioridade Legal,17
3ª CC,0012560-42.2017.8.17.2810,1ª Vara Cível da Comarca de Jaboatão dos Guararapes,09/06/2026,Sem prioridade,20
1ª CCJ,0016843-64.2024.8.17.2810,1ª Vara Cível da Comarca de Jaboatão dos Guararapes,28/05/2026,Prioridade Legal,32
3ª CC,0017708-87.2024.8.17.2810,1ª Vara Cível da Comarca de Jaboatão dos Guararapes,11/06/2026,Prioridade Legal,18
3ª CC,0018677-68.2025.8.17.2810,1ª Vara Cível da Comarca de Jaboatão dos Guararapes,18/06/2026,Prioridade Legal,11
3ª CC,0021029-96.2025.8.17.2810,1ª Vara Cível da Comarca de Jaboatão dos Guararapes,11/06/2026,Prioridade Legal,18
3ª CC,0021246-47.2022.8.17.2810,1ª Vara Cível da Comarca de Jaboatão dos Guararapes,19/06/2026,Prioridade Legal,10
3ª CC,0023065-31.2016.8.17.2001,1ª Vara Cível da Comarca de Jaboatão dos Guararapes,18/06/2026,Prioridade Legal,11
3ª CC,0025902-76.2024.8.17.2810,1ª Vara Cível da Comarca de Jaboatão dos Guararapes,19/06/2026,Prioridade Legal,10
3ª CC,0027967-10.2025.8.17.2810,1ª Vara Cível da Comarca de Jaboatão dos Guararapes,27/05/2026,Prioridade Legal,33
3ª CC,0034713-93.2022.8.17.2810,1ª Vara Cível da Comarca de Jaboatão dos Guararapes,11/06/2026,Prioridade Legal,19
3ª CC,0044112-49.2022.8.17.2810,1ª Vara Cível da Comarca de Jaboatão dos Guararapes,25/05/2026,Prioridade Legal,35
1ª CCJ,0044541-23.2019.8.17.2001,1ª Vara Cível da Comarca de Jaboatão dos Guararapes,05/06/2026,Prioridade Legal,24
3ª CC,0048707-91.2022.8.17.2810,1ª Vara Cível da Comarca de Jaboatão dos Guararapes,04/06/2026,Prioridade Legal,25
3ª CC,0049257-23.2021.8.17.2810,1ª Vara Cível da Comarca de Jaboatão dos Guararapes,11/06/2026,Prioridade Legal,18
3ª CC,0061770-88.2022.8.17.2001,1ª Vara Cível da Comarca de Jaboatão dos Guararapes,19/06/2026,Super prioridade,10
3ª CCJ,0008516-33.2024.8.17.2810,1ª Vara de Família e Registro Civil da Comarca de Jaboatão dos Guararapes,15/06/2026,Prioridade Legal,14
3ª CCJ,0012912-63.2018.8.17.2810,1ª Vara de Família e Registro Civil da Comarca de Jaboatão dos Guararapes,27/05/2026,Prioridade Legal,33
3ª CCJ,0021290-37.2020.8.17.2810,1ª Vara de Família e Registro Civil da Comarca de Jaboatão dos Guararapes,27/05/2026,Prioridade Legal,34
3ª CC,0027992-23.2025.8.17.2810,1ª Vara de Família e Registro Civil da Comarca de Jaboatão dos Guararapes,27/05/2026,Prioridade Legal,33
3ª CC,0036236-09.2023.8.17.2810,1ª Vara de Família e Registro Civil da Comarca de Jaboatão dos Guararapes,10/06/2026,Prioridade Legal,19
3ª CC,0052443-83.2023.8.17.2810,1ª Vara de Família e Registro Civil da Comarca de Jaboatão dos Guararapes,09/06/2026,Prioridade Legal,20
3ª CCJ,0052900-18.2023.8.17.2810,1ª Vara de Família e Registro Civil da Comarca de Jaboatão dos Guararapes,18/06/2026,Sem prioridade,12
1ª CCJ,0000230-77.2025.8.17.8227,1º Juizado Especial Cível e das Relações de Consumo de Jaboatão dos Guararapes - Turno Manhã - 08:00h às 14:00h,26/05/2026,Prioridade Legal,34
1ª CCJ,0000392-72.2025.8.17.8227,1º Juizado Especial Cível e das Relações de Consumo de Jaboatão dos Guararapes - Turno Manhã - 08:00h às 14:00h,19/06/2026,Prioridade Legal,10
1ª CCJ,0000485-35.2025.8.17.8227,1º Juizado Especial Cível e das Relações de Consumo de Jaboatão dos Guararapes - Turno Manhã - 08:00h às 14:00h,10/06/2026,Prioridade Legal,19
1ª CCJ,0001572-26.2025.8.17.8227,1º Juizado Especial Cível e das Relações de Consumo de Jaboatão dos Guararapes - Turno Manhã - 08:00h às 14:00h,04/05/2026,Prioridade Legal,56
1ª CCJ,0002829-86.2025.8.17.8227,1º Juizado Especial Cível e das Relações de Consumo de Jaboatão dos Guararapes - Turno Manhã - 08:00h às 14:00h,12/06/2026,Prioridade Legal,17
1ª CCJ,0002935-48.2025.8.17.8227,1º Juizado Especial Cível e das Relações de Consumo de Jaboatão dos Guararapes - Turno Manhã - 08:00h às 14:00h,06/05/2026,Prioridade Legal,54
1ª CCJ,0003604-04.2025.8.17.8227,1º Juizado Especial Cível e das Relações de Consumo de Jaboatão dos Guararapes - Turno Manhã - 08:00h às 14:00h,28/05/2026,Prioridade Legal,32
1ª CCJ,0004873-78.2025.8.17.8227,1º Juizado Especial Cível e das Relações de Consumo de Jaboatão dos Guararapes - Turno Manhã - 08:00h às 14:00h,19/06/2026,Prioridade Legal,10
1ª CCJ,0004966-12.2023.8.17.8227,1º Juizado Especial Cível e das Relações de Consumo de Jaboatão dos Guararapes - Turno Manhã - 08:00h às 14:00h,28/04/2026,Prioridade Legal,62
1ª CCJ,0005422-88.2025.8.17.8227,1º Juizado Especial Cível e das Relações de Consumo de Jaboatão dos Guararapes - Turno Manhã - 08:00h às 14:00h,18/05/2026,Prioridade Legal,42
1ª CCJ,0005780-53.2025.8.17.8227,1º Juizado Especial Cível e das Relações de Consumo de Jaboatão dos Guararapes - Turno Manhã - 08:00h às 14:00h,09/06/2026,Prioridade Legal,20
1ª CCJ,0008343-20.2025.8.17.8227,1º Juizado Especial Cível e das Relações de Consumo de Jaboatão dos Guararapes - Turno Manhã - 08:00h às 14:00h,26/05/2026,Prioridade Legal,34
2ª CC,0002755-69.2023.8.17.4810,2ª Vara Criminal da Comarca de Jaboatão dos Guararapes,18/06/2026,Sem prioridade,0
2ª CC,0003611-10.2020.8.17.0810,2ª Vara Criminal da Comarca de Jaboatão dos Guararapes,15/06/2026,Prioridade Legal,0
2ª CC,0005460-51.2019.8.17.0810,2ª Vara Criminal da Comarca de Jaboatão dos Guararapes,15/06/2026,Sem prioridade,0
2ª CC,0006642-72.2019.8.17.0810,2ª Vara Criminal da Comarca de Jaboatão dos Guararapes,16/06/2026,Sem prioridade,0
2ª CC,0040506-38.2018.8.17.0810,2ª Vara Criminal da Comarca de Jaboatão dos Guararapes,17/06/2026,Sem prioridade,0
2ª CC,0041452-82.2022.8.17.2810,2ª Vara Criminal da Comarca de Jaboatão dos Guararapes,15/06/2026,Sem prioridade,0
2ª CC,0049006-05.2021.8.17.2810,2ª Vara Criminal da Comarca de Jaboatão dos Guararapes,24/06/2026,Sem prioridade,0
3ª CC,0000697-26.2016.8.17.2810,2ª Vara Cível da Comarca de Jaboatão dos Guararapes,18/06/2026,Prioridade Legal,11
1ª CCJ,0000737-42.2015.8.17.2810,2ª Vara Cível da Comarca de Jaboatão dos Guararapes,04/06/2026,Prioridade Legal,25
3ª CC,0000841-87.2022.8.17.2810,2ª Vara Cível da Comarca de Jaboatão dos Guararapes,17/06/2026,Sem prioridade,12
1ª CCJ,0000967-40.2022.8.17.2810,2ª Vara Cível da Comarca de Jaboatão dos Guararapes,26/05/2026,Prioridade Legal,34
3ª CC,0003183-47.2017.8.17.2810,2ª Vara Cível da Comarca de Jaboatão dos Guararapes,05/06/2026,Prioridade Legal,24
3ª CC,0003475-51.2025.8.17.2810,2ª Vara Cível da Comarca de Jaboatão dos Guararapes,15/06/2026,Prioridade Legal,14
3ª CC,0005383-27.2017.8.17.2810,2ª Vara Cível da Comarca de Jaboatão dos Guararapes,09/06/2026,Prioridade Legal,20
3ª CC,0009944-79.2026.8.17.2810,2ª Vara Cível da Comarca de Jaboatão dos Guararapes,11/06/2026,Sem prioridade,18
1ª CCJ,0017196-80.2019.8.17.2810,2ª Vara Cível da Comarca de Jaboatão dos Guararapes,15/06/2026,Prioridade Legal,15
3ª CC,0017241-16.2021.8.17.2810,2ª Vara Cível da Comarca de Jaboatão dos Guararapes,04/06/2026,Sem prioridade,25
3ª CC,0021481-48.2021.8.17.2810,2ª Vara Cível da Comarca de Jaboatão dos Guararapes,16/06/2026,Prioridade Legal,13
3ª CC,0023577-03.2013.8.17.0810,2ª Vara Cível da Comarca de Jaboatão dos Guararapes,10/06/2026,Prioridade Legal,19
1ª CCJ,0023973-76.2022.8.17.2810,2ª Vara Cível da Comarca de Jaboatão dos Guararapes,08/06/2026,Prioridade Legal,21
3ª CC,0025025-44.2021.8.17.2810,2ª Vara Cível da Comarca de Jaboatão dos Guararapes,17/06/2026,Sem prioridade,12
3ª CC,0026320-77.2025.8.17.2810,2ª Vara Cível da Comarca de Jaboatão dos Guararapes,18/06/2026,Prioridade Legal,11
3ª CC,0028809-92.2022.8.17.2810,2ª Vara Cível da Comarca de Jaboatão dos Guararapes,12/06/2026,Prioridade Legal,17
3ª CC,0030098-89.2024.8.17.2810,2ª Vara Cível da Comarca de Jaboatão dos Guararapes,18/06/2026,Super prioridade,11
1ª CCJ,0034218-83.2021.8.17.2810,2ª Vara Cível da Comarca de Jaboatão dos Guararapes,17/06/2026,Prioridade Legal,12
3ª CC,0034928-74.2019.8.17.2810,2ª Vara Cível da Comarca de Jaboatão dos Guararapes,09/06/2026,Sem prioridade,20
1ª CCJ,0034933-57.2023.8.17.2810,2ª Vara Cível da Comarca de Jaboatão dos Guararapes,19/06/2026,Prioridade Legal,10
1ª CCJ,0035349-25.2023.8.17.2810,2ª Vara Cível da Comarca de Jaboatão dos Guararapes,03/06/2026,Prioridade Legal,26
3ª CC,0016222-67.2024.8.17.2810,2ª Vara de Família e Registro Civil da Comarca de Jaboatão dos Guararapes,12/06/2026,Prioridade Legal,17
3ª CCJ,0017841-32.2024.8.17.2810,2ª Vara de Família e Registro Civil da Comarca de Jaboatão dos Guararapes,25/05/2026,Prioridade Legal,35
3ª CC,0018690-67.2025.8.17.2810,2ª Vara de Família e Registro Civil da Comarca de Jaboatão dos Guararapes,19/06/2026,Prioridade Legal,10
1ª CCJ,0000331-51.2024.8.17.8227,2º Juizado Especial Cível e das Relações de Consumo de Jaboatão dos Guararapes - Turno Manhã - 08:00h às 14:00h,15/06/2026,Prioridade Legal,14
1ª CCJ,0001417-33.2019.8.17.8227,2º Juizado Especial Cível e das Relações de Consumo de Jaboatão dos Guararapes - Turno Manhã - 08:00h às 14:00h,19/06/2026,Prioridade Legal,10
1ª CCJ,0001462-95.2023.8.17.8227,2º Juizado Especial Cível e das Relações de Consumo de Jaboatão dos Guararapes - Turno Manhã - 08:00h às 14:00h,20/05/2026,Prioridade Legal,40
1ª CCJ,0001619-68.2023.8.17.8227,2º Juizado Especial Cível e das Relações de Consumo de Jaboatão dos Guararapes - Turno Manhã - 08:00h às 14:00h,04/05/2026,Prioridade Legal,56
1ª CCJ,0003979-73.2023.8.17.8227,2º Juizado Especial Cível e das Relações de Consumo de Jaboatão dos Guararapes - Turno Manhã - 08:00h às 14:00h,05/06/2026,Prioridade Legal,24
1ª CCJ,0004611-07.2020.8.17.8227,2º Juizado Especial Cível e das Relações de Consumo de Jaboatão dos Guararapes - Turno Manhã - 08:00h às 14:00h,28/05/2026,Prioridade Legal,33
1ª CCJ,0005973-05.2024.8.17.8227,2º Juizado Especial Cível e das Relações de Consumo de Jaboatão dos Guararapes - Turno Manhã - 08:00h às 14:00h,19/06/2026,Prioridade Legal,10
1ª CCJ,0006385-38.2021.8.17.8227,2º Juizado Especial Cível e das Relações de Consumo de Jaboatão dos Guararapes - Turno Manhã - 08:00h às 14:00h,03/06/2026,Prioridade Legal,26
1ª CCJ,0007361-40.2024.8.17.8227,2º Juizado Especial Cível e das Relações de Consumo de Jaboatão dos Guararapes - Turno Manhã - 08:00h às 14:00h,08/06/2026,Prioridade Legal,21
2ª CC,0000999-54.2025.8.17.4810,3ª Vara Criminal da Comarca de Jaboatão dos Guararapes,19/06/2026,Prioridade Legal,0
2ª CC,0001399-75.2025.8.17.5810,3ª Vara Criminal da Comarca de Jaboatão dos Guararapes,15/06/2026,Prioridade Legal,0
2ª CC,0001418-81.2025.8.17.5810,3ª Vara Criminal da Comarca de Jaboatão dos Guararapes,15/06/2026,Prioridade Legal,0
2ª CC,0002844-02.2023.8.17.5810,3ª Vara Criminal da Comarca de Jaboatão dos Guararapes,15/06/2026,Prioridade Legal,0
2ª CC,0003107-34.2023.8.17.5810,3ª Vara Criminal da Comarca de Jaboatão dos Guararapes,15/06/2026,Prioridade Legal,0
2ª CC,0010791-53.2015.8.17.0810,3ª Vara Criminal da Comarca de Jaboatão dos Guararapes,23/06/2026,Sem prioridade,0
2ª CC,0021572-07.2022.8.17.2810,3ª Vara Criminal da Comarca de Jaboatão dos Guararapes,18/06/2026,Sem prioridade,0
2ª CC,0042295-72.2018.8.17.0810,3ª Vara Criminal da Comarca de Jaboatão dos Guararapes,19/06/2026,Sem prioridade,0
1ª CCJ,0000242-85.2021.8.17.2810,3ª Vara Cível da Comarca de Jaboatão dos Guararapes,07/05/2026,Prioridade Legal,53
1ª CCJ,0001578-85.2025.8.17.2810,3ª Vara Cível da Comarca de Jaboatão dos Guararapes,18/06/2026,Prioridade Legal,11
3ª CC,0006746-83.2016.8.17.2810,3ª Vara Cível da Comarca de Jaboatão dos Guararapes,09/06/2026,Sem prioridade,20
3ª CC,0007295-78.2025.8.17.2810,3ª Vara Cível da Comarca de Jaboatão dos Guararapes,15/06/2026,Prioridade Legal,14
1ª CCJ,0007804-53.2018.8.17.2810,3ª Vara Cível da Comarca de Jaboatão dos Guararapes,02/06/2026,Prioridade Legal,27
3ª CC,0008669-08.2020.8.17.2810,3ª Vara Cível da Comarca de Jaboatão dos Guararapes,10/06/2026,Sem prioridade,19
3ª CC,0012071-74.2006.8.17.0810,3ª Vara Cível da Comarca de Jaboatão dos Guararapes,12/06/2026,Prioridade Legal,17
1ª CCJ,0022764-72.2022.8.17.2810,3ª Vara Cível da Comarca de Jaboatão dos Guararapes,22/05/2026,Sem prioridade,38
3ª CC,0023526-25.2021.8.17.2810,3ª Vara Cível da Comarca de Jaboatão dos Guararapes,19/06/2026,Prioridade Legal,10
3ª CC,0050679-68.2011.8.17.0810,3ª Vara Cível da Comarca de Jaboatão dos Guararapes,01/06/2026,Sem prioridade,28
3ª CC,0064219-80.2023.8.17.2810,3ª Vara Cível da Comarca de Jaboatão dos Guararapes,16/06/2026,Prioridade Legal,13
3ª CCJ,0007052-71.2024.8.17.2810,3ª Vara de Família e Registro Civil da Comarca de Jaboatão dos Guararapes,15/06/2026,Prioridade Legal,14
3ª CCJ,0012282-60.2025.8.17.2810,3ª Vara de Família e Registro Civil da Comarca de Jaboatão dos Guararapes,11/06/2026,Prioridade Legal,18
3ª CC,0018363-25.2025.8.17.2810,3ª Vara de Família e Registro Civil da Comarca de Jaboatão dos Guararapes,17/06/2026,Prioridade Legal,12
3ª CC,0026153-60.2025.8.17.2810,3ª Vara de Família e Registro Civil da Comarca de Jaboatão dos Guararapes,10/06/2026,Prioridade Legal,19
3ª CC,0026313-85.2025.8.17.2810,3ª Vara de Família e Registro Civil da Comarca de Jaboatão dos Guararapes,05/06/2026,Prioridade Legal,24
3ª CC,0026529-46.2025.8.17.2810,3ª Vara de Família e Registro Civil da Comarca de Jaboatão dos Guararapes,18/06/2026,Prioridade Legal,11
3ª CC,0027029-15.2025.8.17.2810,3ª Vara de Família e Registro Civil da Comarca de Jaboatão dos Guararapes,15/06/2026,Prioridade Legal,14
3ª CC,0064178-16.2023.8.17.2810,3ª Vara de Família e Registro Civil da Comarca de Jaboatão dos Guararapes,08/06/2026,Prioridade Legal,21
1ª CCJ,0000040-80.2026.8.17.8227,3º Juizado Especial Cível e das Relações de Consumo de Jaboatão dos Guararapes - Turno Manhã - 08:00h às 14:00h,22/05/2026,Prioridade Legal,38
1ª CCJ,0000659-10.2026.8.17.8227,3º Juizado Especial Cível e das Relações de Consumo de Jaboatão dos Guararapes - Turno Manhã - 08:00h às 14:00h,28/05/2026,Sem prioridade,32
1ª CCJ,0001021-46.2025.8.17.8227,3º Juizado Especial Cível e das Relações de Consumo de Jaboatão dos Guararapes - Turno Manhã - 08:00h às 14:00h,29/05/2026,Prioridade Legal,31
1ª CCJ,0001273-46.2025.8.17.8228,3º Juizado Especial Cível e das Relações de Consumo de Jaboatão dos Guararapes - Turno Manhã - 08:00h às 14:00h,28/05/2026,Prioridade Legal,32
1ª CCJ,0001751-91.2024.8.17.8227,3º Juizado Especial Cível e das Relações de Consumo de Jaboatão dos Guararapes - Turno Manhã - 08:00h às 14:00h,26/05/2026,Prioridade Legal,34
1ª CCJ,0001784-13.2026.8.17.8227,3º Juizado Especial Cível e das Relações de Consumo de Jaboatão dos Guararapes - Turno Manhã - 08:00h às 14:00h,01/06/2026,Sem prioridade,28
1ª CCJ,0001954-19.2025.8.17.8227,3º Juizado Especial Cível e das Relações de Consumo de Jaboatão dos Guararapes - Turno Manhã - 08:00h às 14:00h,28/05/2026,Prioridade Legal,32
1ª CCJ,0002514-24.2026.8.17.8227,3º Juizado Especial Cível e das Relações de Consumo de Jaboatão dos Guararapes - Turno Manhã - 08:00h às 14:00h,06/05/2026,Prioridade Legal,54
1ª CCJ,0002516-28.2025.8.17.8227,3º Juizado Especial Cível e das Relações de Consumo de Jaboatão dos Guararapes - Turno Manhã - 08:00h às 14:00h,16/06/2026,Prioridade Legal,13
1ª CCJ,0002730-82.2026.8.17.8227,3º Juizado Especial Cível e das Relações de Consumo de Jaboatão dos Guararapes - Turno Manhã - 08:00h às 14:00h,06/05/2026,Sem prioridade,54
1ª CCJ,0002748-06.2026.8.17.8227,3º Juizado Especial Cível e das Relações de Consumo de Jaboatão dos Guararapes - Turno Manhã - 08:00h às 14:00h,05/05/2026,Sem prioridade,55
1ª CCJ,0002844-21.2026.8.17.8227,3º Juizado Especial Cível e das Relações de Consumo de Jaboatão dos Guararapes - Turno Manhã - 08:00h às 14:00h,06/05/2026,Sem prioridade,54
1ª CCJ,0003024-37.2026.8.17.8227,3º Juizado Especial Cível e das Relações de Consumo de Jaboatão dos Guararapes - Turno Manhã - 08:00h às 14:00h,28/05/2026,Sem prioridade,32
1ª CCJ,0003032-14.2026.8.17.8227,3º Juizado Especial Cível e das Relações de Consumo de Jaboatão dos Guararapes - Turno Manhã - 08:00h às 14:00h,28/05/2026,Sem prioridade,32
1ª CCJ,0003054-72.2026.8.17.8227,3º Juizado Especial Cível e das Relações de Consumo de Jaboatão dos Guararapes - Turno Manhã - 08:00h às 14:00h,25/05/2026,Sem prioridade,35
1ª CCJ,0003147-35.2026.8.17.8227,3º Juizado Especial Cível e das Relações de Consumo de Jaboatão dos Guararapes - Turno Manhã - 08:00h às 14:00h,28/05/2026,Sem prioridade,32
1ª CCJ,0003203-68.2026.8.17.8227,3º Juizado Especial Cível e das Relações de Consumo de Jaboatão dos Guararapes - Turno Manhã - 08:00h às 14:00h,21/05/2026,Sem prioridade,39
1ª CCJ,0003360-41.2026.8.17.8227,3º Juizado Especial Cível e das Relações de Consumo de Jaboatão dos Guararapes - Turno Manhã - 08:00h às 14:00h,01/06/2026,Sem prioridade,28
1ª CCJ,0003431-43.2026.8.17.8227,3º Juizado Especial Cível e das Relações de Consumo de Jaboatão dos Guararapes - Turno Manhã - 08:00h às 14:00h,01/06/2026,Sem prioridade,28
1ª CCJ,0004179-46.2024.8.17.8227,3º Juizado Especial Cível e das Relações de Consumo de Jaboatão dos Guararapes - Turno Manhã - 08:00h às 14:00h,02/06/2026,Prioridade Legal,27
1ª CCJ,0004197-33.2025.8.17.8227,3º Juizado Especial Cível e das Relações de Consumo de Jaboatão dos Guararapes - Turno Manhã - 08:00h às 14:00h,15/06/2026,Prioridade Legal,15
1ª CCJ,0004473-50.2014.8.17.8227,3º Juizado Especial Cível e das Relações de Consumo de Jaboatão dos Guararapes - Turno Manhã - 08:00h às 14:00h,26/05/2026,Prioridade Legal,34
1ª CCJ,0004765-88.2021.8.17.8227,3º Juizado Especial Cível e das Relações de Consumo de Jaboatão dos Guararapes - Turno Manhã - 08:00h às 14:00h,08/06/2026,Prioridade Legal,21
1ª CCJ,0005571-26.2021.8.17.8227,3º Juizado Especial Cível e das Relações de Consumo de Jaboatão dos Guararapes - Turno Manhã - 08:00h às 14:00h,26/05/2026,Sem prioridade,34
1ª CCJ,0005801-63.2024.8.17.8227,3º Juizado Especial Cível e das Relações de Consumo de Jaboatão dos Guararapes - Turno Manhã - 08:00h às 14:00h,15/06/2026,Prioridade Legal,14
1ª CCJ,0006937-61.2025.8.17.8227,3º Juizado Especial Cível e das Relações de Consumo de Jaboatão dos Guararapes - Turno Manhã - 08:00h às 14:00h,04/05/2026,Prioridade Legal,56
1ª CCJ,0007014-17.2018.8.17.8227,3º Juizado Especial Cível e das Relações de Consumo de Jaboatão dos Guararapes - Turno Manhã - 08:00h às 14:00h,11/06/2026,Prioridade Legal,19
1ª CCJ,0007648-66.2025.8.17.8227,3º Juizado Especial Cível e das Relações de Consumo de Jaboatão dos Guararapes - Turno Manhã - 08:00h às 14:00h,30/04/2026,Prioridade Legal,60
1ª CCJ,0007722-57.2024.8.17.8227,3º Juizado Especial Cível e das Relações de Consumo de Jaboatão dos Guararapes - Turno Manhã - 08:00h às 14:00h,19/06/2026,Prioridade Legal,10
1ª CCJ,0009909-72.2023.8.17.8227,3º Juizado Especial Cível e das Relações de Consumo de Jaboatão dos Guararapes - Turno Manhã - 08:00h às 14:00h,19/05/2026,Prioridade Legal,41
1ª CCJ,0009995-72.2025.8.17.8227,3º Juizado Especial Cível e das Relações de Consumo de Jaboatão dos Guararapes - Turno Manhã - 08:00h às 14:00h,24/05/2026,Prioridade Legal,36
1ª CCJ,0010005-19.2025.8.17.8227,3º Juizado Especial Cível e das Relações de Consumo de Jaboatão dos Guararapes - Turno Manhã - 08:00h às 14:00h,29/05/2026,Prioridade Legal,31
1ª CCJ,0010730-76.2023.8.17.8227,3º Juizado Especial Cível e das Relações de Consumo de Jaboatão dos Guararapes - Turno Manhã - 08:00h às 14:00h,12/06/2026,Prioridade Legal,17
1ª CCJ,0012726-46.2022.8.17.8227,3º Juizado Especial Cível e das Relações de Consumo de Jaboatão dos Guararapes - Turno Manhã - 08:00h às 14:00h,08/06/2026,Prioridade Legal,22
1ª CCJ,0013038-85.2023.8.17.8227,3º Juizado Especial Cível e das Relações de Consumo de Jaboatão dos Guararapes - Turno Manhã - 08:00h às 14:00h,30/04/2026,Prioridade Legal,60
3ª CC,0002305-29.2023.8.17.4810,4ª Vara Cível da Comarca de Jaboatão dos Guararapes,10/06/2026,Prioridade Legal,19
3ª CC,0002588-05.2015.8.17.0810,4ª Vara Cível da Comarca de Jaboatão dos Guararapes,04/06/2026,Sem prioridade,25
3ª CC,0003005-25.2022.8.17.2810,4ª Vara Cível da Comarca de Jaboatão dos Guararapes,10/06/2026,Prioridade Legal,19
3ª CC,0003141-17.2025.8.17.2810,4ª Vara Cível da Comarca de Jaboatão dos Guararapes,08/06/2026,Prioridade Legal,21
3ª CC,0004751-64.2018.8.17.2810,4ª Vara Cível da Comarca de Jaboatão dos Guararapes,10/06/2026,Prioridade Legal,19
1ª CCJ,0005595-38.2023.8.17.2810,4ª Vara Cível da Comarca de Jaboatão dos Guararapes,29/04/2026,Sem prioridade,62
3ª CC,0011388-60.2020.8.17.2810,4ª Vara Cível da Comarca de Jaboatão dos Guararapes,10/06/2026,Sem prioridade,19
3ª CC,0013821-61.2025.8.17.2810,4ª Vara Cível da Comarca de Jaboatão dos Guararapes,09/06/2026,Prioridade Legal,20
3ª CC,0014064-78.2020.8.17.2810,4ª Vara Cível da Comarca de Jaboatão dos Guararapes,29/06/2026,Prioridade Legal,0
1ª CCJ,0016005-63.2020.8.17.2810,4ª Vara Cível da Comarca de Jaboatão dos Guararapes,17/06/2026,Sem prioridade,12
3ª CC,0017332-67.2025.8.17.2810,4ª Vara Cível da Comarca de Jaboatão dos Guararapes,08/06/2026,Prioridade Legal,21
3ª CC,0019098-97.2021.8.17.2810,4ª Vara Cível da Comarca de Jaboatão dos Guararapes,14/06/2026,Prioridade Legal,15
3ª CC,0022066-32.2023.8.17.2810,4ª Vara Cível da Comarca de Jaboatão dos Guararapes,10/06/2026,Prioridade Legal,19
1ª CCJ,0028604-68.2019.8.17.2810,4ª Vara Cível da Comarca de Jaboatão dos Guararapes,18/06/2026,Sem prioridade,11
3ª CC,0029300-65.2023.8.17.2810,4ª Vara Cível da Comarca de Jaboatão dos Guararapes,07/06/2026,Sem prioridade,22
3ª CC,0142117-74.2023.8.17.2001,4ª Vara Cível da Comarca de Jaboatão dos Guararapes,22/06/2026,Super prioridade,7
3ª CC,0001309-80.2024.8.17.2810,4ª Vara de Família e Registro Civil da Comarca de Jaboatão dos Guararapes,09/06/2026,Prioridade Legal,20
3ª CC,0004132-90.2025.8.17.2810,4ª Vara de Família e Registro Civil da Comarca de Jaboatão dos Guararapes,19/06/2026,Prioridade Legal,10
3ª CC,0005143-57.2025.8.17.2810,4ª Vara de Família e Registro Civil da Comarca de Jaboatão dos Guararapes,05/06/2026,Prioridade Legal,25
3ª CCJ,0005570-25.2023.8.17.2810,4ª Vara de Família e Registro Civil da Comarca de Jaboatão dos Guararapes,15/06/2026,Prioridade Legal,14
3ª CC,0005881-45.2025.8.17.2810,4ª Vara de Família e Registro Civil da Comarca de Jaboatão dos Guararapes,08/06/2026,Prioridade Legal,21
3ª CC,0006221-23.2024.8.17.2810,4ª Vara de Família e Registro Civil da Comarca de Jaboatão dos Guararapes,05/06/2026,Prioridade Legal,24
3ª CC,0008228-51.2025.8.17.2810,4ª Vara de Família e Registro Civil da Comarca de Jaboatão dos Guararapes,18/06/2026,Prioridade Legal,11
3ª CC,0008404-30.2025.8.17.2810,4ª Vara de Família e Registro Civil da Comarca de Jaboatão dos Guararapes,12/06/2026,Prioridade Legal,17
3ª CC,0013876-12.2025.8.17.2810,4ª Vara de Família e Registro Civil da Comarca de Jaboatão dos Guararapes,08/06/2026,Prioridade Legal,21
3ª CC,0016981-94.2025.8.17.2810,4ª Vara de Família e Registro Civil da Comarca de Jaboatão dos Guararapes,25/05/2026,Prioridade Legal,35
3ª CC,0020284-19.2025.8.17.2810,4ª Vara de Família e Registro Civil da Comarca de Jaboatão dos Guararapes,08/06/2026,Prioridade Legal,21
3ª CC,0021054-12.2025.8.17.2810,4ª Vara de Família e Registro Civil da Comarca de Jaboatão dos Guararapes,10/06/2026,Prioridade Legal,19
3ª CCJ,0022785-15.2014.8.17.0810,4ª Vara de Família e Registro Civil da Comarca de Jaboatão dos Guararapes,19/06/2026,Sem prioridade,11
3ª CC,0025665-08.2025.8.17.2810,4ª Vara de Família e Registro Civil da Comarca de Jaboatão dos Guararapes,12/06/2026,Prioridade Legal,17
3ª CC,0026352-58.2020.8.17.2810,4ª Vara de Família e Registro Civil da Comarca de Jaboatão dos Guararapes,19/06/2026,Prioridade Legal,10
3ª CC,0029142-10.2023.8.17.2810,4ª Vara de Família e Registro Civil da Comarca de Jaboatão dos Guararapes,08/06/2026,Prioridade Legal,21
3ª CC,0041486-57.2022.8.17.2810,4ª Vara de Família e Registro Civil da Comarca de Jaboatão dos Guararapes,11/06/2026,Prioridade Legal,18
3ª CC,0049122-40.2023.8.17.2810,4ª Vara de Família e Registro Civil da Comarca de Jaboatão dos Guararapes,19/06/2026,Prioridade Legal,10
3ª CC,0053650-20.2023.8.17.2810,4ª Vara de Família e Registro Civil da Comarca de Jaboatão dos Guararapes,19/06/2026,Prioridade Legal,10
1ª CCJ,0000217-78.2025.8.17.8227,4º Juizado Especial Cível e das Relações de Consumo da Comarca de Jaboatão dos Guararapes,27/05/2026,Prioridade Legal,33
1ª CCJ,0000360-33.2026.8.17.8227,4º Juizado Especial Cível e das Relações de Consumo da Comarca de Jaboatão dos Guararapes,19/06/2026,Prioridade Legal,10
1ª CCJ,0000384-95.2025.8.17.8227,4º Juizado Especial Cível e das Relações de Consumo da Comarca de Jaboatão dos Guararapes,27/05/2026,Prioridade Legal,33
1ª CCJ,0000514-85.2025.8.17.8227,4º Juizado Especial Cível e das Relações de Consumo da Comarca de Jaboatão dos Guararapes,17/06/2026,Prioridade Legal,12
1ª CCJ,0003133-85.2025.8.17.8227,4º Juizado Especial Cível e das Relações de Consumo da Comarca de Jaboatão dos Guararapes,27/05/2026,Prioridade Legal,33
1ª CCJ,0003804-79.2023.8.17.8227,4º Juizado Especial Cível e das Relações de Consumo da Comarca de Jaboatão dos Guararapes,28/05/2026,Prioridade Legal,32
1ª CCJ,0005636-55.2020.8.17.8227,4º Juizado Especial Cível e das Relações de Consumo da Comarca de Jaboatão dos Guararapes,28/05/2026,Prioridade Legal,32
1ª CCJ,0006259-80.2024.8.17.8227,4º Juizado Especial Cível e das Relações de Consumo da Comarca de Jaboatão dos Guararapes,18/06/2026,Prioridade Legal,11
1ª CCJ,0006737-30.2020.8.17.8227,4º Juizado Especial Cível e das Relações de Consumo da Comarca de Jaboatão dos Guararapes,19/06/2026,Sem prioridade,10
1ª CCJ,0008162-24.2022.8.17.8227,4º Juizado Especial Cível e das Relações de Consumo da Comarca de Jaboatão dos Guararapes,17/06/2026,Prioridade Legal,12
1ª CCJ,0008315-23.2023.8.17.8227,4º Juizado Especial Cível e das Relações de Consumo da Comarca de Jaboatão dos Guararapes,27/05/2026,Prioridade Legal,33
1ª CCJ,0000284-32.2024.8.17.2810,5ª Vara Cível da Comarca de Jaboatão dos Guararapes,08/06/2026,Prioridade Legal,21
3ª CC,0004931-36.2025.8.17.2810,5ª Vara Cível da Comarca de Jaboatão dos Guararapes,14/06/2026,Prioridade Legal,15
3ª CC,0009499-95.2025.8.17.2810,5ª Vara Cível da Comarca de Jaboatão dos Guararapes,10/06/2026,Prioridade Legal,19
3ª CC,0014907-67.2025.8.17.2810,5ª Vara Cível da Comarca de Jaboatão dos Guararapes,17/06/2026,Prioridade Legal,12
1ª CCJ,0015313-88.2025.8.17.2810,5ª Vara Cível da Comarca de Jaboatão dos Guararapes,01/06/2026,Prioridade Legal,28
3ª CC,0024332-55.2024.8.17.2810,5ª Vara Cível da Comarca de Jaboatão dos Guararapes,15/06/2026,Prioridade Legal,14
1ª CCJ,0031488-02.2021.8.17.2810,5ª Vara Cível da Comarca de Jaboatão dos Guararapes,08/06/2026,Prioridade Legal,21
1ª CCJ,0032787-43.2023.8.17.2810,5ª Vara Cível da Comarca de Jaboatão dos Guararapes,10/06/2026,Prioridade Legal,19
3ª CC,0001326-97.2016.8.17.2810,6ª Vara Cível da Comarca de Jaboatão dos Guararapes,08/06/2026,Prioridade Legal,21
3ª CC,0005210-67.2009.8.17.0810,6ª Vara Cível da Comarca de Jaboatão dos Guararapes,19/06/2026,Super prioridade,10
1ª CCJ,0007182-71.2018.8.17.2810,6ª Vara Cível da Comarca de Jaboatão dos Guararapes,18/06/2026,Prioridade Legal,11
3ª CC,0008948-81.2026.8.17.2810,6ª Vara Cível da Comarca de Jaboatão dos Guararapes,11/06/2026,Prioridade Legal,18
3ª CC,0012922-39.2020.8.17.2810,6ª Vara Cível da Comarca de Jaboatão dos Guararapes,18/06/2026,Prioridade Legal,11
3ª CC,0014383-70.2025.8.17.2810,6ª Vara Cível da Comarca de Jaboatão dos Guararapes,15/06/2026,Prioridade Legal,14
3ª CC,0028138-64.2025.8.17.2810,6ª Vara Cível da Comarca de Jaboatão dos Guararapes,11/06/2026,Prioridade Legal,19
3ª CC,0030786-51.2024.8.17.2810,6ª Vara Cível da Comarca de Jaboatão dos Guararapes,18/06/2026,Prioridade Legal,11
1ª CCJ,0031356-13.2019.8.17.2810,6ª Vara Cível da Comarca de Jaboatão dos Guararapes,12/06/2026,Prioridade Legal,17
1ª CCJ,0060928-72.2023.8.17.2810,6ª Vara Cível da Comarca de Jaboatão dos Guararapes,19/06/2026,Prioridade Legal,10
3ª CC,0000937-34.2024.8.17.2810,7ª Vara Cível da Comarca de Jaboatão dos Guararapes,15/06/2026,Prioridade Legal,14
3ª CC,0005972-72.2024.8.17.2810,7ª Vara Cível da Comarca de Jaboatão dos Guararapes,15/06/2026,Prioridade Legal,14
3ª CC,0006269-79.2024.8.17.2810,7ª Vara Cível da Comarca de Jaboatão dos Guararapes,15/06/2026,Prioridade Legal,14
3ª CC,0009079-90.2025.8.17.2810,7ª Vara Cível da Comarca de Jaboatão dos Guararapes,11/06/2026,Prioridade Legal,18
1ª CCJ,0029929-05.2024.8.17.2810,7ª Vara Cível da Comarca de Jaboatão dos Guararapes,30/06/2026,Prioridade Legal,0
3ª CC,0001183-59.2026.8.17.2810,8ª Vara Cível da Comarca de Jaboatão dos Guararapes,17/06/2026,Prioridade Legal,12
1ª CCJ,0027016-94.2017.8.17.2810,8ª Vara Cível da Comarca de Jaboatão dos Guararapes,26/05/2026,Prioridade Legal,34
3ª CC,0038936-61.2011.8.17.0810,8ª Vara Cível da Comarca de Jaboatão dos Guararapes,12/06/2026,Prioridade Legal,17
2ª CCJ,0001431-36.2011.8.17.0810,Vara da Fazenda Pública da Comarca de Jaboatão dos Guararapes,12/06/2026,Sem prioridade,17
2ª CCJ,0002888-73.2018.8.17.2810,Vara da Fazenda Pública da Comarca de Jaboatão dos Guararapes,05/06/2026,Prioridade Legal,24
4ª CC,0004039-65.2015.8.17.0810,Vara da Fazenda Pública da Comarca de Jaboatão dos Guararapes,08/06/2026,Sem prioridade,21
2ª CCJ,0007200-29.2017.8.17.2810,Vara da Fazenda Pública da Comarca de Jaboatão dos Guararapes,03/06/2026,Prioridade Legal,26
2ª CCJ,0010316-38.2020.8.17.2810,Vara da Fazenda Pública da Comarca de Jaboatão dos Guararapes,12/06/2026,Prioridade Legal,17
4ª CC,0012247-43.2012.8.17.0810,Vara da Fazenda Pública da Comarca de Jaboatão dos Guararapes,15/06/2026,Prioridade Legal,14
2ª CCJ,0012767-03.2012.8.17.0810,Vara da Fazenda Pública da Comarca de Jaboatão dos Guararapes,06/05/2026,Prioridade Legal,54
4ª CC,0014369-97.2010.8.17.0810,Vara da Fazenda Pública da Comarca de Jaboatão dos Guararapes,05/06/2026,Sem prioridade,24
2ª CCJ,0015044-30.2017.8.17.2810,Vara da Fazenda Pública da Comarca de Jaboatão dos Guararapes,09/06/2026,Sem prioridade,20
2ª CCJ,0015311-02.2017.8.17.2810,Vara da Fazenda Pública da Comarca de Jaboatão dos Guararapes,15/06/2026,Sem prioridade,14
4ª CC,0015843-29.2024.8.17.2810,Vara da Fazenda Pública da Comarca de Jaboatão dos Guararapes,12/06/2026,Prioridade Legal,17
2ª CCJ,0018372-65.2017.8.17.2810,Vara da Fazenda Pública da Comarca de Jaboatão dos Guararapes,11/06/2026,Sem prioridade,18
4ª CC,0020110-49.2021.8.17.2810,Vara da Fazenda Pública da Comarca de Jaboatão dos Guararapes,08/06/2026,Prioridade Legal,21
2ª CCJ,0021168-58.2019.8.17.2810,Vara da Fazenda Pública da Comarca de Jaboatão dos Guararapes,28/05/2026,Sem prioridade,32
2ª CCJ,0022185-61.2021.8.17.2810,Vara da Fazenda Pública da Comarca de Jaboatão dos Guararapes,04/06/2026,Sem prioridade,25
2ª CCJ,0025584-30.2023.8.17.2810,Vara da Fazenda Pública da Comarca de Jaboatão dos Guararapes,18/05/2026,Sem prioridade,42
2ª CCJ,0025881-47.2017.8.17.2810,Vara da Fazenda Pública da Comarca de Jaboatão dos Guararapes,12/06/2026,Prioridade Legal,17
4ª CC,0025993-40.2022.8.17.2810,Vara da Fazenda Pública da Comarca de Jaboatão dos Guararapes,13/06/2026,Sem prioridade,16
2ª CCJ,0026738-26.2010.8.17.0810,Vara da Fazenda Pública da Comarca de Jaboatão dos Guararapes,20/05/2026,Sem prioridade,40
4ª CC,0027125-30.2025.8.17.2810,Vara da Fazenda Pública da Comarca de Jaboatão dos Guararapes,19/06/2026,Sem prioridade,10
4ª CC,0027540-53.2012.8.17.0810,Vara da Fazenda Pública da Comarca de Jaboatão dos Guararapes,08/06/2026,Prioridade Legal,21
4ª CC,0051467-82.2011.8.17.0810,Vara da Fazenda Pública da Comarca de Jaboatão dos Guararapes,19/06/2026,Sem prioridade,10
3ª CCJ,0003991-52.2017.8.17.2810,Vara de Sucessões e Registros Públicos da Comarca de Jaboatão dos Guararapes,28/05/2026,Sem prioridade,32
3ª CCJ,0005700-59.2016.8.17.2810,Vara de Sucessões e Registros Públicos da Comarca de Jaboatão dos Guararapes,18/06/2026,Sem prioridade,11
3ª CCJ,0005768-62.2023.8.17.2810,Vara de Sucessões e Registros Públicos da Comarca de Jaboatão dos Guararapes,10/06/2026,Prioridade Legal,19
3ª CCJ,0009891-50.2016.8.17.2810,Vara de Sucessões e Registros Públicos da Comarca de Jaboatão dos Guararapes,08/06/2026,Sem prioridade,21
PARTIDOR,0009891-56.2004.8.17.0810,Vara de Sucessões e Registros Públicos da Comarca de Jaboatão dos Guararapes,11/06/2026,Prioridade Legal,18
PARTIDOR,0009919-47.2018.8.17.2810,Vara de Sucessões e Registros Públicos da Comarca de Jaboatão dos Guararapes,01/06/2026,Prioridade Legal,28
3ª CCJ,0011227-16.2021.8.17.2810,Vara de Sucessões e Registros Públicos da Comarca de Jaboatão dos Guararapes,27/05/2026,Sem prioridade,33
3ª CCJ,0015785-60.2023.8.17.2810,Vara de Sucessões e Registros Públicos da Comarca de Jaboatão dos Guararapes,11/06/2026,Prioridade Legal,18
PARTIDOR,0015965-81.2020.8.17.2810,Vara de Sucessões e Registros Públicos da Comarca de Jaboatão dos Guararapes,29/05/2026,Prioridade Legal,31
3ª CC,0025156-58.2017.8.17.2810,Vara de Sucessões e Registros Públicos da Comarca de Jaboatão dos Guararapes,09/06/2026,Prioridade Legal,20
2ª CC,0001227-36.2025.8.17.5810,Vara de Violência Doméstica e Familiar Contra Mulher de Jaboatão dos Guararapes,17/06/2026,Prioridade Legal,13
2ª CC,0001397-26.2024.8.17.2970,Vara de Violência Doméstica e Familiar Contra Mulher de Jaboatão dos Guararapes,17/06/2026,Prioridade Legal,0
2ª CC,0004471-20.2023.8.17.2810,Vara de Violência Doméstica e Familiar Contra Mulher de Jaboatão dos Guararapes,17/06/2026,Prioridade Legal,0
2ª CC,0012731-18.2025.8.17.2810,Vara de Violência Doméstica e Familiar Contra Mulher de Jaboatão dos Guararapes,18/06/2026,Prioridade Legal,0
4ª CC,0006140-32.2002.8.17.0810,Vara dos Executivos Fiscais da Comarca de Jaboatão dos Guararapes,19/06/2026,Prioridade Legal,10
4ª CC,0008050-60.2003.8.17.0810,Vara dos Executivos Fiscais da Comarca de Jaboatão dos Guararapes,08/06/2026,Sem prioridade,21
4ª CC,0019243-51.2024.8.17.2810,Vara dos Executivos Fiscais da Comarca de Jaboatão dos Guararapes,16/06/2026,Prioridade Legal,13
4ª CC,0030200-48.2023.8.17.2810,Vara dos Executivos Fiscais da Comarca de Jaboatão dos Guararapes,09/06/2026,Sem prioridade,20
4ª CC,0032108-82.2019.8.17.2810,Vara dos Executivos Fiscais da Comarca de Jaboatão dos Guararapes,16/06/2026,Sem prioridade,13
4ª CC,0032635-34.2019.8.17.2810,Vara dos Executivos Fiscais da Comarca de Jaboatão dos Guararapes,19/06/2026,Sem prioridade,11
4ª CC,0057419-32.2017.8.17.0810,Vara dos Executivos Fiscais da Comarca de Jaboatão dos Guararapes,18/06/2026,Sem prioridade,12
4ª CC,0060862-92.2023.8.17.2810,Vara dos Executivos Fiscais da Comarca de Jaboatão dos Guararapes,07/06/2026,Sem prioridade,22
4ª CC,0068523-21.2017.8.17.0810,Vara dos Executivos Fiscais da Comarca de Jaboatão dos Guararapes,16/06/2026,Sem prioridade,13
6ª CC,0000013-03.2011.8.17.0830,Vara Única da Comarca de João Alfredo,17/06/2026,Sem prioridade,12
6ª CC,0000035-26.2021.8.17.2830,Vara Única da Comarca de João Alfredo,19/06/2026,Prioridade Legal,10
6ª CC,0000117-73.2003.8.17.0830,Vara Única da Comarca de João Alfredo,18/06/2026,Prioridade Legal,0
6ª CC,0000390-37.2012.8.17.0830,Vara Única da Comarca de João Alfredo,12/06/2026,Prioridade Legal,17
5ª CCJ,0000434-89.2020.8.17.2830,Vara Única da Comarca de João Alfredo,03/06/2026,Prioridade Legal,26
6ª CC,0000574-90.2012.8.17.0830,Vara Única da Comarca de João Alfredo,17/06/2026,Sem prioridade,12
6ª CC,0000686-93.2011.8.17.0830,Vara Única da Comarca de João Alfredo,12/06/2026,Sem prioridade,17
6ª CC,0000779-56.2011.8.17.0830,Vara Única da Comarca de João Alfredo,17/06/2026,Prioridade Legal,12
6ª CC,0000896-08.2015.8.17.0830,Vara Única da Comarca de João Alfredo,12/06/2026,Sem prioridade,17
6ª CC,0001449-26.2013.8.17.0830,Vara Única da Comarca de João Alfredo,17/06/2026,Sem prioridade,12
6ª CC,0000009-59.2023.8.17.4640,Vara Única da Comarca de Jupi,17/06/2026,Sem prioridade,0
5ª CCJ,0000029-52.2015.8.17.0850,Vara Única da Comarca de Jupi,14/05/2026,Sem prioridade,46
6ª CC,0000099-79.2009.8.17.0850,Vara Única da Comarca de Jupi,19/06/2026,Prioridade Legal,10
6ª CC,0000207-93.2018.8.17.0850,Vara Única da Comarca de Jupi,15/06/2026,Sem prioridade,0
6ª CC,0000211-02.2024.8.17.4640,Vara Única da Comarca de Jupi,18/06/2026,Prioridade Legal,0
6ª CC,0000213-75.2022.8.17.2850,Vara Única da Comarca de Jupi,16/06/2026,Prioridade Legal,0
6ª CC,0000222-95.2026.8.17.2850,Vara Única da Comarca de Jupi,11/06/2026,Prioridade Legal,18
6ª CC,0000263-10.2010.8.17.0850,Vara Única da Comarca de Jupi,19/06/2026,Sem prioridade,10
5ª CCJ,0000278-07.2021.8.17.2850,Vara Única da Comarca de Jupi,15/06/2026,Prioridade Legal,14
5ª CCJ,0000330-71.2019.8.17.2850,Vara Única da Comarca de Jupi,08/06/2026,Prioridade Legal,21
5ª CCJ,0000332-75.2018.8.17.2850,Vara Única da Comarca de Jupi,04/06/2026,Prioridade Legal,25
5ª CCJ,0000479-28.2023.8.17.2850,Vara Única da Comarca de Jupi,09/06/2026,Prioridade Legal,20
5ª CCJ,0000608-04.2021.8.17.2850,Vara Única da Comarca de Jupi,15/06/2026,Prioridade Legal,14
6ª CC,0000652-24.2023.8.17.5640,Vara Única da Comarca de Jupi,19/06/2026,Prioridade Legal,0
5ª CCJ,0001057-25.2022.8.17.2850,Vara Única da Comarca de Jupi,09/06/2026,Sem prioridade,20
6ª CC,0000001-34.2016.8.17.2860,Vara Única da Comarca de Jurema,17/06/2026,Sem prioridade,12
5ª CCJ,0000297-75.2024.8.17.2860,Vara Única da Comarca de Jurema,11/06/2026,Prioridade Legal,18
5ª CCJ,0000330-31.2025.8.17.2860,Vara Única da Comarca de Jurema,26/05/2026,Sem prioridade,34
5ª CCJ,0000351-12.2022.8.17.2860,Vara Única da Comarca de Jurema,02/06/2026,Sem prioridade,27
5ª CCJ,0000352-94.2022.8.17.2860,Vara Única da Comarca de Jurema,22/05/2026,Prioridade Legal,38
6ª CC,0064339-29.2014.8.17.0001,Vara Única da Comarca de Jurema,10/06/2026,Prioridade Legal,0
6ª CCJ,0000186-10.2020.8.17.2900,Vara Única da Comarca de Lagoa Grande,12/06/2026,Sem prioridade,17
7ª CC,0000244-81.2024.8.17.6130,Vara Única da Comarca de Lagoa Grande,16/06/2026,Prioridade Legal,0
6ª CCJ,0000259-84.2017.8.17.2900,Vara Única da Comarca de Lagoa Grande,26/05/2026,Prioridade Legal,34
7ª CC,0000329-28.2022.8.17.2900,Vara Única da Comarca de Lagoa Grande,16/06/2026,Prioridade Legal,13
7ª CC,0000843-10.2024.8.17.2900,Vara Única da Comarca de Lagoa Grande,12/06/2026,Prioridade Legal,0
7ª CC,0000905-84.2023.8.17.2900,Vara Única da Comarca de Lagoa Grande,16/06/2026,Prioridade Legal,13
6ª CCJ,0017866-21.2025.8.17.3130,Vara Única da Comarca de Lagoa Grande,04/06/2026,Prioridade Legal,25
5ª CC,0000213-44.2024.8.17.2870,Vara Única da Comarca de Lagoa do Itaenga,08/06/2026,Prioridade Legal,21
5ª CC,0000349-27.2020.8.17.0980,Vara Única da Comarca de Lagoa do Itaenga,11/06/2026,Prioridade Legal,0
5ª CC,0000462-58.2025.8.17.2870,Vara Única da Comarca de Lagoa do Itaenga,10/06/2026,Sem prioridade,19
5ª CC,0000522-36.2022.8.17.2870,Vara Única da Comarca de Lagoa do Itaenga,21/06/2026,Prioridade Legal,0
5ª CCJ,0000068-88.2025.8.17.2890,Vara Única da Comarca de Lagoa dos Gatos,12/06/2026,Sem prioridade,17
6ª CC,0000074-47.2021.8.17.2240,Vara Única da Comarca de Lagoa dos Gatos,16/06/2026,Sem prioridade,13
6ª CC,0000103-88.2012.8.17.0890,Vara Única da Comarca de Lagoa dos Gatos,15/06/2026,Prioridade Legal,0
5ª CCJ,0000186-69.2022.8.17.2890,Vara Única da Comarca de Lagoa dos Gatos,15/05/2026,Prioridade Legal,45
6ª CC,0000191-38.2021.8.17.2240,Vara Única da Comarca de Lagoa dos Gatos,17/06/2026,Prioridade Legal,12
6ª CC,0000283-64.2025.8.17.2890,Vara Única da Comarca de Lagoa dos Gatos,16/06/2026,Prioridade Legal,13
6ª CC,0000304-40.2025.8.17.2890,Vara Única da Comarca de Lagoa dos Gatos,16/06/2026,Prioridade Legal,13
5ª CCJ,0000335-02.2021.8.17.2890,Vara Única da Comarca de Lagoa dos Gatos,16/06/2026,Prioridade Legal,13
6ª CC,0000518-02.2023.8.17.2890,Vara Única da Comarca de Lagoa dos Gatos,16/06/2026,Sem prioridade,13
5ª CCJ,0000606-40.2023.8.17.2890,Vara Única da Comarca de Lagoa dos Gatos,09/06/2026,Prioridade Legal,20
6ª CC,0000114-18.2016.8.17.0910,1ª Vara da Comarca de Lajedo,18/06/2026,Sem prioridade,11
6ª CC,0000336-83.2016.8.17.0910,1ª Vara da Comarca de Lajedo,18/06/2026,Sem prioridade,11
6ª CC,0000368-93.2013.8.17.0910,1ª Vara da Comarca de Lajedo,18/06/2026,Sem prioridade,11
6ª CC,0000442-44.2025.8.17.2910,1ª Vara da Comarca de Lajedo,11/06/2026,Sem prioridade,18
6ª CC,0000527-31.2016.8.17.0910,1ª Vara da Comarca de Lajedo,11/06/2026,Prioridade Legal,18
6ª CC,0000631-27.2022.8.17.2910,1ª Vara da Comarca de Lajedo,16/06/2026,Prioridade Legal,0
6ª CC,0000925-27.2006.8.17.0910,1ª Vara da Comarca de Lajedo,19/06/2026,Sem prioridade,0
6ª CC,0001174-30.2022.8.17.2910,1ª Vara da Comarca de Lajedo,15/06/2026,Prioridade Legal,0
6ª CC,0001335-46.2010.8.17.0910,1ª Vara da Comarca de Lajedo,15/06/2026,Sem prioridade,14
6ª CC,0001423-44.2023.8.17.2910,1ª Vara da Comarca de Lajedo,12/06/2026,Prioridade Legal,17
6ª CC,0001500-24.2021.8.17.2910,1ª Vara da Comarca de Lajedo,11/06/2026,Prioridade Legal,18
6ª CC,0000171-95.2022.8.17.5640,2ª Vara da Comarca de Lajedo,15/06/2026,Prioridade Legal,0
6ª CC,0000415-03.2021.8.17.2910,2ª Vara da Comarca de Lajedo,16/06/2026,Prioridade Legal,14
6ª CC,0000446-23.2021.8.17.2910,2ª Vara da Comarca de Lajedo,11/06/2026,Prioridade Legal,18
5ª CCJ,0000638-19.2022.8.17.2910,2ª Vara da Comarca de Lajedo,26/05/2026,Prioridade Legal,34
6ª CC,0001227-40.2024.8.17.2910,2ª Vara da Comarca de Lajedo,12/06/2026,Prioridade Legal,17
5ª CCJ,0001303-36.2013.8.17.0910,2ª Vara da Comarca de Lajedo,16/06/2026,Sem prioridade,13
6ª CC,0001363-37.2024.8.17.2910,2ª Vara da Comarca de Lajedo,16/06/2026,Prioridade Legal,0
5ª CCJ,0001512-68.2014.8.17.0910,2ª Vara da Comarca de Lajedo,04/06/2026,Prioridade Legal,25
5ª CCJ,0001550-80.2014.8.17.0910,2ª Vara da Comarca de Lajedo,16/06/2026,Prioridade Legal,13
6ª CC,0001905-26.2022.8.17.2910,2ª Vara da Comarca de Lajedo,16/06/2026,Sem prioridade,14
5ª CCJ,0000112-52.2015.8.17.0920,1ª Vara Cível da Comarca de Limoeiro,09/06/2026,Sem prioridade,20
5ª CCJ,0000337-13.2020.8.17.2920,1ª Vara Cível da Comarca de Limoeiro,20/05/2026,Prioridade Legal,40
6ª CC,0000361-52.2005.8.17.0920,1ª Vara Cível da Comarca de Limoeiro,16/06/2026,Prioridade Legal,14
6ª CC,0000392-09.2004.8.17.0920,1ª Vara Cível da Comarca de Limoeiro,11/06/2026,Prioridade Legal,18
6ª CC,0000461-93.2020.8.17.2920,1ª Vara Cível da Comarca de Limoeiro,19/06/2026,Sem prioridade,10
5ª CCJ,0000988-69.2025.8.17.2920,1ª Vara Cível da Comarca de Limoeiro,01/06/2026,Prioridade Legal,28
6ª CC,0001186-72.2026.8.17.2920,1ª Vara Cível da Comarca de Limoeiro,12/06/2026,Prioridade Legal,17
6ª CC,0001284-91.2025.8.17.2920,1ª Vara Cível da Comarca de Limoeiro,17/06/2026,Prioridade Legal,13
6ª CC,0001302-15.2025.8.17.2920,1ª Vara Cível da Comarca de Limoeiro,12/06/2026,Prioridade Legal,17
6ª CC,0001336-63.2020.8.17.2920,1ª Vara Cível da Comarca de Limoeiro,09/06/2026,Prioridade Legal,20
5ª CCJ,0002173-45.2025.8.17.2920,1ª Vara Cível da Comarca de Limoeiro,18/06/2026,Prioridade Legal,11
5ª CCJ,0002326-49.2023.8.17.2920,1ª Vara Cível da Comarca de Limoeiro,05/06/2026,Prioridade Legal,24
5ª CCJ,0002564-39.2021.8.17.2920,1ª Vara Cível da Comarca de Limoeiro,20/05/2026,Prioridade Legal,40
5ª CCJ,0003212-48.2023.8.17.2920,1ª Vara Cível da Comarca de Limoeiro,15/05/2026,Prioridade Legal,45
6ª CC,0003391-45.2024.8.17.2920,1ª Vara Cível da Comarca de Limoeiro,18/06/2026,Sem prioridade,11
6ª CC,0000243-60.2023.8.17.2920,2ª Vara Cível da Comarca de Limoeiro,17/06/2026,Prioridade Legal,12
6ª CC,0000252-17.2026.8.17.2920,2ª Vara Cível da Comarca de Limoeiro,12/06/2026,Sem prioridade,17
6ª CC,0000574-37.2026.8.17.2920,2ª Vara Cível da Comarca de Limoeiro,12/06/2026,Sem prioridade,17
5ª CCJ,0000686-98.2020.8.17.3410,2ª Vara Cível da Comarca de Limoeiro,02/06/2026,Prioridade Legal,27
6ª CC,0000797-24.2025.8.17.2920,2ª Vara Cível da Comarca de Limoeiro,12/06/2026,Prioridade Legal,17
6ª CC,0001122-96.2025.8.17.2920,2ª Vara Cível da Comarca de Limoeiro,12/06/2026,Sem prioridade,17
5ª CCJ,0001165-77.2018.8.17.2920,2ª Vara Cível da Comarca de Limoeiro,26/05/2026,Sem prioridade,34
5ª CCJ,0002676-04.2015.8.17.0920,2ª Vara Cível da Comarca de Limoeiro,21/05/2026,Sem prioridade,39
6ª CC,0003153-89.2025.8.17.2920,2ª Vara Cível da Comarca de Limoeiro,17/06/2026,Prioridade Legal,12
5ª CCJ,0003792-79.2014.8.17.0920,2ª Vara Cível da Comarca de Limoeiro,10/06/2026,Sem prioridade,19
1ª CCJ,0000131-80.2025.8.17.8236,Juizado Especial Cível e das Relações de Consumo de Limoeiro - Turno Manhã - 08:00h às 14:00h,29/04/2026,Prioridade Legal,61
1ª CCJ,0000208-61.2026.8.17.8234,Juizado Especial Cível e das Relações de Consumo de Limoeiro - Turno Manhã - 08:00h às 14:00h,04/05/2026,Prioridade Legal,56
1ª CCJ,0000272-36.2024.8.17.8236,Juizado Especial Cível e das Relações de Consumo de Limoeiro - Turno Manhã - 08:00h às 14:00h,30/04/2026,Prioridade Legal,60
1ª CCJ,0000400-22.2025.8.17.8236,Juizado Especial Cível e das Relações de Consumo de Limoeiro - Turno Manhã - 08:00h às 14:00h,15/05/2026,Prioridade Legal,45
1ª CCJ,0000439-19.2025.8.17.8236,Juizado Especial Cível e das Relações de Consumo de Limoeiro - Turno Manhã - 08:00h às 14:00h,26/05/2026,Prioridade Legal,34
1ª CCJ,0000485-08.2025.8.17.8236,Juizado Especial Cível e das Relações de Consumo de Limoeiro - Turno Manhã - 08:00h às 14:00h,29/04/2026,Prioridade Legal,61
1ª CCJ,0000488-08.2021.8.17.8234,Juizado Especial Cível e das Relações de Consumo de Limoeiro - Turno Manhã - 08:00h às 14:00h,29/05/2026,Prioridade Legal,31
1ª CCJ,0000596-89.2025.8.17.8236,Juizado Especial Cível e das Relações de Consumo de Limoeiro - Turno Manhã - 08:00h às 14:00h,21/05/2026,Prioridade Legal,39
1ª CCJ,0000621-45.2024.8.17.8234,Juizado Especial Cível e das Relações de Consumo de Limoeiro - Turno Manhã - 08:00h às 14:00h,30/04/2026,Prioridade Legal,60
1ª CCJ,0000760-60.2025.8.17.8234,Juizado Especial Cível e das Relações de Consumo de Limoeiro - Turno Manhã - 08:00h às 14:00h,29/04/2026,Prioridade Legal,61
1ª CCJ,0000862-82.2025.8.17.8234,Juizado Especial Cível e das Relações de Consumo de Limoeiro - Turno Manhã - 08:00h às 14:00h,04/05/2026,Prioridade Legal,56
1ª CCJ,0000937-92.2023.8.17.8234,Juizado Especial Cível e das Relações de Consumo de Limoeiro - Turno Manhã - 08:00h às 14:00h,03/06/2026,Prioridade Legal,26
1ª CCJ,0001098-05.2023.8.17.8234,Juizado Especial Cível e das Relações de Consumo de Limoeiro - Turno Manhã - 08:00h às 14:00h,30/04/2026,Sem prioridade,61
1ª CCJ,0001171-11.2022.8.17.8234,Juizado Especial Cível e das Relações de Consumo de Limoeiro - Turno Manhã - 08:00h às 14:00h,09/06/2026,Prioridade Legal,20
1ª CCJ,0001434-72.2024.8.17.8234,Juizado Especial Cível e das Relações de Consumo de Limoeiro - Turno Manhã - 08:00h às 14:00h,13/05/2026,Prioridade Legal,48
1ª CCJ,0001527-69.2023.8.17.8234,Juizado Especial Cível e das Relações de Consumo de Limoeiro - Turno Manhã - 08:00h às 14:00h,16/06/2026,Prioridade Legal,13
1ª CCJ,0002587-14.2023.8.17.2920,Juizado Especial Cível e das Relações de Consumo de Limoeiro - Turno Manhã - 08:00h às 14:00h,17/05/2026,Prioridade Legal,43
2ª CC,0000488-85.2023.8.17.4920,Vara Criminal da Comarca de Limoeiro,16/06/2026,Sem prioridade,0
2ª CC,0000563-13.2023.8.17.2920,Vara Criminal da Comarca de Limoeiro,19/06/2026,Prioridade Legal,0
2ª CC,0000623-41.2022.8.17.5920,Vara Criminal da Comarca de Limoeiro,18/06/2026,Sem prioridade,0
2ª CC,0000685-17.2020.8.17.0920,Vara Criminal da Comarca de Limoeiro,19/06/2026,Prioridade Legal,0
2ª CC,0000785-69.2020.8.17.0920,Vara Criminal da Comarca de Limoeiro,19/06/2026,Prioridade Legal,0
2ª CC,0001669-78.2021.8.17.2920,Vara Criminal da Comarca de Limoeiro,16/06/2026,Sem prioridade,0
5ª CC,0000007-44.2024.8.17.2930,Vara Única da Comarca de Macaparana,15/06/2026,Prioridade Legal,0
5ª CC,0000025-07.2020.8.17.2930,Vara Única da Comarca de Macaparana,09/06/2026,Prioridade Legal,20
5ª CC,0000030-24.2023.8.17.2930,Vara Única da Comarca de Macaparana,10/06/2026,Prioridade Legal,19
4ª CCJ,0000095-92.2020.8.17.3360,Vara Única da Comarca de Macaparana,18/06/2026,Prioridade Legal,12
4ª CCJ,0000208-13.2012.8.17.1360,Vara Única da Comarca de Macaparana,10/06/2026,Sem prioridade,19
4ª CCJ,0000230-76.2007.8.17.0930,Vara Única da Comarca de Macaparana,08/06/2026,Sem prioridade,21
5ª CC,0000343-72.2025.8.17.4980,Vara Única da Comarca de Macaparana,01/06/2026,Sem prioridade,0
5ª CC,0000457-61.2012.8.17.1360,Vara Única da Comarca de Macaparana,05/06/2026,Super prioridade,24
5ª CC,0000500-89.2022.8.17.2930,Vara Única da Comarca de Macaparana,18/06/2026,Prioridade Legal,11
5ª CC,0000688-48.2023.8.17.2930,Vara Única da Comarca de Macaparana,17/06/2026,Prioridade Legal,0
4ª CCJ,0000826-44.2025.8.17.2930,Vara Única da Comarca de Macaparana,10/06/2026,Prioridade Legal,19
5ª CC,0001743-68.2022.8.17.2930,Vara Única da Comarca de Macaparana,17/06/2026,Prioridade Legal,12
5ª CC,0000076-13.2016.8.17.0940,Vara Única da Comarca de Maraial,11/06/2026,Prioridade Legal,0
4ª CCJ,0000084-86.2025.8.17.2940,Vara Única da Comarca de Maraial,27/05/2026,Prioridade Legal,33
5ª CC,0000098-23.2006.8.17.0940,Vara Única da Comarca de Maraial,16/06/2026,Prioridade Legal,13
4ª CCJ,0000101-98.2020.8.17.2940,Vara Única da Comarca de Maraial,16/06/2026,Sem prioridade,13
5ª CC,0000173-17.2022.8.17.2940,Vara Única da Comarca de Maraial,15/06/2026,Sem prioridade,14
4ª CCJ,0000389-07.2024.8.17.2940,Vara Única da Comarca de Maraial,16/06/2026,Prioridade Legal,13
7ª CC,0000068-26.2016.8.17.0620,Vara Única da Comarca de Mirandiba,19/06/2026,Prioridade Legal,0
6ª CCJ,0000083-71.2025.8.17.2950,Vara Única da Comarca de Mirandiba,29/05/2026,Sem prioridade,31
6ª CCJ,0000250-64.2020.8.17.2950,Vara Única da Comarca de Mirandiba,01/06/2026,Prioridade Legal,28
7ª CC,0000255-81.2023.8.17.2950,Vara Única da Comarca de Mirandiba,27/06/2026,Prioridade Legal,2
7ª CC,0000269-94.2025.8.17.2950,Vara Única da Comarca de Mirandiba,17/06/2026,Prioridade Legal,12
7ª CC,0000343-85.2024.8.17.2950,Vara Única da Comarca de Mirandiba,19/06/2026,Prioridade Legal,11
7ª CC,0000416-24.2016.8.17.0950,Vara Única da Comarca de Mirandiba,17/06/2026,Sem prioridade,12
6ª CCJ,0000466-25.2020.8.17.2950,Vara Única da Comarca de Mirandiba,01/06/2026,Prioridade Legal,28
6ª CCJ,0000484-07.2024.8.17.2950,Vara Única da Comarca de Mirandiba,28/05/2026,Sem prioridade,33
6ª CCJ,0000528-89.2025.8.17.2950,Vara Única da Comarca de Mirandiba,12/06/2026,Sem prioridade,17
6ª CCJ,0000547-66.2023.8.17.2950,Vara Única da Comarca de Mirandiba,29/05/2026,Sem prioridade,31
6ª CCJ,0000582-31.2020.8.17.2950,Vara Única da Comarca de Mirandiba,05/06/2026,Prioridade Legal,25
7ª CC,0000599-67.2020.8.17.2950,Vara Única da Comarca de Mirandiba,12/06/2026,Prioridade Legal,17
6ª CCJ,0001262-74.2024.8.17.2950,Vara Única da Comarca de Mirandiba,28/05/2026,Prioridade Legal,32
6ª CCJ,0001272-21.2024.8.17.2950,Vara Única da Comarca de Mirandiba,14/06/2026,Prioridade Legal,15
6ª CCJ,0001327-69.2024.8.17.2950,Vara Única da Comarca de Mirandiba,28/05/2026,Prioridade Legal,32
6ª CCJ,0001426-39.2024.8.17.2950,Vara Única da Comarca de Mirandiba,29/05/2026,Prioridade Legal,31
5ª CC,0000064-68.2026.8.17.2970,1ª Vara Cível da Comarca de Moreno,29/05/2026,Prioridade Legal,31
5ª CC,0000065-87.2025.8.17.2970,1ª Vara Cível da Comarca de Moreno,18/06/2026,Prioridade Legal,11
4ª CCJ,0000181-69.2020.8.17.2970,1ª Vara Cível da Comarca de Moreno,11/06/2026,Prioridade Legal,18
5ª CC,0000198-32.2025.8.17.2970,1ª Vara Cível da Comarca de Moreno,04/06/2026,Prioridade Legal,25
4ª CCJ,0000354-83.2026.8.17.2970,1ª Vara Cível da Comarca de Moreno,10/06/2026,Prioridade Legal,19
4ª CCJ,0000365-15.2026.8.17.2970,1ª Vara Cível da Comarca de Moreno,10/06/2026,Prioridade Legal,19
4ª CCJ,0000372-07.2026.8.17.2970,1ª Vara Cível da Comarca de Moreno,10/06/2026,Prioridade Legal,19
5ª CC,0000411-77.2021.8.17.2970,1ª Vara Cível da Comarca de Moreno,15/06/2026,Prioridade Legal,14
5ª CC,0000520-91.2021.8.17.2970,1ª Vara Cível da Comarca de Moreno,12/06/2026,Prioridade Legal,17
4ª CCJ,0000658-29.2019.8.17.2970,1ª Vara Cível da Comarca de Moreno,18/06/2026,Prioridade Legal,11
5ª CC,0000921-22.2023.8.17.2970,1ª Vara Cível da Comarca de Moreno,03/06/2026,Prioridade Legal,26
5ª CC,0001034-05.2025.8.17.2970,1ª Vara Cível da Comarca de Moreno,18/06/2026,Prioridade Legal,11
4ª CCJ,0001102-33.2017.8.17.2970,1ª Vara Cível da Comarca de Moreno,19/06/2026,Sem prioridade,10
5ª CC,0001228-73.2023.8.17.2970,1ª Vara Cível da Comarca de Moreno,19/06/2026,Prioridade Legal,10
5ª CC,0001272-92.2023.8.17.2970,1ª Vara Cível da Comarca de Moreno,15/06/2026,Prioridade Legal,14
4ª CCJ,0001330-27.2025.8.17.2970,1ª Vara Cível da Comarca de Moreno,10/06/2026,Prioridade Legal,19
5ª CC,0001489-04.2024.8.17.2970,1ª Vara Cível da Comarca de Moreno,10/06/2026,Prioridade Legal,19
5ª CC,0001683-67.2025.8.17.2970,1ª Vara Cível da Comarca de Moreno,01/06/2026,Prioridade Legal,28
5ª CC,0001715-72.2025.8.17.2970,1ª Vara Cível da Comarca de Moreno,18/06/2026,Prioridade Legal,11
5ª CC,0018171-89.2023.8.17.8201,1ª Vara Cível da Comarca de Moreno,01/06/2026,Prioridade Legal,28
2ª CC,0000515-44.2022.8.17.4810,Vara Criminal da Comarca de Moreno,19/06/2026,Prioridade Legal,0
2ª CC,0005278-02.2018.8.17.0810,Vara Criminal da Comarca de Moreno,18/06/2026,Sem prioridade,0
4ª CCJ,0000090-80.2019.8.17.2980,Vara Única da Comarca de Nazaré da Mata,13/06/2026,Prioridade Legal,16
4ª CCJ,0000095-43.2024.8.17.4980,Vara Única da Comarca de Nazaré da Mata,03/06/2026,Prioridade Legal,26
5ª CC,0000243-06.2025.8.17.2980,Vara Única da Comarca de Nazaré da Mata,05/06/2026,Prioridade Legal,24
4ª CCJ,0000380-56.2023.8.17.2980,Vara Única da Comarca de Nazaré da Mata,10/06/2026,Prioridade Legal,19
4ª CCJ,0000448-50.2016.8.17.2980,Vara Única da Comarca de Nazaré da Mata,14/06/2026,Prioridade Legal,15
4ª CCJ,0000486-91.2018.8.17.2980,Vara Única da Comarca de Nazaré da Mata,02/06/2026,Prioridade Legal,27
5ª CC,0000551-13.2023.8.17.2980,Vara Única da Comarca de Nazaré da Mata,18/06/2026,Prioridade Legal,11
5ª CC,0000742-25.2015.8.17.0980,Vara Única da Comarca de Nazaré da Mata,27/05/2026,Sem prioridade,33
5ª CC,0000910-89.2025.8.17.2980,Vara Única da Comarca de Nazaré da Mata,08/06/2026,Prioridade Legal,21
5ª CC,0001148-46.2015.8.17.0980,Vara Única da Comarca de Nazaré da Mata,19/06/2026,Sem prioridade,10
5ª CC,0001242-61.2022.8.17.2980,Vara Única da Comarca de Nazaré da Mata,18/06/2026,Prioridade Legal,11
1ª CCJ,0001469-08.2016.8.17.1090,Núcleo de Justiça 4.0 - Seguro Habitacional - SFH,25/05/2026,Sem prioridade,35
1ª CC,0004132-07.2017.8.17.3090,Núcleo de Justiça 4.0 - Seguro Habitacional - SFH,15/06/2026,Prioridade Legal,15
1ª CC,0006285-14.2008.8.17.1090,Núcleo de Justiça 4.0 - Seguro Habitacional - SFH,15/06/2026,Prioridade Legal,15
1ª CCJ,0007581-53.2015.8.17.0370,Núcleo de Justiça 4.0 - Seguro Habitacional - SFH,29/05/2026,Prioridade Legal,31
1ª CC,0015366-73.2023.8.17.3090,Núcleo de Justiça 4.0 - Seguro Habitacional - SFH,18/06/2026,Prioridade Legal,12
1ª CC,0018119-33.2002.8.17.0990,Núcleo de Justiça 4.0 - Seguro Habitacional - SFH,31/05/2026,Prioridade Legal,29
1ª CCJ,0021847-24.2020.8.17.2810,Núcleo de Justiça 4.0 - Seguro Habitacional - SFH,29/05/2026,Prioridade Legal,32
1ª CC,0000948-51.2008.8.17.1120,Núcleo de Justiça 4.0 - Tempos Processuais TP,15/06/2026,Sem prioridade,14
1ª CC,0000035-86.2025.8.17.2021,Núcleo de Justiça 4.0 - de Saúde da Infância e Juventude,29/05/2026,Prioridade Legal,31
1ª CC,0000113-80.2025.8.17.2021,Núcleo de Justiça 4.0 - de Saúde da Infância e Juventude,26/05/2026,Prioridade Legal,34
3ª CC,0000123-27.2025.8.17.2021,Núcleo de Justiça 4.0 - de Saúde da Infância e Juventude,13/06/2026,Prioridade Legal,16
1ª CC,0000154-47.2025.8.17.2021,Núcleo de Justiça 4.0 - de Saúde da Infância e Juventude,18/06/2026,Prioridade Legal,11
1ª CC,0000234-74.2026.8.17.2021,Núcleo de Justiça 4.0 - de Saúde da Infância e Juventude,11/06/2026,Super prioridade,18
1ª CC,0000317-27.2025.8.17.2021,Núcleo de Justiça 4.0 - de Saúde da Infância e Juventude,16/06/2026,Prioridade Legal,14
1ª CC,0000357-09.2025.8.17.2021,Núcleo de Justiça 4.0 - de Saúde da Infância e Juventude,18/06/2026,Prioridade Legal,12
1ª CC,0000486-88.2025.8.17.4001,Núcleo de Justiça 4.0 - de Saúde da Infância e Juventude,15/06/2026,Prioridade Legal,14
1ª CC,0000681-96.2025.8.17.2021,Núcleo de Justiça 4.0 - de Saúde da Infância e Juventude,17/06/2026,Super prioridade,12
3ª CC,0000849-98.2025.8.17.2021,Núcleo de Justiça 4.0 - de Saúde da Infância e Juventude,07/06/2026,Prioridade Legal,22
3ª CC,0001013-25.2025.8.17.2260,Núcleo de Justiça 4.0 - de Saúde da Infância e Juventude,08/06/2026,Prioridade Legal,21
1ª CC,0001058-38.2023.8.17.2021,Núcleo de Justiça 4.0 - de Saúde da Infância e Juventude,08/06/2026,Prioridade Legal,22
1ª CC,0001188-57.2025.8.17.2021,Núcleo de Justiça 4.0 - de Saúde da Infância e Juventude,02/06/2026,Prioridade Legal,28
1ª CC,0001205-93.2025.8.17.2021,Núcleo de Justiça 4.0 - de Saúde da Infância e Juventude,01/06/2026,Super prioridade,28
3ª CC,0001206-78.2025.8.17.2021,Núcleo de Justiça 4.0 - de Saúde da Infância e Juventude,12/06/2026,Prioridade Legal,17
1ª CC,0001308-37.2024.8.17.2021,Núcleo de Justiça 4.0 - de Saúde da Infância e Juventude,11/06/2026,Prioridade Legal,18
1ª CC,0001388-64.2025.8.17.2021,Núcleo de Justiça 4.0 - de Saúde da Infância e Juventude,08/06/2026,Prioridade Legal,21
1ª CC,0001438-90.2025.8.17.2021,Núcleo de Justiça 4.0 - de Saúde da Infância e Juventude,16/06/2026,Prioridade Legal,14
1ª CC,0001455-29.2025.8.17.2021,Núcleo de Justiça 4.0 - de Saúde da Infância e Juventude,09/06/2026,Prioridade Legal,20
1ª CC,0001546-22.2025.8.17.2021,Núcleo de Justiça 4.0 - de Saúde da Infância e Juventude,08/06/2026,Prioridade Legal,21
1ª CC,0001589-56.2025.8.17.2021,Núcleo de Justiça 4.0 - de Saúde da Infância e Juventude,07/06/2026,Super prioridade,22
3ª CC,0001686-90.2024.8.17.2021,Núcleo de Justiça 4.0 - de Saúde da Infância e Juventude,09/06/2026,Prioridade Legal,21
1ª CC,0001802-62.2025.8.17.2021,Núcleo de Justiça 4.0 - de Saúde da Infância e Juventude,05/06/2026,Prioridade Legal,24
1ª CC,0001822-87.2024.8.17.2021,Núcleo de Justiça 4.0 - de Saúde da Infância e Juventude,09/06/2026,Prioridade Legal,21
1ª CC,0001896-10.2025.8.17.2021,Núcleo de Justiça 4.0 - de Saúde da Infância e Juventude,09/06/2026,Super prioridade,20
1ª CC,0001898-77.2025.8.17.2021,Núcleo de Justiça 4.0 - de Saúde da Infância e Juventude,11/06/2026,Super prioridade,18
1ª CC,0002373-67.2024.8.17.2021,Núcleo de Justiça 4.0 - de Saúde da Infância e Juventude,16/06/2026,Prioridade Legal,13
1ª CC,0003171-14.2025.8.17.2370,Núcleo de Justiça 4.0 - de Saúde da Infância e Juventude,05/06/2026,Prioridade Legal,25
3ª CC,0006902-78.2024.8.17.3590,Núcleo de Justiça 4.0 - de Saúde da Infância e Juventude,08/06/2026,Prioridade Legal,21
1ª CC,0029012-12.2024.8.17.8201,Núcleo de Justiça 4.0 - de Saúde da Infância e Juventude,17/06/2026,Prioridade Legal,12
1ª CC,0031004-55.2019.8.17.2810,Núcleo de Justiça 4.0 - de Saúde da Infância e Juventude,17/06/2026,Super prioridade,12
1ª CC,0040204-54.2020.8.17.2001,Núcleo de Justiça 4.0 - de Saúde da Infância e Juventude,22/05/2026,Prioridade Legal,38
1ª CC,0042587-29.2025.8.17.2001,Núcleo de Justiça 4.0 - de Saúde da Infância e Juventude,18/06/2026,Prioridade Legal,12
1ª CC,0050072-80.2025.8.17.2001,Núcleo de Justiça 4.0 - de Saúde da Infância e Juventude,01/06/2026,Prioridade Legal,28
1ª CC,0057373-31.2019.8.17.2990,Núcleo de Justiça 4.0 - de Saúde da Infância e Juventude,13/06/2026,Prioridade Legal,17
2ª CC,0000377-56.2021.8.17.4990,1ª Vara Criminal da Comarca de Olinda,18/06/2026,Prioridade Legal,0
2ª CC,0000558-25.2025.8.17.5990,1ª Vara Criminal da Comarca de Olinda,18/06/2026,Prioridade Legal,0
2ª CC,0000671-17.2020.8.17.0990,1ª Vara Criminal da Comarca de Olinda,15/06/2026,Sem prioridade,0
2ª CC,0000762-40.2023.8.17.5990,1ª Vara Criminal da Comarca de Olinda,15/06/2026,Prioridade Legal,0
2ª CC,0000830-19.2025.8.17.5990,1ª Vara Criminal da Comarca de Olinda,19/06/2026,Prioridade Legal,0
2ª CC,0002157-33.2024.8.17.5990,1ª Vara Criminal da Comarca de Olinda,15/06/2026,Prioridade Legal,0
1ª CCJ,0000125-50.2006.8.17.0990,1ª Vara Cível da Comarca de Olinda,11/06/2026,Prioridade Legal,19
1ª CCJ,0000854-02.2020.8.17.2990,1ª Vara Cível da Comarca de Olinda,29/04/2026,Sem prioridade,62
1ª CCJ,0000861-63.2009.8.17.0990,1ª Vara Cível da Comarca de Olinda,19/06/2026,Sem prioridade,10
3ª CC,0002089-43.2016.8.17.2990,1ª Vara Cível da Comarca de Olinda,09/06/2026,Sem prioridade,20
1ª CCJ,0002761-76.2012.8.17.0990,1ª Vara Cível da Comarca de Olinda,21/05/2026,Sem prioridade,39
1ª CCJ,0005525-64.2014.8.17.0990,1ª Vara Cível da Comarca de Olinda,28/05/2026,Prioridade Legal,32
3ª CC,0005806-25.2011.8.17.0990,1ª Vara Cível da Comarca de Olinda,17/06/2026,Prioridade Legal,12
1ª CCJ,0007065-20.2021.8.17.2990,1ª Vara Cível da Comarca de Olinda,12/06/2026,Prioridade Legal,18
3ª CC,0007772-80.2024.8.17.2990,1ª Vara Cível da Comarca de Olinda,08/06/2026,Prioridade Legal,21
1ª CCJ,0008229-83.2022.8.17.2990,1ª Vara Cível da Comarca de Olinda,01/06/2026,Prioridade Legal,28
3ª CC,0009486-41.2025.8.17.2990,1ª Vara Cível da Comarca de Olinda,19/06/2026,Prioridade Legal,10
3ª CC,0009629-69.2021.8.17.2990,1ª Vara Cível da Comarca de Olinda,16/06/2026,Sem prioridade,13
3ª CC,0011757-96.2020.8.17.2990,1ª Vara Cível da Comarca de Olinda,16/06/2026,Prioridade Legal,13
1ª CCJ,0012325-15.2020.8.17.2990,1ª Vara Cível da Comarca de Olinda,12/06/2026,Prioridade Legal,17
3ª CC,0013405-14.2020.8.17.2990,1ª Vara Cível da Comarca de Olinda,16/06/2026,Prioridade Legal,13
3ª CC,0013489-39.2025.8.17.2990,1ª Vara Cível da Comarca de Olinda,26/05/2026,Prioridade Legal,34
3ª CC,0018907-55.2025.8.17.2990,1ª Vara Cível da Comarca de Olinda,11/06/2026,Prioridade Legal,18
3ª CC,0022408-51.2024.8.17.2990,1ª Vara Cível da Comarca de Olinda,11/06/2026,Prioridade Legal,18
3ª CC,0024028-35.2023.8.17.2990,1ª Vara Cível da Comarca de Olinda,08/06/2026,Prioridade Legal,21
3ª CC,0024279-29.2018.8.17.2990,1ª Vara Cível da Comarca de Olinda,09/06/2026,Sem prioridade,20
3ª CC,0027134-05.2023.8.17.2990,1ª Vara Cível da Comarca de Olinda,10/06/2026,Prioridade Legal,19
1ª CCJ,0053284-57.2022.8.17.2990,1ª Vara Cível da Comarca de Olinda,10/06/2026,Prioridade Legal,19
3ª CC,0080707-89.2022.8.17.2990,1ª Vara Cível da Comarca de Olinda,08/06/2026,Prioridade Legal,21
1ª CCJ,0126890-60.2018.8.17.2990,1ª Vara Cível da Comarca de Olinda,06/05/2026,Prioridade Legal,54
2ª CCJ,0000023-62.2005.8.17.0990,1ª Vara da Fazenda Pública da Comarca de Olinda,08/06/2026,Sem prioridade,21
2ª CCJ,0001505-10.2015.8.17.2990,1ª Vara da Fazenda Pública da Comarca de Olinda,28/05/2026,Prioridade Legal,32
2ª CCJ,0002589-12.2016.8.17.2990,1ª Vara da Fazenda Pública da Comarca de Olinda,06/05/2026,Prioridade Legal,54
2ª CCJ,0004258-66.2017.8.17.2990,1ª Vara da Fazenda Pública da Comarca de Olinda,02/06/2026,Prioridade Legal,27
2ª CCJ,0005744-08.2025.8.17.2990,1ª Vara da Fazenda Pública da Comarca de Olinda,15/05/2026,Sem prioridade,45
4ª CC,0006683-62.2011.8.17.0990,1ª Vara da Fazenda Pública da Comarca de Olinda,19/06/2026,Sem prioridade,10
4ª CC,0010279-14.2024.8.17.2990,1ª Vara da Fazenda Pública da Comarca de Olinda,08/06/2026,Sem prioridade,21
4ª CC,0010854-77.2002.8.17.0990,1ª Vara da Fazenda Pública da Comarca de Olinda,18/06/2026,Prioridade Legal,11
2ª CCJ,0015166-75.2023.8.17.2990,1ª Vara da Fazenda Pública da Comarca de Olinda,11/06/2026,Prioridade Legal,18
2ª CCJ,0017928-64.2023.8.17.2990,1ª Vara da Fazenda Pública da Comarca de Olinda,06/05/2026,Prioridade Legal,54
2ª CCJ,0023492-97.2018.8.17.2990,1ª Vara da Fazenda Pública da Comarca de Olinda,04/06/2026,Sem prioridade,25
2ª CCJ,0034052-19.2017.8.17.8201,1ª Vara da Fazenda Pública da Comarca de Olinda,28/05/2026,Prioridade Legal,32
2ª CCJ,0043194-92.2019.8.17.2990,1ª Vara da Fazenda Pública da Comarca de Olinda,06/05/2026,Prioridade Legal,54
2ª CCJ,0057396-74.2019.8.17.2990,1ª Vara da Fazenda Pública da Comarca de Olinda,13/05/2026,Prioridade Legal,47
3ª CCJ,0002921-61.2025.8.17.2990,1ª Vara de Família e Registro Civil da Comarca de Olinda,21/05/2026,Prioridade Legal,39
3ª CCJ,0004850-95.2026.8.17.2990,1ª Vara de Família e Registro Civil da Comarca de Olinda,23/06/2026,Prioridade Legal,6
3ª CCJ,0010408-88.2013.8.17.0990,1ª Vara de Família e Registro Civil da Comarca de Olinda,16/06/2026,Sem prioridade,13
3ª CCJ,0014587-59.2025.8.17.2990,1ª Vara de Família e Registro Civil da Comarca de Olinda,09/06/2026,Sem prioridade,20
3ª CCJ,0014829-18.2025.8.17.2990,1ª Vara de Família e Registro Civil da Comarca de Olinda,01/06/2026,Prioridade Legal,29
3ª CCJ,0017591-07.2025.8.17.2990,1ª Vara de Família e Registro Civil da Comarca de Olinda,19/06/2026,Sem prioridade,10
3ª CCJ,0019746-80.2025.8.17.2990,1ª Vara de Família e Registro Civil da Comarca de Olinda,25/05/2026,Prioridade Legal,35
3ª CC,0019845-50.2025.8.17.2990,1ª Vara de Família e Registro Civil da Comarca de Olinda,09/06/2026,Prioridade Legal,20
3ª CCJ,0024829-19.2021.8.17.2990,1ª Vara de Família e Registro Civil da Comarca de Olinda,17/06/2026,Prioridade Legal,12
3ª CCJ,0024865-90.2023.8.17.2990,1ª Vara de Família e Registro Civil da Comarca de Olinda,16/06/2026,Prioridade Legal,13
1ª CCJ,0000854-12.2023.8.17.8223,1º Juizado Especial Cível e das Relações de Consumo de Olinda - Turno Manhã - 07:00h às 13:00h,10/06/2026,Prioridade Legal,20
1ª CCJ,0001014-03.2024.8.17.8223,1º Juizado Especial Cível e das Relações de Consumo de Olinda - Turno Manhã - 07:00h às 13:00h,09/06/2026,Prioridade Legal,20
1ª CCJ,0002329-32.2025.8.17.8223,1º Juizado Especial Cível e das Relações de Consumo de Olinda - Turno Manhã - 07:00h às 13:00h,12/06/2026,Sem prioridade,17
1ª CCJ,0002747-67.2025.8.17.8223,1º Juizado Especial Cível e das Relações de Consumo de Olinda - Turno Manhã - 07:00h às 13:00h,12/05/2026,Prioridade Legal,48
1ª CCJ,0003729-18.2024.8.17.8223,1º Juizado Especial Cível e das Relações de Consumo de Olinda - Turno Manhã - 07:00h às 13:00h,10/06/2026,Prioridade Legal,20
1ª CCJ,0006140-97.2025.8.17.8223,1º Juizado Especial Cível e das Relações de Consumo de Olinda - Turno Manhã - 07:00h às 13:00h,05/06/2026,Prioridade Legal,24
1ª CCJ,0006412-91.2025.8.17.8223,1º Juizado Especial Cível e das Relações de Consumo de Olinda - Turno Manhã - 07:00h às 13:00h,10/06/2026,Prioridade Legal,19
1ª CCJ,0006506-10.2023.8.17.8223,1º Juizado Especial Cível e das Relações de Consumo de Olinda - Turno Manhã - 07:00h às 13:00h,17/06/2026,Prioridade Legal,12
1ª CCJ,0006782-07.2024.8.17.8223,1º Juizado Especial Cível e das Relações de Consumo de Olinda - Turno Manhã - 07:00h às 13:00h,06/05/2026,Prioridade Legal,54
1ª CCJ,0006787-05.2019.8.17.8223,1º Juizado Especial Cível e das Relações de Consumo de Olinda - Turno Manhã - 07:00h às 13:00h,04/06/2026,Prioridade Legal,25
1ª CCJ,0006890-36.2024.8.17.8223,1º Juizado Especial Cível e das Relações de Consumo de Olinda - Turno Manhã - 07:00h às 13:00h,14/05/2026,Prioridade Legal,46
1ª CCJ,0006952-42.2025.8.17.8223,1º Juizado Especial Cível e das Relações de Consumo de Olinda - Turno Manhã - 07:00h às 13:00h,18/06/2026,Prioridade Legal,12
2ª CC,0000344-68.2024.8.17.5990,2ª Vara Criminal da Comarca de Olinda,17/06/2026,Prioridade Legal,0
2ª CC,0000598-45.2020.8.17.0990,2ª Vara Criminal da Comarca de Olinda,18/06/2026,Sem prioridade,0
2ª CC,0000609-75.2021.8.17.5990,2ª Vara Criminal da Comarca de Olinda,17/06/2026,Sem prioridade,0
2ª CC,0001135-42.2021.8.17.5990,2ª Vara Criminal da Comarca de Olinda,18/06/2026,Prioridade Legal,0
2ª CC,0001513-65.2018.8.17.0990,2ª Vara Criminal da Comarca de Olinda,19/06/2026,Sem prioridade,0
2ª CC,0002107-07.2024.8.17.5990,2ª Vara Criminal da Comarca de Olinda,15/06/2026,Prioridade Legal,0
2ª CC,0002122-10.2023.8.17.5990,2ª Vara Criminal da Comarca de Olinda,18/06/2026,Sem prioridade,0
2ª CC,0002597-97.2022.8.17.5990,2ª Vara Criminal da Comarca de Olinda,16/06/2026,Sem prioridade,0
2ª CC,0002669-93.2015.8.17.0990,2ª Vara Criminal da Comarca de Olinda,15/06/2026,Prioridade Legal,0
3ª CC,0005051-24.2025.8.17.2990,2ª Vara Cível da Comarca de Olinda,17/06/2026,Prioridade Legal,12
3ª CC,0009205-28.2012.8.17.0990,2ª Vara Cível da Comarca de Olinda,05/06/2026,Sem prioridade,24
3ª CC,0010315-27.2022.8.17.2990,2ª Vara Cível da Comarca de Olinda,18/06/2026,Prioridade Legal,11
3ª CC,0014976-50.2013.8.17.0990,2ª Vara Cível da Comarca de Olinda,17/06/2026,Prioridade Legal,12
3ª CC,0018328-10.2025.8.17.2990,2ª Vara Cível da Comarca de Olinda,17/06/2026,Prioridade Legal,12
4ª CC,0000012-62.2007.8.17.0990,2ª Vara da Fazenda Pública da Comarca de Olinda,12/06/2026,Sem prioridade,17
4ª CC,0000062-88.2007.8.17.0990,2ª Vara da Fazenda Pública da Comarca de Olinda,07/06/2026,Prioridade Legal,22
4ª CC,0001083-59.2020.8.17.2990,2ª Vara da Fazenda Pública da Comarca de Olinda,15/06/2026,Prioridade Legal,14
4ª CC,0002302-84.2006.8.17.0990,2ª Vara da Fazenda Pública da Comarca de Olinda,16/06/2026,Prioridade Legal,13
2ª CCJ,0006070-41.2020.8.17.2990,2ª Vara da Fazenda Pública da Comarca de Olinda,02/06/2026,Prioridade Legal,27
2ª CCJ,0008600-18.2020.8.17.2990,2ª Vara da Fazenda Pública da Comarca de Olinda,03/06/2026,Prioridade Legal,27
2ª CCJ,0009733-03.2017.8.17.2990,2ª Vara da Fazenda Pública da Comarca de Olinda,16/06/2026,Prioridade Legal,13
2ª CCJ,0009974-74.2017.8.17.2990,2ª Vara da Fazenda Pública da Comarca de Olinda,12/06/2026,Prioridade Legal,17
4ª CC,0013508-85.2012.8.17.0990,2ª Vara da Fazenda Pública da Comarca de Olinda,12/06/2026,Sem prioridade,17
2ª CCJ,0035977-66.2017.8.17.2990,2ª Vara da Fazenda Pública da Comarca de Olinda,28/05/2026,Prioridade Legal,32
3ª CC,0000533-25.2024.8.17.2990,2ª Vara de Família e Registro Civil da Comarca de Olinda,11/06/2026,Prioridade Legal,18
3ª CC,0001083-20.2024.8.17.2990,2ª Vara de Família e Registro Civil da Comarca de Olinda,10/06/2026,Prioridade Legal,19
3ª CCJ,0002434-33.2021.8.17.2990,2ª Vara de Família e Registro Civil da Comarca de Olinda,18/06/2026,Prioridade Legal,11
3ª CC,0009989-62.2025.8.17.2990,2ª Vara de Família e Registro Civil da Comarca de Olinda,18/06/2026,Prioridade Legal,11
3ª CC,0016707-75.2025.8.17.2990,2ª Vara de Família e Registro Civil da Comarca de Olinda,18/06/2026,Prioridade Legal,11
3ª CCJ,0067829-35.2022.8.17.2990,2ª Vara de Família e Registro Civil da Comarca de Olinda,18/06/2026,Sem prioridade,11
1ª CCJ,0000510-60.2025.8.17.8223,2º Juizado Especial Cível e das Relações de Consumo de Olinda - Turno Manhã - 07:00h às 13:00h,12/06/2026,Prioridade Legal,17
1ª CCJ,0001345-48.2025.8.17.8223,2º Juizado Especial Cível e das Relações de Consumo de Olinda - Turno Manhã - 07:00h às 13:00h,04/06/2026,Prioridade Legal,26
1ª CCJ,0001400-96.2025.8.17.8223,2º Juizado Especial Cível e das Relações de Consumo de Olinda - Turno Manhã - 07:00h às 13:00h,25/05/2026,Prioridade Legal,35
1ª CCJ,0001474-87.2024.8.17.8223,2º Juizado Especial Cível e das Relações de Consumo de Olinda - Turno Manhã - 07:00h às 13:00h,15/05/2026,Prioridade Legal,45
1ª CCJ,0002020-11.2025.8.17.8223,2º Juizado Especial Cível e das Relações de Consumo de Olinda - Turno Manhã - 07:00h às 13:00h,25/05/2026,Prioridade Legal,35
1ª CCJ,0003374-08.2024.8.17.8223,2º Juizado Especial Cível e das Relações de Consumo de Olinda - Turno Manhã - 07:00h às 13:00h,12/06/2026,Prioridade Legal,17
1ª CCJ,0003393-77.2025.8.17.8223,2º Juizado Especial Cível e das Relações de Consumo de Olinda - Turno Manhã - 07:00h às 13:00h,06/05/2026,Prioridade Legal,54
1ª CCJ,0004143-16.2024.8.17.8223,2º Juizado Especial Cível e das Relações de Consumo de Olinda - Turno Manhã - 07:00h às 13:00h,17/06/2026,Prioridade Legal,12
1ª CCJ,0004188-88.2022.8.17.8223,2º Juizado Especial Cível e das Relações de Consumo de Olinda - Turno Manhã - 07:00h às 13:00h,21/05/2026,Prioridade Legal,39
1ª CCJ,0004306-59.2025.8.17.8223,2º Juizado Especial Cível e das Relações de Consumo de Olinda - Turno Manhã - 07:00h às 13:00h,19/06/2026,Prioridade Legal,10
1ª CCJ,0004348-11.2025.8.17.8223,2º Juizado Especial Cível e das Relações de Consumo de Olinda - Turno Manhã - 07:00h às 13:00h,17/05/2026,Prioridade Legal,43
1ª CCJ,0004465-02.2025.8.17.8223,2º Juizado Especial Cível e das Relações de Consumo de Olinda - Turno Manhã - 07:00h às 13:00h,12/05/2026,Prioridade Legal,48
1ª CCJ,0004648-07.2024.8.17.8223,2º Juizado Especial Cível e das Relações de Consumo de Olinda - Turno Manhã - 07:00h às 13:00h,08/06/2026,Prioridade Legal,21
1ª CCJ,0004706-73.2025.8.17.8223,2º Juizado Especial Cível e das Relações de Consumo de Olinda - Turno Manhã - 07:00h às 13:00h,07/05/2026,Prioridade Legal,53
1ª CCJ,0005515-97.2024.8.17.8223,2º Juizado Especial Cível e das Relações de Consumo de Olinda - Turno Manhã - 07:00h às 13:00h,28/04/2026,Prioridade Legal,62
1ª CCJ,0005575-36.2025.8.17.8223,2º Juizado Especial Cível e das Relações de Consumo de Olinda - Turno Manhã - 07:00h às 13:00h,06/05/2026,Prioridade Legal,54
1ª CCJ,0005715-70.2025.8.17.8223,2º Juizado Especial Cível e das Relações de Consumo de Olinda - Turno Manhã - 07:00h às 13:00h,18/06/2026,Prioridade Legal,11
1ª CCJ,0006463-05.2025.8.17.8223,2º Juizado Especial Cível e das Relações de Consumo de Olinda - Turno Manhã - 07:00h às 13:00h,15/06/2026,Prioridade Legal,14
1ª CCJ,0006671-86.2025.8.17.8223,2º Juizado Especial Cível e das Relações de Consumo de Olinda - Turno Manhã - 07:00h às 13:00h,12/06/2026,Prioridade Legal,17
1ª CCJ,0006752-69.2024.8.17.8223,2º Juizado Especial Cível e das Relações de Consumo de Olinda - Turno Manhã - 07:00h às 13:00h,29/05/2026,Prioridade Legal,31
1ª CCJ,0007052-94.2025.8.17.8223,2º Juizado Especial Cível e das Relações de Consumo de Olinda - Turno Manhã - 07:00h às 13:00h,11/06/2026,Prioridade Legal,18
1ª CCJ,0007077-78.2023.8.17.8223,2º Juizado Especial Cível e das Relações de Consumo de Olinda - Turno Manhã - 07:00h às 13:00h,07/05/2026,Prioridade Legal,54
1ª CCJ,0007368-44.2024.8.17.8223,2º Juizado Especial Cível e das Relações de Consumo de Olinda - Turno Manhã - 07:00h às 13:00h,15/05/2026,Prioridade Legal,45
2ª CC,0001797-35.2023.8.17.5990,3ª Vara Criminal da Comarca de Olinda,19/06/2026,Sem prioridade,0
2ª CC,0001918-79.2024.8.17.4001,3ª Vara Criminal da Comarca de Olinda,19/06/2026,Prioridade Legal,0
2ª CC,0004442-03.2020.8.17.0990,3ª Vara Criminal da Comarca de Olinda,15/06/2026,Sem prioridade,0
2ª CC,0005821-47.2018.8.17.0990,3ª Vara Criminal da Comarca de Olinda,19/06/2026,Sem prioridade,0
2ª CC,0013144-11.2015.8.17.0990,3ª Vara Criminal da Comarca de Olinda,19/06/2026,Prioridade Legal,0
1ª CCJ,0001160-44.2015.8.17.2990,3ª Vara Cível da Comarca de Olinda,12/06/2026,Prioridade Legal,17
3ª CC,0002153-72.2024.8.17.2990,3ª Vara Cível da Comarca de Olinda,16/06/2026,Prioridade Legal,13
3ª CC,0006092-89.2026.8.17.2990,3ª Vara Cível da Comarca de Olinda,17/06/2026,Prioridade Legal,12
3ª CC,0011277-84.2021.8.17.2990,3ª Vara Cível da Comarca de Olinda,05/06/2026,Prioridade Legal,24
3ª CC,0011316-13.2023.8.17.2990,3ª Vara Cível da Comarca de Olinda,05/06/2026,Prioridade Legal,24
3ª CC,0016118-59.2020.8.17.2990,3ª Vara Cível da Comarca de Olinda,12/06/2026,Sem prioridade,17
3ª CC,0017484-94.2024.8.17.2990,3ª Vara Cível da Comarca de Olinda,18/06/2026,Prioridade Legal,11
3ª CC,0017922-86.2025.8.17.2990,3ª Vara Cível da Comarca de Olinda,26/05/2026,Prioridade Legal,34
1ª CCJ,0019056-51.2025.8.17.2990,3ª Vara Cível da Comarca de Olinda,04/05/2026,Sem prioridade,56
3ª CC,0024513-06.2021.8.17.2990,3ª Vara Cível da Comarca de Olinda,18/06/2026,Prioridade Legal,11
1ª CCJ,0026255-66.2021.8.17.2990,3ª Vara Cível da Comarca de Olinda,08/06/2026,Prioridade Legal,21
3ª CC,0029262-95.2023.8.17.2990,3ª Vara Cível da Comarca de Olinda,16/06/2026,Prioridade Legal,13
3ª CC,0081952-38.2022.8.17.2990,3ª Vara Cível da Comarca de Olinda,18/06/2026,Prioridade Legal,11
3ª CC,0082229-54.2022.8.17.2990,3ª Vara Cível da Comarca de Olinda,01/06/2026,Prioridade Legal,28
3ª CC,0006414-12.2026.8.17.2990,3ª Vara de Família e Registro Civil da Comarca de Olinda,08/06/2026,Prioridade Legal,21
3ª CCJ,0010758-81.2010.8.17.0990,3ª Vara de Família e Registro Civil da Comarca de Olinda,08/06/2026,Sem prioridade,21
3ª CCJ,0012126-17.2025.8.17.2990,3ª Vara de Família e Registro Civil da Comarca de Olinda,16/06/2026,Sem prioridade,13
3ª CCJ,0013847-38.2024.8.17.2990,3ª Vara de Família e Registro Civil da Comarca de Olinda,09/06/2026,Prioridade Legal,20
3ª CCJ,0014678-52.2025.8.17.2990,3ª Vara de Família e Registro Civil da Comarca de Olinda,29/05/2026,Prioridade Legal,31
3ª CCJ,0016409-83.2025.8.17.2990,3ª Vara de Família e Registro Civil da Comarca de Olinda,12/06/2026,Prioridade Legal,17
3ª CCJ,0017781-43.2020.8.17.2990,3ª Vara de Família e Registro Civil da Comarca de Olinda,31/05/2026,Prioridade Legal,29
3ª CCJ,0030043-20.2023.8.17.2990,3ª Vara de Família e Registro Civil da Comarca de Olinda,08/06/2026,Sem prioridade,21
3ª CCJ,0043230-37.2019.8.17.2990,3ª Vara de Família e Registro Civil da Comarca de Olinda,15/06/2026,Prioridade Legal,14
3ª CCJ,0080611-74.2022.8.17.2990,3ª Vara de Família e Registro Civil da Comarca de Olinda,09/06/2026,Prioridade Legal,20
1ª CCJ,0000219-26.2026.8.17.8223,3º Juizado Especial Cível e das Relações de Consumo de Olinda - Turno Manhã - 07:00h às 13:00h,21/05/2026,Prioridade Legal,39
1ª CCJ,0000227-03.2026.8.17.8223,3º Juizado Especial Cível e das Relações de Consumo de Olinda - Turno Manhã - 07:00h às 13:00h,07/05/2026,Prioridade Legal,53
1ª CCJ,0000326-70.2026.8.17.8223,3º Juizado Especial Cível e das Relações de Consumo de Olinda - Turno Manhã - 07:00h às 13:00h,05/06/2026,Prioridade Legal,24
1ª CCJ,0000693-94.2026.8.17.8223,3º Juizado Especial Cível e das Relações de Consumo de Olinda - Turno Manhã - 07:00h às 13:00h,29/05/2026,Prioridade Legal,31
1ª CCJ,0001032-24.2024.8.17.8223,3º Juizado Especial Cível e das Relações de Consumo de Olinda - Turno Manhã - 07:00h às 13:00h,29/04/2026,Prioridade Legal,61
1ª CCJ,0001230-90.2026.8.17.8223,3º Juizado Especial Cível e das Relações de Consumo de Olinda - Turno Manhã - 07:00h às 13:00h,04/06/2026,Prioridade Legal,25
1ª CCJ,0002693-04.2025.8.17.8223,3º Juizado Especial Cível e das Relações de Consumo de Olinda - Turno Manhã - 07:00h às 13:00h,04/06/2026,Prioridade Legal,25
1ª CCJ,0005389-13.2025.8.17.8223,3º Juizado Especial Cível e das Relações de Consumo de Olinda - Turno Manhã - 07:00h às 13:00h,22/05/2026,Prioridade Legal,38
1ª CCJ,0005577-06.2025.8.17.8223,3º Juizado Especial Cível e das Relações de Consumo de Olinda - Turno Manhã - 07:00h às 13:00h,29/04/2026,Prioridade Legal,61
1ª CCJ,0005838-68.2025.8.17.8223,3º Juizado Especial Cível e das Relações de Consumo de Olinda - Turno Manhã - 07:00h às 13:00h,30/04/2026,Prioridade Legal,60
1ª CCJ,0006039-60.2025.8.17.8223,3º Juizado Especial Cível e das Relações de Consumo de Olinda - Turno Manhã - 07:00h às 13:00h,28/05/2026,Prioridade Legal,32
1ª CCJ,0006473-49.2025.8.17.8223,3º Juizado Especial Cível e das Relações de Consumo de Olinda - Turno Manhã - 07:00h às 13:00h,19/06/2026,Prioridade Legal,10
1ª CCJ,0006704-13.2024.8.17.8223,3º Juizado Especial Cível e das Relações de Consumo de Olinda - Turno Manhã - 07:00h às 13:00h,17/06/2026,Prioridade Legal,12
1ª CCJ,0006764-88.2021.8.17.8223,3º Juizado Especial Cível e das Relações de Consumo de Olinda - Turno Manhã - 07:00h às 13:00h,28/05/2026,Prioridade Legal,33
1ª CCJ,0006925-59.2025.8.17.8223,3º Juizado Especial Cível e das Relações de Consumo de Olinda - Turno Manhã - 07:00h às 13:00h,18/06/2026,Prioridade Legal,11
1ª CCJ,0007095-31.2025.8.17.8223,3º Juizado Especial Cível e das Relações de Consumo de Olinda - Turno Manhã - 07:00h às 13:00h,10/06/2026,Sem prioridade,19
1ª CCJ,0007652-86.2023.8.17.8223,3º Juizado Especial Cível e das Relações de Consumo de Olinda - Turno Manhã - 07:00h às 13:00h,19/06/2026,Prioridade Legal,10
3ª CC,0000357-27.2016.8.17.2990,4ª Vara Cível da Comarca de Olinda,14/06/2026,Sem prioridade,15
1ª CCJ,0000658-03.2018.8.17.2990,4ª Vara Cível da Comarca de Olinda,15/06/2026,Sem prioridade,15
3ª CC,0001008-93.2015.8.17.2990,4ª Vara Cível da Comarca de Olinda,15/06/2026,Sem prioridade,14
3ª CC,0001382-60.2025.8.17.2990,4ª Vara Cível da Comarca de Olinda,18/06/2026,Sem prioridade,11
3ª CC,0002506-78.2025.8.17.2990,4ª Vara Cível da Comarca de Olinda,08/06/2026,Prioridade Legal,21
3ª CC,0002694-22.2024.8.17.4990,4ª Vara Cível da Comarca de Olinda,12/06/2026,Prioridade Legal,17
3ª CC,0002702-48.2025.8.17.2990,4ª Vara Cível da Comarca de Olinda,05/06/2026,Prioridade Legal,24
3ª CC,0002989-51.2012.8.17.0990,4ª Vara Cível da Comarca de Olinda,10/06/2026,Prioridade Legal,19
1ª CCJ,0003003-10.2016.8.17.2990,4ª Vara Cível da Comarca de Olinda,14/06/2026,Prioridade Legal,15
3ª CC,0004695-29.2025.8.17.2990,4ª Vara Cível da Comarca de Olinda,18/06/2026,Sem prioridade,11
3ª CC,0005270-37.2025.8.17.2990,4ª Vara Cível da Comarca de Olinda,12/06/2026,Prioridade Legal,17
3ª CC,0006408-10.2023.8.17.2990,4ª Vara Cível da Comarca de Olinda,15/06/2026,Sem prioridade,14
3ª CC,0007350-37.2026.8.17.2990,4ª Vara Cível da Comarca de Olinda,10/06/2026,Prioridade Legal,19
3ª CC,0008286-33.2024.8.17.2990,4ª Vara Cível da Comarca de Olinda,04/06/2026,Prioridade Legal,26
3ª CC,0008989-48.2004.8.17.0990,4ª Vara Cível da Comarca de Olinda,19/06/2026,Prioridade Legal,10
3ª CC,0009357-36.2025.8.17.2990,4ª Vara Cível da Comarca de Olinda,15/06/2026,Prioridade Legal,14
3ª CC,0011922-70.2025.8.17.2990,4ª Vara Cível da Comarca de Olinda,05/06/2026,Prioridade Legal,24
3ª CC,0016451-69.2024.8.17.2990,4ª Vara Cível da Comarca de Olinda,28/06/2026,Prioridade Legal,1
3ª CC,0020881-35.2022.8.17.2990,4ª Vara Cível da Comarca de Olinda,14/06/2026,Sem prioridade,15
3ª CC,0023756-41.2023.8.17.2990,4ª Vara Cível da Comarca de Olinda,10/06/2026,Sem prioridade,19
3ª CC,0057351-70.2019.8.17.2990,4ª Vara Cível da Comarca de Olinda,15/06/2026,Prioridade Legal,15
3ª CC,0062131-48.2022.8.17.2990,4ª Vara Cível da Comarca de Olinda,12/06/2026,Prioridade Legal,17
3ª CC,0123161-26.2018.8.17.2990,4ª Vara Cível da Comarca de Olinda,10/06/2026,Prioridade Legal,19
3ª CC,0000171-71.2023.8.17.4990,5ª Vara Cível da Comarca de Olinda,15/06/2026,Prioridade Legal,14
3ª CC,0004472-76.2025.8.17.2990,5ª Vara Cível da Comarca de Olinda,06/06/2026,Prioridade Legal,23
1ª CCJ,0006267-35.2016.8.17.2990,5ª Vara Cível da Comarca de Olinda,25/05/2026,Prioridade Legal,35
3ª CC,0006893-39.2025.8.17.2990,5ª Vara Cível da Comarca de Olinda,18/06/2026,Prioridade Legal,11
3ª CC,0007975-71.2026.8.17.2990,5ª Vara Cível da Comarca de Olinda,11/06/2026,Prioridade Legal,18
3ª CC,0014042-86.2025.8.17.2990,5ª Vara Cível da Comarca de Olinda,11/06/2026,Sem prioridade,18
3ª CC,0014472-38.2025.8.17.2990,5ª Vara Cível da Comarca de Olinda,10/06/2026,Prioridade Legal,19
3ª CC,0014593-03.2024.8.17.2990,5ª Vara Cível da Comarca de Olinda,15/06/2026,Super prioridade,14
3ª CC,0015119-33.2025.8.17.2990,5ª Vara Cível da Comarca de Olinda,18/06/2026,Prioridade Legal,11
3ª CC,0032056-89.2023.8.17.2990,5ª Vara Cível da Comarca de Olinda,08/06/2026,Prioridade Legal,21
3ª CC,0049208-92.2019.8.17.2990,5ª Vara Cível da Comarca de Olinda,05/06/2026,Prioridade Legal,24
3ª CC,0145635-88.2018.8.17.2990,5ª Vara Cível da Comarca de Olinda,11/06/2026,Prioridade Legal,19
3ª CC,0000049-39.2026.8.17.2990,6ª Vara Cível da Comarca de Olinda,09/06/2026,Prioridade Legal,20
3ª CC,0002241-52.2020.8.17.2990,6ª Vara Cível da Comarca de Olinda,17/06/2026,Prioridade Legal,12
3ª CC,0008404-72.2025.8.17.2990,6ª Vara Cível da Comarca de Olinda,11/06/2026,Prioridade Legal,18
3ª CC,0008603-94.2025.8.17.2990,6ª Vara Cível da Comarca de Olinda,10/06/2026,Prioridade Legal,19
3ª CC,0011214-30.2019.8.17.2990,6ª Vara Cível da Comarca de Olinda,10/06/2026,Prioridade Legal,19
3ª CC,0011711-68.2024.8.17.2990,6ª Vara Cível da Comarca de Olinda,10/06/2026,Prioridade Legal,19
3ª CC,0016802-42.2024.8.17.2990,6ª Vara Cível da Comarca de Olinda,28/05/2026,Prioridade Legal,32
1ª CCJ,0019082-20.2023.8.17.2990,6ª Vara Cível da Comarca de Olinda,14/05/2026,Prioridade Legal,46
3ª CC,0020689-97.2025.8.17.2990,6ª Vara Cível da Comarca de Olinda,09/06/2026,Prioridade Legal,20
1ª CCJ,0021174-39.2021.8.17.2990,6ª Vara Cível da Comarca de Olinda,18/06/2026,Prioridade Legal,11
3ª CC,0021676-46.2019.8.17.2990,6ª Vara Cível da Comarca de Olinda,04/06/2026,Prioridade Legal,25
3ª CC,0022171-17.2024.8.17.2990,6ª Vara Cível da Comarca de Olinda,17/06/2026,Prioridade Legal,12
3ª CC,0032512-39.2023.8.17.2990,6ª Vara Cível da Comarca de Olinda,15/06/2026,Prioridade Legal,14
1ª CCJ,0049324-98.2019.8.17.2990,6ª Vara Cível da Comarca de Olinda,01/06/2026,Prioridade Legal,28
3ª CC,0051996-74.2022.8.17.2990,6ª Vara Cível da Comarca de Olinda,10/06/2026,Prioridade Legal,19
1ª CCJ,0065594-95.2022.8.17.2990,6ª Vara Cível da Comarca de Olinda,02/06/2026,Prioridade Legal,27
1ª CCJ,0083257-57.2022.8.17.2990,6ª Vara Cível da Comarca de Olinda,21/05/2026,Sem prioridade,39
3ª CC,0136636-49.2018.8.17.2990,6ª Vara Cível da Comarca de Olinda,05/06/2026,Sem prioridade,24
3ª CCJ,0003728-47.2026.8.17.2990,Vara de Sucessões e Registros Públicos da Comarca de Olinda,08/06/2026,Prioridade Legal,21
3ª CCJ,0004685-25.2012.8.17.0990,Vara de Sucessões e Registros Públicos da Comarca de Olinda,28/05/2026,Prioridade Legal,32
PARTIDOR,0007247-46.2008.8.17.0990,Vara de Sucessões e Registros Públicos da Comarca de Olinda,03/06/2026,Sem prioridade,26
3ª CCJ,0007753-06.2026.8.17.2990,Vara de Sucessões e Registros Públicos da Comarca de Olinda,27/05/2026,Sem prioridade,33
3ª CCJ,0008976-97.2014.8.17.0990,Vara de Sucessões e Registros Públicos da Comarca de Olinda,15/05/2026,Sem prioridade,45
3ª CCJ,0010135-45.2021.8.17.2990,Vara de Sucessões e Registros Públicos da Comarca de Olinda,19/06/2026,Prioridade Legal,10
3ª CCJ,0010412-22.2025.8.17.2990,Vara de Sucessões e Registros Públicos da Comarca de Olinda,05/06/2026,Sem prioridade,24
3ª CCJ,0011012-19.2020.8.17.2990,Vara de Sucessões e Registros Públicos da Comarca de Olinda,04/06/2026,Sem prioridade,25
3ª CCJ,0011886-04.2020.8.17.2990,Vara de Sucessões e Registros Públicos da Comarca de Olinda,08/06/2026,Prioridade Legal,21
3ª CCJ,0014035-65.2023.8.17.2990,Vara de Sucessões e Registros Públicos da Comarca de Olinda,08/06/2026,Prioridade Legal,21
3ª CCJ,0016368-19.2025.8.17.2990,Vara de Sucessões e Registros Públicos da Comarca de Olinda,25/05/2026,Prioridade Legal,35
3ª CCJ,0017433-49.2025.8.17.2990,Vara de Sucessões e Registros Públicos da Comarca de Olinda,05/06/2026,Prioridade Legal,24
3ª CCJ,0019648-76.2017.8.17.2990,Vara de Sucessões e Registros Públicos da Comarca de Olinda,19/06/2026,Sem prioridade,10
3ª CCJ,0020039-50.2025.8.17.2990,Vara de Sucessões e Registros Públicos da Comarca de Olinda,19/06/2026,Prioridade Legal,10
3ª CCJ,0021300-21.2023.8.17.2990,Vara de Sucessões e Registros Públicos da Comarca de Olinda,09/06/2026,Prioridade Legal,20
3ª CCJ,0021420-30.2024.8.17.2990,Vara de Sucessões e Registros Públicos da Comarca de Olinda,15/05/2026,Prioridade Legal,45
PARTIDOR,0022080-68.2017.8.17.2990,Vara de Sucessões e Registros Públicos da Comarca de Olinda,22/05/2026,Sem prioridade,38
3ª CCJ,0043039-89.2019.8.17.2990,Vara de Sucessões e Registros Públicos da Comarca de Olinda,29/05/2026,Sem prioridade,31
3ª CCJ,0083732-13.2022.8.17.2990,Vara de Sucessões e Registros Públicos da Comarca de Olinda,02/06/2026,Prioridade Legal,27
3ª CCJ,0118745-15.2018.8.17.2990,Vara de Sucessões e Registros Públicos da Comarca de Olinda,01/06/2026,Sem prioridade,28
6ª CC,0000343-28.2018.8.17.1000,Vara Única da Comarca de Orobó,19/06/2026,Sem prioridade,0
6ª CC,0000735-40.2022.8.17.3000,Vara Única da Comarca de Orobó,10/06/2026,Prioridade Legal,0
5ª CCJ,0000986-58.2022.8.17.3000,Vara Única da Comarca de Orobó,08/05/2026,Sem prioridade,53
6ª CCJ,0000021-84.2021.8.17.3010,Vara Única da Comarca de Orocó,09/06/2026,Prioridade Legal,20
6ª CCJ,0000036-53.2021.8.17.3010,Vara Única da Comarca de Orocó,08/06/2026,Prioridade Legal,21
7ª CC,0000110-39.2023.8.17.3010,Vara Única da Comarca de Orocó,17/06/2026,Prioridade Legal,12
6ª CCJ,0000175-63.2025.8.17.3010,Vara Única da Comarca de Orocó,25/05/2026,Prioridade Legal,0
7ª CC,0000176-48.2025.8.17.3010,Vara Única da Comarca de Orocó,19/06/2026,Prioridade Legal,10
6ª CCJ,0000264-28.2021.8.17.3010,Vara Única da Comarca de Orocó,10/06/2026,Prioridade Legal,20
6ª CCJ,0000311-02.2021.8.17.3010,Vara Única da Comarca de Orocó,02/06/2026,Prioridade Legal,27
6ª CCJ,0000320-32.2019.8.17.3010,Vara Única da Comarca de Orocó,09/06/2026,Prioridade Legal,20
7ª CC,0000323-79.2022.8.17.3010,Vara Única da Comarca de Orocó,18/06/2026,Prioridade Legal,0
6ª CCJ,0000363-95.2021.8.17.3010,Vara Única da Comarca de Orocó,08/06/2026,Prioridade Legal,22
7ª CC,0000410-94.2017.8.17.1010,Vara Única da Comarca de Orocó,19/06/2026,Prioridade Legal,0
6ª CCJ,0000552-05.2023.8.17.3010,Vara Única da Comarca de Orocó,02/06/2026,Prioridade Legal,27
6ª CCJ,0000572-64.2021.8.17.3010,Vara Única da Comarca de Orocó,18/06/2026,Prioridade Legal,12
6ª CCJ,0000585-63.2021.8.17.3010,Vara Única da Comarca de Orocó,09/06/2026,Prioridade Legal,20
6ª CCJ,0000784-46.2025.8.17.3010,Vara Única da Comarca de Orocó,09/06/2026,Prioridade Legal,20
6ª CCJ,0000973-63.2021.8.17.3010,Vara Única da Comarca de Orocó,09/06/2026,Prioridade Legal,20
6ª CCJ,0001014-30.2021.8.17.3010,Vara Única da Comarca de Orocó,02/06/2026,Prioridade Legal,27
7ª CC,0001112-15.2021.8.17.3010,Vara Única da Comarca de Orocó,16/06/2026,Prioridade Legal,13
6ª CCJ,0000043-94.2004.8.17.1020,1ª Vara Cível da Comarca de Ouricuri,16/06/2026,Prioridade Legal,13
7ª CC,0000629-91.2017.8.17.3020,1ª Vara Cível da Comarca de Ouricuri,15/06/2026,Prioridade Legal,14
7ª CC,0000653-41.2025.8.17.3020,1ª Vara Cível da Comarca de Ouricuri,12/06/2026,Prioridade Legal,17
7ª CC,0000810-48.2024.8.17.3020,1ª Vara Cível da Comarca de Ouricuri,17/06/2026,Prioridade Legal,12
7ª CC,0001050-03.2025.8.17.3020,1ª Vara Cível da Comarca de Ouricuri,17/06/2026,Prioridade Legal,12
7ª CC,0001236-36.2019.8.17.3020,1ª Vara Cível da Comarca de Ouricuri,17/06/2026,Prioridade Legal,12
7ª CC,0001444-45.2015.8.17.1020,1ª Vara Cível da Comarca de Ouricuri,18/06/2026,Prioridade Legal,11
7ª CC,0002862-22.2021.8.17.3020,1ª Vara Cível da Comarca de Ouricuri,17/06/2026,Prioridade Legal,12
7ª CC,0000017-85.2019.8.17.3020,2ª Vara Cível da Comarca de Ouricuri,12/06/2026,Prioridade Legal,18
7ª CC,0000034-58.2018.8.17.3020,2ª Vara Cível da Comarca de Ouricuri,18/06/2026,Prioridade Legal,11
7ª CC,0000041-06.2025.8.17.3020,2ª Vara Cível da Comarca de Ouricuri,19/06/2026,Prioridade Legal,10
7ª CC,0000538-20.2025.8.17.3020,2ª Vara Cível da Comarca de Ouricuri,16/06/2026,Prioridade Legal,13
7ª CC,0000567-08.2015.8.17.1020,2ª Vara Cível da Comarca de Ouricuri,12/06/2026,Sem prioridade,18
7ª CC,0001020-46.2017.8.17.3020,2ª Vara Cível da Comarca de Ouricuri,17/06/2026,Prioridade Legal,12
7ª CC,0001059-63.2016.8.17.1020,2ª Vara Cível da Comarca de Ouricuri,18/06/2026,Sem prioridade,11
6ª CCJ,0001482-56.2024.8.17.3020,2ª Vara Cível da Comarca de Ouricuri,04/06/2026,Prioridade Legal,25
7ª CC,0001609-92.2015.8.17.1020,2ª Vara Cível da Comarca de Ouricuri,12/06/2026,Sem prioridade,18
7ª CC,0002134-78.2021.8.17.3020,2ª Vara Cível da Comarca de Ouricuri,12/06/2026,Prioridade Legal,17
7ª CC,0002297-19.2025.8.17.3020,2ª Vara Cível da Comarca de Ouricuri,19/06/2026,Prioridade Legal,10
2ª CC,0000663-70.2023.8.17.5020,Vara Criminal da Comarca de Ouricuri,18/06/2026,Sem prioridade,0
2ª CC,0000180-43.2018.8.17.0840,1ª Vara Criminal da Comarca de Palmares,17/06/2026,Sem prioridade,0
2ª CC,0001338-82.2017.8.17.1030,1ª Vara Criminal da Comarca de Palmares,17/06/2026,Sem prioridade,0
5ª CC,0000081-31.2020.8.17.3030,1ª Vara Cível da Comarca de Palmares,29/05/2026,Prioridade Legal,31
4ª CCJ,0000110-47.2021.8.17.3030,1ª Vara Cível da Comarca de Palmares,12/06/2026,Prioridade Legal,17
4ª CCJ,0000374-40.2016.8.17.3030,1ª Vara Cível da Comarca de Palmares,08/06/2026,Sem prioridade,21
4ª CCJ,0000706-02.2019.8.17.3030,1ª Vara Cível da Comarca de Palmares,01/06/2026,Prioridade Legal,28
4ª CCJ,0001134-47.2020.8.17.3030,1ª Vara Cível da Comarca de Palmares,25/05/2026,Prioridade Legal,35
5ª CC,0001325-19.2025.8.17.3030,1ª Vara Cível da Comarca de Palmares,18/06/2026,Prioridade Legal,11
4ª CCJ,0002120-59.2024.8.17.3030,1ª Vara Cível da Comarca de Palmares,02/06/2026,Prioridade Legal,27
4ª CCJ,0002172-55.2024.8.17.3030,1ª Vara Cível da Comarca de Palmares,09/06/2026,Prioridade Legal,20
5ª CC,0002599-18.2025.8.17.3030,1ª Vara Cível da Comarca de Palmares,18/06/2026,Prioridade Legal,11
4ª CCJ,0002636-79.2024.8.17.3030,1ª Vara Cível da Comarca de Palmares,02/06/2026,Prioridade Legal,27
4ª CCJ,0002867-43.2023.8.17.3030,1ª Vara Cível da Comarca de Palmares,04/06/2026,Sem prioridade,25
4ª CCJ,0002912-82.2013.8.17.1030,1ª Vara Cível da Comarca de Palmares,11/06/2026,Sem prioridade,18
4ª CCJ,0000154-95.2023.8.17.3030,2ª Vara Cível da Comarca de Palmares,18/06/2026,Prioridade Legal,11
5ª CC,0000242-75.2019.8.17.3030,2ª Vara Cível da Comarca de Palmares,08/06/2026,Prioridade Legal,21
5ª CC,0000614-14.2025.8.17.3030,2ª Vara Cível da Comarca de Palmares,08/06/2026,Sem prioridade,21
5ª CC,0000972-81.2022.8.17.3030,2ª Vara Cível da Comarca de Palmares,29/05/2026,Sem prioridade,31
5ª CC,0001528-78.2025.8.17.3030,2ª Vara Cível da Comarca de Palmares,08/06/2026,Sem prioridade,21
4ª CCJ,0001615-44.2019.8.17.3030,2ª Vara Cível da Comarca de Palmares,16/06/2026,Prioridade Legal,14
4ª CCJ,0002324-06.2024.8.17.3030,2ª Vara Cível da Comarca de Palmares,17/06/2026,Prioridade Legal,12
5ª CC,0003829-03.2022.8.17.3030,2ª Vara Cível da Comarca de Palmares,02/06/2026,Prioridade Legal,27
4ª CCJ,0000057-95.2023.8.17.3030,3ª Vara Cível e Regional da Infância e juventude da Comarca de Palmares,28/05/2026,Prioridade Legal,32
5ª CC,0000230-17.2026.8.17.3030,3ª Vara Cível e Regional da Infância e juventude da Comarca de Palmares,17/06/2026,Prioridade Legal,12
5ª CC,0000518-67.2023.8.17.3030,3ª Vara Cível e Regional da Infância e juventude da Comarca de Palmares,17/05/2026,Prioridade Legal,43
5ª CC,0000590-83.2025.8.17.3030,3ª Vara Cível e Regional da Infância e juventude da Comarca de Palmares,01/06/2026,Prioridade Legal,28
5ª CC,0000744-48.2018.8.17.3030,3ª Vara Cível e Regional da Infância e juventude da Comarca de Palmares,02/06/2026,Prioridade Legal,27
4ª CCJ,0000750-74.2026.8.17.3030,3ª Vara Cível e Regional da Infância e juventude da Comarca de Palmares,12/06/2026,Prioridade Legal,17
4ª CCJ,0000797-19.2024.8.17.3030,3ª Vara Cível e Regional da Infância e juventude da Comarca de Palmares,19/06/2026,Prioridade Legal,10
5ª CC,0000900-94.2024.8.17.2490,3ª Vara Cível e Regional da Infância e juventude da Comarca de Palmares,02/06/2026,Prioridade Legal,27
4ª CCJ,0000902-25.2026.8.17.3030,3ª Vara Cível e Regional da Infância e juventude da Comarca de Palmares,14/06/2026,Prioridade Legal,15
4ª CCJ,0001021-30.2019.8.17.3030,3ª Vara Cível e Regional da Infância e juventude da Comarca de Palmares,14/06/2026,Prioridade Legal,15
5ª CC,0001062-50.2026.8.17.3030,3ª Vara Cível e Regional da Infância e juventude da Comarca de Palmares,29/05/2026,Sem prioridade,31
5ª CC,0001175-04.2026.8.17.3030,3ª Vara Cível e Regional da Infância e juventude da Comarca de Palmares,02/06/2026,Prioridade Legal,27
5ª CC,0001212-31.2026.8.17.3030,3ª Vara Cível e Regional da Infância e juventude da Comarca de Palmares,16/06/2026,Sem prioridade,13
5ª CC,0001216-68.2026.8.17.3030,3ª Vara Cível e Regional da Infância e juventude da Comarca de Palmares,29/05/2026,Prioridade Legal,31
5ª CC,0001223-02.2022.8.17.3030,3ª Vara Cível e Regional da Infância e juventude da Comarca de Palmares,12/06/2026,Prioridade Legal,17
5ª CC,0001235-74.2026.8.17.3030,3ª Vara Cível e Regional da Infância e juventude da Comarca de Palmares,28/05/2026,Prioridade Legal,32
5ª CC,0001236-59.2026.8.17.3030,3ª Vara Cível e Regional da Infância e juventude da Comarca de Palmares,11/06/2026,Prioridade Legal,18
5ª CC,0001278-11.2026.8.17.3030,3ª Vara Cível e Regional da Infância e juventude da Comarca de Palmares,29/05/2026,Sem prioridade,31
4ª CCJ,0001367-68.2025.8.17.3030,3ª Vara Cível e Regional da Infância e juventude da Comarca de Palmares,02/06/2026,Sem prioridade,27
4ª CCJ,0001373-75.2025.8.17.3030,3ª Vara Cível e Regional da Infância e juventude da Comarca de Palmares,03/06/2026,Sem prioridade,26
4ª CCJ,0001374-60.2025.8.17.3030,3ª Vara Cível e Regional da Infância e juventude da Comarca de Palmares,21/05/2026,Sem prioridade,39
5ª CC,0001533-03.2025.8.17.3030,3ª Vara Cível e Regional da Infância e juventude da Comarca de Palmares,14/06/2026,Prioridade Legal,15
5ª CC,0001572-97.2025.8.17.3030,3ª Vara Cível e Regional da Infância e juventude da Comarca de Palmares,09/06/2026,Sem prioridade,20
5ª CC,0001653-46.2025.8.17.3030,3ª Vara Cível e Regional da Infância e juventude da Comarca de Palmares,12/06/2026,Prioridade Legal,17
4ª CCJ,0001654-12.2017.8.17.3030,3ª Vara Cível e Regional da Infância e juventude da Comarca de Palmares,05/06/2026,Prioridade Legal,24
5ª CC,0002025-92.2025.8.17.3030,3ª Vara Cível e Regional da Infância e juventude da Comarca de Palmares,14/06/2026,Prioridade Legal,15
5ª CC,0002027-33.2023.8.17.3030,3ª Vara Cível e Regional da Infância e juventude da Comarca de Palmares,19/06/2026,Prioridade Legal,10
5ª CC,0002287-42.2025.8.17.3030,3ª Vara Cível e Regional da Infância e juventude da Comarca de Palmares,03/06/2026,Prioridade Legal,26
5ª CC,0002821-54.2023.8.17.3030,3ª Vara Cível e Regional da Infância e juventude da Comarca de Palmares,17/06/2026,Prioridade Legal,12
5ª CC,0003130-07.2025.8.17.3030,3ª Vara Cível e Regional da Infância e juventude da Comarca de Palmares,14/06/2026,Prioridade Legal,15
1ª CCJ,0000111-23.2019.8.17.8229,Juizado Especial Cível e das Relações de Consumo e Criminal da Comarca de Palmares,16/06/2026,Prioridade Legal,13
1ª CCJ,0000698-74.2021.8.17.8229,Juizado Especial Cível e das Relações de Consumo e Criminal da Comarca de Palmares,29/05/2026,Prioridade Legal,31
1ª CCJ,0000803-80.2023.8.17.8229,Juizado Especial Cível e das Relações de Consumo e Criminal da Comarca de Palmares,17/06/2026,Prioridade Legal,12
5ª CCJ,0000055-28.1998.8.17.1050,Vara Única da Comarca de Panelas,11/06/2026,Sem prioridade,18
5ª CCJ,0000085-13.2017.8.17.3050,Vara Única da Comarca de Panelas,11/06/2026,Sem prioridade,18
6ª CC,0000126-38.2021.8.17.3050,Vara Única da Comarca de Panelas,08/06/2026,Prioridade Legal,21
6ª CCJ,0000009-12.2024.8.17.3060,Vara Única da Comarca de Parnamirim,19/06/2026,Prioridade Legal,10
7ª CC,0000137-73.2018.8.17.3470,Vara Única da Comarca de Parnamirim,17/06/2026,Prioridade Legal,12
7ª CC,0000223-81.2023.8.17.6020,Vara Única da Comarca de Parnamirim,18/06/2026,Prioridade Legal,0
6ª CCJ,0000276-19.2014.8.17.1060,Vara Única da Comarca de Parnamirim,10/06/2026,Sem prioridade,19
7ª CC,0000428-95.2025.8.17.3060,Vara Única da Comarca de Parnamirim,17/06/2026,Prioridade Legal,12
7ª CC,0000474-84.2025.8.17.3060,Vara Única da Comarca de Parnamirim,17/06/2026,Prioridade Legal,12
7ª CC,0000484-65.2024.8.17.3060,Vara Única da Comarca de Parnamirim,17/06/2026,Prioridade Legal,12
6ª CCJ,0000602-75.2023.8.17.3060,Vara Única da Comarca de Parnamirim,29/05/2026,Prioridade Legal,32
6ª CCJ,0000620-96.2023.8.17.3060,Vara Única da Comarca de Parnamirim,16/06/2026,Prioridade Legal,14
6ª CCJ,0000627-88.2023.8.17.3060,Vara Única da Comarca de Parnamirim,28/05/2026,Prioridade Legal,33
7ª CC,0000849-57.2014.8.17.1060,Vara Única da Comarca de Parnamirim,18/06/2026,Prioridade Legal,12
7ª CC,0000873-84.2023.8.17.3060,Vara Única da Comarca de Parnamirim,17/06/2026,Prioridade Legal,12
7ª CC,0000992-45.2023.8.17.3060,Vara Única da Comarca de Parnamirim,17/06/2026,Prioridade Legal,12
7ª CC,0001103-29.2023.8.17.3060,Vara Única da Comarca de Parnamirim,17/06/2026,Sem prioridade,12
7ª CC,0001114-87.2025.8.17.3060,Vara Única da Comarca de Parnamirim,18/06/2026,Prioridade Legal,11
6ª CCJ,0001160-47.2023.8.17.3060,Vara Única da Comarca de Parnamirim,31/05/2026,Prioridade Legal,29
7ª CC,0001322-71.2025.8.17.3060,Vara Única da Comarca de Parnamirim,17/06/2026,Prioridade Legal,12
5ª CCJ,0000025-43.2018.8.17.3070,Vara Única da Comarca de Passira,22/05/2026,Prioridade Legal,38
5ª CCJ,0000099-64.2010.8.17.1070,Vara Única da Comarca de Passira,04/06/2026,Sem prioridade,25
5ª CCJ,0000215-69.2019.8.17.3070,Vara Única da Comarca de Passira,27/05/2026,Prioridade Legal,33
6ª CC,0000273-87.2021.8.17.5920,Vara Única da Comarca de Passira,19/06/2026,Prioridade Legal,0
6ª CC,0000398-60.2018.8.17.1070,Vara Única da Comarca de Passira,15/06/2026,Prioridade Legal,0
5ª CC,0000005-75.2025.8.17.3080,1ª Vara da Comarca de Paudalho,05/06/2026,Prioridade Legal,25
5ª CC,0000083-40.2023.8.17.3080,1ª Vara da Comarca de Paudalho,11/06/2026,Sem prioridade,18
5ª CC,0000591-20.2022.8.17.3080,1ª Vara da Comarca de Paudalho,27/05/2026,Sem prioridade,33
5ª CC,0000780-95.2022.8.17.3080,1ª Vara da Comarca de Paudalho,02/06/2026,Sem prioridade,27
5ª CC,0001115-22.2019.8.17.3080,1ª Vara da Comarca de Paudalho,15/06/2026,Sem prioridade,14
5ª CC,0001235-55.2025.8.17.3080,1ª Vara da Comarca de Paudalho,05/06/2026,Prioridade Legal,25
5ª CC,0001535-17.2025.8.17.3080,1ª Vara da Comarca de Paudalho,05/06/2026,Prioridade Legal,24
5ª CC,0001594-44.2021.8.17.3080,1ª Vara da Comarca de Paudalho,15/06/2026,Sem prioridade,14
4ª CCJ,0001678-11.2022.8.17.3080,1ª Vara da Comarca de Paudalho,22/05/2026,Prioridade Legal,39
5ª CC,0001961-29.2025.8.17.3080,1ª Vara da Comarca de Paudalho,06/06/2026,Prioridade Legal,24
5ª CC,0002668-65.2023.8.17.3080,1ª Vara da Comarca de Paudalho,09/06/2026,Prioridade Legal,20
5ª CC,0000390-53.2025.8.17.5980,2ª Vara da Comarca de Paudalho,17/06/2026,Prioridade Legal,0
4ª CCJ,0001410-49.2025.8.17.3080,2ª Vara da Comarca de Paudalho,28/05/2026,Prioridade Legal,32
5ª CC,0001855-04.2024.8.17.3080,2ª Vara da Comarca de Paudalho,09/06/2026,Sem prioridade,20
2ª CC,0000390-32.2018.8.17.0990,1ª Vara Criminal da Comarca de Paulista,15/06/2026,Sem prioridade,0
2ª CC,0000731-54.2022.8.17.5990,1ª Vara Criminal da Comarca de Paulista,16/06/2026,Sem prioridade,0
2ª CC,0000734-67.2019.8.17.1090,1ª Vara Criminal da Comarca de Paulista,16/06/2026,Prioridade Legal,0
2ª CC,0000824-21.2018.8.17.0990,1ª Vara Criminal da Comarca de Paulista,19/06/2026,Sem prioridade,0
2ª CC,0009231-74.2025.8.17.3090,1ª Vara Criminal da Comarca de Paulista,19/06/2026,Prioridade Legal,0
3ª CC,0000526-88.2016.8.17.1090,1ª Vara Cível da Comarca de Paulista,12/06/2026,Sem prioridade,17
3ª CC,0002197-59.2010.8.17.1090,1ª Vara Cível da Comarca de Paulista,16/06/2026,Sem prioridade,13
1ª CCJ,0002411-54.2016.8.17.3090,1ª Vara Cível da Comarca de Paulista,19/05/2026,Sem prioridade,41
1ª CCJ,0002708-27.2017.8.17.3090,1ª Vara Cível da Comarca de Paulista,11/06/2026,Sem prioridade,18
3ª CC,0003260-74.2026.8.17.3090,1ª Vara Cível da Comarca de Paulista,15/06/2026,Prioridade Legal,14
3ª CC,0003756-06.2026.8.17.3090,1ª Vara Cível da Comarca de Paulista,15/06/2026,Prioridade Legal,14
3ª CC,0006049-46.2026.8.17.3090,1ª Vara Cível da Comarca de Paulista,15/06/2026,Prioridade Legal,14
1ª CCJ,0007081-29.2013.8.17.1090,1ª Vara Cível da Comarca de Paulista,31/05/2026,Prioridade Legal,29
3ª CC,0007221-91.2024.8.17.3090,1ª Vara Cível da Comarca de Paulista,19/06/2026,Prioridade Legal,10
3ª CC,0007476-20.2022.8.17.3090,1ª Vara Cível da Comarca de Paulista,12/06/2026,Sem prioridade,17
3ª CC,0008091-79.2011.8.17.1090,1ª Vara Cível da Comarca de Paulista,02/06/2026,Sem prioridade,27
1ª CCJ,0008189-30.2012.8.17.1090,1ª Vara Cível da Comarca de Paulista,19/05/2026,Prioridade Legal,41
3ª CC,0009282-95.2019.8.17.3090,1ª Vara Cível da Comarca de Paulista,09/06/2026,Sem prioridade,20
1ª CCJ,0009454-27.2025.8.17.3090,1ª Vara Cível da Comarca de Paulista,17/06/2026,Prioridade Legal,13
3ª CC,0010465-04.2019.8.17.3090,1ª Vara Cível da Comarca de Paulista,12/06/2026,Sem prioridade,17
3ª CC,0011211-56.2025.8.17.3090,1ª Vara Cível da Comarca de Paulista,15/06/2026,Prioridade Legal,14
1ª CCJ,0012047-29.2025.8.17.3090,1ª Vara Cível da Comarca de Paulista,15/06/2026,Prioridade Legal,14
1ª CCJ,0020629-52.2024.8.17.3090,1ª Vara Cível da Comarca de Paulista,17/06/2026,Prioridade Legal,12
1ª CCJ,0030319-47.2020.8.17.3090,1ª Vara Cível da Comarca de Paulista,04/06/2026,Sem prioridade,25
3ª CC,0030543-48.2021.8.17.3090,1ª Vara Cível da Comarca de Paulista,18/06/2026,Prioridade Legal,11
1ª CCJ,0034190-51.2021.8.17.3090,1ª Vara Cível da Comarca de Paulista,19/05/2026,Prioridade Legal,41
3ª CC,0011854-19.2022.8.17.3090,1ª Vara de Família e Registro Civil da Comarca de Paulista,12/06/2026,Prioridade Legal,17
1ª CCJ,0000194-50.2025.8.17.8222,1º Juizado Especial Cível e das Relações de Consumo de Paulista - Turno Manhã - 08:00h às 14:00h,27/05/2026,Prioridade Legal,33
1ª CCJ,0000339-09.2025.8.17.8222,1º Juizado Especial Cível e das Relações de Consumo de Paulista - Turno Manhã - 08:00h às 14:00h,27/05/2026,Prioridade Legal,34
1ª CCJ,0000434-39.2025.8.17.8222,1º Juizado Especial Cível e das Relações de Consumo de Paulista - Turno Manhã - 08:00h às 14:00h,17/05/2026,Prioridade Legal,43
1ª CCJ,0000494-12.2025.8.17.8222,1º Juizado Especial Cível e das Relações de Consumo de Paulista - Turno Manhã - 08:00h às 14:00h,27/05/2026,Prioridade Legal,33
1ª CCJ,0000648-64.2024.8.17.8222,1º Juizado Especial Cível e das Relações de Consumo de Paulista - Turno Manhã - 08:00h às 14:00h,03/06/2026,Prioridade Legal,26
1ª CCJ,0000776-65.2016.8.17.8222,1º Juizado Especial Cível e das Relações de Consumo de Paulista - Turno Manhã - 08:00h às 14:00h,07/05/2026,Prioridade Legal,53
1ª CCJ,0000850-12.2022.8.17.8222,1º Juizado Especial Cível e das Relações de Consumo de Paulista - Turno Manhã - 08:00h às 14:00h,08/06/2026,Prioridade Legal,21
1ª CCJ,0000871-80.2025.8.17.8222,1º Juizado Especial Cível e das Relações de Consumo de Paulista - Turno Manhã - 08:00h às 14:00h,17/05/2026,Prioridade Legal,43
1ª CCJ,0000893-75.2024.8.17.8222,1º Juizado Especial Cível e das Relações de Consumo de Paulista - Turno Manhã - 08:00h às 14:00h,28/05/2026,Prioridade Legal,32
1ª CCJ,0000916-21.2024.8.17.8222,1º Juizado Especial Cível e das Relações de Consumo de Paulista - Turno Manhã - 08:00h às 14:00h,17/05/2026,Prioridade Legal,43
1ª CCJ,0000933-57.2024.8.17.8222,1º Juizado Especial Cível e das Relações de Consumo de Paulista - Turno Manhã - 08:00h às 14:00h,21/05/2026,Prioridade Legal,39
1ª CCJ,0001316-35.2024.8.17.8222,1º Juizado Especial Cível e das Relações de Consumo de Paulista - Turno Manhã - 08:00h às 14:00h,10/06/2026,Prioridade Legal,19
1ª CCJ,0001337-74.2025.8.17.8222,1º Juizado Especial Cível e das Relações de Consumo de Paulista - Turno Manhã - 08:00h às 14:00h,11/06/2026,Prioridade Legal,18
1ª CCJ,0001417-38.2025.8.17.8222,1º Juizado Especial Cível e das Relações de Consumo de Paulista - Turno Manhã - 08:00h às 14:00h,12/06/2026,Prioridade Legal,17
1ª CCJ,0001505-76.2025.8.17.8222,1º Juizado Especial Cível e das Relações de Consumo de Paulista - Turno Manhã - 08:00h às 14:00h,27/05/2026,Prioridade Legal,33
1ª CCJ,0001535-14.2025.8.17.8222,1º Juizado Especial Cível e das Relações de Consumo de Paulista - Turno Manhã - 08:00h às 14:00h,03/06/2026,Prioridade Legal,26
1ª CCJ,0001622-53.2014.8.17.8222,1º Juizado Especial Cível e das Relações de Consumo de Paulista - Turno Manhã - 08:00h às 14:00h,27/05/2026,Prioridade Legal,33
1ª CCJ,0001684-10.2025.8.17.8222,1º Juizado Especial Cível e das Relações de Consumo de Paulista - Turno Manhã - 08:00h às 14:00h,06/05/2026,Sem prioridade,55
1ª CCJ,0001694-54.2025.8.17.8222,1º Juizado Especial Cível e das Relações de Consumo de Paulista - Turno Manhã - 08:00h às 14:00h,12/06/2026,Prioridade Legal,18
1ª CCJ,0001732-03.2024.8.17.8222,1º Juizado Especial Cível e das Relações de Consumo de Paulista - Turno Manhã - 08:00h às 14:00h,28/04/2026,Prioridade Legal,62
1ª CCJ,0001798-17.2023.8.17.8222,1º Juizado Especial Cível e das Relações de Consumo de Paulista - Turno Manhã - 08:00h às 14:00h,17/05/2026,Prioridade Legal,43
1ª CCJ,0001968-52.2024.8.17.8222,1º Juizado Especial Cível e das Relações de Consumo de Paulista - Turno Manhã - 08:00h às 14:00h,17/05/2026,Prioridade Legal,43
1ª CCJ,0002093-83.2025.8.17.8222,1º Juizado Especial Cível e das Relações de Consumo de Paulista - Turno Manhã - 08:00h às 14:00h,15/05/2026,Prioridade Legal,45
1ª CCJ,0002189-98.2025.8.17.8222,1º Juizado Especial Cível e das Relações de Consumo de Paulista - Turno Manhã - 08:00h às 14:00h,22/05/2026,Sem prioridade,39
1ª CCJ,0002222-88.2025.8.17.8222,1º Juizado Especial Cível e das Relações de Consumo de Paulista - Turno Manhã - 08:00h às 14:00h,15/05/2026,Prioridade Legal,45
1ª CCJ,0002320-73.2025.8.17.8222,1º Juizado Especial Cível e das Relações de Consumo de Paulista - Turno Manhã - 08:00h às 14:00h,12/06/2026,Prioridade Legal,17
1ª CCJ,0002392-60.2025.8.17.8222,1º Juizado Especial Cível e das Relações de Consumo de Paulista - Turno Manhã - 08:00h às 14:00h,17/05/2026,Prioridade Legal,43
1ª CCJ,0002487-90.2025.8.17.8222,1º Juizado Especial Cível e das Relações de Consumo de Paulista - Turno Manhã - 08:00h às 14:00h,03/06/2026,Prioridade Legal,26
1ª CCJ,0002525-05.2025.8.17.8222,1º Juizado Especial Cível e das Relações de Consumo de Paulista - Turno Manhã - 08:00h às 14:00h,15/05/2026,Prioridade Legal,45
1ª CCJ,0002729-49.2025.8.17.8222,1º Juizado Especial Cível e das Relações de Consumo de Paulista - Turno Manhã - 08:00h às 14:00h,17/05/2026,Prioridade Legal,43
1ª CCJ,0002741-63.2025.8.17.8222,1º Juizado Especial Cível e das Relações de Consumo de Paulista - Turno Manhã - 08:00h às 14:00h,02/06/2026,Prioridade Legal,27
1ª CCJ,0002759-84.2025.8.17.8222,1º Juizado Especial Cível e das Relações de Consumo de Paulista - Turno Manhã - 08:00h às 14:00h,18/06/2026,Prioridade Legal,11
1ª CCJ,0002775-38.2025.8.17.8222,1º Juizado Especial Cível e das Relações de Consumo de Paulista - Turno Manhã - 08:00h às 14:00h,17/05/2026,Prioridade Legal,43
1ª CCJ,0002784-97.2025.8.17.8222,1º Juizado Especial Cível e das Relações de Consumo de Paulista - Turno Manhã - 08:00h às 14:00h,11/06/2026,Prioridade Legal,18
1ª CCJ,0002925-19.2025.8.17.8222,1º Juizado Especial Cível e das Relações de Consumo de Paulista - Turno Manhã - 08:00h às 14:00h,18/06/2026,Prioridade Legal,11
1ª CCJ,0003014-42.2025.8.17.8222,1º Juizado Especial Cível e das Relações de Consumo de Paulista - Turno Manhã - 08:00h às 14:00h,17/05/2026,Prioridade Legal,43
1ª CCJ,0003063-83.2025.8.17.8222,1º Juizado Especial Cível e das Relações de Consumo de Paulista - Turno Manhã - 08:00h às 14:00h,11/06/2026,Prioridade Legal,18
1ª CCJ,0003365-15.2025.8.17.8222,1º Juizado Especial Cível e das Relações de Consumo de Paulista - Turno Manhã - 08:00h às 14:00h,17/05/2026,Prioridade Legal,43
1ª CCJ,0003439-69.2025.8.17.8222,1º Juizado Especial Cível e das Relações de Consumo de Paulista - Turno Manhã - 08:00h às 14:00h,15/05/2026,Prioridade Legal,45
1ª CCJ,0003567-60.2023.8.17.8222,1º Juizado Especial Cível e das Relações de Consumo de Paulista - Turno Manhã - 08:00h às 14:00h,08/06/2026,Prioridade Legal,21
1ª CCJ,0003701-24.2022.8.17.8222,1º Juizado Especial Cível e das Relações de Consumo de Paulista - Turno Manhã - 08:00h às 14:00h,27/05/2026,Prioridade Legal,33
1ª CCJ,0003942-03.2019.8.17.8222,1º Juizado Especial Cível e das Relações de Consumo de Paulista - Turno Manhã - 08:00h às 14:00h,04/06/2026,Prioridade Legal,25
1ª CCJ,0003953-22.2025.8.17.8222,1º Juizado Especial Cível e das Relações de Consumo de Paulista - Turno Manhã - 08:00h às 14:00h,02/06/2026,Prioridade Legal,27
1ª CCJ,0004365-84.2024.8.17.8222,1º Juizado Especial Cível e das Relações de Consumo de Paulista - Turno Manhã - 08:00h às 14:00h,27/05/2026,Prioridade Legal,33
1ª CCJ,0004541-29.2025.8.17.8222,1º Juizado Especial Cível e das Relações de Consumo de Paulista - Turno Manhã - 08:00h às 14:00h,03/06/2026,Prioridade Legal,26
1ª CCJ,0004588-71.2023.8.17.8222,1º Juizado Especial Cível e das Relações de Consumo de Paulista - Turno Manhã - 08:00h às 14:00h,28/05/2026,Prioridade Legal,32
1ª CCJ,0004626-83.2023.8.17.8222,1º Juizado Especial Cível e das Relações de Consumo de Paulista - Turno Manhã - 08:00h às 14:00h,21/05/2026,Prioridade Legal,39
1ª CCJ,0004635-78.2023.8.17.2100,1º Juizado Especial Cível e das Relações de Consumo de Paulista - Turno Manhã - 08:00h às 14:00h,21/05/2026,Prioridade Legal,39
1ª CCJ,0004671-24.2022.8.17.8222,1º Juizado Especial Cível e das Relações de Consumo de Paulista - Turno Manhã - 08:00h às 14:00h,04/05/2026,Prioridade Legal,56
1ª CCJ,0004833-19.2022.8.17.8222,1º Juizado Especial Cível e das Relações de Consumo de Paulista - Turno Manhã - 08:00h às 14:00h,17/06/2026,Prioridade Legal,12
1ª CCJ,0005072-28.2019.8.17.8222,1º Juizado Especial Cível e das Relações de Consumo de Paulista - Turno Manhã - 08:00h às 14:00h,17/05/2026,Prioridade Legal,43
1ª CCJ,0005204-12.2024.8.17.8222,1º Juizado Especial Cível e das Relações de Consumo de Paulista - Turno Manhã - 08:00h às 14:00h,27/05/2026,Prioridade Legal,33
1ª CCJ,0005490-24.2023.8.17.8222,1º Juizado Especial Cível e das Relações de Consumo de Paulista - Turno Manhã - 08:00h às 14:00h,25/05/2026,Sem prioridade,35
1ª CCJ,0005708-18.2024.8.17.8222,1º Juizado Especial Cível e das Relações de Consumo de Paulista - Turno Manhã - 08:00h às 14:00h,29/05/2026,Prioridade Legal,32
1ª CCJ,0005759-29.2024.8.17.8222,1º Juizado Especial Cível e das Relações de Consumo de Paulista - Turno Manhã - 08:00h às 14:00h,17/05/2026,Prioridade Legal,43
1ª CCJ,0005797-41.2024.8.17.8222,1º Juizado Especial Cível e das Relações de Consumo de Paulista - Turno Manhã - 08:00h às 14:00h,21/05/2026,Prioridade Legal,39
1ª CCJ,0005803-48.2024.8.17.8222,1º Juizado Especial Cível e das Relações de Consumo de Paulista - Turno Manhã - 08:00h às 14:00h,28/05/2026,Prioridade Legal,32
1ª CCJ,0006051-14.2024.8.17.8222,1º Juizado Especial Cível e das Relações de Consumo de Paulista - Turno Manhã - 08:00h às 14:00h,29/04/2026,Prioridade Legal,61
1ª CCJ,0006159-77.2023.8.17.8222,1º Juizado Especial Cível e das Relações de Consumo de Paulista - Turno Manhã - 08:00h às 14:00h,29/04/2026,Prioridade Legal,61
1ª CCJ,0006382-30.2023.8.17.8222,1º Juizado Especial Cível e das Relações de Consumo de Paulista - Turno Manhã - 08:00h às 14:00h,21/05/2026,Prioridade Legal,39
1ª CCJ,0006495-81.2023.8.17.8222,1º Juizado Especial Cível e das Relações de Consumo de Paulista - Turno Manhã - 08:00h às 14:00h,17/05/2026,Prioridade Legal,43
1ª CCJ,0006614-42.2023.8.17.8222,1º Juizado Especial Cível e das Relações de Consumo de Paulista - Turno Manhã - 08:00h às 14:00h,29/05/2026,Prioridade Legal,31
2ª CC,0000375-29.2022.8.17.3090,2ª Vara Criminal da Comarca de Paulista,19/06/2026,Prioridade Legal,0
2ª CC,0000444-16.2024.8.17.4990,2ª Vara Criminal da Comarca de Paulista,19/06/2026,Sem prioridade,0
2ª CC,0001081-71.2024.8.17.5990,2ª Vara Criminal da Comarca de Paulista,15/06/2026,Prioridade Legal,0
2ª CC,0033460-40.2021.8.17.3090,2ª Vara Criminal da Comarca de Paulista,16/06/2026,Prioridade Legal,0
3ª CC,0000402-41.2024.8.17.3090,2ª Vara Cível da Comarca de Paulista,05/06/2026,Prioridade Legal,24
3ª CC,0002529-83.2023.8.17.3090,2ª Vara Cível da Comarca de Paulista,15/06/2026,Prioridade Legal,14
1ª CCJ,0003191-81.2022.8.17.3090,2ª Vara Cível da Comarca de Paulista,19/06/2026,Prioridade Legal,10
1ª CCJ,0003981-66.2013.8.17.1090,2ª Vara Cível da Comarca de Paulista,05/06/2026,Prioridade Legal,25
1ª CCJ,0004004-06.2025.8.17.3090,2ª Vara Cível da Comarca de Paulista,21/05/2026,Prioridade Legal,39
1ª CCJ,0004344-05.2003.8.17.1090,2ª Vara Cível da Comarca de Paulista,19/06/2026,Sem prioridade,10
3ª CC,0008464-13.2011.8.17.1090,2ª Vara Cível da Comarca de Paulista,19/06/2026,Sem prioridade,10
3ª CC,0009499-31.2025.8.17.3090,2ª Vara Cível da Comarca de Paulista,08/06/2026,Prioridade Legal,21
3ª CC,0012722-89.2025.8.17.3090,2ª Vara Cível da Comarca de Paulista,05/06/2026,Prioridade Legal,24
3ª CC,0014366-04.2024.8.17.3090,2ª Vara Cível da Comarca de Paulista,12/06/2026,Prioridade Legal,17
1ª CCJ,0014617-95.2019.8.17.3090,2ª Vara Cível da Comarca de Paulista,28/05/2026,Prioridade Legal,32
1ª CCJ,0019278-83.2020.8.17.3090,2ª Vara Cível da Comarca de Paulista,15/06/2026,Prioridade Legal,14
3ª CC,0019317-51.2018.8.17.3090,2ª Vara Cível da Comarca de Paulista,19/06/2026,Prioridade Legal,10
1ª CCJ,0019475-38.2020.8.17.3090,2ª Vara Cível da Comarca de Paulista,27/05/2026,Prioridade Legal,33
1ª CCJ,0019941-03.2018.8.17.3090,2ª Vara Cível da Comarca de Paulista,07/05/2026,Sem prioridade,53
1ª CCJ,0028682-56.2023.8.17.3090,2ª Vara Cível da Comarca de Paulista,28/04/2026,Prioridade Legal,62
3ª CC,0001660-52.2025.8.17.3090,2ª Vara de Família e Registro Civil da Comarca de Paulista,27/05/2026,Prioridade Legal,33
3ª CCJ,0003096-51.2022.8.17.3090,2ª Vara de Família e Registro Civil da Comarca de Paulista,03/06/2026,Prioridade Legal,26
3ª CC,0006935-16.2024.8.17.3090,2ª Vara de Família e Registro Civil da Comarca de Paulista,09/06/2026,Prioridade Legal,20
3ª CCJ,0012177-19.2025.8.17.3090,2ª Vara de Família e Registro Civil da Comarca de Paulista,12/06/2026,Prioridade Legal,17
3ª CC,0014863-18.2024.8.17.3090,2ª Vara de Família e Registro Civil da Comarca de Paulista,09/06/2026,Prioridade Legal,21
3ª CC,0016091-91.2025.8.17.3090,2ª Vara de Família e Registro Civil da Comarca de Paulista,17/06/2026,Prioridade Legal,12
1ª CCJ,0000087-40.2024.8.17.8222,2º Juizado Especial Cível e das Relações de Consumo de Paulista - Turno Manhã - 08:00h às 14:00h,13/06/2026,Prioridade Legal,16
1ª CCJ,0000227-74.2024.8.17.8222,2º Juizado Especial Cível e das Relações de Consumo de Paulista - Turno Manhã - 08:00h às 14:00h,20/05/2026,Prioridade Legal,40
1ª CCJ,0000274-48.2024.8.17.8222,2º Juizado Especial Cível e das Relações de Consumo de Paulista - Turno Manhã - 08:00h às 14:00h,10/06/2026,Prioridade Legal,19
1ª CCJ,0000318-72.2021.8.17.8222,2º Juizado Especial Cível e das Relações de Consumo de Paulista - Turno Manhã - 08:00h às 14:00h,10/06/2026,Prioridade Legal,20
1ª CCJ,0000541-83.2025.8.17.8222,2º Juizado Especial Cível e das Relações de Consumo de Paulista - Turno Manhã - 08:00h às 14:00h,09/06/2026,Prioridade Legal,20
1ª CCJ,0000550-26.2017.8.17.8222,2º Juizado Especial Cível e das Relações de Consumo de Paulista - Turno Manhã - 08:00h às 14:00h,08/06/2026,Prioridade Legal,21
1ª CCJ,0000569-51.2025.8.17.8222,2º Juizado Especial Cível e das Relações de Consumo de Paulista - Turno Manhã - 08:00h às 14:00h,19/05/2026,Prioridade Legal,41
1ª CCJ,0000700-36.2019.8.17.8222,2º Juizado Especial Cível e das Relações de Consumo de Paulista - Turno Manhã - 08:00h às 14:00h,13/06/2026,Prioridade Legal,16
1ª CCJ,0001048-44.2025.8.17.8222,2º Juizado Especial Cível e das Relações de Consumo de Paulista - Turno Manhã - 08:00h às 14:00h,13/06/2026,Prioridade Legal,16
1ª CCJ,0001384-87.2021.8.17.8222,2º Juizado Especial Cível e das Relações de Consumo de Paulista - Turno Manhã - 08:00h às 14:00h,13/06/2026,Prioridade Legal,16
1ª CCJ,0001902-09.2023.8.17.8222,2º Juizado Especial Cível e das Relações de Consumo de Paulista - Turno Manhã - 08:00h às 14:00h,08/06/2026,Prioridade Legal,21
1ª CCJ,0002779-80.2022.8.17.8222,2º Juizado Especial Cível e das Relações de Consumo de Paulista - Turno Manhã - 08:00h às 14:00h,10/06/2026,Prioridade Legal,19
1ª CCJ,0003171-35.2013.8.17.8222,2º Juizado Especial Cível e das Relações de Consumo de Paulista - Turno Manhã - 08:00h às 14:00h,16/06/2026,Prioridade Legal,13
1ª CCJ,0003551-87.2015.8.17.8222,2º Juizado Especial Cível e das Relações de Consumo de Paulista - Turno Manhã - 08:00h às 14:00h,04/05/2026,Prioridade Legal,56
1ª CCJ,0004189-42.2023.8.17.8222,2º Juizado Especial Cível e das Relações de Consumo de Paulista - Turno Manhã - 08:00h às 14:00h,16/06/2026,Sem prioridade,13
1ª CCJ,0004940-92.2024.8.17.8222,2º Juizado Especial Cível e das Relações de Consumo de Paulista - Turno Manhã - 08:00h às 14:00h,15/05/2026,Prioridade Legal,46
1ª CCJ,0005497-79.2024.8.17.8222,2º Juizado Especial Cível e das Relações de Consumo de Paulista - Turno Manhã - 08:00h às 14:00h,19/05/2026,Prioridade Legal,41
1ª CCJ,0006194-03.2024.8.17.8222,2º Juizado Especial Cível e das Relações de Consumo de Paulista - Turno Manhã - 08:00h às 14:00h,19/06/2026,Prioridade Legal,10
2ª CC,0002156-12.2022.8.17.4990,3ª Vara Criminal da Comarca de Paulista,19/06/2026,Sem prioridade,0
2ª CC,0008822-35.2024.8.17.3090,3ª Vara Criminal da Comarca de Paulista,15/06/2026,Prioridade Legal,0
3ª CC,0000071-25.2025.8.17.3090,3ª Vara Cível da Comarca de Paulista,10/06/2026,Prioridade Legal,20
1ª CCJ,0000176-81.2008.8.17.1090,3ª Vara Cível da Comarca de Paulista,09/06/2026,Prioridade Legal,20
1ª CCJ,0000403-70.2017.8.17.3090,3ª Vara Cível da Comarca de Paulista,11/06/2026,Sem prioridade,18
3ª CC,0000441-28.2016.8.17.2990,3ª Vara Cível da Comarca de Paulista,10/06/2026,Prioridade Legal,19
1ª CCJ,0001591-25.2022.8.17.3090,3ª Vara Cível da Comarca de Paulista,25/05/2026,Prioridade Legal,35
1ª CCJ,0002609-82.2013.8.17.1090,3ª Vara Cível da Comarca de Paulista,18/05/2026,Prioridade Legal,42
3ª CC,0003184-50.2026.8.17.3090,3ª Vara Cível da Comarca de Paulista,11/06/2026,Prioridade Legal,19
3ª CC,0003207-93.2026.8.17.3090,3ª Vara Cível da Comarca de Paulista,11/06/2026,Prioridade Legal,19
3ª CC,0003223-47.2026.8.17.3090,3ª Vara Cível da Comarca de Paulista,11/06/2026,Prioridade Legal,19
3ª CC,0003402-78.2026.8.17.3090,3ª Vara Cível da Comarca de Paulista,11/06/2026,Prioridade Legal,19
1ª CCJ,0003404-54.2014.8.17.1090,3ª Vara Cível da Comarca de Paulista,03/06/2026,Prioridade Legal,26
3ª CC,0004170-72.2024.8.17.3090,3ª Vara Cível da Comarca de Paulista,17/06/2026,Prioridade Legal,13
3ª CC,0005316-80.2026.8.17.3090,3ª Vara Cível da Comarca de Paulista,10/06/2026,Prioridade Legal,19
1ª CCJ,0006007-31.2025.8.17.3090,3ª Vara Cível da Comarca de Paulista,08/05/2026,Prioridade Legal,52
1ª CCJ,0007645-71.2014.8.17.1090,3ª Vara Cível da Comarca de Paulista,03/06/2026,Sem prioridade,27
1ª CCJ,0007820-07.2010.8.17.1090,3ª Vara Cível da Comarca de Paulista,17/05/2026,Prioridade Legal,43
3ª CC,0008125-15.2015.8.17.1090,3ª Vara Cível da Comarca de Paulista,09/06/2026,Prioridade Legal,20
1ª CCJ,0008775-32.2022.8.17.3090,3ª Vara Cível da Comarca de Paulista,28/05/2026,Prioridade Legal,32
3ª CC,0009719-63.2024.8.17.3090,3ª Vara Cível da Comarca de Paulista,12/06/2026,Prioridade Legal,18
1ª CCJ,0011959-88.2025.8.17.3090,3ª Vara Cível da Comarca de Paulista,01/06/2026,Prioridade Legal,28
1ª CCJ,0012350-53.2019.8.17.3090,3ª Vara Cível da Comarca de Paulista,26/05/2026,Prioridade Legal,34
3ª CC,0012735-25.2024.8.17.3090,3ª Vara Cível da Comarca de Paulista,26/05/2026,Prioridade Legal,34
3ª CC,0013486-46.2023.8.17.3090,3ª Vara Cível da Comarca de Paulista,05/06/2026,Sem prioridade,24
1ª CCJ,0014568-49.2022.8.17.3090,3ª Vara Cível da Comarca de Paulista,28/05/2026,Prioridade Legal,32
3ª CC,0015504-69.2025.8.17.3090,3ª Vara Cível da Comarca de Paulista,10/06/2026,Prioridade Legal,19
3ª CC,0015741-40.2024.8.17.3090,3ª Vara Cível da Comarca de Paulista,04/06/2026,Prioridade Legal,25
1ª CCJ,0018896-90.2020.8.17.3090,3ª Vara Cível da Comarca de Paulista,29/05/2026,Prioridade Legal,31
3ª CC,0019777-67.2020.8.17.3090,3ª Vara Cível da Comarca de Paulista,16/06/2026,Prioridade Legal,14
3ª CC,0020180-07.2018.8.17.3090,3ª Vara Cível da Comarca de Paulista,05/06/2026,Prioridade Legal,24
3ª CC,0028702-47.2023.8.17.3090,3ª Vara Cível da Comarca de Paulista,11/06/2026,Prioridade Legal,18
3ª CC,0030176-24.2021.8.17.3090,3ª Vara Cível da Comarca de Paulista,10/06/2026,Prioridade Legal,20
1ª CCJ,0032344-96.2021.8.17.3090,3ª Vara Cível da Comarca de Paulista,14/06/2026,Prioridade Legal,15
3ª CC,0040840-17.2021.8.17.3090,3ª Vara Cível da Comarca de Paulista,21/06/2026,Prioridade Legal,8
3ª CC,0001286-02.2026.8.17.3090,4ª Vara Cível da Comarca de Paulista,17/06/2026,Prioridade Legal,12
1ª CCJ,0004557-24.2023.8.17.3090,4ª Vara Cível da Comarca de Paulista,25/05/2026,Prioridade Legal,35
3ª CC,0007553-24.2025.8.17.3090,4ª Vara Cível da Comarca de Paulista,18/06/2026,Prioridade Legal,11
3ª CC,0009434-70.2024.8.17.3090,4ª Vara Cível da Comarca de Paulista,18/06/2026,Sem prioridade,11
3ª CC,0009893-09.2023.8.17.3090,4ª Vara Cível da Comarca de Paulista,18/06/2026,Prioridade Legal,11
1ª CCJ,0016483-36.2022.8.17.3090,4ª Vara Cível da Comarca de Paulista,16/05/2026,Prioridade Legal,44
3ª CC,0020869-41.2024.8.17.3090,4ª Vara Cível da Comarca de Paulista,18/06/2026,Prioridade Legal,12
3ª CC,0000336-15.1985.8.17.1090,6ª Vara Cível da Comarca de Paulista,04/06/2026,Sem prioridade,25
3ª CC,0000678-43.2022.8.17.3090,6ª Vara Cível da Comarca de Paulista,17/06/2026,Prioridade Legal,13
3ª CC,0000802-84.2026.8.17.3090,6ª Vara Cível da Comarca de Paulista,16/06/2026,Prioridade Legal,13
1ª CCJ,0001065-34.2017.8.17.3090,6ª Vara Cível da Comarca de Paulista,01/06/2026,Prioridade Legal,29
3ª CC,0006744-34.2025.8.17.3090,6ª Vara Cível da Comarca de Paulista,24/05/2026,Prioridade Legal,36
1ª CCJ,0007394-52.2023.8.17.3090,6ª Vara Cível da Comarca de Paulista,08/06/2026,Prioridade Legal,21
3ª CC,0007741-17.2025.8.17.3090,6ª Vara Cível da Comarca de Paulista,07/06/2026,Sem prioridade,22
1ª CCJ,0011378-83.2019.8.17.3090,6ª Vara Cível da Comarca de Paulista,03/06/2026,Prioridade Legal,27
3ª CC,0017822-59.2024.8.17.3090,6ª Vara Cível da Comarca de Paulista,08/06/2026,Prioridade Legal,22
3ª CC,0019542-61.2024.8.17.3090,6ª Vara Cível da Comarca de Paulista,10/06/2026,Prioridade Legal,19
1ª CCJ,0020133-91.2022.8.17.3090,6ª Vara Cível da Comarca de Paulista,17/06/2026,Prioridade Legal,12
3ª CC,0020263-13.2024.8.17.3090,6ª Vara Cível da Comarca de Paulista,19/06/2026,Prioridade Legal,10
3ª CC,0020537-84.2018.8.17.3090,6ª Vara Cível da Comarca de Paulista,05/06/2026,Prioridade Legal,25
1ª CCJ,0021637-06.2020.8.17.3090,6ª Vara Cível da Comarca de Paulista,11/06/2026,Prioridade Legal,18
1ª CCJ,0028954-50.2023.8.17.3090,6ª Vara Cível da Comarca de Paulista,16/06/2026,Sem prioridade,14
3ª CC,0031381-18.2025.8.17.2001,6ª Vara Cível da Comarca de Paulista,16/06/2026,Prioridade Legal,13
3ª CC,0033614-58.2021.8.17.3090,6ª Vara Cível da Comarca de Paulista,16/06/2026,Prioridade Legal,13
1ª CCJ,0042843-42.2021.8.17.3090,6ª Vara Cível da Comarca de Paulista,11/06/2026,Prioridade Legal,18
3ª CC,0091036-18.2025.8.17.2001,6ª Vara Cível da Comarca de Paulista,18/06/2026,Prioridade Legal,12
4ª CC,0000239-08.2017.8.17.3090,Vara da Fazenda Pública da Comarca de Paulista,06/06/2026,Prioridade Legal,23
2ª CCJ,0001263-92.1996.8.17.1090,Vara da Fazenda Pública da Comarca de Paulista,12/06/2026,Sem prioridade,17
2ª CCJ,0001429-25.2025.8.17.3090,Vara da Fazenda Pública da Comarca de Paulista,26/05/2026,Prioridade Legal,34
4ª CC,0002487-74.2010.8.17.1090,Vara da Fazenda Pública da Comarca de Paulista,05/06/2026,Sem prioridade,24
4ª CC,0003738-24.2022.8.17.3090,Vara da Fazenda Pública da Comarca de Paulista,08/06/2026,Prioridade Legal,21
4ª CC,0004029-88.2014.8.17.1090,Vara da Fazenda Pública da Comarca de Paulista,11/06/2026,Prioridade Legal,18
2ª CCJ,0004168-83.2016.8.17.3090,Vara da Fazenda Pública da Comarca de Paulista,10/06/2026,Prioridade Legal,19
2ª CCJ,0004554-75.2011.8.17.1090,Vara da Fazenda Pública da Comarca de Paulista,21/05/2026,Prioridade Legal,40
4ª CC,0006021-59.2018.8.17.3090,Vara da Fazenda Pública da Comarca de Paulista,15/06/2026,Prioridade Legal,15
4ª CC,0006876-96.2022.8.17.3090,Vara da Fazenda Pública da Comarca de Paulista,08/06/2026,Sem prioridade,21
4ª CC,0008090-59.2021.8.17.3090,Vara da Fazenda Pública da Comarca de Paulista,11/06/2026,Prioridade Legal,18
2ª CCJ,0008149-13.2022.8.17.3090,Vara da Fazenda Pública da Comarca de Paulista,18/05/2026,Sem prioridade,42
4ª CC,0009113-11.2019.8.17.3090,Vara da Fazenda Pública da Comarca de Paulista,08/06/2026,Prioridade Legal,21
2ª CCJ,0009674-35.2019.8.17.3090,Vara da Fazenda Pública da Comarca de Paulista,23/05/2026,Sem prioridade,37
2ª CCJ,0009788-66.2022.8.17.3090,Vara da Fazenda Pública da Comarca de Paulista,14/06/2026,Sem prioridade,15
2ª CCJ,0010020-50.2011.8.17.1090,Vara da Fazenda Pública da Comarca de Paulista,29/05/2026,Sem prioridade,31
2ª CCJ,0010647-48.2023.8.17.3090,Vara da Fazenda Pública da Comarca de Paulista,22/05/2026,Prioridade Legal,38
2ª CCJ,0010685-26.2024.8.17.3090,Vara da Fazenda Pública da Comarca de Paulista,14/05/2026,Prioridade Legal,46
4ª CC,0011352-85.2019.8.17.3090,Vara da Fazenda Pública da Comarca de Paulista,08/06/2026,Sem prioridade,21
2ª CCJ,0012342-03.2024.8.17.3090,Vara da Fazenda Pública da Comarca de Paulista,09/06/2026,Prioridade Legal,20
2ª CCJ,0013907-70.2022.8.17.3090,Vara da Fazenda Pública da Comarca de Paulista,19/06/2026,Prioridade Legal,10
2ª CCJ,0014325-13.2019.8.17.3090,Vara da Fazenda Pública da Comarca de Paulista,06/05/2026,Prioridade Legal,54
2ª CCJ,0014594-52.2019.8.17.3090,Vara da Fazenda Pública da Comarca de Paulista,14/06/2026,Prioridade Legal,16
2ª CCJ,0014597-07.2019.8.17.3090,Vara da Fazenda Pública da Comarca de Paulista,23/05/2026,Prioridade Legal,37
2ª CCJ,0016217-49.2022.8.17.3090,Vara da Fazenda Pública da Comarca de Paulista,13/06/2026,Sem prioridade,16
2ª CCJ,0016837-03.2018.8.17.3090,Vara da Fazenda Pública da Comarca de Paulista,14/06/2026,Sem prioridade,15
2ª CCJ,0017240-69.2018.8.17.3090,Vara da Fazenda Pública da Comarca de Paulista,09/06/2026,Prioridade Legal,20
2ª CCJ,0017963-88.2018.8.17.3090,Vara da Fazenda Pública da Comarca de Paulista,24/05/2026,Prioridade Legal,36
2ª CCJ,0018000-08.2024.8.17.3090,Vara da Fazenda Pública da Comarca de Paulista,22/05/2026,Prioridade Legal,38
4ª CC,0018087-71.2018.8.17.3090,Vara da Fazenda Pública da Comarca de Paulista,11/06/2026,Prioridade Legal,18
4ª CC,0019669-38.2020.8.17.3090,Vara da Fazenda Pública da Comarca de Paulista,11/06/2026,Sem prioridade,18
2ª CCJ,0019982-67.2018.8.17.3090,Vara da Fazenda Pública da Comarca de Paulista,22/05/2026,Prioridade Legal,38
2ª CCJ,0020220-13.2023.8.17.3090,Vara da Fazenda Pública da Comarca de Paulista,15/05/2026,Sem prioridade,45
2ª CCJ,0025673-62.2018.8.17.3090,Vara da Fazenda Pública da Comarca de Paulista,19/06/2026,Prioridade Legal,10
2ª CCJ,0027334-71.2021.8.17.3090,Vara da Fazenda Pública da Comarca de Paulista,06/05/2026,Prioridade Legal,54
2ª CCJ,0027598-20.2023.8.17.3090,Vara da Fazenda Pública da Comarca de Paulista,14/06/2026,Sem prioridade,15
2ª CCJ,0027601-72.2023.8.17.3090,Vara da Fazenda Pública da Comarca de Paulista,20/05/2026,Sem prioridade,40
4ª CC,0030213-51.2021.8.17.3090,Vara da Fazenda Pública da Comarca de Paulista,15/06/2026,Sem prioridade,14
2ª CCJ,0030638-78.2021.8.17.3090,Vara da Fazenda Pública da Comarca de Paulista,20/05/2026,Sem prioridade,40
2ª CCJ,0033346-09.2018.8.17.3090,Vara da Fazenda Pública da Comarca de Paulista,13/06/2026,Sem prioridade,16
2ª CCJ,0043808-20.2021.8.17.3090,Vara da Fazenda Pública da Comarca de Paulista,09/06/2026,Prioridade Legal,20
2ª CCJ,0043857-61.2021.8.17.3090,Vara da Fazenda Pública da Comarca de Paulista,06/05/2026,Prioridade Legal,54
6ª CC,0000330-63.2020.8.17.3100,Vara Única da Comarca de Pedra,15/06/2026,Prioridade Legal,14
5ª CCJ,0000341-58.2021.8.17.3100,Vara Única da Comarca de Pedra,17/06/2026,Prioridade Legal,12
6ª CC,0000384-87.2024.8.17.3100,Vara Única da Comarca de Pedra,16/06/2026,Sem prioridade,13
6ª CC,0000475-46.2025.8.17.3100,Vara Única da Comarca de Pedra,16/06/2026,Prioridade Legal,13
5ª CCJ,0000002-64.2024.8.17.3110,1ª Vara Cível da Comarca de Pesqueira,29/05/2026,Prioridade Legal,31
6ª CC,0000040-54.2022.8.17.3140,1ª Vara Cível da Comarca de Pesqueira,15/06/2026,Sem prioridade,14
6ª CC,0000097-75.2016.8.17.3110,1ª Vara Cível da Comarca de Pesqueira,16/06/2026,Prioridade Legal,13
5ª CCJ,0000122-09.2001.8.17.1140,1ª Vara Cível da Comarca de Pesqueira,19/05/2026,Sem prioridade,41
6ª CC,0000180-88.2022.8.17.3140,1ª Vara Cível da Comarca de Pesqueira,17/06/2026,Prioridade Legal,12
5ª CCJ,0000215-48.2022.8.17.3140,1ª Vara Cível da Comarca de Pesqueira,05/06/2026,Prioridade Legal,24
6ª CC,0000245-20.2021.8.17.3140,1ª Vara Cível da Comarca de Pesqueira,12/06/2026,Prioridade Legal,17
5ª CCJ,0000266-93.2021.8.17.3140,1ª Vara Cível da Comarca de Pesqueira,25/05/2026,Prioridade Legal,35
5ª CCJ,0000480-82.2018.8.17.3110,1ª Vara Cível da Comarca de Pesqueira,12/06/2026,Prioridade Legal,17
5ª CCJ,0000601-66.2025.8.17.3110,1ª Vara Cível da Comarca de Pesqueira,17/06/2026,Prioridade Legal,13
6ª CC,0000941-10.2025.8.17.3110,1ª Vara Cível da Comarca de Pesqueira,16/06/2026,Prioridade Legal,13
6ª CC,0001151-95.2024.8.17.3110,1ª Vara Cível da Comarca de Pesqueira,17/06/2026,Prioridade Legal,12
5ª CCJ,0001214-57.2023.8.17.3110,1ª Vara Cível da Comarca de Pesqueira,14/05/2026,Prioridade Legal,46
5ª CCJ,0001340-44.2022.8.17.3110,1ª Vara Cível da Comarca de Pesqueira,09/06/2026,Prioridade Legal,21
6ª CC,0001409-47.2020.8.17.3110,1ª Vara Cível da Comarca de Pesqueira,17/06/2026,Prioridade Legal,12
6ª CC,0001433-36.2024.8.17.3110,1ª Vara Cível da Comarca de Pesqueira,17/06/2026,Prioridade Legal,12
5ª CCJ,0001548-57.2024.8.17.3110,1ª Vara Cível da Comarca de Pesqueira,29/05/2026,Prioridade Legal,31
5ª CCJ,0001599-97.2026.8.17.3110,1ª Vara Cível da Comarca de Pesqueira,17/06/2026,Prioridade Legal,12
6ª CC,0001658-22.2025.8.17.3110,1ª Vara Cível da Comarca de Pesqueira,16/06/2026,Prioridade Legal,13
6ª CC,0001772-39.2017.8.17.3110,1ª Vara Cível da Comarca de Pesqueira,18/06/2026,Prioridade Legal,12
6ª CC,0001928-46.2025.8.17.3110,1ª Vara Cível da Comarca de Pesqueira,12/06/2026,Prioridade Legal,17
5ª CCJ,0002138-68.2023.8.17.3110,1ª Vara Cível da Comarca de Pesqueira,04/06/2026,Prioridade Legal,25
5ª CCJ,0002219-57.2010.8.17.1110,1ª Vara Cível da Comarca de Pesqueira,04/06/2026,Sem prioridade,25
6ª CC,0002551-18.2022.8.17.3110,1ª Vara Cível da Comarca de Pesqueira,17/06/2026,Prioridade Legal,12
6ª CC,0002648-47.2024.8.17.3110,1ª Vara Cível da Comarca de Pesqueira,17/06/2026,Prioridade Legal,12
6ª CC,0002984-85.2023.8.17.3110,1ª Vara Cível da Comarca de Pesqueira,18/06/2026,Prioridade Legal,11
6ª CC,0003395-31.2023.8.17.3110,1ª Vara Cível da Comarca de Pesqueira,17/06/2026,Prioridade Legal,12
6ª CC,0003431-44.2021.8.17.3110,1ª Vara Cível da Comarca de Pesqueira,15/06/2026,Prioridade Legal,14
6ª CC,0003718-70.2022.8.17.3110,1ª Vara Cível da Comarca de Pesqueira,17/06/2026,Prioridade Legal,12
5ª CCJ,0004134-04.2023.8.17.3110,1ª Vara Cível da Comarca de Pesqueira,18/06/2026,Prioridade Legal,11
5ª CCJ,0004211-82.2012.8.17.1110,1ª Vara Cível da Comarca de Pesqueira,17/06/2026,Sem prioridade,13
6ª CC,0004330-42.2021.8.17.3110,1ª Vara Cível da Comarca de Pesqueira,17/06/2026,Prioridade Legal,13
5ª CCJ,0004345-74.2022.8.17.3110,1ª Vara Cível da Comarca de Pesqueira,10/06/2026,Prioridade Legal,19
6ª CC,0004869-37.2023.8.17.3110,1ª Vara Cível da Comarca de Pesqueira,19/06/2026,Prioridade Legal,10
6ª CC,0004931-14.2022.8.17.3110,1ª Vara Cível da Comarca de Pesqueira,18/06/2026,Prioridade Legal,11
6ª CC,0005403-78.2023.8.17.3110,1ª Vara Cível da Comarca de Pesqueira,19/06/2026,Prioridade Legal,11
5ª CCJ,0005910-39.2023.8.17.3110,1ª Vara Cível da Comarca de Pesqueira,27/05/2026,Sem prioridade,34
5ª CCJ,0006419-67.2023.8.17.3110,1ª Vara Cível da Comarca de Pesqueira,10/06/2026,Prioridade Legal,19
5ª CCJ,0000235-32.2022.8.17.3110,2ª Vara Cível da Comarca de Pesqueira,08/06/2026,Prioridade Legal,21
5ª CCJ,0000354-90.2022.8.17.3110,2ª Vara Cível da Comarca de Pesqueira,01/06/2026,Prioridade Legal,28
5ª CCJ,0000371-39.2016.8.17.3110,2ª Vara Cível da Comarca de Pesqueira,27/05/2026,Prioridade Legal,33
5ª CCJ,0001181-97.2016.8.17.1110,2ª Vara Cível da Comarca de Pesqueira,29/05/2026,Sem prioridade,31
5ª CCJ,0001332-04.2021.8.17.3110,2ª Vara Cível da Comarca de Pesqueira,22/05/2026,Prioridade Legal,38
5ª CCJ,0001674-73.2025.8.17.3110,2ª Vara Cível da Comarca de Pesqueira,11/06/2026,Sem prioridade,19
5ª CCJ,0001793-73.2021.8.17.3110,2ª Vara Cível da Comarca de Pesqueira,08/06/2026,Prioridade Legal,21
5ª CCJ,0002320-83.2025.8.17.3110,2ª Vara Cível da Comarca de Pesqueira,08/06/2026,Prioridade Legal,21
6ª CC,0002748-36.2023.8.17.3110,2ª Vara Cível da Comarca de Pesqueira,09/06/2026,Prioridade Legal,20
6ª CC,0002953-65.2023.8.17.3110,2ª Vara Cível da Comarca de Pesqueira,11/06/2026,Prioridade Legal,18
5ª CCJ,0003195-92.2021.8.17.3110,2ª Vara Cível da Comarca de Pesqueira,26/05/2026,Prioridade Legal,34
5ª CCJ,0003835-61.2022.8.17.3110,2ª Vara Cível da Comarca de Pesqueira,10/06/2026,Prioridade Legal,19
5ª CCJ,0004061-32.2023.8.17.3110,2ª Vara Cível da Comarca de Pesqueira,27/05/2026,Prioridade Legal,33
5ª CCJ,0004099-15.2021.8.17.3110,2ª Vara Cível da Comarca de Pesqueira,17/06/2026,Prioridade Legal,12
5ª CCJ,0004991-84.2022.8.17.3110,2ª Vara Cível da Comarca de Pesqueira,27/05/2026,Prioridade Legal,33
5ª CCJ,0005058-15.2023.8.17.3110,2ª Vara Cível da Comarca de Pesqueira,17/06/2026,Prioridade Legal,12
6ª CC,0005705-10.2023.8.17.3110,2ª Vara Cível da Comarca de Pesqueira,09/06/2026,Prioridade Legal,20
6ª CC,0006625-81.2023.8.17.3110,2ª Vara Cível da Comarca de Pesqueira,10/06/2026,Prioridade Legal,19
1ª CCJ,0000087-30.2026.8.17.8235,Juizado Especial Cível e das Relações de Consumo e Criminal da Comarca de Pesqueira,06/05/2026,Prioridade Legal,54
1ª CCJ,0000190-74.2025.8.17.2220,Juizado Especial Cível e das Relações de Consumo e Criminal da Comarca de Pesqueira,15/06/2026,Prioridade Legal,14
1ª CCJ,0000194-74.2026.8.17.8235,Juizado Especial Cível e das Relações de Consumo e Criminal da Comarca de Pesqueira,29/05/2026,Prioridade Legal,31
1ª CCJ,0000199-96.2026.8.17.8235,Juizado Especial Cível e das Relações de Consumo e Criminal da Comarca de Pesqueira,02/06/2026,Prioridade Legal,27
1ª CCJ,0000202-22.2024.8.17.8235,Juizado Especial Cível e das Relações de Consumo e Criminal da Comarca de Pesqueira,28/05/2026,Prioridade Legal,32
1ª CCJ,0000251-92.2026.8.17.8235,Juizado Especial Cível e das Relações de Consumo e Criminal da Comarca de Pesqueira,15/06/2026,Prioridade Legal,14
1ª CCJ,0000667-02.2022.8.17.8235,Juizado Especial Cível e das Relações de Consumo e Criminal da Comarca de Pesqueira,15/06/2026,Prioridade Legal,14
1ª CCJ,0001018-67.2025.8.17.8235,Juizado Especial Cível e das Relações de Consumo e Criminal da Comarca de Pesqueira,18/05/2026,Prioridade Legal,42
2ª CC,0000037-52.2024.8.17.7110,Vara Criminal da Comarca de Pesqueira,18/06/2026,Prioridade Legal,0
2ª CC,0000097-85.2021.8.17.1110,Vara Criminal da Comarca de Pesqueira,18/06/2026,Sem prioridade,0
2ª CC,0002273-17.2022.8.17.3110,Vara Criminal da Comarca de Pesqueira,18/06/2026,Sem prioridade,0
1ª CCJ,0000005-03.2017.8.17.3130,1ª Vara Cível da Comarca de Petrolina,16/05/2026,Prioridade Legal,44
3ª CC,0000590-45.2023.8.17.3130,1ª Vara Cível da Comarca de Petrolina,16/06/2026,Sem prioridade,13
3ª CC,0005122-04.2019.8.17.3130,1ª Vara Cível da Comarca de Petrolina,02/06/2026,Prioridade Legal,27
3ª CC,0006760-72.2019.8.17.3130,1ª Vara Cível da Comarca de Petrolina,11/06/2026,Prioridade Legal,19
3ª CC,0009297-31.2025.8.17.3130,1ª Vara Cível da Comarca de Petrolina,16/06/2026,Sem prioridade,13
3ª CC,0011237-36.2022.8.17.3130,1ª Vara Cível da Comarca de Petrolina,01/06/2026,Sem prioridade,28
3ª CC,0012467-45.2024.8.17.3130,1ª Vara Cível da Comarca de Petrolina,11/06/2026,Prioridade Legal,18
3ª CC,0014131-14.2024.8.17.3130,1ª Vara Cível da Comarca de Petrolina,11/06/2026,Sem prioridade,18
3ª CC,0015471-61.2022.8.17.3130,1ª Vara Cível da Comarca de Petrolina,22/05/2026,Prioridade Legal,38
3ª CC,0016512-92.2024.8.17.3130,1ª Vara Cível da Comarca de Petrolina,11/06/2026,Prioridade Legal,18
3ª CC,0021924-04.2024.8.17.3130,1ª Vara Cível da Comarca de Petrolina,11/06/2026,Prioridade Legal,18
1ª CCJ,0001691-87.2025.8.17.8226,1º Juizado Especial Cível e das Relações de Consumo de Petrolina,28/04/2026,Prioridade Legal,62
1ª CCJ,0004478-89.2025.8.17.8226,1º Juizado Especial Cível e das Relações de Consumo de Petrolina,18/06/2026,Prioridade Legal,11
1ª CCJ,0006687-36.2022.8.17.8226,1º Juizado Especial Cível e das Relações de Consumo de Petrolina,28/04/2026,Prioridade Legal,62
1ª CCJ,0007786-41.2022.8.17.8226,1º Juizado Especial Cível e das Relações de Consumo de Petrolina,08/06/2026,Prioridade Legal,21
1ª CCJ,0008194-32.2022.8.17.8226,1º Juizado Especial Cível e das Relações de Consumo de Petrolina,19/06/2026,Prioridade Legal,10
1ª CCJ,0008848-19.2022.8.17.8226,1º Juizado Especial Cível e das Relações de Consumo de Petrolina,25/05/2026,Sem prioridade,35
1ª CCJ,0009342-44.2023.8.17.8226,1º Juizado Especial Cível e das Relações de Consumo de Petrolina,01/06/2026,Prioridade Legal,28
1ª CCJ,0009662-60.2024.8.17.8226,1º Juizado Especial Cível e das Relações de Consumo de Petrolina,14/05/2026,Prioridade Legal,46
1ª CCJ,0012141-26.2024.8.17.8226,1º Juizado Especial Cível e das Relações de Consumo de Petrolina,14/05/2026,Prioridade Legal,46
3ª CC,0001245-12.2026.8.17.3130,2ª Vara Cível da Comarca de Petrolina,09/06/2026,Prioridade Legal,20
1ª CCJ,0001908-97.2022.8.17.3130,2ª Vara Cível da Comarca de Petrolina,18/05/2026,Prioridade Legal,42
1ª CCJ,0002345-08.2014.8.17.1130,2ª Vara Cível da Comarca de Petrolina,04/06/2026,Sem prioridade,25
1ª CCJ,0003101-79.2024.8.17.3130,2ª Vara Cível da Comarca de Petrolina,11/06/2026,Sem prioridade,18
3ª CC,0004591-78.2020.8.17.3130,2ª Vara Cível da Comarca de Petrolina,14/06/2026,Super prioridade,15
3ª CC,0004759-17.2019.8.17.3130,2ª Vara Cível da Comarca de Petrolina,09/06/2026,Sem prioridade,20
3ª CC,0004763-10.2026.8.17.3130,2ª Vara Cível da Comarca de Petrolina,10/06/2026,Prioridade Legal,19
3ª CC,0006859-32.2025.8.17.3130,2ª Vara Cível da Comarca de Petrolina,17/06/2026,Prioridade Legal,12
1ª CCJ,0007342-28.2026.8.17.3130,2ª Vara Cível da Comarca de Petrolina,11/06/2026,Prioridade Legal,18
3ª CC,0007793-53.2026.8.17.3130,2ª Vara Cível da Comarca de Petrolina,10/06/2026,Prioridade Legal,19
3ª CC,0008162-47.2026.8.17.3130,2ª Vara Cível da Comarca de Petrolina,10/06/2026,Prioridade Legal,19
3ª CC,0008216-81.2024.8.17.3130,2ª Vara Cível da Comarca de Petrolina,11/06/2026,Prioridade Legal,18
3ª CC,0009547-35.2023.8.17.3130,2ª Vara Cível da Comarca de Petrolina,16/06/2026,Prioridade Legal,13
1ª CCJ,0012105-14.2022.8.17.3130,2ª Vara Cível da Comarca de Petrolina,22/05/2026,Prioridade Legal,38
1ª CCJ,0012373-05.2021.8.17.3130,2ª Vara Cível da Comarca de Petrolina,02/06/2026,Sem prioridade,27
3ª CC,0013592-48.2024.8.17.3130,2ª Vara Cível da Comarca de Petrolina,26/05/2026,Sem prioridade,34
3ª CC,0015371-04.2025.8.17.3130,2ª Vara Cível da Comarca de Petrolina,10/06/2026,Prioridade Legal,19
3ª CC,0017181-14.2025.8.17.3130,2ª Vara Cível da Comarca de Petrolina,10/06/2026,Prioridade Legal,19
3ª CC,0017251-31.2025.8.17.3130,2ª Vara Cível da Comarca de Petrolina,10/06/2026,Prioridade Legal,19
3ª CC,0018841-77.2024.8.17.3130,2ª Vara Cível da Comarca de Petrolina,14/06/2026,Prioridade Legal,15
3ª CC,0019020-74.2025.8.17.3130,2ª Vara Cível da Comarca de Petrolina,10/06/2026,Prioridade Legal,19
3ª CC,0009098-43.2024.8.17.3130,2ª Vara de Família e Registro Civil da Comarca de Petrolina,18/06/2026,Prioridade Legal,11
3ª CC,0009452-78.2018.8.17.3130,2ª Vara de Família e Registro Civil da Comarca de Petrolina,05/06/2026,Prioridade Legal,24
3ª CC,0011247-85.2019.8.17.3130,2ª Vara de Família e Registro Civil da Comarca de Petrolina,18/06/2026,Prioridade Legal,11
3ª CC,0013034-13.2023.8.17.3130,2ª Vara de Família e Registro Civil da Comarca de Petrolina,10/06/2026,Prioridade Legal,19
1ª CCJ,0003808-51.2025.8.17.8226,2º Juizado Especial Cível e das Relações de Consumo de Petrolina,19/06/2026,Prioridade Legal,10
1ª CCJ,0004725-70.2025.8.17.8226,2º Juizado Especial Cível e das Relações de Consumo de Petrolina,16/06/2026,Prioridade Legal,13
1ª CCJ,0005230-66.2022.8.17.8226,2º Juizado Especial Cível e das Relações de Consumo de Petrolina,16/06/2026,Prioridade Legal,13
1ª CCJ,0005865-42.2025.8.17.8226,2º Juizado Especial Cível e das Relações de Consumo de Petrolina,18/06/2026,Prioridade Legal,11
1ª CCJ,0006838-94.2025.8.17.8226,2º Juizado Especial Cível e das Relações de Consumo de Petrolina,13/05/2026,Prioridade Legal,47
1ª CCJ,0007006-96.2025.8.17.8226,2º Juizado Especial Cível e das Relações de Consumo de Petrolina,19/05/2026,Prioridade Legal,41
1ª CCJ,0007464-16.2025.8.17.8226,2º Juizado Especial Cível e das Relações de Consumo de Petrolina,04/06/2026,Prioridade Legal,25
3ª CC,0001622-22.2022.8.17.3130,3ª Vara Cível da Comarca de Petrolina,01/06/2026,Prioridade Legal,29
3ª CC,0002805-24.2016.8.17.1130,3ª Vara Cível da Comarca de Petrolina,25/05/2026,Sem prioridade,35
3ª CC,0010482-47.2012.8.17.1130,3ª Vara Cível da Comarca de Petrolina,15/06/2026,Sem prioridade,14
3ª CC,0010575-77.2019.8.17.3130,3ª Vara Cível da Comarca de Petrolina,12/06/2026,Sem prioridade,17
3ª CC,0011011-65.2021.8.17.3130,3ª Vara Cível da Comarca de Petrolina,01/06/2026,Prioridade Legal,28
3ª CC,0011523-14.2022.8.17.3130,3ª Vara Cível da Comarca de Petrolina,31/05/2026,Sem prioridade,29
1ª CCJ,0013613-24.2024.8.17.3130,3ª Vara Cível da Comarca de Petrolina,30/04/2026,Sem prioridade,61
3ª CC,0014061-95.2015.8.17.1130,3ª Vara Cível da Comarca de Petrolina,15/06/2026,Super prioridade,14
3ª CC,0015942-73.2016.8.17.1130,3ª Vara Cível da Comarca de Petrolina,12/06/2026,Sem prioridade,17
3ª CC,0019202-94.2024.8.17.3130,3ª Vara Cível da Comarca de Petrolina,09/06/2026,Prioridade Legal,20
3ª CC,0019312-93.2024.8.17.3130,3ª Vara Cível da Comarca de Petrolina,17/06/2026,Prioridade Legal,12
3ª CC,0021648-07.2023.8.17.3130,3ª Vara Cível da Comarca de Petrolina,11/06/2026,Prioridade Legal,18
1ª CCJ,0000184-57.2026.8.17.8226,3º Juizado Especial Cível e das Relações de Consumo de Petrolina,27/05/2026,Prioridade Legal,33
1ª CCJ,0000920-12.2025.8.17.8226,3º Juizado Especial Cível e das Relações de Consumo de Petrolina,16/06/2026,Prioridade Legal,13
1ª CCJ,0009647-91.2024.8.17.8226,3º Juizado Especial Cível e das Relações de Consumo de Petrolina,27/05/2026,Prioridade Legal,33
3ª CC,0000685-46.2021.8.17.3130,4ª Vara Cível da Comarca de Petrolina,18/06/2026,Sem prioridade,11
3ª CC,0000699-69.2017.8.17.3130,4ª Vara Cível da Comarca de Petrolina,05/06/2026,Sem prioridade,24
1ª CCJ,0000726-76.2022.8.17.3130,4ª Vara Cível da Comarca de Petrolina,05/06/2026,Prioridade Legal,24
3ª CC,0004761-42.2022.8.17.3110,4ª Vara Cível da Comarca de Petrolina,14/06/2026,Prioridade Legal,15
1ª CCJ,0006659-64.2021.8.17.3130,4ª Vara Cível da Comarca de Petrolina,20/05/2026,Sem prioridade,40
3ª CC,0007106-47.2024.8.17.3130,4ª Vara Cível da Comarca de Petrolina,14/06/2026,Sem prioridade,15
1ª CCJ,0007617-79.2023.8.17.3130,4ª Vara Cível da Comarca de Petrolina,05/06/2026,Prioridade Legal,24
1ª CCJ,0009380-82.2015.8.17.1130,4ª Vara Cível da Comarca de Petrolina,28/05/2026,Prioridade Legal,32
3ª CC,0009594-39.2016.8.17.1130,4ª Vara Cível da Comarca de Petrolina,01/06/2026,Sem prioridade,28
1ª CCJ,0011025-49.2021.8.17.3130,4ª Vara Cível da Comarca de Petrolina,05/06/2026,Prioridade Legal,24
3ª CC,0012801-79.2024.8.17.3130,4ª Vara Cível da Comarca de Petrolina,05/06/2026,Prioridade Legal,24
3ª CC,0018265-55.2022.8.17.3130,4ª Vara Cível da Comarca de Petrolina,05/06/2026,Prioridade Legal,24
3ª CC,0000441-59.2017.8.17.3130,5ª Vara Cível da Comarca de Petrolina,09/06/2026,Prioridade Legal,20
3ª CC,0001866-15.2014.8.17.1130,5ª Vara Cível da Comarca de Petrolina,02/06/2026,Sem prioridade,27
3ª CC,0002205-07.2022.8.17.3130,5ª Vara Cível da Comarca de Petrolina,31/05/2026,Prioridade Legal,29
3ª CC,0003938-03.2025.8.17.3130,5ª Vara Cível da Comarca de Petrolina,27/05/2026,Prioridade Legal,33
1ª CCJ,0006549-65.2021.8.17.3130,5ª Vara Cível da Comarca de Petrolina,16/05/2026,Prioridade Legal,44
3ª CC,0006613-17.2017.8.17.3130,5ª Vara Cível da Comarca de Petrolina,14/06/2026,Sem prioridade,15
3ª CC,0006917-69.2024.8.17.3130,5ª Vara Cível da Comarca de Petrolina,19/06/2026,Prioridade Legal,10
3ª CC,0007863-42.2015.8.17.1130,5ª Vara Cível da Comarca de Petrolina,05/06/2026,Prioridade Legal,24
3ª CC,0010418-36.2021.8.17.3130,5ª Vara Cível da Comarca de Petrolina,27/05/2026,Prioridade Legal,33
3ª CC,0013709-05.2025.8.17.3130,5ª Vara Cível da Comarca de Petrolina,19/06/2026,Prioridade Legal,10
1ª CCJ,0013721-88.2014.8.17.1130,5ª Vara Cível da Comarca de Petrolina,26/05/2026,Prioridade Legal,34
1ª CCJ,0014402-23.2024.8.17.3130,5ª Vara Cível da Comarca de Petrolina,25/05/2026,Prioridade Legal,36
3ª CC,0014999-89.2024.8.17.3130,5ª Vara Cível da Comarca de Petrolina,10/06/2026,Prioridade Legal,19
1ª CCJ,0018069-17.2024.8.17.3130,5ª Vara Cível da Comarca de Petrolina,03/06/2026,Prioridade Legal,26
4ª CC,0000053-88.2019.8.17.3130,Vara da Fazenda Pública da Comarca de Petrolina,09/06/2026,Sem prioridade,20
4ª CC,0000058-03.2025.8.17.3130,Vara da Fazenda Pública da Comarca de Petrolina,09/06/2026,Prioridade Legal,20
4ª CC,0000095-30.2025.8.17.3130,Vara da Fazenda Pública da Comarca de Petrolina,21/06/2026,Super prioridade,8
2ª CCJ,0000218-05.2018.8.17.3120,Vara da Fazenda Pública da Comarca de Petrolina,20/05/2026,Prioridade Legal,40
2ª CCJ,0000277-55.2021.8.17.3130,Vara da Fazenda Pública da Comarca de Petrolina,18/06/2026,Prioridade Legal,11
2ª CCJ,0000488-33.2017.8.17.3130,Vara da Fazenda Pública da Comarca de Petrolina,18/05/2026,Prioridade Legal,43
2ª CCJ,0000553-57.2019.8.17.3130,Vara da Fazenda Pública da Comarca de Petrolina,22/05/2026,Sem prioridade,39
2ª CCJ,0000710-59.2021.8.17.3130,Vara da Fazenda Pública da Comarca de Petrolina,14/05/2026,Prioridade Legal,46
4ª CC,0000747-47.2025.8.17.3130,Vara da Fazenda Pública da Comarca de Petrolina,19/06/2026,Prioridade Legal,10
2ª CCJ,0000787-05.2020.8.17.3130,Vara da Fazenda Pública da Comarca de Petrolina,27/05/2026,Prioridade Legal,33
2ª CCJ,0000944-12.2019.8.17.3130,Vara da Fazenda Pública da Comarca de Petrolina,15/06/2026,Prioridade Legal,14
2ª CCJ,0001101-19.2018.8.17.3130,Vara da Fazenda Pública da Comarca de Petrolina,10/06/2026,Prioridade Legal,19
2ª CCJ,0001122-24.2020.8.17.3130,Vara da Fazenda Pública da Comarca de Petrolina,20/05/2026,Prioridade Legal,40
2ª CCJ,0001178-62.2017.8.17.3130,Vara da Fazenda Pública da Comarca de Petrolina,09/06/2026,Prioridade Legal,20
4ª CC,0001270-93.2024.8.17.3130,Vara da Fazenda Pública da Comarca de Petrolina,09/06/2026,Prioridade Legal,20
2ª CCJ,0001315-44.2017.8.17.3130,Vara da Fazenda Pública da Comarca de Petrolina,07/05/2026,Prioridade Legal,53
2ª CCJ,0001586-82.2019.8.17.3130,Vara da Fazenda Pública da Comarca de Petrolina,16/06/2026,Prioridade Legal,13
2ª CCJ,0001591-41.2018.8.17.3130,Vara da Fazenda Pública da Comarca de Petrolina,11/06/2026,Prioridade Legal,18
2ª CCJ,0001665-27.2020.8.17.3130,Vara da Fazenda Pública da Comarca de Petrolina,20/05/2026,Prioridade Legal,40
2ª CCJ,0001920-82.2020.8.17.3130,Vara da Fazenda Pública da Comarca de Petrolina,06/05/2026,Prioridade Legal,54
4ª CC,0001995-88.2012.8.17.1130,Vara da Fazenda Pública da Comarca de Petrolina,17/06/2026,Sem prioridade,12
2ª CCJ,0002184-02.2020.8.17.3130,Vara da Fazenda Pública da Comarca de Petrolina,20/05/2026,Prioridade Legal,40
2ª CCJ,0002402-30.2020.8.17.3130,Vara da Fazenda Pública da Comarca de Petrolina,20/05/2026,Prioridade Legal,40
4ª CC,0002826-38.2021.8.17.3130,Vara da Fazenda Pública da Comarca de Petrolina,21/06/2026,Sem prioridade,8
2ª CCJ,0002962-69.2020.8.17.3130,Vara da Fazenda Pública da Comarca de Petrolina,05/06/2026,Prioridade Legal,24
4ª CC,0003147-35.2016.8.17.1130,Vara da Fazenda Pública da Comarca de Petrolina,12/06/2026,Sem prioridade,17
4ª CC,0003208-31.2021.8.17.3130,Vara da Fazenda Pública da Comarca de Petrolina,17/06/2026,Sem prioridade,12
2ª CCJ,0004052-78.2021.8.17.3130,Vara da Fazenda Pública da Comarca de Petrolina,08/06/2026,Prioridade Legal,21
2ª CCJ,0004594-67.2019.8.17.3130,Vara da Fazenda Pública da Comarca de Petrolina,08/06/2026,Prioridade Legal,21
4ª CC,0004751-64.2024.8.17.3130,Vara da Fazenda Pública da Comarca de Petrolina,15/06/2026,Prioridade Legal,14
2ª CCJ,0004874-38.2019.8.17.3130,Vara da Fazenda Pública da Comarca de Petrolina,20/05/2026,Sem prioridade,40
2ª CCJ,0005160-17.2010.8.17.1130,Vara da Fazenda Pública da Comarca de Petrolina,08/05/2026,Sem prioridade,52
2ª CCJ,0005337-72.2022.8.17.3130,Vara da Fazenda Pública da Comarca de Petrolina,20/05/2026,Prioridade Legal,40
4ª CC,0005609-42.2017.8.17.3130,Vara da Fazenda Pública da Comarca de Petrolina,19/06/2026,Sem prioridade,10
2ª CCJ,0005613-06.2022.8.17.3130,Vara da Fazenda Pública da Comarca de Petrolina,09/06/2026,Sem prioridade,20
2ª CCJ,0005759-23.2017.8.17.3130,Vara da Fazenda Pública da Comarca de Petrolina,12/06/2026,Prioridade Legal,17
2ª CCJ,0005901-56.2019.8.17.3130,Vara da Fazenda Pública da Comarca de Petrolina,27/05/2026,Prioridade Legal,33
2ª CCJ,0005927-54.2019.8.17.3130,Vara da Fazenda Pública da Comarca de Petrolina,20/05/2026,Sem prioridade,40
2ª CCJ,0006223-76.2019.8.17.3130,Vara da Fazenda Pública da Comarca de Petrolina,29/05/2026,Prioridade Legal,31
2ª CCJ,0007152-46.2018.8.17.3130,Vara da Fazenda Pública da Comarca de Petrolina,21/06/2026,Sem prioridade,8
2ª CCJ,0007411-41.2018.8.17.3130,Vara da Fazenda Pública da Comarca de Petrolina,10/06/2026,Prioridade Legal,20
2ª CCJ,0007451-86.2019.8.17.3130,Vara da Fazenda Pública da Comarca de Petrolina,16/06/2026,Prioridade Legal,13
2ª CCJ,0007623-28.2019.8.17.3130,Vara da Fazenda Pública da Comarca de Petrolina,27/05/2026,Prioridade Legal,33
2ª CCJ,0007629-69.2018.8.17.3130,Vara da Fazenda Pública da Comarca de Petrolina,12/06/2026,Prioridade Legal,17
2ª CCJ,0007736-79.2019.8.17.3130,Vara da Fazenda Pública da Comarca de Petrolina,10/06/2026,Prioridade Legal,19
2ª CCJ,0007742-86.2019.8.17.3130,Vara da Fazenda Pública da Comarca de Petrolina,29/05/2026,Prioridade Legal,31
2ª CCJ,0007814-10.2018.8.17.3130,Vara da Fazenda Pública da Comarca de Petrolina,17/06/2026,Prioridade Legal,12
2ª CCJ,0007900-73.2021.8.17.3130,Vara da Fazenda Pública da Comarca de Petrolina,21/05/2026,Prioridade Legal,39
4ª CC,0007922-63.2023.8.17.3130,Vara da Fazenda Pública da Comarca de Petrolina,09/06/2026,Prioridade Legal,20
4ª CC,0008057-75.2023.8.17.3130,Vara da Fazenda Pública da Comarca de Petrolina,12/06/2026,Prioridade Legal,17
2ª CCJ,0008253-16.2021.8.17.3130,Vara da Fazenda Pública da Comarca de Petrolina,18/06/2026,Prioridade Legal,11
2ª CCJ,0008773-78.2018.8.17.3130,Vara da Fazenda Pública da Comarca de Petrolina,10/06/2026,Prioridade Legal,19
4ª CC,0008962-12.2025.8.17.3130,Vara da Fazenda Pública da Comarca de Petrolina,08/06/2026,Prioridade Legal,21
4ª CC,0009811-91.2019.8.17.3130,Vara da Fazenda Pública da Comarca de Petrolina,17/06/2026,Sem prioridade,12
2ª CCJ,0009833-52.2019.8.17.3130,Vara da Fazenda Pública da Comarca de Petrolina,17/06/2026,Prioridade Legal,12
4ª CC,0010281-84.2014.8.17.1130,Vara da Fazenda Pública da Comarca de Petrolina,09/06/2026,Prioridade Legal,20
4ª CC,0010454-78.2021.8.17.3130,Vara da Fazenda Pública da Comarca de Petrolina,17/06/2026,Sem prioridade,12
2ª CCJ,0010580-31.2021.8.17.3130,Vara da Fazenda Pública da Comarca de Petrolina,03/06/2026,Sem prioridade,26
4ª CC,0011042-52.2013.8.17.1130,Vara da Fazenda Pública da Comarca de Petrolina,18/06/2026,Super prioridade,11
2ª CCJ,0011720-71.2019.8.17.3130,Vara da Fazenda Pública da Comarca de Petrolina,07/05/2026,Prioridade Legal,54
4ª CC,0012595-03.2014.8.17.1130,Vara da Fazenda Pública da Comarca de Petrolina,10/06/2026,Sem prioridade,20
4ª CC,0012894-77.2014.8.17.1130,Vara da Fazenda Pública da Comarca de Petrolina,12/06/2026,Sem prioridade,18
2ª CCJ,0013172-48.2021.8.17.3130,Vara da Fazenda Pública da Comarca de Petrolina,18/06/2026,Prioridade Legal,11
4ª CC,0013523-51.2014.8.17.1130,Vara da Fazenda Pública da Comarca de Petrolina,17/06/2026,Sem prioridade,13
4ª CC,0013573-77.2014.8.17.1130,Vara da Fazenda Pública da Comarca de Petrolina,09/06/2026,Sem prioridade,20
4ª CC,0013967-84.2014.8.17.1130,Vara da Fazenda Pública da Comarca de Petrolina,18/06/2026,Sem prioridade,11
2ª CCJ,0014225-93.2023.8.17.3130,Vara da Fazenda Pública da Comarca de Petrolina,25/05/2026,Sem prioridade,35
2ª CCJ,0014631-85.2021.8.17.3130,Vara da Fazenda Pública da Comarca de Petrolina,05/05/2026,Prioridade Legal,55
2ª CCJ,0016930-98.2022.8.17.3130,Vara da Fazenda Pública da Comarca de Petrolina,10/06/2026,Sem prioridade,19
2ª CCJ,0017465-90.2023.8.17.3130,Vara da Fazenda Pública da Comarca de Petrolina,20/05/2026,Prioridade Legal,40
2ª CCJ,0019758-67.2022.8.17.3130,Vara da Fazenda Pública da Comarca de Petrolina,17/06/2026,Prioridade Legal,12
2ª CCJ,0020736-73.2024.8.17.3130,Vara da Fazenda Pública da Comarca de Petrolina,07/06/2026,Prioridade Legal,22
2ª CCJ,0024548-60.2023.8.17.3130,Vara da Fazenda Pública da Comarca de Petrolina,18/06/2026,Prioridade Legal,11
2ª CCJ,0027971-28.2023.8.17.3130,Vara da Fazenda Pública da Comarca de Petrolina,28/05/2026,Prioridade Legal,32
7ª CC,0000112-05.2019.8.17.1440,1ª Vara da Comarca de Petrolândia,23/04/2026,Sem prioridade,0
6ª CCJ,0000177-78.2011.8.17.1440,1ª Vara da Comarca de Petrolândia,09/06/2026,Sem prioridade,21
7ª CC,0000181-51.2019.8.17.3440,1ª Vara da Comarca de Petrolândia,16/06/2026,Prioridade Legal,13
6ª CCJ,0000213-71.2015.8.17.1120,1ª Vara da Comarca de Petrolândia,18/06/2026,Prioridade Legal,11
6ª CCJ,0000236-17.2015.8.17.1120,1ª Vara da Comarca de Petrolândia,03/06/2026,Prioridade Legal,26
6ª CCJ,0000392-14.2018.8.17.3120,1ª Vara da Comarca de Petrolândia,08/06/2026,Prioridade Legal,22
6ª CCJ,0000510-58.2022.8.17.3440,1ª Vara da Comarca de Petrolândia,12/06/2026,Prioridade Legal,17
6ª CCJ,0000609-48.2015.8.17.1120,1ª Vara da Comarca de Petrolândia,02/06/2026,Sem prioridade,27
6ª CCJ,0000632-91.2015.8.17.1120,1ª Vara da Comarca de Petrolândia,09/06/2026,Prioridade Legal,20
6ª CCJ,0000644-08.2015.8.17.1120,1ª Vara da Comarca de Petrolândia,09/06/2026,Prioridade Legal,20
6ª CCJ,0000819-11.2018.8.17.3120,1ª Vara da Comarca de Petrolândia,07/06/2026,Prioridade Legal,22
7ª CC,0000840-21.2017.8.17.3120,1ª Vara da Comarca de Petrolândia,17/06/2026,Sem prioridade,12
6ª CCJ,0001123-35.2014.8.17.1120,1ª Vara da Comarca de Petrolândia,10/06/2026,Prioridade Legal,19
6ª CCJ,0001129-42.2014.8.17.1120,1ª Vara da Comarca de Petrolândia,10/06/2026,Prioridade Legal,19
7ª CC,0001152-84.2023.8.17.3120,1ª Vara da Comarca de Petrolândia,12/06/2026,Prioridade Legal,17
7ª CC,0001199-92.2022.8.17.3120,1ª Vara da Comarca de Petrolândia,14/06/2026,Prioridade Legal,15
6ª CCJ,0001280-08.2014.8.17.1120,1ª Vara da Comarca de Petrolândia,12/06/2026,Prioridade Legal,17
6ª CCJ,0001395-29.2014.8.17.1120,1ª Vara da Comarca de Petrolândia,11/06/2026,Prioridade Legal,18
6ª CCJ,0001411-12.2016.8.17.1120,1ª Vara da Comarca de Petrolândia,09/06/2026,Sem prioridade,21
6ª CCJ,0001431-71.2014.8.17.1120,1ª Vara da Comarca de Petrolândia,19/06/2026,Prioridade Legal,10
7ª CC,0001531-25.2023.8.17.3120,1ª Vara da Comarca de Petrolândia,17/06/2026,Sem prioridade,12
7ª CC,0001751-56.2023.8.17.4370,1ª Vara da Comarca de Petrolândia,12/06/2026,Sem prioridade,0
7ª CC,0002606-65.2024.8.17.3120,1ª Vara da Comarca de Petrolândia,19/06/2026,Prioridade Legal,10
7ª CC,0002738-25.2024.8.17.3120,1ª Vara da Comarca de Petrolândia,18/06/2026,Prioridade Legal,11
7ª CC,0000349-44.2010.8.17.1120,2ª Vara da Comarca de Petrolândia,16/06/2026,Sem prioridade,13
6ª CCJ,0000356-98.2020.8.17.3120,2ª Vara da Comarca de Petrolândia,08/06/2026,Prioridade Legal,21
7ª CC,0000552-92.2025.8.17.3120,2ª Vara da Comarca de Petrolândia,21/06/2026,Prioridade Legal,9
7ª CC,0000573-84.2007.8.17.1120,2ª Vara da Comarca de Petrolândia,21/06/2026,Prioridade Legal,9
6ª CCJ,0000623-66.2014.8.17.1120,2ª Vara da Comarca de Petrolândia,02/06/2026,Sem prioridade,27
7ª CC,0000878-33.2017.8.17.3120,2ª Vara da Comarca de Petrolândia,19/06/2026,Prioridade Legal,10
7ª CC,0001068-15.2025.8.17.3120,2ª Vara da Comarca de Petrolândia,14/06/2026,Sem prioridade,16
6ª CCJ,0001093-97.2014.8.17.1120,2ª Vara da Comarca de Petrolândia,17/06/2026,Prioridade Legal,12
7ª CC,0001188-97.2021.8.17.3120,2ª Vara da Comarca de Petrolândia,14/06/2026,Prioridade Legal,16
7ª CC,0001307-53.2024.8.17.3120,2ª Vara da Comarca de Petrolândia,21/06/2026,Prioridade Legal,9
6ª CCJ,0001310-71.2025.8.17.3120,2ª Vara da Comarca de Petrolândia,01/06/2026,Prioridade Legal,28
7ª CC,0001346-16.2025.8.17.3120,2ª Vara da Comarca de Petrolândia,17/06/2026,Sem prioridade,12
7ª CC,0001594-84.2022.8.17.3120,2ª Vara da Comarca de Petrolândia,17/06/2026,Prioridade Legal,12
7ª CC,0001710-23.2015.8.17.1120,2ª Vara da Comarca de Petrolândia,19/06/2026,Prioridade Legal,10
7ª CC,0001819-02.2025.8.17.3120,2ª Vara da Comarca de Petrolândia,14/06/2026,Prioridade Legal,16
7ª CC,0001915-17.2025.8.17.3120,2ª Vara da Comarca de Petrolândia,15/06/2026,Prioridade Legal,14
6ª CCJ,0002099-07.2024.8.17.3120,2ª Vara da Comarca de Petrolândia,19/06/2026,Prioridade Legal,10
7ª CC,0002344-52.2023.8.17.3120,2ª Vara da Comarca de Petrolândia,15/06/2026,Prioridade Legal,14
4ª CCJ,0000047-11.2025.8.17.3150,Vara Única da Comarca de Pombos,04/06/2026,Sem prioridade,25
5ª CC,0000065-71.2021.8.17.3150,Vara Única da Comarca de Pombos,01/06/2026,Prioridade Legal,28
5ª CC,0000095-09.2021.8.17.3150,Vara Única da Comarca de Pombos,12/06/2026,Sem prioridade,17
5ª CC,0000122-56.2013.8.17.1150,Vara Única da Comarca de Pombos,29/05/2026,Sem prioridade,31
4ª CCJ,0000152-95.2019.8.17.3150,Vara Única da Comarca de Pombos,27/05/2026,Prioridade Legal,33
5ª CC,0000186-94.2024.8.17.3150,Vara Única da Comarca de Pombos,15/06/2026,Prioridade Legal,14
5ª CC,0000246-78.2009.8.17.1150,Vara Única da Comarca de Pombos,05/06/2026,Prioridade Legal,25
4ª CCJ,0000346-57.2014.8.17.1150,Vara Única da Comarca de Pombos,19/06/2026,Prioridade Legal,10
4ª CCJ,0000421-71.2018.8.17.3150,Vara Única da Comarca de Pombos,22/05/2026,Prioridade Legal,38
4ª CCJ,0000436-40.2018.8.17.3150,Vara Única da Comarca de Pombos,27/05/2026,Prioridade Legal,33
5ª CC,0000472-54.2023.8.17.4590,Vara Única da Comarca de Pombos,04/06/2026,Prioridade Legal,0
4ª CCJ,0000503-68.2019.8.17.3150,Vara Única da Comarca de Pombos,02/06/2026,Prioridade Legal,27
5ª CC,0000544-94.2014.8.17.1150,Vara Única da Comarca de Pombos,08/06/2026,Super prioridade,21
5ª CC,0000589-68.2021.8.17.3150,Vara Única da Comarca de Pombos,18/06/2026,Prioridade Legal,0
4ª CCJ,0000689-24.2012.8.17.1150,Vara Única da Comarca de Pombos,03/06/2026,Prioridade Legal,26
5ª CC,0000815-06.2014.8.17.1150,Vara Única da Comarca de Pombos,01/06/2026,Sem prioridade,28
4ª CCJ,0000861-57.2024.8.17.3150,Vara Única da Comarca de Pombos,01/06/2026,Prioridade Legal,28
5ª CC,0000892-82.2021.8.17.3150,Vara Única da Comarca de Pombos,05/06/2026,Prioridade Legal,0
5ª CC,0000959-42.2024.8.17.3150,Vara Única da Comarca de Pombos,12/06/2026,Prioridade Legal,17
5ª CC,0000986-60.2014.8.17.1150,Vara Única da Comarca de Pombos,05/06/2026,Sem prioridade,25
5ª CC,0001323-48.2023.8.17.3150,Vara Única da Comarca de Pombos,19/06/2026,Sem prioridade,10
5ª CC,0001465-52.2023.8.17.3150,Vara Única da Comarca de Pombos,19/06/2026,Prioridade Legal,10
5ª CC,0001486-28.2023.8.17.3150,Vara Única da Comarca de Pombos,19/06/2026,Prioridade Legal,10
5ª CC,0034067-80.2025.8.17.2001,Vara Única da Comarca de Pombos,04/06/2026,Prioridade Legal,25
5ª CC,0000077-78.2021.8.17.6030,Vara Única da Comarca de Quipapá,04/06/2026,Prioridade Legal,0
5ª CC,0000104-76.2019.8.17.3170,Vara Única da Comarca de Quipapá,12/06/2026,Prioridade Legal,17
5ª CC,0000261-73.2024.8.17.3170,Vara Única da Comarca de Quipapá,29/05/2026,Prioridade Legal,31
5ª CC,0000268-61.2018.8.17.1170,Vara Única da Comarca de Quipapá,17/06/2026,Prioridade Legal,0
5ª CC,0000293-44.2025.8.17.3170,Vara Única da Comarca de Quipapá,27/05/2026,Prioridade Legal,33
5ª CC,0000337-63.2025.8.17.3170,Vara Única da Comarca de Quipapá,05/06/2026,Prioridade Legal,24
2ª CC,0003696-55.2022.8.17.4001,10ª Vara Criminal da Capital,17/06/2026,Prioridade Legal,0
2ª CC,0004049-90.2025.8.17.4001,10ª Vara Criminal da Capital,15/06/2026,Prioridade Legal,0
2ª CC,0006401-89.2023.8.17.4001,10ª Vara Criminal da Capital,19/06/2026,Sem prioridade,0
3ª CC,0035672-03.2021.8.17.2001,10ª Vara de Família e Registro Civil da Capital,27/05/2026,Prioridade Legal,33
3ª CC,0064034-73.2025.8.17.2001,10ª Vara de Família e Registro Civil da Capital,17/06/2026,Prioridade Legal,12
3ª CCJ,0087672-77.2021.8.17.2001,10ª Vara de Família e Registro Civil da Capital,18/06/2026,Sem prioridade,11
3ª CC,0109552-86.2025.8.17.2001,10ª Vara de Família e Registro Civil da Capital,10/06/2026,Prioridade Legal,19
1ª CCJ,0000256-22.2026.8.17.8201,10º Juizado Especial Cível e das Relações de Consumo da Capital - Turno Tarde - 13:00h às 19:00h,19/05/2026,Prioridade Legal,41
1ª CCJ,0001590-91.2026.8.17.8201,10º Juizado Especial Cível e das Relações de Consumo da Capital - Turno Tarde - 13:00h às 19:00h,04/05/2026,Prioridade Legal,56
1ª CCJ,0003636-53.2026.8.17.8201,10º Juizado Especial Cível e das Relações de Consumo da Capital - Turno Tarde - 13:00h às 19:00h,15/06/2026,Prioridade Legal,14
1ª CCJ,0005304-59.2026.8.17.8201,10º Juizado Especial Cível e das Relações de Consumo da Capital - Turno Tarde - 13:00h às 19:00h,29/05/2026,Prioridade Legal,31
1ª CCJ,0005609-43.2026.8.17.8201,10º Juizado Especial Cível e das Relações de Consumo da Capital - Turno Tarde - 13:00h às 19:00h,09/06/2026,Prioridade Legal,20
1ª CCJ,0011418-82.2024.8.17.8201,10º Juizado Especial Cível e das Relações de Consumo da Capital - Turno Tarde - 13:00h às 19:00h,07/05/2026,Prioridade Legal,53
1ª CCJ,0014662-82.2025.8.17.8201,10º Juizado Especial Cível e das Relações de Consumo da Capital - Turno Tarde - 13:00h às 19:00h,26/05/2026,Prioridade Legal,34
1ª CCJ,0018369-58.2025.8.17.8201,10º Juizado Especial Cível e das Relações de Consumo da Capital - Turno Tarde - 13:00h às 19:00h,05/05/2026,Prioridade Legal,55
1ª CCJ,0025303-66.2024.8.17.8201,10º Juizado Especial Cível e das Relações de Consumo da Capital - Turno Tarde - 13:00h às 19:00h,26/05/2026,Prioridade Legal,34
1ª CCJ,0025575-26.2025.8.17.8201,10º Juizado Especial Cível e das Relações de Consumo da Capital - Turno Tarde - 13:00h às 19:00h,04/05/2026,Prioridade Legal,56
1ª CCJ,0026790-37.2025.8.17.8201,10º Juizado Especial Cível e das Relações de Consumo da Capital - Turno Tarde - 13:00h às 19:00h,17/06/2026,Prioridade Legal,12
1ª CCJ,0044771-16.2024.8.17.8201,10º Juizado Especial Cível e das Relações de Consumo da Capital - Turno Tarde - 13:00h às 19:00h,26/05/2026,Prioridade Legal,34
1ª CCJ,0045632-65.2025.8.17.8201,10º Juizado Especial Cível e das Relações de Consumo da Capital - Turno Tarde - 13:00h às 19:00h,26/05/2026,Prioridade Legal,34
1ª CCJ,0046748-43.2024.8.17.8201,10º Juizado Especial Cível e das Relações de Consumo da Capital - Turno Tarde - 13:00h às 19:00h,08/06/2026,Prioridade Legal,21
1ª CCJ,0047778-79.2025.8.17.8201,10º Juizado Especial Cível e das Relações de Consumo da Capital - Turno Tarde - 13:00h às 19:00h,15/06/2026,Prioridade Legal,14
1ª CCJ,0050879-27.2025.8.17.8201,10º Juizado Especial Cível e das Relações de Consumo da Capital - Turno Tarde - 13:00h às 19:00h,04/05/2026,Prioridade Legal,56
1ª CCJ,0051567-72.2014.8.17.8201,10º Juizado Especial Cível e das Relações de Consumo da Capital - Turno Tarde - 13:00h às 19:00h,09/06/2026,Prioridade Legal,20
1ª CCJ,0053910-55.2025.8.17.8201,10º Juizado Especial Cível e das Relações de Consumo da Capital - Turno Tarde - 13:00h às 19:00h,29/04/2026,Prioridade Legal,61
1ª CCJ,0059361-32.2023.8.17.8201,10º Juizado Especial Cível e das Relações de Consumo da Capital - Turno Tarde - 13:00h às 19:00h,15/06/2026,Prioridade Legal,14
3ª CC,0000066-35.2026.8.17.2001,11ª Vara de Família e Registro Civil da Capital,05/06/2026,Prioridade Legal,24
3ª CCJ,0022462-06.2026.8.17.2001,11ª Vara de Família e Registro Civil da Capital,04/06/2026,Super prioridade,25
3ª CCJ,0055531-98.2015.8.17.0001,11ª Vara de Família e Registro Civil da Capital,08/06/2026,Sem prioridade,21
3ª CCJ,0071778-90.2023.8.17.2001,11ª Vara de Família e Registro Civil da Capital,19/06/2026,Prioridade Legal,10
3ª CCJ,0102065-12.2018.8.17.2001,11ª Vara de Família e Registro Civil da Capital,17/06/2026,Prioridade Legal,12
3ª CCJ,0134611-81.2022.8.17.2001,11ª Vara de Família e Registro Civil da Capital,03/06/2026,Prioridade Legal,27
3ª CCJ,0139197-93.2024.8.17.2001,11ª Vara de Família e Registro Civil da Capital,19/06/2026,Super prioridade,10
3ª CC,0143706-67.2024.8.17.2001,11ª Vara de Família e Registro Civil da Capital,15/06/2026,Prioridade Legal,14
1ª CCJ,0011188-06.2025.8.17.8201,11º Juizado Especial Cível e das Relações de Consumo da Capital - Turno Tarde - 13:00h às 19:00h,30/04/2026,Prioridade Legal,60
1ª CCJ,0012043-19.2024.8.17.8201,11º Juizado Especial Cível e das Relações de Consumo da Capital - Turno Tarde - 13:00h às 19:00h,25/05/2026,Prioridade Legal,35
1ª CCJ,0012542-71.2022.8.17.8201,11º Juizado Especial Cível e das Relações de Consumo da Capital - Turno Tarde - 13:00h às 19:00h,17/06/2026,Prioridade Legal,12
1ª CCJ,0016531-80.2025.8.17.8201,11º Juizado Especial Cível e das Relações de Consumo da Capital - Turno Tarde - 13:00h às 19:00h,04/05/2026,Prioridade Legal,56
1ª CCJ,0027529-44.2024.8.17.8201,11º Juizado Especial Cível e das Relações de Consumo da Capital - Turno Tarde - 13:00h às 19:00h,18/06/2026,Prioridade Legal,11
1ª CCJ,0033811-98.2024.8.17.8201,11º Juizado Especial Cível e das Relações de Consumo da Capital - Turno Tarde - 13:00h às 19:00h,04/05/2026,Prioridade Legal,56
1ª CCJ,0034401-75.2024.8.17.8201,11º Juizado Especial Cível e das Relações de Consumo da Capital - Turno Tarde - 13:00h às 19:00h,17/06/2026,Prioridade Legal,12
1ª CCJ,0035178-94.2023.8.17.8201,11º Juizado Especial Cível e das Relações de Consumo da Capital - Turno Tarde - 13:00h às 19:00h,17/06/2026,Prioridade Legal,12
1ª CCJ,0037346-98.2025.8.17.8201,11º Juizado Especial Cível e das Relações de Consumo da Capital - Turno Tarde - 13:00h às 19:00h,30/04/2026,Prioridade Legal,60
1ª CCJ,0043601-72.2025.8.17.8201,11º Juizado Especial Cível e das Relações de Consumo da Capital - Turno Tarde - 13:00h às 19:00h,26/05/2026,Prioridade Legal,34
1ª CCJ,0043958-86.2024.8.17.8201,11º Juizado Especial Cível e das Relações de Consumo da Capital - Turno Tarde - 13:00h às 19:00h,04/05/2026,Prioridade Legal,56
1ª CCJ,0044430-63.2019.8.17.8201,11º Juizado Especial Cível e das Relações de Consumo da Capital - Turno Tarde - 13:00h às 19:00h,26/05/2026,Sem prioridade,34
1ª CCJ,0044532-75.2025.8.17.8201,11º Juizado Especial Cível e das Relações de Consumo da Capital - Turno Tarde - 13:00h às 19:00h,19/06/2026,Prioridade Legal,10
1ª CCJ,0045080-42.2021.8.17.8201,11º Juizado Especial Cível e das Relações de Consumo da Capital - Turno Tarde - 13:00h às 19:00h,17/06/2026,Sem prioridade,12
1ª CCJ,0047322-03.2023.8.17.8201,11º Juizado Especial Cível e das Relações de Consumo da Capital - Turno Tarde - 13:00h às 19:00h,29/05/2026,Prioridade Legal,31
1ª CCJ,0052733-27.2023.8.17.8201,11º Juizado Especial Cível e das Relações de Consumo da Capital - Turno Tarde - 13:00h às 19:00h,17/06/2026,Sem prioridade,12
1ª CCJ,0053239-32.2025.8.17.8201,11º Juizado Especial Cível e das Relações de Consumo da Capital - Turno Tarde - 13:00h às 19:00h,17/06/2026,Prioridade Legal,12
2ª CC,0000647-47.2021.8.17.5001,12ª Vara Criminal da Capital,18/06/2026,Sem prioridade,0
2ª CC,0000681-21.2020.8.17.0001,12ª Vara Criminal da Capital,18/06/2026,Sem prioridade,0
2ª CC,0012975-13.2017.8.17.0001,12ª Vara Criminal da Capital,17/06/2026,Sem prioridade,0
3ª CC,0000551-69.2025.8.17.2001,12ª Vara de Família e Registro Civil da Capital,26/05/2026,Prioridade Legal,34
3ª CC,0025027-50.2020.8.17.2001,12ª Vara de Família e Registro Civil da Capital,03/06/2026,Prioridade Legal,26
3ª CCJ,0044247-73.2016.8.17.2001,12ª Vara de Família e Registro Civil da Capital,27/05/2026,Prioridade Legal,34
3ª CC,0047009-81.2024.8.17.2001,12ª Vara de Família e Registro Civil da Capital,18/06/2026,Prioridade Legal,11
3ª CC,0067007-98.2025.8.17.2001,12ª Vara de Família e Registro Civil da Capital,10/06/2026,Prioridade Legal,19
3ª CC,0101404-86.2025.8.17.2001,12ª Vara de Família e Registro Civil da Capital,10/06/2026,Prioridade Legal,19
3ª CC,0113620-84.2022.8.17.2001,12ª Vara de Família e Registro Civil da Capital,11/06/2026,Prioridade Legal,18
2ª CC,0001378-38.2024.8.17.5001,13ª Vara Criminal da Capital,19/06/2026,Prioridade Legal,0
2ª CC,0004851-25.2024.8.17.4001,13ª Vara Criminal da Capital,19/06/2026,Prioridade Legal,0
2ª CC,0045587-14.2011.8.17.0001,13ª Vara Criminal da Capital,19/06/2026,Sem prioridade,0
2ª CC,0139381-83.2023.8.17.2001,13ª Vara Criminal da Capital,18/06/2026,Sem prioridade,0
3ª CCJ,0007705-75.2024.8.17.2001,13ª Vara de Família e Registro Civil da Capital,17/06/2026,Sem prioridade,12
3ª CC,0025506-38.2023.8.17.2001,13ª Vara de Família e Registro Civil da Capital,04/06/2026,Prioridade Legal,25
3ª CC,0108891-44.2024.8.17.2001,13ª Vara de Família e Registro Civil da Capital,17/06/2026,Prioridade Legal,13
3ª CC,0124688-60.2024.8.17.2001,13ª Vara de Família e Registro Civil da Capital,25/05/2026,Prioridade Legal,35
1ª CCJ,0002927-18.2026.8.17.8201,13º Juizado Especial Cível e das Relações de Consumo da Capital - Turno Tarde - 13:00h às 19:00h,04/06/2026,Prioridade Legal,25
1ª CCJ,0008727-27.2026.8.17.8201,13º Juizado Especial Cível e das Relações de Consumo da Capital - Turno Tarde - 13:00h às 19:00h,20/05/2026,Sem prioridade,40
1ª CCJ,0011916-81.2024.8.17.8201,13º Juizado Especial Cível e das Relações de Consumo da Capital - Turno Tarde - 13:00h às 19:00h,16/06/2026,Sem prioridade,13
1ª CCJ,0014979-51.2023.8.17.8201,13º Juizado Especial Cível e das Relações de Consumo da Capital - Turno Tarde - 13:00h às 19:00h,14/05/2026,Sem prioridade,46
1ª CCJ,0015814-10.2021.8.17.8201,13º Juizado Especial Cível e das Relações de Consumo da Capital - Turno Tarde - 13:00h às 19:00h,07/05/2026,Prioridade Legal,53
1ª CCJ,0019609-19.2024.8.17.8201,13º Juizado Especial Cível e das Relações de Consumo da Capital - Turno Tarde - 13:00h às 19:00h,16/06/2026,Prioridade Legal,13
1ª CCJ,0020900-54.2024.8.17.8201,13º Juizado Especial Cível e das Relações de Consumo da Capital - Turno Tarde - 13:00h às 19:00h,16/06/2026,Sem prioridade,13
1ª CCJ,0021106-68.2024.8.17.8201,13º Juizado Especial Cível e das Relações de Consumo da Capital - Turno Tarde - 13:00h às 19:00h,20/05/2026,Sem prioridade,40
1ª CCJ,0028986-48.2023.8.17.8201,13º Juizado Especial Cível e das Relações de Consumo da Capital - Turno Tarde - 13:00h às 19:00h,05/06/2026,Prioridade Legal,24
1ª CCJ,0029661-74.2024.8.17.8201,13º Juizado Especial Cível e das Relações de Consumo da Capital - Turno Tarde - 13:00h às 19:00h,08/06/2026,Prioridade Legal,21
1ª CCJ,0034021-18.2025.8.17.8201,13º Juizado Especial Cível e das Relações de Consumo da Capital - Turno Tarde - 13:00h às 19:00h,16/06/2026,Sem prioridade,13
1ª CCJ,0035807-34.2024.8.17.8201,13º Juizado Especial Cível e das Relações de Consumo da Capital - Turno Tarde - 13:00h às 19:00h,17/06/2026,Prioridade Legal,12
1ª CCJ,0036561-39.2025.8.17.8201,13º Juizado Especial Cível e das Relações de Consumo da Capital - Turno Tarde - 13:00h às 19:00h,04/05/2026,Prioridade Legal,56
1ª CCJ,0038641-73.2025.8.17.8201,13º Juizado Especial Cível e das Relações de Consumo da Capital - Turno Tarde - 13:00h às 19:00h,20/05/2026,Sem prioridade,40
1ª CCJ,0042872-80.2024.8.17.8201,13º Juizado Especial Cível e das Relações de Consumo da Capital - Turno Tarde - 13:00h às 19:00h,28/05/2026,Sem prioridade,32
1ª CCJ,0045186-96.2024.8.17.8201,13º Juizado Especial Cível e das Relações de Consumo da Capital - Turno Tarde - 13:00h às 19:00h,20/05/2026,Prioridade Legal,40
1ª CCJ,0045466-67.2024.8.17.8201,13º Juizado Especial Cível e das Relações de Consumo da Capital - Turno Tarde - 13:00h às 19:00h,20/05/2026,Prioridade Legal,40
1ª CCJ,0053959-96.2025.8.17.8201,13º Juizado Especial Cível e das Relações de Consumo da Capital - Turno Tarde - 13:00h às 19:00h,05/06/2026,Sem prioridade,24
1ª CCJ,0055193-84.2023.8.17.8201,13º Juizado Especial Cível e das Relações de Consumo da Capital - Turno Tarde - 13:00h às 19:00h,14/05/2026,Sem prioridade,46
2ª CC,0000081-59.2025.8.17.5001,14ª Vara Criminal da Capital,19/06/2026,Prioridade Legal,0
2ª CC,0005920-29.2023.8.17.4001,14ª Vara Criminal da Capital,15/06/2026,Sem prioridade,14
2ª CC,0005973-21.2019.8.17.0001,14ª Vara Criminal da Capital,15/06/2026,Sem prioridade,0
2ª CC,0008056-49.2015.8.17.0001,14ª Vara Criminal da Capital,19/06/2026,Prioridade Legal,0
3ª CC,0016079-12.2026.8.17.2001,14ª Vara de Família e Registro Civil da Capital,10/06/2026,Prioridade Legal,19
3ª CC,0066867-64.2025.8.17.2001,14ª Vara de Família e Registro Civil da Capital,18/06/2026,Prioridade Legal,12
3ª CC,0080743-86.2025.8.17.2001,14ª Vara de Família e Registro Civil da Capital,11/06/2026,Prioridade Legal,18
3ª CC,0111014-83.2022.8.17.2001,14ª Vara de Família e Registro Civil da Capital,19/06/2026,Prioridade Legal,11
3ª CC,0114163-53.2023.8.17.2001,14ª Vara de Família e Registro Civil da Capital,12/06/2026,Prioridade Legal,18
3ª CC,0114507-97.2024.8.17.2001,14ª Vara de Família e Registro Civil da Capital,11/06/2026,Prioridade Legal,18
1ª CCJ,0006859-48.2025.8.17.8201,14º Juizado Especial Cível e das Relações de Consumo da Capital - Turno Tarde - 13:00h às 19:00h,18/06/2026,Prioridade Legal,11
1ª CCJ,0044123-36.2024.8.17.8201,14º Juizado Especial Cível e das Relações de Consumo da Capital - Turno Tarde - 13:00h às 19:00h,26/05/2026,Sem prioridade,34
1ª CCJ,0049556-07.2013.8.17.8201,14º Juizado Especial Cível e das Relações de Consumo da Capital - Turno Tarde - 13:00h às 19:00h,17/06/2026,Sem prioridade,12
1ª CCJ,0052886-89.2025.8.17.8201,14º Juizado Especial Cível e das Relações de Consumo da Capital - Turno Tarde - 13:00h às 19:00h,25/05/2026,Sem prioridade,35
2ª CC,0000230-19.2023.8.17.4001,15ª Vara Criminal da Capital,19/06/2026,Sem prioridade,0
2ª CC,0001210-06.2021.8.17.0001,15ª Vara Criminal da Capital,18/06/2026,Sem prioridade,0
1ª CCJ,0000580-12.2026.8.17.8201,15º Juizado Especial Cível e das Relações de Consumo da Capital - Turno Tarde - 13:00h às 19:00h,16/06/2026,Prioridade Legal,13
1ª CCJ,0004146-66.2026.8.17.8201,15º Juizado Especial Cível e das Relações de Consumo da Capital - Turno Tarde - 13:00h às 19:00h,10/06/2026,Prioridade Legal,19
1ª CCJ,0006570-81.2026.8.17.8201,15º Juizado Especial Cível e das Relações de Consumo da Capital - Turno Tarde - 13:00h às 19:00h,16/06/2026,Prioridade Legal,13
1ª CCJ,0007724-37.2026.8.17.8201,15º Juizado Especial Cível e das Relações de Consumo da Capital - Turno Tarde - 13:00h às 19:00h,18/06/2026,Prioridade Legal,11
1ª CCJ,0025143-12.2022.8.17.8201,15º Juizado Especial Cível e das Relações de Consumo da Capital - Turno Tarde - 13:00h às 19:00h,29/04/2026,Prioridade Legal,61
1ª CCJ,0032601-75.2025.8.17.8201,15º Juizado Especial Cível e das Relações de Consumo da Capital - Turno Tarde - 13:00h às 19:00h,14/05/2026,Prioridade Legal,46
1ª CCJ,0041858-27.2025.8.17.8201,15º Juizado Especial Cível e das Relações de Consumo da Capital - Turno Tarde - 13:00h às 19:00h,29/05/2026,Prioridade Legal,31
2ª CC,0002973-43.2022.8.17.5001,16ª Vara Criminal da Capital,15/06/2026,Sem prioridade,0
2ª CC,0003363-42.2024.8.17.5001,16ª Vara Criminal da Capital,18/06/2026,Sem prioridade,0
2ª CC,0004219-33.2023.8.17.4001,16ª Vara Criminal da Capital,19/06/2026,Sem prioridade,0
2ª CC,0004323-66.2022.8.17.5001,16ª Vara Criminal da Capital,19/06/2026,Sem prioridade,0
2ª CC,0010896-61.2017.8.17.0001,16ª Vara Criminal da Capital,19/06/2026,Sem prioridade,0
2ª CC,0100447-33.2009.8.17.0001,16ª Vara Criminal da Capital,18/06/2026,Sem prioridade,0
1ª CCJ,0011007-68.2026.8.17.8201,16º Juizado Especial Cível e das Relações de Consumo da Capital - Turno Manhã - 07:00h às 13:00h,29/04/2026,Prioridade Legal,61
1ª CCJ,0020624-57.2023.8.17.8201,16º Juizado Especial Cível e das Relações de Consumo da Capital - Turno Manhã - 07:00h às 13:00h,29/05/2026,Prioridade Legal,31
1ª CCJ,0020754-13.2024.8.17.8201,16º Juizado Especial Cível e das Relações de Consumo da Capital - Turno Manhã - 07:00h às 13:00h,09/06/2026,Prioridade Legal,20
1ª CCJ,0027780-62.2024.8.17.8201,16º Juizado Especial Cível e das Relações de Consumo da Capital - Turno Manhã - 07:00h às 13:00h,29/04/2026,Prioridade Legal,61
1ª CCJ,0029760-15.2022.8.17.8201,16º Juizado Especial Cível e das Relações de Consumo da Capital - Turno Manhã - 07:00h às 13:00h,09/06/2026,Prioridade Legal,20
1ª CCJ,0030878-21.2025.8.17.8201,16º Juizado Especial Cível e das Relações de Consumo da Capital - Turno Manhã - 07:00h às 13:00h,29/04/2026,Prioridade Legal,61
1ª CCJ,0048035-12.2022.8.17.8201,16º Juizado Especial Cível e das Relações de Consumo da Capital - Turno Manhã - 07:00h às 13:00h,12/06/2026,Prioridade Legal,17
1ª CCJ,0049195-67.2025.8.17.8201,16º Juizado Especial Cível e das Relações de Consumo da Capital - Turno Manhã - 07:00h às 13:00h,29/04/2026,Prioridade Legal,61
1ª CCJ,0050325-92.2025.8.17.8201,16º Juizado Especial Cível e das Relações de Consumo da Capital - Turno Manhã - 07:00h às 13:00h,29/04/2026,Prioridade Legal,61
1ª CCJ,0050371-18.2024.8.17.8201,16º Juizado Especial Cível e das Relações de Consumo da Capital - Turno Manhã - 07:00h às 13:00h,29/04/2026,Prioridade Legal,61
1ª CCJ,0051098-50.2019.8.17.8201,16º Juizado Especial Cível e das Relações de Consumo da Capital - Turno Manhã - 07:00h às 13:00h,18/06/2026,Prioridade Legal,11
1ª CCJ,0052911-73.2023.8.17.8201,16º Juizado Especial Cível e das Relações de Consumo da Capital - Turno Manhã - 07:00h às 13:00h,28/05/2026,Prioridade Legal,32
2ª CC,0000189-54.2026.8.17.5001,17ª Vara Criminal da Capital,17/06/2026,Prioridade Legal,0
2ª CC,0001514-98.2025.8.17.5001,17ª Vara Criminal da Capital,19/06/2026,Prioridade Legal,0
2ª CC,0002908-47.2021.8.17.0001,17ª Vara Criminal da Capital,17/06/2026,Sem prioridade,0
2ª CC,0005813-30.2018.8.17.0001,17ª Vara Criminal da Capital,17/06/2026,Sem prioridade,0
2ª CC,0006100-86.2022.8.17.5001,17ª Vara Criminal da Capital,15/06/2026,Sem prioridade,0
2ª CC,0009752-81.2019.8.17.0001,17ª Vara Criminal da Capital,15/06/2026,Sem prioridade,0
2ª CC,0014180-14.2016.8.17.0001,17ª Vara Criminal da Capital,18/06/2026,Sem prioridade,0
2ª CC,0017605-09.2024.8.17.8201,17ª Vara Criminal da Capital,15/06/2026,Prioridade Legal,0
2ª CC,0021816-60.2018.8.17.0001,17ª Vara Criminal da Capital,16/06/2026,Sem prioridade,0
1ª CCJ,0001838-91.2025.8.17.8201,17º Juizado Especial Cível e das Relações de Consumo da Capital - Turno Tarde - 13:00h às 19:00h,29/05/2026,Prioridade Legal,31
1ª CCJ,0005021-12.2021.8.17.8201,17º Juizado Especial Cível e das Relações de Consumo da Capital - Turno Tarde - 13:00h às 19:00h,04/06/2026,Prioridade Legal,25
1ª CCJ,0010590-52.2025.8.17.8201,17º Juizado Especial Cível e das Relações de Consumo da Capital - Turno Tarde - 13:00h às 19:00h,09/06/2026,Prioridade Legal,20
1ª CCJ,0020067-70.2023.8.17.8201,17º Juizado Especial Cível e das Relações de Consumo da Capital - Turno Tarde - 13:00h às 19:00h,28/04/2026,Prioridade Legal,62
1ª CCJ,0035125-45.2025.8.17.8201,17º Juizado Especial Cível e das Relações de Consumo da Capital - Turno Tarde - 13:00h às 19:00h,04/06/2026,Prioridade Legal,25
1ª CCJ,0039341-49.2025.8.17.8201,17º Juizado Especial Cível e das Relações de Consumo da Capital - Turno Tarde - 13:00h às 19:00h,29/05/2026,Prioridade Legal,31
1ª CCJ,0041818-89.2018.8.17.8201,17º Juizado Especial Cível e das Relações de Consumo da Capital - Turno Tarde - 13:00h às 19:00h,19/06/2026,Prioridade Legal,10
1ª CCJ,0042903-66.2025.8.17.8201,17º Juizado Especial Cível e das Relações de Consumo da Capital - Turno Tarde - 13:00h às 19:00h,16/06/2026,Prioridade Legal,13
1ª CCJ,0043388-71.2022.8.17.8201,17º Juizado Especial Cível e das Relações de Consumo da Capital - Turno Tarde - 13:00h às 19:00h,29/05/2026,Prioridade Legal,31
1ª CCJ,0047384-14.2021.8.17.8201,17º Juizado Especial Cível e das Relações de Consumo da Capital - Turno Tarde - 13:00h às 19:00h,16/06/2026,Prioridade Legal,13
1ª CCJ,0048775-62.2025.8.17.8201,17º Juizado Especial Cível e das Relações de Consumo da Capital - Turno Tarde - 13:00h às 19:00h,14/05/2026,Prioridade Legal,46
1ª CCJ,0057298-68.2022.8.17.8201,17º Juizado Especial Cível e das Relações de Consumo da Capital - Turno Tarde - 13:00h às 19:00h,16/06/2026,Prioridade Legal,13
2ª CC,0000593-42.2025.8.17.5001,18ª Vara Criminal da Capital,17/06/2026,Prioridade Legal,0
2ª CC,0000961-85.2024.8.17.5001,18ª Vara Criminal da Capital,15/06/2026,Prioridade Legal,0
2ª CC,0001059-41.2022.8.17.5001,18ª Vara Criminal da Capital,16/06/2026,Sem prioridade,0
2ª CC,0001710-72.2021.8.17.0001,18ª Vara Criminal da Capital,17/06/2026,Prioridade Legal,0
2ª CC,0002168-56.2023.8.17.5001,18ª Vara Criminal da Capital,19/06/2026,Sem prioridade,0
2ª CC,0003702-39.2019.8.17.0001,18ª Vara Criminal da Capital,17/06/2026,Sem prioridade,0
2ª CC,0028257-62.2015.8.17.0001,18ª Vara Criminal da Capital,15/06/2026,Sem prioridade,0
2ª CC,0038807-18.2024.8.17.2001,18ª Vara Criminal da Capital,18/06/2026,Sem prioridade,0
1ª CCJ,0001561-41.2026.8.17.8201,18º Juizado Especial Cível e das Relações de Consumo da Capital - Turno Tarde - 13:00h às 19:00h,18/06/2026,Prioridade Legal,11
1ª CCJ,0001834-54.2025.8.17.8201,18º Juizado Especial Cível e das Relações de Consumo da Capital - Turno Tarde - 13:00h às 19:00h,18/06/2026,Prioridade Legal,11
1ª CCJ,0008682-23.2026.8.17.8201,18º Juizado Especial Cível e das Relações de Consumo da Capital - Turno Tarde - 13:00h às 19:00h,18/06/2026,Prioridade Legal,11
1ª CCJ,0009390-10.2025.8.17.8201,18º Juizado Especial Cível e das Relações de Consumo da Capital - Turno Tarde - 13:00h às 19:00h,02/05/2026,Prioridade Legal,58
1ª CCJ,0018494-26.2025.8.17.8201,18º Juizado Especial Cível e das Relações de Consumo da Capital - Turno Tarde - 13:00h às 19:00h,10/06/2026,Prioridade Legal,19
1ª CCJ,0034170-19.2022.8.17.8201,18º Juizado Especial Cível e das Relações de Consumo da Capital - Turno Tarde - 13:00h às 19:00h,10/06/2026,Prioridade Legal,19
1ª CCJ,0034298-34.2025.8.17.8201,18º Juizado Especial Cível e das Relações de Consumo da Capital - Turno Tarde - 13:00h às 19:00h,30/04/2026,Prioridade Legal,60
1ª CCJ,0036777-97.2025.8.17.8201,18º Juizado Especial Cível e das Relações de Consumo da Capital - Turno Tarde - 13:00h às 19:00h,14/05/2026,Prioridade Legal,46
1ª CCJ,0059177-76.2023.8.17.8201,18º Juizado Especial Cível e das Relações de Consumo da Capital - Turno Tarde - 13:00h às 19:00h,05/05/2026,Prioridade Legal,55
2ª CC,0000742-36.2022.8.17.4001,19ª Vara Criminal da Capital,15/06/2026,Sem prioridade,0
2ª CC,0004577-27.2025.8.17.4001,19ª Vara Criminal da Capital,19/06/2026,Prioridade Legal,0
2ª CC,0004696-33.2020.8.17.0001,19ª Vara Criminal da Capital,18/06/2026,Sem prioridade,0
2ª CC,0005160-57.2020.8.17.0001,19ª Vara Criminal da Capital,18/06/2026,Sem prioridade,0
2ª CC,0009497-89.2020.8.17.0001,19ª Vara Criminal da Capital,15/06/2026,Sem prioridade,0
2ª CC,0019307-25.2019.8.17.0001,19ª Vara Criminal da Capital,19/06/2026,Sem prioridade,0
2ª CC,0001855-88.2023.8.17.4001,1ª Vara Criminal da Capital,17/06/2026,Prioridade Legal,0
2ª CCJ,0005350-34.2020.8.17.2001,1ª Vara da Fazenda Pública da Capital,26/05/2026,Prioridade Legal,34
2ª CCJ,0005603-27.2017.8.17.2001,1ª Vara da Fazenda Pública da Capital,19/05/2026,Sem prioridade,42
4ª CC,0006130-92.1999.8.17.0001,1ª Vara da Fazenda Pública da Capital,17/06/2026,Sem prioridade,12
4ª CC,0006573-31.2023.8.17.4001,1ª Vara da Fazenda Pública da Capital,18/06/2026,Prioridade Legal,12
4ª CC,0012535-02.2015.8.17.2001,1ª Vara da Fazenda Pública da Capital,09/06/2026,Prioridade Legal,20
2ª CCJ,0014239-11.2019.8.17.2001,1ª Vara da Fazenda Pública da Capital,07/05/2026,Prioridade Legal,53
4ª CC,0015195-28.2010.8.17.0001,1ª Vara da Fazenda Pública da Capital,12/06/2026,Sem prioridade,17
2ª CCJ,0025760-84.2018.8.17.2001,1ª Vara da Fazenda Pública da Capital,27/05/2026,Prioridade Legal,33
4ª CC,0026436-85.2025.8.17.2001,1ª Vara da Fazenda Pública da Capital,12/06/2026,Prioridade Legal,17
2ª CCJ,0026512-23.2010.8.17.0001,1ª Vara da Fazenda Pública da Capital,17/06/2026,Sem prioridade,12
2ª CCJ,0028226-17.2019.8.17.2001,1ª Vara da Fazenda Pública da Capital,10/06/2026,Prioridade Legal,19
2ª CCJ,0033197-08.1994.8.17.0001,1ª Vara da Fazenda Pública da Capital,19/06/2026,Prioridade Legal,10
2ª CCJ,0037459-09.2017.8.17.2001,1ª Vara da Fazenda Pública da Capital,13/05/2026,Prioridade Legal,47
2ª CCJ,0049872-26.2006.8.17.0001,1ª Vara da Fazenda Pública da Capital,04/06/2026,Sem prioridade,25
4ª CC,0058504-59.2023.8.17.2001,1ª Vara da Fazenda Pública da Capital,12/06/2026,Prioridade Legal,17
2ª CCJ,0058930-71.2023.8.17.2001,1ª Vara da Fazenda Pública da Capital,19/05/2026,Prioridade Legal,41
2ª CCJ,0062177-27.2015.8.17.0001,1ª Vara da Fazenda Pública da Capital,06/05/2026,Sem prioridade,54
2ª CCJ,0063128-64.2017.8.17.2001,1ª Vara da Fazenda Pública da Capital,17/06/2026,Prioridade Legal,12
4ª CC,0066984-71.2007.8.17.0001,1ª Vara da Fazenda Pública da Capital,17/06/2026,Prioridade Legal,12
2ª CCJ,0076588-11.2023.8.17.2001,1ª Vara da Fazenda Pública da Capital,14/05/2026,Prioridade Legal,46
2ª CCJ,0084958-18.2019.8.17.2001,1ª Vara da Fazenda Pública da Capital,27/05/2026,Sem prioridade,33
2ª CCJ,0085963-37.2014.8.17.0001,1ª Vara da Fazenda Pública da Capital,01/06/2026,Sem prioridade,28
2ª CCJ,0087633-51.2019.8.17.2001,1ª Vara da Fazenda Pública da Capital,13/06/2026,Prioridade Legal,16
2ª CCJ,0101972-11.2013.8.17.0001,1ª Vara da Fazenda Pública da Capital,05/05/2026,Sem prioridade,55
2ª CCJ,0132904-44.2023.8.17.2001,1ª Vara da Fazenda Pública da Capital,22/05/2026,Prioridade Legal,38
4ª CC,0166336-88.2022.8.17.2001,1ª Vara da Fazenda Pública da Capital,08/06/2026,Sem prioridade,21
4ª CC,0614215-18.1999.8.17.0001,1ª Vara da Fazenda Pública da Capital,12/06/2026,Sem prioridade,17
2ª CCJ,0002439-11.2015.8.17.0001,1ª Vara de Acidentes de Trabalho da Capital,04/05/2026,Sem prioridade,56
2ª CC,0000167-93.2026.8.17.5001,1ª Vara de Enfrentamento à Violência Doméstica e Familiar contra a Mulher,19/06/2026,Prioridade Legal,0
2ª CC,0000599-49.2025.8.17.5001,1ª Vara de Enfrentamento à Violência Doméstica e Familiar contra a Mulher,18/06/2026,Prioridade Legal,0
2ª CC,0051312-41.2024.8.17.2001,1ª Vara de Enfrentamento à Violência Doméstica e Familiar contra a Mulher,19/06/2026,Prioridade Legal,0
3ª CCJ,0007666-49.2022.8.17.2001,1ª Vara de Família e Registro Civil da Capital,11/06/2026,Sem prioridade,18
3ª CC,0093289-47.2023.8.17.2001,1ª Vara de Família e Registro Civil da Capital,08/06/2026,Sem prioridade,21
3ª CC,0112468-93.2025.8.17.2001,1ª Vara de Família e Registro Civil da Capital,08/06/2026,Prioridade Legal,22
3ª CC,0153831-31.2023.8.17.2001,1ª Vara de Família e Registro Civil da Capital,09/06/2026,Prioridade Legal,20
3ª CCJ,0003613-35.2016.8.17.2001,1ª Vara de Sucessões e Registros Públicos da Capital,05/06/2026,Sem prioridade,24
3ª CCJ,0005337-62.1976.8.17.0001,1ª Vara de Sucessões e Registros Públicos da Capital,10/06/2026,Prioridade Legal,19
3ª CCJ,0008588-90.2022.8.17.2001,1ª Vara de Sucessões e Registros Públicos da Capital,15/06/2026,Prioridade Legal,14
PARTIDOR,0009638-02.2006.8.17.0001,1ª Vara de Sucessões e Registros Públicos da Capital,18/06/2026,Prioridade Legal,11
3ª CCJ,0010906-41.2025.8.17.2001,1ª Vara de Sucessões e Registros Públicos da Capital,05/06/2026,Prioridade Legal,24
3ª CCJ,0012377-10.2016.8.17.2001,1ª Vara de Sucessões e Registros Públicos da Capital,11/06/2026,Sem prioridade,18
3ª CCJ,0014203-71.2016.8.17.2001,1ª Vara de Sucessões e Registros Públicos da Capital,09/06/2026,Prioridade Legal,20
PARTIDOR,0019341-14.2019.8.17.2001,1ª Vara de Sucessões e Registros Públicos da Capital,19/05/2026,Sem prioridade,41
PARTIDOR,0026002-72.2020.8.17.2001,1ª Vara de Sucessões e Registros Públicos da Capital,15/06/2026,Prioridade Legal,14
3ª CCJ,0030115-65.2014.8.17.0001,1ª Vara de Sucessões e Registros Públicos da Capital,17/06/2026,Sem prioridade,12
3ª CCJ,0033066-60.2025.8.17.2001,1ª Vara de Sucessões e Registros Públicos da Capital,11/06/2026,Prioridade Legal,18
PARTIDOR,0034564-32.2015.8.17.0001,1ª Vara de Sucessões e Registros Públicos da Capital,17/06/2026,Sem prioridade,13
3ª CCJ,0036160-21.2022.8.17.2001,1ª Vara de Sucessões e Registros Públicos da Capital,02/06/2026,Sem prioridade,27
3ª CCJ,0040478-13.2023.8.17.2001,1ª Vara de Sucessões e Registros Públicos da Capital,09/06/2026,Sem prioridade,20
3ª CCJ,0040974-08.2024.8.17.2001,1ª Vara de Sucessões e Registros Públicos da Capital,09/06/2026,Sem prioridade,20
3ª CCJ,0041852-75.2008.8.17.0001,1ª Vara de Sucessões e Registros Públicos da Capital,08/06/2026,Prioridade Legal,21
3ª CCJ,0042145-34.2023.8.17.2001,1ª Vara de Sucessões e Registros Públicos da Capital,03/06/2026,Sem prioridade,26
3ª CCJ,0043077-23.2014.8.17.0001,1ª Vara de Sucessões e Registros Públicos da Capital,05/06/2026,Prioridade Legal,24
3ª CCJ,0045916-88.2021.8.17.2001,1ª Vara de Sucessões e Registros Públicos da Capital,26/05/2026,Sem prioridade,34
3ª CCJ,0046347-98.2016.8.17.2001,1ª Vara de Sucessões e Registros Públicos da Capital,10/06/2026,Sem prioridade,19
3ª CCJ,0047059-73.2025.8.17.2001,1ª Vara de Sucessões e Registros Públicos da Capital,15/06/2026,Prioridade Legal,14
3ª CCJ,0050289-31.2022.8.17.2001,1ª Vara de Sucessões e Registros Públicos da Capital,09/06/2026,Sem prioridade,20
3ª CCJ,0051439-47.2022.8.17.2001,1ª Vara de Sucessões e Registros Públicos da Capital,02/06/2026,Sem prioridade,27
3ª CCJ,0052040-54.2013.8.17.0001,1ª Vara de Sucessões e Registros Públicos da Capital,10/06/2026,Prioridade Legal,20
3ª CCJ,0055735-84.2011.8.17.0001,1ª Vara de Sucessões e Registros Públicos da Capital,16/06/2026,Super prioridade,13
3ª CCJ,0059145-47.2023.8.17.2001,1ª Vara de Sucessões e Registros Públicos da Capital,10/06/2026,Prioridade Legal,19
3ª CCJ,0060588-72.2019.8.17.2001,1ª Vara de Sucessões e Registros Públicos da Capital,27/05/2026,Sem prioridade,33
PARTIDOR,0062179-69.2019.8.17.2001,1ª Vara de Sucessões e Registros Públicos da Capital,05/06/2026,Prioridade Legal,24
3ª CCJ,0064322-94.2020.8.17.2001,1ª Vara de Sucessões e Registros Públicos da Capital,04/06/2026,Sem prioridade,25
3ª CCJ,0065664-77.2019.8.17.2001,1ª Vara de Sucessões e Registros Públicos da Capital,17/06/2026,Prioridade Legal,12
3ª CCJ,0070562-02.2020.8.17.2001,1ª Vara de Sucessões e Registros Públicos da Capital,05/06/2026,Prioridade Legal,24
PARTIDOR,0070781-15.2020.8.17.2001,1ª Vara de Sucessões e Registros Públicos da Capital,27/05/2026,Prioridade Legal,33
3ª CCJ,0070951-89.2017.8.17.2001,1ª Vara de Sucessões e Registros Públicos da Capital,04/06/2026,Prioridade Legal,25
3ª CCJ,0072436-85.2021.8.17.2001,1ª Vara de Sucessões e Registros Públicos da Capital,05/06/2026,Prioridade Legal,24
3ª CCJ,0072440-64.2017.8.17.2001,1ª Vara de Sucessões e Registros Públicos da Capital,30/05/2026,Sem prioridade,30
3ª CCJ,0072449-26.2017.8.17.2001,1ª Vara de Sucessões e Registros Públicos da Capital,27/05/2026,Sem prioridade,33
3ª CCJ,0127421-04.2021.8.17.2001,1ª Vara de Sucessões e Registros Públicos da Capital,19/06/2026,Prioridade Legal,10
3ª CCJ,0169110-91.2022.8.17.2001,1ª Vara de Sucessões e Registros Públicos da Capital,17/06/2026,Sem prioridade,12
2ª CC,0175395-38.2012.8.17.0001,1ª Vara do Tribunal do Júri Capital,19/06/2026,Prioridade Legal,0
2ª CC,0087347-97.2024.8.17.2001,1ª Vara dos Crimes contra Criança e Adolescente da Capital,19/06/2026,Prioridade Legal,0
4ª CC,0003669-11.2003.8.17.0001,1ª Vara dos Executivos Fiscais Estaduais da Capital,11/06/2026,Sem prioridade,18
2ª CCJ,0010521-69.2020.8.17.2001,1ª Vara dos Executivos Fiscais Estaduais da Capital,14/05/2026,Sem prioridade,46
4ª CC,0011307-27.2005.8.17.0001,1ª Vara dos Executivos Fiscais Estaduais da Capital,05/06/2026,Sem prioridade,24
2ª CCJ,0012033-14.2025.8.17.2001,1ª Vara dos Executivos Fiscais Estaduais da Capital,14/05/2026,Sem prioridade,46
4ª CC,0019909-93.2020.8.17.2001,1ª Vara dos Executivos Fiscais Estaduais da Capital,16/06/2026,Prioridade Legal,13
4ª CC,0022797-65.2013.8.17.0001,1ª Vara dos Executivos Fiscais Estaduais da Capital,16/06/2026,Prioridade Legal,13
2ª CCJ,0024725-45.2025.8.17.2001,1ª Vara dos Executivos Fiscais Estaduais da Capital,03/06/2026,Sem prioridade,26
2ª CCJ,0028080-65.1996.8.17.0001,1ª Vara dos Executivos Fiscais Estaduais da Capital,02/06/2026,Sem prioridade,27
2ª CCJ,0029415-21.2016.8.17.0001,1ª Vara dos Executivos Fiscais Estaduais da Capital,08/06/2026,Sem prioridade,21
4ª CC,0033096-33.2015.8.17.0001,1ª Vara dos Executivos Fiscais Estaduais da Capital,05/06/2026,Prioridade Legal,24
2ª CCJ,0035055-04.2025.8.17.2001,1ª Vara dos Executivos Fiscais Estaduais da Capital,05/06/2026,Sem prioridade,24
2ª CCJ,0036500-78.2004.8.17.0001,1ª Vara dos Executivos Fiscais Estaduais da Capital,01/05/2026,Sem prioridade,59
2ª CCJ,0036564-09.2021.8.17.2001,1ª Vara dos Executivos Fiscais Estaduais da Capital,17/06/2026,Prioridade Legal,12
4ª CC,0038535-87.2025.8.17.2001,1ª Vara dos Executivos Fiscais Estaduais da Capital,15/06/2026,Prioridade Legal,14
4ª CC,0041381-15.2015.8.17.0001,1ª Vara dos Executivos Fiscais Estaduais da Capital,19/06/2026,Prioridade Legal,10
4ª CC,0041605-50.2015.8.17.0001,1ª Vara dos Executivos Fiscais Estaduais da Capital,09/06/2026,Prioridade Legal,20
2ª CCJ,0043885-56.2025.8.17.2001,1ª Vara dos Executivos Fiscais Estaduais da Capital,13/05/2026,Sem prioridade,47
4ª CC,0063181-08.1992.8.17.0001,1ª Vara dos Executivos Fiscais Estaduais da Capital,18/06/2026,Sem prioridade,11
4ª CC,0064178-23.2020.8.17.2001,1ª Vara dos Executivos Fiscais Estaduais da Capital,16/06/2026,Prioridade Legal,13
4ª CC,0064200-81.2020.8.17.2001,1ª Vara dos Executivos Fiscais Estaduais da Capital,11/06/2026,Sem prioridade,18
4ª CC,0064397-36.2020.8.17.2001,1ª Vara dos Executivos Fiscais Estaduais da Capital,07/06/2026,Sem prioridade,22
2ª CCJ,0084392-98.2021.8.17.2001,1ª Vara dos Executivos Fiscais Estaduais da Capital,05/06/2026,Sem prioridade,24
2ª CCJ,0092385-61.2022.8.17.2001,1ª Vara dos Executivos Fiscais Estaduais da Capital,02/06/2026,Prioridade Legal,27
4ª CC,0093514-05.2013.8.17.0001,1ª Vara dos Executivos Fiscais Estaduais da Capital,11/06/2026,Prioridade Legal,18
1ª CCJ,0007803-16.2026.8.17.8201,1º Juizado Especial Cível e das Relações de Consumo da Capital - Turno Manhã - 07:00h às 13:00h,12/06/2026,Prioridade Legal,17
1ª CCJ,0009896-20.2024.8.17.8201,1º Juizado Especial Cível e das Relações de Consumo da Capital - Turno Manhã - 07:00h às 13:00h,05/06/2026,Prioridade Legal,24
1ª CCJ,0012410-09.2025.8.17.8201,1º Juizado Especial Cível e das Relações de Consumo da Capital - Turno Manhã - 07:00h às 13:00h,30/04/2026,Sem prioridade,60
1ª CCJ,0017400-43.2025.8.17.8201,1º Juizado Especial Cível e das Relações de Consumo da Capital - Turno Manhã - 07:00h às 13:00h,30/04/2026,Prioridade Legal,60
1ª CCJ,0020716-64.2025.8.17.8201,1º Juizado Especial Cível e das Relações de Consumo da Capital - Turno Manhã - 07:00h às 13:00h,02/06/2026,Prioridade Legal,27
1ª CCJ,0022590-21.2024.8.17.8201,1º Juizado Especial Cível e das Relações de Consumo da Capital - Turno Manhã - 07:00h às 13:00h,19/06/2026,Prioridade Legal,10
1ª CCJ,0024098-07.2021.8.17.8201,1º Juizado Especial Cível e das Relações de Consumo da Capital - Turno Manhã - 07:00h às 13:00h,20/05/2026,Sem prioridade,40
1ª CCJ,0039387-72.2024.8.17.8201,1º Juizado Especial Cível e das Relações de Consumo da Capital - Turno Manhã - 07:00h às 13:00h,30/04/2026,Prioridade Legal,60
1ª CCJ,0051497-06.2024.8.17.8201,1º Juizado Especial Cível e das Relações de Consumo da Capital - Turno Manhã - 07:00h às 13:00h,12/06/2026,Prioridade Legal,17
1ª CCJ,0002044-52.2018.8.17.8201,21º Juizado Especial Cível e das Relações de Consumo da Capital - Turno Manhã - 07:00h às 13:00h,04/05/2026,Prioridade Legal,56
1ª CCJ,0004104-56.2022.8.17.8201,21º Juizado Especial Cível e das Relações de Consumo da Capital - Turno Manhã - 07:00h às 13:00h,29/05/2026,Prioridade Legal,31
1ª CCJ,0004700-69.2024.8.17.8201,21º Juizado Especial Cível e das Relações de Consumo da Capital - Turno Manhã - 07:00h às 13:00h,04/05/2026,Prioridade Legal,56
1ª CCJ,0005136-96.2022.8.17.8201,21º Juizado Especial Cível e das Relações de Consumo da Capital - Turno Manhã - 07:00h às 13:00h,29/05/2026,Prioridade Legal,31
1ª CCJ,0006451-33.2020.8.17.8201,21º Juizado Especial Cível e das Relações de Consumo da Capital - Turno Manhã - 07:00h às 13:00h,30/04/2026,Prioridade Legal,60
1ª CCJ,0006482-29.2015.8.17.8201,21º Juizado Especial Cível e das Relações de Consumo da Capital - Turno Manhã - 07:00h às 13:00h,27/06/2026,Prioridade Legal,2
1ª CCJ,0009627-78.2024.8.17.8201,21º Juizado Especial Cível e das Relações de Consumo da Capital - Turno Manhã - 07:00h às 13:00h,04/05/2026,Prioridade Legal,56
1ª CCJ,0012041-49.2024.8.17.8201,21º Juizado Especial Cível e das Relações de Consumo da Capital - Turno Manhã - 07:00h às 13:00h,14/05/2026,Prioridade Legal,46
1ª CCJ,0016424-80.2018.8.17.8201,21º Juizado Especial Cível e das Relações de Consumo da Capital - Turno Manhã - 07:00h às 13:00h,08/06/2026,Prioridade Legal,21
1ª CCJ,0017235-30.2024.8.17.8201,21º Juizado Especial Cível e das Relações de Consumo da Capital - Turno Manhã - 07:00h às 13:00h,01/06/2026,Prioridade Legal,29
1ª CCJ,0022224-45.2025.8.17.8201,21º Juizado Especial Cível e das Relações de Consumo da Capital - Turno Manhã - 07:00h às 13:00h,05/05/2026,Prioridade Legal,55
1ª CCJ,0030279-24.2021.8.17.8201,21º Juizado Especial Cível e das Relações de Consumo da Capital - Turno Manhã - 07:00h às 13:00h,05/05/2026,Prioridade Legal,55
1ª CCJ,0030361-60.2018.8.17.8201,21º Juizado Especial Cível e das Relações de Consumo da Capital - Turno Manhã - 07:00h às 13:00h,19/06/2026,Prioridade Legal,10
1ª CCJ,0036487-19.2024.8.17.8201,21º Juizado Especial Cível e das Relações de Consumo da Capital - Turno Manhã - 07:00h às 13:00h,28/05/2026,Prioridade Legal,32
1ª CCJ,0039338-31.2024.8.17.8201,21º Juizado Especial Cível e das Relações de Consumo da Capital - Turno Manhã - 07:00h às 13:00h,04/05/2026,Prioridade Legal,56
1ª CCJ,0043543-06.2024.8.17.8201,21º Juizado Especial Cível e das Relações de Consumo da Capital - Turno Manhã - 07:00h às 13:00h,27/05/2026,Prioridade Legal,33
1ª CCJ,0044218-08.2020.8.17.8201,21º Juizado Especial Cível e das Relações de Consumo da Capital - Turno Manhã - 07:00h às 13:00h,05/06/2026,Prioridade Legal,24
1ª CCJ,0045838-16.2024.8.17.8201,21º Juizado Especial Cível e das Relações de Consumo da Capital - Turno Manhã - 07:00h às 13:00h,29/04/2026,Prioridade Legal,61
1ª CCJ,0056739-77.2023.8.17.8201,21º Juizado Especial Cível e das Relações de Consumo da Capital - Turno Manhã - 07:00h às 13:00h,14/05/2026,Prioridade Legal,46
1ª CCJ,0057712-32.2023.8.17.8201,21º Juizado Especial Cível e das Relações de Consumo da Capital - Turno Manhã - 07:00h às 13:00h,05/05/2026,Sem prioridade,55
1ª CCJ,0000221-96.2025.8.17.8201,22º Juizado Especial Cível e das Relações de Consumo da Capital - Turno Manhã - 07:00h às 13:00h,18/05/2026,Prioridade Legal,42
1ª CCJ,0004377-30.2025.8.17.8201,22º Juizado Especial Cível e das Relações de Consumo da Capital - Turno Manhã - 07:00h às 13:00h,14/05/2026,Prioridade Legal,46
1ª CCJ,0015701-22.2022.8.17.8201,22º Juizado Especial Cível e das Relações de Consumo da Capital - Turno Manhã - 07:00h às 13:00h,01/06/2026,Prioridade Legal,28
1ª CCJ,0019831-84.2024.8.17.8201,22º Juizado Especial Cível e das Relações de Consumo da Capital - Turno Manhã - 07:00h às 13:00h,20/05/2026,Prioridade Legal,40
1ª CCJ,0022011-73.2024.8.17.8201,22º Juizado Especial Cível e das Relações de Consumo da Capital - Turno Manhã - 07:00h às 13:00h,15/06/2026,Prioridade Legal,14
1ª CCJ,0025708-68.2025.8.17.8201,22º Juizado Especial Cível e das Relações de Consumo da Capital - Turno Manhã - 07:00h às 13:00h,29/04/2026,Prioridade Legal,61
1ª CCJ,0026829-34.2025.8.17.8201,22º Juizado Especial Cível e das Relações de Consumo da Capital - Turno Manhã - 07:00h às 13:00h,06/05/2026,Prioridade Legal,54
1ª CCJ,0027103-66.2023.8.17.8201,22º Juizado Especial Cível e das Relações de Consumo da Capital - Turno Manhã - 07:00h às 13:00h,29/04/2026,Prioridade Legal,61
1ª CCJ,0029471-53.2020.8.17.8201,22º Juizado Especial Cível e das Relações de Consumo da Capital - Turno Manhã - 07:00h às 13:00h,04/05/2026,Prioridade Legal,56
1ª CCJ,0031587-27.2023.8.17.8201,22º Juizado Especial Cível e das Relações de Consumo da Capital - Turno Manhã - 07:00h às 13:00h,21/05/2026,Prioridade Legal,39
1ª CCJ,0033004-15.2023.8.17.8201,22º Juizado Especial Cível e das Relações de Consumo da Capital - Turno Manhã - 07:00h às 13:00h,21/05/2026,Prioridade Legal,39
1ª CCJ,0034054-42.2024.8.17.8201,22º Juizado Especial Cível e das Relações de Consumo da Capital - Turno Manhã - 07:00h às 13:00h,27/05/2026,Prioridade Legal,33
1ª CCJ,0034380-36.2023.8.17.8201,22º Juizado Especial Cível e das Relações de Consumo da Capital - Turno Manhã - 07:00h às 13:00h,04/05/2026,Prioridade Legal,56
1ª CCJ,0034440-38.2025.8.17.8201,22º Juizado Especial Cível e das Relações de Consumo da Capital - Turno Manhã - 07:00h às 13:00h,08/06/2026,Prioridade Legal,21
1ª CCJ,0034762-58.2025.8.17.8201,22º Juizado Especial Cível e das Relações de Consumo da Capital - Turno Manhã - 07:00h às 13:00h,29/04/2026,Prioridade Legal,61
1ª CCJ,0040950-38.2023.8.17.8201,22º Juizado Especial Cível e das Relações de Consumo da Capital - Turno Manhã - 07:00h às 13:00h,02/06/2026,Prioridade Legal,27
1ª CCJ,0045679-39.2025.8.17.8201,22º Juizado Especial Cível e das Relações de Consumo da Capital - Turno Manhã - 07:00h às 13:00h,16/06/2026,Prioridade Legal,13
1ª CCJ,0046392-48.2024.8.17.8201,22º Juizado Especial Cível e das Relações de Consumo da Capital - Turno Manhã - 07:00h às 13:00h,14/05/2026,Prioridade Legal,46
1ª CCJ,0059897-43.2023.8.17.8201,22º Juizado Especial Cível e das Relações de Consumo da Capital - Turno Manhã - 07:00h às 13:00h,16/06/2026,Prioridade Legal,13
1ª CCJ,0009440-36.2025.8.17.8201,23º Juizado Especial Cível e das Relações de Consumo da Capital - Turno Tarde - 13:00h às 19:00h,09/06/2026,Prioridade Legal,20
1ª CCJ,0012785-44.2024.8.17.8201,23º Juizado Especial Cível e das Relações de Consumo da Capital - Turno Tarde - 13:00h às 19:00h,14/05/2026,Prioridade Legal,46
1ª CCJ,0015370-69.2024.8.17.8201,23º Juizado Especial Cível e das Relações de Consumo da Capital - Turno Tarde - 13:00h às 19:00h,28/04/2026,Prioridade Legal,62
1ª CCJ,0017700-73.2023.8.17.8201,23º Juizado Especial Cível e das Relações de Consumo da Capital - Turno Tarde - 13:00h às 19:00h,03/06/2026,Prioridade Legal,26
1ª CCJ,0019962-40.2016.8.17.8201,23º Juizado Especial Cível e das Relações de Consumo da Capital - Turno Tarde - 13:00h às 19:00h,18/06/2026,Prioridade Legal,11
1ª CCJ,0020244-39.2020.8.17.8201,23º Juizado Especial Cível e das Relações de Consumo da Capital - Turno Tarde - 13:00h às 19:00h,14/05/2026,Prioridade Legal,46
1ª CCJ,0020833-89.2024.8.17.8201,23º Juizado Especial Cível e das Relações de Consumo da Capital - Turno Tarde - 13:00h às 19:00h,04/05/2026,Prioridade Legal,56
1ª CCJ,0021991-82.2024.8.17.8201,23º Juizado Especial Cível e das Relações de Consumo da Capital - Turno Tarde - 13:00h às 19:00h,04/05/2026,Prioridade Legal,56
1ª CCJ,0022800-43.2022.8.17.8201,23º Juizado Especial Cível e das Relações de Consumo da Capital - Turno Tarde - 13:00h às 19:00h,03/06/2026,Sem prioridade,26
1ª CCJ,0023229-05.2025.8.17.8201,23º Juizado Especial Cível e das Relações de Consumo da Capital - Turno Tarde - 13:00h às 19:00h,28/04/2026,Prioridade Legal,62
1ª CCJ,0025479-79.2023.8.17.8201,23º Juizado Especial Cível e das Relações de Consumo da Capital - Turno Tarde - 13:00h às 19:00h,03/06/2026,Prioridade Legal,26
1ª CCJ,0026284-61.2025.8.17.8201,23º Juizado Especial Cível e das Relações de Consumo da Capital - Turno Tarde - 13:00h às 19:00h,19/06/2026,Prioridade Legal,10
1ª CCJ,0029183-32.2025.8.17.8201,23º Juizado Especial Cível e das Relações de Consumo da Capital - Turno Tarde - 13:00h às 19:00h,27/05/2026,Prioridade Legal,33
1ª CCJ,0029913-53.2019.8.17.8201,23º Juizado Especial Cível e das Relações de Consumo da Capital - Turno Tarde - 13:00h às 19:00h,21/05/2026,Prioridade Legal,39
1ª CCJ,0035069-12.2025.8.17.8201,23º Juizado Especial Cível e das Relações de Consumo da Capital - Turno Tarde - 13:00h às 19:00h,15/06/2026,Prioridade Legal,14
1ª CCJ,0035204-97.2020.8.17.8201,23º Juizado Especial Cível e das Relações de Consumo da Capital - Turno Tarde - 13:00h às 19:00h,07/05/2026,Sem prioridade,53
1ª CCJ,0039480-40.2021.8.17.8201,23º Juizado Especial Cível e das Relações de Consumo da Capital - Turno Tarde - 13:00h às 19:00h,04/05/2026,Sem prioridade,56
1ª CCJ,0043739-39.2025.8.17.8201,23º Juizado Especial Cível e das Relações de Consumo da Capital - Turno Tarde - 13:00h às 19:00h,14/05/2026,Prioridade Legal,46
1ª CCJ,0045115-31.2023.8.17.8201,23º Juizado Especial Cível e das Relações de Consumo da Capital - Turno Tarde - 13:00h às 19:00h,28/05/2026,Prioridade Legal,32
1ª CCJ,0046200-18.2024.8.17.8201,23º Juizado Especial Cível e das Relações de Consumo da Capital - Turno Tarde - 13:00h às 19:00h,15/06/2026,Prioridade Legal,14
1ª CCJ,0053046-17.2025.8.17.8201,23º Juizado Especial Cível e das Relações de Consumo da Capital - Turno Tarde - 13:00h às 19:00h,03/06/2026,Prioridade Legal,26
1ª CCJ,0060331-32.2023.8.17.8201,23º Juizado Especial Cível e das Relações de Consumo da Capital - Turno Tarde - 13:00h às 19:00h,11/06/2026,Prioridade Legal,18
1ª CCJ,0004420-30.2026.8.17.8201,24º Juizado Especial Cível e das Relações de Consumo da Capital - Turno Tarde - 13:00h às 19:00h,14/05/2026,Prioridade Legal,46
1ª CCJ,0007349-75.2022.8.17.8201,24º Juizado Especial Cível e das Relações de Consumo da Capital - Turno Tarde - 13:00h às 19:00h,29/05/2026,Prioridade Legal,31
1ª CCJ,0023056-59.2017.8.17.8201,24º Juizado Especial Cível e das Relações de Consumo da Capital - Turno Tarde - 13:00h às 19:00h,29/05/2026,Prioridade Legal,31
1ª CCJ,0030113-50.2025.8.17.8201,24º Juizado Especial Cível e das Relações de Consumo da Capital - Turno Tarde - 13:00h às 19:00h,22/05/2026,Prioridade Legal,38
1ª CCJ,0050154-38.2025.8.17.8201,24º Juizado Especial Cível e das Relações de Consumo da Capital - Turno Tarde - 13:00h às 19:00h,22/05/2026,Prioridade Legal,38
1ª CCJ,0062466-17.2023.8.17.8201,24º Juizado Especial Cível e das Relações de Consumo da Capital - Turno Tarde - 13:00h às 19:00h,05/06/2026,Prioridade Legal,24
1ª CCJ,0000830-79.2025.8.17.8201,25º Juizado Especial Cível e das Relações de Consumo da Capital - Turno Manhã - 07:00h às 13:00h,10/06/2026,Prioridade Legal,19
1ª CCJ,0002600-44.2024.8.17.8201,25º Juizado Especial Cível e das Relações de Consumo da Capital - Turno Manhã - 07:00h às 13:00h,19/06/2026,Prioridade Legal,10
1ª CCJ,0007083-54.2023.8.17.8201,25º Juizado Especial Cível e das Relações de Consumo da Capital - Turno Manhã - 07:00h às 13:00h,03/06/2026,Prioridade Legal,26
1ª CCJ,0007408-92.2024.8.17.8201,25º Juizado Especial Cível e das Relações de Consumo da Capital - Turno Manhã - 07:00h às 13:00h,04/05/2026,Prioridade Legal,56
1ª CCJ,0007813-07.2019.8.17.8201,25º Juizado Especial Cível e das Relações de Consumo da Capital - Turno Manhã - 07:00h às 13:00h,29/04/2026,Prioridade Legal,61
1ª CCJ,0009579-85.2025.8.17.8201,25º Juizado Especial Cível e das Relações de Consumo da Capital - Turno Manhã - 07:00h às 13:00h,04/06/2026,Prioridade Legal,25
1ª CCJ,0015911-10.2021.8.17.8201,25º Juizado Especial Cível e das Relações de Consumo da Capital - Turno Manhã - 07:00h às 13:00h,28/05/2026,Prioridade Legal,32
1ª CCJ,0022161-06.2014.8.17.8201,25º Juizado Especial Cível e das Relações de Consumo da Capital - Turno Manhã - 07:00h às 13:00h,28/04/2026,Prioridade Legal,62
1ª CCJ,0024433-84.2025.8.17.8201,25º Juizado Especial Cível e das Relações de Consumo da Capital - Turno Manhã - 07:00h às 13:00h,29/04/2026,Prioridade Legal,61
1ª CCJ,0025166-94.2018.8.17.8201,25º Juizado Especial Cível e das Relações de Consumo da Capital - Turno Manhã - 07:00h às 13:00h,09/06/2026,Prioridade Legal,20
1ª CCJ,0031338-62.2012.8.17.8201,25º Juizado Especial Cível e das Relações de Consumo da Capital - Turno Manhã - 07:00h às 13:00h,14/05/2026,Prioridade Legal,46
1ª CCJ,0031903-40.2023.8.17.8201,25º Juizado Especial Cível e das Relações de Consumo da Capital - Turno Manhã - 07:00h às 13:00h,11/06/2026,Prioridade Legal,18
1ª CCJ,0032824-28.2025.8.17.8201,25º Juizado Especial Cível e das Relações de Consumo da Capital - Turno Manhã - 07:00h às 13:00h,15/06/2026,Prioridade Legal,14
1ª CCJ,0035255-35.2025.8.17.8201,25º Juizado Especial Cível e das Relações de Consumo da Capital - Turno Manhã - 07:00h às 13:00h,12/06/2026,Prioridade Legal,18
1ª CCJ,0041751-17.2024.8.17.8201,25º Juizado Especial Cível e das Relações de Consumo da Capital - Turno Manhã - 07:00h às 13:00h,19/06/2026,Prioridade Legal,11
1ª CCJ,0042071-67.2024.8.17.8201,25º Juizado Especial Cível e das Relações de Consumo da Capital - Turno Manhã - 07:00h às 13:00h,11/06/2026,Prioridade Legal,18
1ª CCJ,0042637-84.2022.8.17.8201,25º Juizado Especial Cível e das Relações de Consumo da Capital - Turno Manhã - 07:00h às 13:00h,03/06/2026,Prioridade Legal,26
1ª CCJ,0044256-78.2024.8.17.8201,25º Juizado Especial Cível e das Relações de Consumo da Capital - Turno Manhã - 07:00h às 13:00h,29/05/2026,Prioridade Legal,31
1ª CCJ,0045891-65.2022.8.17.8201,25º Juizado Especial Cível e das Relações de Consumo da Capital - Turno Manhã - 07:00h às 13:00h,29/04/2026,Prioridade Legal,61
1ª CCJ,0046963-82.2025.8.17.8201,25º Juizado Especial Cível e das Relações de Consumo da Capital - Turno Manhã - 07:00h às 13:00h,04/06/2026,Prioridade Legal,25
2ª CC,0002043-54.2024.8.17.5001,2ª Vara Criminal da Capital,18/06/2026,Sem prioridade,0
2ª CC,0002396-94.2024.8.17.5001,2ª Vara Criminal da Capital,19/06/2026,Sem prioridade,0
2ª CC,0003162-50.2024.8.17.5001,2ª Vara Criminal da Capital,15/06/2026,Sem prioridade,0
2ª CC,0003170-90.2025.8.17.5001,2ª Vara Criminal da Capital,29/06/2026,Prioridade Legal,0
2ª CC,0004539-56.2024.8.17.5001,2ª Vara Criminal da Capital,15/06/2026,Prioridade Legal,0
4ª CC,0001467-27.2004.8.17.0001,2ª Vara da Fazenda Pública da Capital,19/06/2026,Sem prioridade,10
2ª CCJ,0002952-42.2016.8.17.0001,2ª Vara da Fazenda Pública da Capital,03/06/2026,Prioridade Legal,26
4ª CC,0004901-51.2024.8.17.4001,2ª Vara da Fazenda Pública da Capital,12/06/2026,Prioridade Legal,17
2ª CCJ,0006673-45.2018.8.17.2001,2ª Vara da Fazenda Pública da Capital,28/05/2026,Prioridade Legal,32
4ª CC,0013797-16.2017.8.17.2001,2ª Vara da Fazenda Pública da Capital,19/06/2026,Sem prioridade,10
2ª CCJ,0016552-71.2021.8.17.2001,2ª Vara da Fazenda Pública da Capital,12/06/2026,Prioridade Legal,17
2ª CCJ,0022936-26.2016.8.17.2001,2ª Vara da Fazenda Pública da Capital,29/04/2026,Prioridade Legal,61
4ª CC,0026057-24.2011.8.17.0001,2ª Vara da Fazenda Pública da Capital,18/06/2026,Sem prioridade,11
4ª CC,0029839-62.2025.8.17.2001,2ª Vara da Fazenda Pública da Capital,17/06/2026,Prioridade Legal,12
4ª CC,0031048-13.2018.8.17.2001,2ª Vara da Fazenda Pública da Capital,15/06/2026,Prioridade Legal,14
2ª CCJ,0032755-84.2016.8.17.2001,2ª Vara da Fazenda Pública da Capital,15/06/2026,Prioridade Legal,14
2ª CCJ,0049140-73.2017.8.17.2001,2ª Vara da Fazenda Pública da Capital,17/06/2026,Sem prioridade,12
2ª CCJ,0053525-25.2021.8.17.2001,2ª Vara da Fazenda Pública da Capital,07/05/2026,Prioridade Legal,53
2ª CCJ,0054858-17.2018.8.17.2001,2ª Vara da Fazenda Pública da Capital,06/05/2026,Prioridade Legal,54
4ª CC,0065818-32.2018.8.17.2001,2ª Vara da Fazenda Pública da Capital,05/06/2026,Prioridade Legal,24
2ª CCJ,0067747-27.2023.8.17.2001,2ª Vara da Fazenda Pública da Capital,20/05/2026,Sem prioridade,40
4ª CC,0095271-62.2024.8.17.2001,2ª Vara da Fazenda Pública da Capital,17/06/2026,Prioridade Legal,12
4ª CC,0099893-87.2024.8.17.2001,2ª Vara da Fazenda Pública da Capital,16/06/2026,Prioridade Legal,13
4ª CC,0116139-61.2024.8.17.2001,2ª Vara da Fazenda Pública da Capital,18/06/2026,Prioridade Legal,11
2ª CCJ,0116254-82.2024.8.17.2001,2ª Vara da Fazenda Pública da Capital,15/06/2026,Prioridade Legal,14
2ª CCJ,0122486-18.2021.8.17.2001,2ª Vara da Fazenda Pública da Capital,15/05/2026,Prioridade Legal,45
2ª CCJ,0166712-74.2022.8.17.2001,2ª Vara da Fazenda Pública da Capital,20/05/2026,Sem prioridade,40
2ª CCJ,0110506-40.2022.8.17.2001,2ª Vara de Acidentes de Trabalho da Capital,25/05/2026,Prioridade Legal,35
2ª CC,0000775-55.2024.8.17.4001,2ª Vara de Enfrentamento à Violência Doméstica e Familiar contra a Mulher,18/06/2026,Prioridade Legal,0
3ª CC,0020305-60.2026.8.17.2001,2ª Vara de Família e Registro Civil da Capital,05/06/2026,Prioridade Legal,24
3ª CC,0033290-95.2025.8.17.2001,2ª Vara de Família e Registro Civil da Capital,15/06/2026,Prioridade Legal,14
3ª CCJ,0034027-16.2016.8.17.2001,2ª Vara de Família e Registro Civil da Capital,04/06/2026,Prioridade Legal,25
3ª CCJ,0050475-54.2022.8.17.2001,2ª Vara de Família e Registro Civil da Capital,17/06/2026,Sem prioridade,12
3ª CC,0074472-71.2019.8.17.2001,2ª Vara de Família e Registro Civil da Capital,17/06/2026,Prioridade Legal,12
3ª CC,0080724-51.2023.8.17.2001,2ª Vara de Família e Registro Civil da Capital,10/06/2026,Prioridade Legal,19
3ª CC,0111949-60.2021.8.17.2001,2ª Vara de Família e Registro Civil da Capital,08/06/2026,Prioridade Legal,21
3ª CC,0149228-12.2023.8.17.2001,2ª Vara de Família e Registro Civil da Capital,10/06/2026,Prioridade Legal,19
PARTIDOR,0003305-23.2021.8.17.2001,2ª Vara de Sucessões e Registros Públicos da Capital,14/05/2026,Sem prioridade,46
PARTIDOR,0004588-52.2019.8.17.2001,2ª Vara de Sucessões e Registros Públicos da Capital,18/05/2026,Sem prioridade,42
3ª CCJ,0012549-89.2003.8.17.0001,2ª Vara de Sucessões e Registros Públicos da Capital,09/06/2026,Prioridade Legal,20
3ª CCJ,0012707-27.2015.8.17.0001,2ª Vara de Sucessões e Registros Públicos da Capital,05/06/2026,Sem prioridade,24
3ª CCJ,0016588-50.2020.8.17.2001,2ª Vara de Sucessões e Registros Públicos da Capital,09/06/2026,Prioridade Legal,20
PARTIDOR,0017536-22.2013.8.17.0001,2ª Vara de Sucessões e Registros Públicos da Capital,01/06/2026,Sem prioridade,28
3ª CCJ,0018930-31.1994.8.17.0001,2ª Vara de Sucessões e Registros Públicos da Capital,11/06/2026,Prioridade Legal,18
3ª CCJ,0019347-74.2026.8.17.2001,2ª Vara de Sucessões e Registros Públicos da Capital,17/06/2026,Prioridade Legal,12
3ª CCJ,0028467-07.2001.8.17.0001,2ª Vara de Sucessões e Registros Públicos da Capital,08/06/2026,Prioridade Legal,21
3ª CCJ,0029613-96.2021.8.17.2001,2ª Vara de Sucessões e Registros Públicos da Capital,16/06/2026,Prioridade Legal,13
3ª CCJ,0030324-97.2015.8.17.0001,2ª Vara de Sucessões e Registros Públicos da Capital,15/06/2026,Sem prioridade,14
PARTIDOR,0031613-65.2015.8.17.0001,2ª Vara de Sucessões e Registros Públicos da Capital,14/05/2026,Sem prioridade,47
3ª CCJ,0037711-09.1991.8.17.0001,2ª Vara de Sucessões e Registros Públicos da Capital,04/06/2026,Sem prioridade,25
3ª CCJ,0040595-77.2018.8.17.2001,2ª Vara de Sucessões e Registros Públicos da Capital,11/06/2026,Prioridade Legal,18
3ª CCJ,0041979-38.1993.8.17.0001,2ª Vara de Sucessões e Registros Públicos da Capital,10/06/2026,Prioridade Legal,19
3ª CCJ,0042688-47.2017.8.17.2001,2ª Vara de Sucessões e Registros Públicos da Capital,19/06/2026,Prioridade Legal,10
PARTIDOR,0045493-31.2021.8.17.2001,2ª Vara de Sucessões e Registros Públicos da Capital,03/06/2026,Sem prioridade,26
3ª CCJ,0048567-54.2025.8.17.2001,2ª Vara de Sucessões e Registros Públicos da Capital,15/06/2026,Prioridade Legal,14
3ª CCJ,0049101-76.2017.8.17.2001,2ª Vara de Sucessões e Registros Públicos da Capital,04/06/2026,Prioridade Legal,25
PARTIDOR,0050173-94.2011.8.17.0001,2ª Vara de Sucessões e Registros Públicos da Capital,29/05/2026,Prioridade Legal,31
PARTIDOR,0052290-23.2021.8.17.2001,2ª Vara de Sucessões e Registros Públicos da Capital,11/06/2026,Prioridade Legal,18
3ª CCJ,0056904-03.2023.8.17.2001,2ª Vara de Sucessões e Registros Públicos da Capital,02/06/2026,Prioridade Legal,27
3ª CCJ,0059836-28.2015.8.17.0001,2ª Vara de Sucessões e Registros Públicos da Capital,17/06/2026,Sem prioridade,12
3ª CCJ,0060997-54.2007.8.17.0001,2ª Vara de Sucessões e Registros Públicos da Capital,15/06/2026,Sem prioridade,14
3ª CCJ,0062236-82.2022.8.17.2001,2ª Vara de Sucessões e Registros Públicos da Capital,18/06/2026,Prioridade Legal,11
PARTIDOR,0062518-91.2020.8.17.2001,2ª Vara de Sucessões e Registros Públicos da Capital,15/06/2026,Prioridade Legal,14
3ª CCJ,0071184-76.2023.8.17.2001,2ª Vara de Sucessões e Registros Públicos da Capital,01/06/2026,Sem prioridade,28
PARTIDOR,0075224-43.2019.8.17.2001,2ª Vara de Sucessões e Registros Públicos da Capital,02/06/2026,Prioridade Legal,27
3ª CCJ,0078906-93.2025.8.17.2001,2ª Vara de Sucessões e Registros Públicos da Capital,03/06/2026,Sem prioridade,26
PARTIDOR,0081314-33.2020.8.17.2001,2ª Vara de Sucessões e Registros Públicos da Capital,04/06/2026,Prioridade Legal,25
3ª CCJ,0085991-33.2025.8.17.2001,2ª Vara de Sucessões e Registros Públicos da Capital,03/06/2026,Prioridade Legal,26
PARTIDOR,0104046-71.2021.8.17.2001,2ª Vara de Sucessões e Registros Públicos da Capital,17/06/2026,Sem prioridade,12
3ª CCJ,0121938-85.2024.8.17.2001,2ª Vara de Sucessões e Registros Públicos da Capital,11/06/2026,Prioridade Legal,18
2ª CC,0005191-86.2023.8.17.2001,2ª Vara do Tribunal do Júri Capital,19/06/2026,Prioridade Legal,0
2ª CC,0038879-73.2022.8.17.2001,2ª Vara dos Crimes contra Criança e Adolescente da Capital,19/06/2026,Prioridade Legal,0
4ª CC,0005444-08.1996.8.17.0001,2ª Vara dos Executivos Fiscais Estaduais da Capital,09/06/2026,Sem prioridade,20
4ª CC,0011889-45.2022.8.17.2001,2ª Vara dos Executivos Fiscais Estaduais da Capital,17/06/2026,Prioridade Legal,12
4ª CC,0013758-14.2020.8.17.2001,2ª Vara dos Executivos Fiscais Estaduais da Capital,09/06/2026,Sem prioridade,20
4ª CC,0018500-49.2012.8.17.0001,2ª Vara dos Executivos Fiscais Estaduais da Capital,17/06/2026,Prioridade Legal,12
4ª CC,0023490-50.1993.8.17.0001,2ª Vara dos Executivos Fiscais Estaduais da Capital,09/06/2026,Prioridade Legal,20
4ª CC,0023766-95.2004.8.17.0001,2ª Vara dos Executivos Fiscais Estaduais da Capital,17/06/2026,Prioridade Legal,12
4ª CC,0036095-52.1998.8.17.0001,2ª Vara dos Executivos Fiscais Estaduais da Capital,05/06/2026,Sem prioridade,24
2ª CCJ,0039206-57.2018.8.17.2001,2ª Vara dos Executivos Fiscais Estaduais da Capital,08/06/2026,Prioridade Legal,21
4ª CC,0047371-60.2010.8.17.0001,2ª Vara dos Executivos Fiscais Estaduais da Capital,09/06/2026,Sem prioridade,20
4ª CC,0185738-93.2012.8.17.0001,2ª Vara dos Executivos Fiscais Estaduais da Capital,08/06/2026,Sem prioridade,21
1ª CCJ,0004210-76.2026.8.17.8201,2º Juizado Especial Cível e das Relações de Consumo da Capital - Turno Manhã - 07:00h às 13:00h,16/06/2026,Prioridade Legal,13
1ª CCJ,0007504-39.2026.8.17.8201,2º Juizado Especial Cível e das Relações de Consumo da Capital - Turno Manhã - 07:00h às 13:00h,18/06/2026,Prioridade Legal,11
1ª CCJ,0008613-88.2026.8.17.8201,2º Juizado Especial Cível e das Relações de Consumo da Capital - Turno Manhã - 07:00h às 13:00h,19/06/2026,Prioridade Legal,11
1ª CCJ,0043689-18.2022.8.17.8201,2º Juizado Especial Cível e das Relações de Consumo da Capital - Turno Manhã - 07:00h às 13:00h,18/06/2026,Prioridade Legal,11
1ª CCJ,0045168-46.2022.8.17.8201,2º Juizado Especial Cível e das Relações de Consumo da Capital - Turno Manhã - 07:00h às 13:00h,12/06/2026,Prioridade Legal,17
1ª CCJ,0046402-92.2024.8.17.8201,2º Juizado Especial Cível e das Relações de Consumo da Capital - Turno Manhã - 07:00h às 13:00h,08/06/2026,Prioridade Legal,21
1ª CCJ,0046854-05.2024.8.17.8201,2º Juizado Especial Cível e das Relações de Consumo da Capital - Turno Manhã - 07:00h às 13:00h,29/04/2026,Prioridade Legal,61
1ª CCJ,0048987-83.2025.8.17.8201,2º Juizado Especial Cível e das Relações de Consumo da Capital - Turno Manhã - 07:00h às 13:00h,20/05/2026,Prioridade Legal,40
1ª CCJ,0051855-34.2025.8.17.8201,2º Juizado Especial Cível e das Relações de Consumo da Capital - Turno Manhã - 07:00h às 13:00h,01/06/2026,Sem prioridade,28
1ª CCJ,0052704-06.2025.8.17.8201,2º Juizado Especial Cível e das Relações de Consumo da Capital - Turno Manhã - 07:00h às 13:00h,18/06/2026,Prioridade Legal,11
1ª CCJ,0059762-31.2023.8.17.8201,2º Juizado Especial Cível e das Relações de Consumo da Capital - Turno Manhã - 07:00h às 13:00h,12/06/2026,Prioridade Legal,17
1ª CCJ,0011305-36.2021.8.17.8201,2º Juizado Especial da Fazenda Pública da Capital - Turno Manhã - 07:00h às 13:00h,27/05/2026,Prioridade Legal,34
1ª CCJ,0013155-28.2021.8.17.8201,2º Juizado Especial da Fazenda Pública da Capital - Turno Manhã - 07:00h às 13:00h,27/05/2026,Prioridade Legal,33
1ª CCJ,0018066-44.2025.8.17.8201,2º Juizado Especial da Fazenda Pública da Capital - Turno Manhã - 07:00h às 13:00h,11/06/2026,Prioridade Legal,18
1ª CCJ,0026098-14.2020.8.17.8201,2º Juizado Especial da Fazenda Pública da Capital - Turno Manhã - 07:00h às 13:00h,27/05/2026,Prioridade Legal,33
1ª CCJ,0028176-49.2018.8.17.8201,2º Juizado Especial da Fazenda Pública da Capital - Turno Manhã - 07:00h às 13:00h,27/05/2026,Prioridade Legal,33
1ª CCJ,0036299-02.2024.8.17.2001,2º Juizado Especial da Fazenda Pública da Capital - Turno Manhã - 07:00h às 13:00h,26/05/2026,Prioridade Legal,34
1ª CCJ,0036967-60.2025.8.17.8201,2º Juizado Especial da Fazenda Pública da Capital - Turno Manhã - 07:00h às 13:00h,19/06/2026,Prioridade Legal,10
1ª CCJ,0037328-77.2025.8.17.8201,2º Juizado Especial da Fazenda Pública da Capital - Turno Manhã - 07:00h às 13:00h,19/06/2026,Prioridade Legal,10
1ª CCJ,0038999-38.2025.8.17.8201,2º Juizado Especial da Fazenda Pública da Capital - Turno Manhã - 07:00h às 13:00h,02/06/2026,Prioridade Legal,27
2ª CC,0001160-73.2025.8.17.5001,3ª Vara Criminal da Capital,16/06/2026,Prioridade Legal,0
2ª CC,0002762-02.2025.8.17.5001,3ª Vara Criminal da Capital,19/06/2026,Prioridade Legal,0
2ª CC,0045820-73.2021.8.17.2001,3ª Vara Criminal da Capital,19/06/2026,Sem prioridade,0
4ª CC,0000140-74.2024.8.17.4001,3ª Vara da Fazenda Pública da Capital,15/06/2026,Prioridade Legal,14
2ª CCJ,0001619-12.2003.8.17.0001,3ª Vara da Fazenda Pública da Capital,03/06/2026,Prioridade Legal,26
4ª CC,0001863-96.2007.8.17.0001,3ª Vara da Fazenda Pública da Capital,11/06/2026,Sem prioridade,18
4ª CC,0003604-68.2019.8.17.2001,3ª Vara da Fazenda Pública da Capital,10/06/2026,Prioridade Legal,19
2ª CCJ,0003805-94.2018.8.17.2001,3ª Vara da Fazenda Pública da Capital,02/06/2026,Prioridade Legal,27
4ª CC,0006446-84.2020.8.17.2001,3ª Vara da Fazenda Pública da Capital,18/06/2026,Prioridade Legal,11
2ª CCJ,0006722-57.2016.8.17.2001,3ª Vara da Fazenda Pública da Capital,09/06/2026,Prioridade Legal,20
2ª CCJ,0006959-48.2014.8.17.0001,3ª Vara da Fazenda Pública da Capital,30/04/2026,Prioridade Legal,60
2ª CCJ,0014294-93.2018.8.17.2001,3ª Vara da Fazenda Pública da Capital,04/05/2026,Prioridade Legal,56
2ª CCJ,0015402-60.2018.8.17.2001,3ª Vara da Fazenda Pública da Capital,08/05/2026,Prioridade Legal,52
4ª CC,0017354-40.2019.8.17.2001,3ª Vara da Fazenda Pública da Capital,11/06/2026,Prioridade Legal,18
2ª CCJ,0018846-44.2005.8.17.0001,3ª Vara da Fazenda Pública da Capital,03/06/2026,Sem prioridade,26
2ª CCJ,0020377-53.2014.8.17.0001,3ª Vara da Fazenda Pública da Capital,29/05/2026,Sem prioridade,31
2ª CCJ,0022421-51.1991.8.17.0001,3ª Vara da Fazenda Pública da Capital,12/06/2026,Prioridade Legal,17
4ª CC,0022602-90.2007.8.17.0001,3ª Vara da Fazenda Pública da Capital,11/06/2026,Sem prioridade,18
2ª CCJ,0023368-56.2001.8.17.0001,3ª Vara da Fazenda Pública da Capital,29/05/2026,Sem prioridade,31
2ª CCJ,0030454-44.2002.8.17.0001,3ª Vara da Fazenda Pública da Capital,05/06/2026,Sem prioridade,24
2ª CCJ,0038980-76.2023.8.17.2001,3ª Vara da Fazenda Pública da Capital,03/06/2026,Prioridade Legal,26
2ª CCJ,0039256-74.2015.8.17.0001,3ª Vara da Fazenda Pública da Capital,27/05/2026,Prioridade Legal,33
2ª CCJ,0041967-32.2016.8.17.2001,3ª Vara da Fazenda Pública da Capital,08/05/2026,Prioridade Legal,52
2ª CCJ,0049432-15.2015.8.17.0001,3ª Vara da Fazenda Pública da Capital,29/05/2026,Prioridade Legal,31
4ª CC,0055962-16.2007.8.17.0001,3ª Vara da Fazenda Pública da Capital,17/06/2026,Sem prioridade,12
4ª CC,0057523-06.2018.8.17.2001,3ª Vara da Fazenda Pública da Capital,15/06/2026,Prioridade Legal,14
2ª CCJ,0060246-91.2012.8.17.0001,3ª Vara da Fazenda Pública da Capital,04/05/2026,Prioridade Legal,56
2ª CCJ,0061461-09.2018.8.17.2001,3ª Vara da Fazenda Pública da Capital,01/06/2026,Prioridade Legal,28
2ª CCJ,0062150-44.2015.8.17.0001,3ª Vara da Fazenda Pública da Capital,29/05/2026,Prioridade Legal,31
2ª CCJ,0064246-02.2022.8.17.2001,3ª Vara da Fazenda Pública da Capital,23/05/2026,Prioridade Legal,37
2ª CCJ,0066472-82.2019.8.17.2001,3ª Vara da Fazenda Pública da Capital,05/06/2026,Prioridade Legal,24
2ª CCJ,0073136-27.2022.8.17.2001,3ª Vara da Fazenda Pública da Capital,13/05/2026,Prioridade Legal,47
4ª CC,0075616-51.2017.8.17.2001,3ª Vara da Fazenda Pública da Capital,18/06/2026,Prioridade Legal,11
4ª CC,0076060-79.2020.8.17.2001,3ª Vara da Fazenda Pública da Capital,11/06/2026,Sem prioridade,18
4ª CC,0076647-33.2022.8.17.2001,3ª Vara da Fazenda Pública da Capital,11/06/2026,Prioridade Legal,18
2ª CCJ,0093200-92.2021.8.17.2001,3ª Vara da Fazenda Pública da Capital,12/06/2026,Prioridade Legal,17
2ª CCJ,0097340-72.2021.8.17.2001,3ª Vara da Fazenda Pública da Capital,26/05/2026,Prioridade Legal,34
4ª CC,0098869-34.2018.8.17.2001,3ª Vara da Fazenda Pública da Capital,09/06/2026,Prioridade Legal,20
2ª CCJ,0105347-53.2021.8.17.2001,3ª Vara da Fazenda Pública da Capital,16/06/2026,Prioridade Legal,13
2ª CCJ,0119990-16.2021.8.17.2001,3ª Vara da Fazenda Pública da Capital,20/05/2026,Prioridade Legal,40
2ª CCJ,0131720-30.2009.8.17.0001,3ª Vara da Fazenda Pública da Capital,12/05/2026,Sem prioridade,48
4ª CC,0136841-96.2022.8.17.2001,3ª Vara da Fazenda Pública da Capital,17/06/2026,Sem prioridade,12
4ª CC,0144978-96.2024.8.17.2001,3ª Vara da Fazenda Pública da Capital,19/06/2026,Prioridade Legal,10
2ª CCJ,0192806-94.2012.8.17.0001,3ª Vara da Fazenda Pública da Capital,06/06/2026,Prioridade Legal,24
2ª CC,0001318-31.2025.8.17.5001,3ª Vara de Enfrentamento à Violência Doméstica e Familiar contra a Mulher,15/06/2026,Sem prioridade,0
2ª CC,0129331-95.2023.8.17.2001,3ª Vara de Enfrentamento à Violência Doméstica e Familiar contra a Mulher,15/06/2026,Sem prioridade,0
3ª CCJ,0007330-40.2025.8.17.2001,3ª Vara de Família e Registro Civil da Capital,26/05/2026,Prioridade Legal,34
3ª CC,0007361-60.2025.8.17.2001,3ª Vara de Família e Registro Civil da Capital,15/06/2026,Prioridade Legal,15
3ª CCJ,0011776-62.2020.8.17.2001,3ª Vara de Família e Registro Civil da Capital,12/06/2026,Prioridade Legal,17
3ª CCJ,0013826-66.2017.8.17.2001,3ª Vara de Família e Registro Civil da Capital,04/06/2026,Sem prioridade,26
3ª CC,0034545-88.2025.8.17.2001,3ª Vara de Família e Registro Civil da Capital,15/06/2026,Prioridade Legal,14
3ª CCJ,0034833-70.2024.8.17.2001,3ª Vara de Família e Registro Civil da Capital,03/06/2026,Sem prioridade,27
3ª CC,0035011-19.2024.8.17.2001,3ª Vara de Família e Registro Civil da Capital,15/06/2026,Prioridade Legal,14
3ª CCJ,0038964-93.2021.8.17.2001,3ª Vara de Família e Registro Civil da Capital,12/06/2026,Prioridade Legal,17
3ª CCJ,0044128-97.2025.8.17.2001,3ª Vara de Família e Registro Civil da Capital,05/06/2026,Prioridade Legal,24
3ª CCJ,0062294-80.2025.8.17.2001,3ª Vara de Família e Registro Civil da Capital,17/06/2026,Prioridade Legal,12
3ª CCJ,0065653-77.2021.8.17.2001,3ª Vara de Família e Registro Civil da Capital,17/06/2026,Prioridade Legal,12
3ª CC,0068035-38.2024.8.17.2001,3ª Vara de Família e Registro Civil da Capital,22/05/2026,Sem prioridade,38
3ª CCJ,0083173-45.2024.8.17.2001,3ª Vara de Família e Registro Civil da Capital,22/05/2026,Prioridade Legal,38
3ª CCJ,0085871-24.2024.8.17.2001,3ª Vara de Família e Registro Civil da Capital,15/06/2026,Prioridade Legal,15
3ª CCJ,0115202-56.2021.8.17.2001,3ª Vara de Família e Registro Civil da Capital,16/06/2026,Prioridade Legal,14
3ª CC,0130557-38.2023.8.17.2001,3ª Vara de Família e Registro Civil da Capital,11/06/2026,Sem prioridade,18
3ª CCJ,0138996-04.2024.8.17.2001,3ª Vara de Família e Registro Civil da Capital,02/06/2026,Prioridade Legal,27
PARTIDOR,0003890-75.2021.8.17.2001,3ª Vara de Sucessões e Registros Públicos da Capital,03/06/2026,Prioridade Legal,26
3ª CCJ,0004393-96.2021.8.17.2001,3ª Vara de Sucessões e Registros Públicos da Capital,17/06/2026,Prioridade Legal,12
3ª CCJ,0004941-93.2010.8.17.0001,3ª Vara de Sucessões e Registros Públicos da Capital,17/06/2026,Prioridade Legal,12
PARTIDOR,0012789-04.2017.8.17.2001,3ª Vara de Sucessões e Registros Públicos da Capital,01/06/2026,Prioridade Legal,28
3ª CCJ,0015850-67.2017.8.17.2001,3ª Vara de Sucessões e Registros Públicos da Capital,27/05/2026,Sem prioridade,33
3ª CCJ,0016056-38.2015.8.17.0001,3ª Vara de Sucessões e Registros Públicos da Capital,18/06/2026,Sem prioridade,11
3ª CCJ,0021194-69.2004.8.17.0001,3ª Vara de Sucessões e Registros Públicos da Capital,03/06/2026,Sem prioridade,27
3ª CCJ,0022186-49.2012.8.17.0001,3ª Vara de Sucessões e Registros Públicos da Capital,08/06/2026,Prioridade Legal,21
3ª CCJ,0023700-60.2026.8.17.2001,3ª Vara de Sucessões e Registros Públicos da Capital,16/06/2026,Prioridade Legal,13
3ª CCJ,0030689-82.2026.8.17.2001,3ª Vara de Sucessões e Registros Públicos da Capital,08/06/2026,Prioridade Legal,21
PARTIDOR,0035476-96.2022.8.17.2001,3ª Vara de Sucessões e Registros Públicos da Capital,27/05/2026,Prioridade Legal,33
3ª CCJ,0036261-19.2026.8.17.2001,3ª Vara de Sucessões e Registros Públicos da Capital,04/06/2026,Prioridade Legal,25
3ª CCJ,0040732-55.2012.8.17.0001,3ª Vara de Sucessões e Registros Públicos da Capital,19/06/2026,Prioridade Legal,10
3ª CCJ,0042712-60.2026.8.17.2001,3ª Vara de Sucessões e Registros Públicos da Capital,10/06/2026,Prioridade Legal,19
3ª CCJ,0043314-62.2011.8.17.0001,3ª Vara de Sucessões e Registros Públicos da Capital,25/05/2026,Sem prioridade,35
3ª CCJ,0054964-38.2013.8.17.0001,3ª Vara de Sucessões e Registros Públicos da Capital,08/06/2026,Sem prioridade,21
3ª CCJ,0058837-91.1986.8.17.0001,3ª Vara de Sucessões e Registros Públicos da Capital,11/06/2026,Sem prioridade,19
PARTIDOR,0062265-95.1997.8.17.0001,3ª Vara de Sucessões e Registros Públicos da Capital,19/06/2026,Prioridade Legal,10
3ª CCJ,0072979-25.2020.8.17.2001,3ª Vara de Sucessões e Registros Públicos da Capital,16/06/2026,Prioridade Legal,13
3ª CCJ,0082022-83.2020.8.17.2001,3ª Vara de Sucessões e Registros Públicos da Capital,05/06/2026,Prioridade Legal,24
3ª CCJ,0094605-27.2025.8.17.2001,3ª Vara de Sucessões e Registros Públicos da Capital,10/06/2026,Prioridade Legal,19
3ª CCJ,0099087-18.2025.8.17.2001,3ª Vara de Sucessões e Registros Públicos da Capital,15/06/2026,Prioridade Legal,14
3ª CCJ,0102634-37.2023.8.17.2001,3ª Vara de Sucessões e Registros Públicos da Capital,19/06/2026,Prioridade Legal,10
3ª CCJ,0116762-28.2024.8.17.2001,3ª Vara de Sucessões e Registros Públicos da Capital,05/06/2026,Prioridade Legal,24
3ª CCJ,0125082-04.2023.8.17.2001,3ª Vara de Sucessões e Registros Públicos da Capital,10/06/2026,Prioridade Legal,19
3ª CCJ,0131408-54.2009.8.17.0001,3ª Vara de Sucessões e Registros Públicos da Capital,08/06/2026,Sem prioridade,21
3ª CCJ,0137837-31.2021.8.17.2001,3ª Vara de Sucessões e Registros Públicos da Capital,10/06/2026,Prioridade Legal,19
3ª CCJ,0151046-33.2022.8.17.2001,3ª Vara de Sucessões e Registros Públicos da Capital,18/06/2026,Prioridade Legal,11
2ª CC,0002125-55.2021.8.17.0001,3ª Vara do Tribunal do Júri Capital,18/06/2026,Prioridade Legal,0
1ª CCJ,0000767-20.2026.8.17.8201,3º Juizado Especial Cível e das Relações de Consumo da Capital - Turno Manhã - 07:00h às 13:00h,02/06/2026,Prioridade Legal,27
1ª CCJ,0002294-07.2026.8.17.8201,3º Juizado Especial Cível e das Relações de Consumo da Capital - Turno Manhã - 07:00h às 13:00h,25/05/2026,Prioridade Legal,36
1ª CCJ,0014783-18.2022.8.17.8201,3º Juizado Especial Cível e das Relações de Consumo da Capital - Turno Manhã - 07:00h às 13:00h,21/05/2026,Prioridade Legal,39
1ª CCJ,0022985-13.2024.8.17.8201,3º Juizado Especial Cível e das Relações de Consumo da Capital - Turno Manhã - 07:00h às 13:00h,03/06/2026,Prioridade Legal,26
1ª CCJ,0032632-37.2021.8.17.8201,3º Juizado Especial Cível e das Relações de Consumo da Capital - Turno Manhã - 07:00h às 13:00h,04/06/2026,Prioridade Legal,25
1ª CCJ,0039240-12.2025.8.17.8201,3º Juizado Especial Cível e das Relações de Consumo da Capital - Turno Manhã - 07:00h às 13:00h,21/05/2026,Prioridade Legal,39
1ª CCJ,0045507-97.2025.8.17.8201,3º Juizado Especial Cível e das Relações de Consumo da Capital - Turno Manhã - 07:00h às 13:00h,02/06/2026,Prioridade Legal,27
1ª CCJ,0000373-23.2020.8.17.8201,3º Juizado Especial da Fazenda Pública da Capital - Turno Manhã - 07:00h às 13:00h,02/06/2026,Prioridade Legal,27
1ª CCJ,0000866-87.2026.8.17.8201,3º Juizado Especial da Fazenda Pública da Capital - Turno Manhã - 07:00h às 13:00h,27/05/2026,Prioridade Legal,33
1ª CCJ,0003656-15.2024.8.17.8201,3º Juizado Especial da Fazenda Pública da Capital - Turno Manhã - 07:00h às 13:00h,19/06/2026,Prioridade Legal,11
1ª CCJ,0004047-14.2017.8.17.8201,3º Juizado Especial da Fazenda Pública da Capital - Turno Manhã - 07:00h às 13:00h,16/06/2026,Prioridade Legal,13
1ª CCJ,0016931-41.2018.8.17.8201,3º Juizado Especial da Fazenda Pública da Capital - Turno Manhã - 07:00h às 13:00h,21/05/2026,Prioridade Legal,39
1ª CCJ,0017998-36.2021.8.17.8201,3º Juizado Especial da Fazenda Pública da Capital - Turno Manhã - 07:00h às 13:00h,22/05/2026,Prioridade Legal,39
1ª CCJ,0019962-93.2023.8.17.8201,3º Juizado Especial da Fazenda Pública da Capital - Turno Manhã - 07:00h às 13:00h,19/06/2026,Prioridade Legal,10
1ª CCJ,0020496-03.2024.8.17.8201,3º Juizado Especial da Fazenda Pública da Capital - Turno Manhã - 07:00h às 13:00h,09/06/2026,Prioridade Legal,20
1ª CCJ,0023138-51.2021.8.17.8201,3º Juizado Especial da Fazenda Pública da Capital - Turno Manhã - 07:00h às 13:00h,10/06/2026,Prioridade Legal,20
1ª CCJ,0026282-28.2024.8.17.8201,3º Juizado Especial da Fazenda Pública da Capital - Turno Manhã - 07:00h às 13:00h,19/06/2026,Prioridade Legal,10
1ª CCJ,0029582-71.2019.8.17.8201,3º Juizado Especial da Fazenda Pública da Capital - Turno Manhã - 07:00h às 13:00h,17/06/2026,Prioridade Legal,12
1ª CCJ,0029858-29.2024.8.17.8201,3º Juizado Especial da Fazenda Pública da Capital - Turno Manhã - 07:00h às 13:00h,27/05/2026,Prioridade Legal,33
1ª CCJ,0030495-77.2024.8.17.8201,3º Juizado Especial da Fazenda Pública da Capital - Turno Manhã - 07:00h às 13:00h,25/05/2026,Prioridade Legal,35
1ª CCJ,0033895-07.2021.8.17.8201,3º Juizado Especial da Fazenda Pública da Capital - Turno Manhã - 07:00h às 13:00h,28/04/2026,Prioridade Legal,62
1ª CCJ,0036651-52.2022.8.17.8201,3º Juizado Especial da Fazenda Pública da Capital - Turno Manhã - 07:00h às 13:00h,29/04/2026,Prioridade Legal,61
1ª CCJ,0042777-55.2021.8.17.8201,3º Juizado Especial da Fazenda Pública da Capital - Turno Manhã - 07:00h às 13:00h,28/04/2026,Prioridade Legal,62
1ª CCJ,0044013-71.2023.8.17.8201,3º Juizado Especial da Fazenda Pública da Capital - Turno Manhã - 07:00h às 13:00h,27/05/2026,Prioridade Legal,33
1ª CCJ,0046910-58.2017.8.17.2001,3º Juizado Especial da Fazenda Pública da Capital - Turno Manhã - 07:00h às 13:00h,22/05/2026,Prioridade Legal,39
1ª CCJ,0047105-96.2024.8.17.2001,3º Juizado Especial da Fazenda Pública da Capital - Turno Manhã - 07:00h às 13:00h,16/06/2026,Prioridade Legal,13
1ª CCJ,0049491-36.2018.8.17.8201,3º Juizado Especial da Fazenda Pública da Capital - Turno Manhã - 07:00h às 13:00h,18/05/2026,Prioridade Legal,42
1ª CCJ,0053457-41.2022.8.17.2001,3º Juizado Especial da Fazenda Pública da Capital - Turno Manhã - 07:00h às 13:00h,30/04/2026,Prioridade Legal,60
1ª CCJ,0064190-95.2019.8.17.8201,3º Juizado Especial da Fazenda Pública da Capital - Turno Manhã - 07:00h às 13:00h,27/05/2026,Prioridade Legal,33
1ª CCJ,0115454-25.2022.8.17.2001,3º Juizado Especial da Fazenda Pública da Capital - Turno Manhã - 07:00h às 13:00h,27/05/2026,Prioridade Legal,33
2ª CC,0001445-70.2021.8.17.0001,4ª Vara Criminal da Capital,16/06/2026,Prioridade Legal,0
2ª CC,0002715-32.2021.8.17.0001,4ª Vara Criminal da Capital,18/06/2026,Sem prioridade,0
2ª CC,0049639-18.2021.8.17.2001,4ª Vara Criminal da Capital,15/06/2026,Sem prioridade,0
2ª CCJ,0007564-66.2018.8.17.2001,4ª Vara da Fazenda Pública da Capital,16/06/2026,Sem prioridade,13
2ª CCJ,0022637-15.2017.8.17.2001,4ª Vara da Fazenda Pública da Capital,15/06/2026,Prioridade Legal,14
4ª CC,0035387-68.2025.8.17.2001,4ª Vara da Fazenda Pública da Capital,18/06/2026,Prioridade Legal,11
4ª CC,0044758-56.2025.8.17.2001,4ª Vara da Fazenda Pública da Capital,08/06/2026,Prioridade Legal,21
4ª CC,0045884-84.2012.8.17.0001,4ª Vara da Fazenda Pública da Capital,10/06/2026,Sem prioridade,19
4ª CC,0075151-61.2025.8.17.2001,4ª Vara da Fazenda Pública da Capital,10/06/2026,Prioridade Legal,19
2ª CCJ,0098302-27.2023.8.17.2001,4ª Vara da Fazenda Pública da Capital,11/05/2026,Prioridade Legal,49
3ª CC,0007955-16.2021.8.17.2001,4ª Vara de Família e Registro Civil da Capital,09/06/2026,Prioridade Legal,20
3ª CCJ,0008149-16.2021.8.17.2001,4ª Vara de Família e Registro Civil da Capital,29/05/2026,Prioridade Legal,31
3ª CCJ,0082997-66.2024.8.17.2001,4ª Vara de Família e Registro Civil da Capital,03/06/2026,Sem prioridade,26
3ª CCJ,0094108-13.2025.8.17.2001,4ª Vara de Família e Registro Civil da Capital,01/06/2026,Prioridade Legal,28
3ª CCJ,0000698-09.2010.8.17.0001,4ª Vara de Sucessões e Registros Públicos da Capital,28/05/2026,Sem prioridade,32
3ª CCJ,0006272-86.2005.8.17.0001,4ª Vara de Sucessões e Registros Públicos da Capital,18/06/2026,Sem prioridade,11
3ª CCJ,0010580-68.2005.8.17.0001,4ª Vara de Sucessões e Registros Públicos da Capital,15/06/2026,Prioridade Legal,14
3ª CCJ,0018454-88.2023.8.17.2001,4ª Vara de Sucessões e Registros Públicos da Capital,04/06/2026,Sem prioridade,25
3ª CCJ,0032930-46.1988.8.17.0001,4ª Vara de Sucessões e Registros Públicos da Capital,19/06/2026,Prioridade Legal,10
3ª CCJ,0043224-48.2023.8.17.2001,4ª Vara de Sucessões e Registros Públicos da Capital,16/06/2026,Prioridade Legal,13
3ª CCJ,0049391-96.2014.8.17.2001,4ª Vara de Sucessões e Registros Públicos da Capital,09/05/2026,Sem prioridade,51
3ª CC,0057416-26.2010.8.17.0001,4ª Vara de Sucessões e Registros Públicos da Capital,10/06/2026,Prioridade Legal,19
3ª CCJ,0059132-77.2025.8.17.2001,4ª Vara de Sucessões e Registros Públicos da Capital,01/06/2026,Prioridade Legal,28
3ª CCJ,0063210-90.2020.8.17.2001,4ª Vara de Sucessões e Registros Públicos da Capital,18/06/2026,Prioridade Legal,11
3ª CCJ,0079081-29.2021.8.17.2001,4ª Vara de Sucessões e Registros Públicos da Capital,03/06/2026,Sem prioridade,26
3ª CCJ,0135824-64.2018.8.17.2001,4ª Vara de Sucessões e Registros Públicos da Capital,19/06/2026,Prioridade Legal,10
3ª CCJ,0160371-95.2023.8.17.2001,4ª Vara de Sucessões e Registros Públicos da Capital,08/06/2026,Prioridade Legal,21
1ª CCJ,0013707-85.2024.8.17.8201,4º Juizado Especial Cível e das Relações de Consumo da Capital - Turno Manhã - 07:00h às 13:00h,07/05/2026,Prioridade Legal,53
1ª CCJ,0020662-74.2020.8.17.8201,4º Juizado Especial Cível e das Relações de Consumo da Capital - Turno Manhã - 07:00h às 13:00h,01/06/2026,Sem prioridade,28
1ª CCJ,0025159-29.2023.8.17.8201,4º Juizado Especial Cível e das Relações de Consumo da Capital - Turno Manhã - 07:00h às 13:00h,05/05/2026,Prioridade Legal,56
1ª CCJ,0031200-41.2025.8.17.8201,4º Juizado Especial Cível e das Relações de Consumo da Capital - Turno Manhã - 07:00h às 13:00h,18/05/2026,Prioridade Legal,42
1ª CCJ,0039326-17.2024.8.17.8201,4º Juizado Especial Cível e das Relações de Consumo da Capital - Turno Manhã - 07:00h às 13:00h,17/06/2026,Prioridade Legal,12
1ª CCJ,0042532-39.2024.8.17.8201,4º Juizado Especial Cível e das Relações de Consumo da Capital - Turno Manhã - 07:00h às 13:00h,29/05/2026,Prioridade Legal,32
1ª CCJ,0046092-23.2023.8.17.8201,4º Juizado Especial Cível e das Relações de Consumo da Capital - Turno Manhã - 07:00h às 13:00h,03/06/2026,Prioridade Legal,26
1ª CCJ,0049071-84.2025.8.17.8201,4º Juizado Especial Cível e das Relações de Consumo da Capital - Turno Manhã - 07:00h às 13:00h,18/05/2026,Prioridade Legal,42
1ª CCJ,0051857-72.2023.8.17.8201,4º Juizado Especial Cível e das Relações de Consumo da Capital - Turno Manhã - 07:00h às 13:00h,03/06/2026,Prioridade Legal,26
1ª CCJ,0052426-05.2025.8.17.8201,4º Juizado Especial Cível e das Relações de Consumo da Capital - Turno Manhã - 07:00h às 13:00h,16/06/2026,Prioridade Legal,13
2ª CC,0000310-12.2025.8.17.4001,5ª Vara Criminal da Capital,18/06/2026,Sem prioridade,0
2ª CC,0003286-33.2024.8.17.5001,5ª Vara Criminal da Capital,15/06/2026,Prioridade Legal,0
2ª CC,0138633-51.2023.8.17.2001,5ª Vara Criminal da Capital,15/06/2026,Prioridade Legal,0
4ª CC,0000122-05.2025.8.17.2001,5ª Vara da Fazenda Pública da Capital,17/06/2026,Prioridade Legal,12
2ª CCJ,0001423-55.2023.8.17.2001,5ª Vara da Fazenda Pública da Capital,29/05/2026,Prioridade Legal,31
2ª CCJ,0004199-04.2018.8.17.2001,5ª Vara da Fazenda Pública da Capital,28/05/2026,Prioridade Legal,32
2ª CCJ,0005064-02.2022.8.17.4001,5ª Vara da Fazenda Pública da Capital,05/06/2026,Prioridade Legal,24
2ª CCJ,0005456-31.2010.8.17.0001,5ª Vara da Fazenda Pública da Capital,08/05/2026,Sem prioridade,52
4ª CC,0005658-94.2025.8.17.2001,5ª Vara da Fazenda Pública da Capital,16/06/2026,Prioridade Legal,13
2ª CCJ,0013417-56.2018.8.17.2001,5ª Vara da Fazenda Pública da Capital,03/06/2026,Prioridade Legal,26
4ª CC,0015331-14.2025.8.17.2001,5ª Vara da Fazenda Pública da Capital,16/06/2026,Prioridade Legal,13
4ª CC,0017112-34.2000.8.17.0001,5ª Vara da Fazenda Pública da Capital,17/06/2026,Prioridade Legal,13
4ª CC,0017210-48.2002.8.17.0001,5ª Vara da Fazenda Pública da Capital,04/06/2026,Sem prioridade,25
2ª CCJ,0019543-30.2015.8.17.2001,5ª Vara da Fazenda Pública da Capital,10/06/2026,Prioridade Legal,19
4ª CC,0019942-83.2020.8.17.2001,5ª Vara da Fazenda Pública da Capital,19/06/2026,Super prioridade,10
2ª CCJ,0022990-50.2020.8.17.2001,5ª Vara da Fazenda Pública da Capital,11/06/2026,Prioridade Legal,18
2ª CCJ,0027830-64.2024.8.17.2001,5ª Vara da Fazenda Pública da Capital,04/06/2026,Prioridade Legal,25
4ª CC,0028810-37.2000.8.17.0001,5ª Vara da Fazenda Pública da Capital,10/06/2026,Sem prioridade,19
2ª CCJ,0029103-20.2020.8.17.2001,5ª Vara da Fazenda Pública da Capital,05/06/2026,Prioridade Legal,24
4ª CC,0032072-47.2016.8.17.2001,5ª Vara da Fazenda Pública da Capital,10/06/2026,Sem prioridade,19
2ª CCJ,0033136-06.2001.8.17.0001,5ª Vara da Fazenda Pública da Capital,20/05/2026,Prioridade Legal,40
2ª CCJ,0033258-62.2014.8.17.0001,5ª Vara da Fazenda Pública da Capital,29/05/2026,Prioridade Legal,31
2ª CCJ,0036153-05.2017.8.17.2001,5ª Vara da Fazenda Pública da Capital,26/05/2026,Prioridade Legal,34
2ª CCJ,0037438-58.2013.8.17.0001,5ª Vara da Fazenda Pública da Capital,26/05/2026,Sem prioridade,34
2ª CCJ,0038235-67.2021.8.17.2001,5ª Vara da Fazenda Pública da Capital,10/06/2026,Prioridade Legal,19
2ª CCJ,0041250-16.2010.8.17.0001,5ª Vara da Fazenda Pública da Capital,30/05/2026,Sem prioridade,30
2ª CCJ,0041384-03.2023.8.17.2001,5ª Vara da Fazenda Pública da Capital,04/06/2026,Prioridade Legal,25
2ª CCJ,0042121-45.2019.8.17.2001,5ª Vara da Fazenda Pública da Capital,11/06/2026,Prioridade Legal,18
4ª CC,0043306-17.2013.8.17.0001,5ª Vara da Fazenda Pública da Capital,11/06/2026,Sem prioridade,18
2ª CCJ,0044024-39.1998.8.17.0001,5ª Vara da Fazenda Pública da Capital,11/06/2026,Prioridade Legal,18
4ª CC,0047502-58.2024.8.17.2001,5ª Vara da Fazenda Pública da Capital,10/06/2026,Prioridade Legal,19
2ª CCJ,0049718-36.2017.8.17.2001,5ª Vara da Fazenda Pública da Capital,27/05/2026,Prioridade Legal,33
2ª CCJ,0049897-63.2011.8.17.0001,5ª Vara da Fazenda Pública da Capital,07/05/2026,Sem prioridade,53
2ª CCJ,0052042-53.2015.8.17.0001,5ª Vara da Fazenda Pública da Capital,28/05/2026,Sem prioridade,32
2ª CCJ,0080161-96.2019.8.17.2001,5ª Vara da Fazenda Pública da Capital,27/05/2026,Prioridade Legal,33
2ª CCJ,0084082-87.2024.8.17.2001,5ª Vara da Fazenda Pública da Capital,18/06/2026,Prioridade Legal,11
2ª CCJ,0084948-95.2024.8.17.2001,5ª Vara da Fazenda Pública da Capital,11/06/2026,Prioridade Legal,18
2ª CCJ,0085980-10.2013.8.17.0001,5ª Vara da Fazenda Pública da Capital,27/05/2026,Sem prioridade,33
2ª CCJ,0114180-89.2023.8.17.2001,5ª Vara da Fazenda Pública da Capital,05/06/2026,Prioridade Legal,24
2ª CCJ,0606409-29.1999.8.17.0001,5ª Vara da Fazenda Pública da Capital,16/06/2026,Sem prioridade,13
3ª CC,0000182-77.2024.8.17.6021,5ª Vara de Família e Registro Civil da Capital,15/06/2026,Prioridade Legal,14
3ª CC,0005586-24.2025.8.17.4001,5ª Vara de Família e Registro Civil da Capital,19/06/2026,Prioridade Legal,10
3ª CCJ,0005636-70.2024.8.17.2001,5ª Vara de Família e Registro Civil da Capital,09/06/2026,Prioridade Legal,20
3ª CCJ,0008211-22.2022.8.17.2001,5ª Vara de Família e Registro Civil da Capital,04/06/2026,Prioridade Legal,25
3ª CC,0015768-21.2026.8.17.2001,5ª Vara de Família e Registro Civil da Capital,19/06/2026,Prioridade Legal,10
3ª CC,0018082-47.2020.8.17.2001,5ª Vara de Família e Registro Civil da Capital,15/06/2026,Prioridade Legal,14
3ª CC,0025922-11.2020.8.17.2001,5ª Vara de Família e Registro Civil da Capital,10/06/2026,Prioridade Legal,19
3ª CC,0026801-42.2025.8.17.2001,5ª Vara de Família e Registro Civil da Capital,26/05/2026,Prioridade Legal,34
3ª CC,0036065-83.2025.8.17.2001,5ª Vara de Família e Registro Civil da Capital,12/06/2026,Prioridade Legal,17
3ª CCJ,0045525-94.2025.8.17.2001,5ª Vara de Família e Registro Civil da Capital,26/05/2026,Sem prioridade,34
3ª CCJ,0068089-43.2020.8.17.2001,5ª Vara de Família e Registro Civil da Capital,12/06/2026,Sem prioridade,17
3ª CC,0075630-88.2024.8.17.2001,5ª Vara de Família e Registro Civil da Capital,10/06/2026,Prioridade Legal,19
3ª CC,0090580-68.2025.8.17.2001,5ª Vara de Família e Registro Civil da Capital,10/06/2026,Prioridade Legal,19
3ª CC,0092776-11.2025.8.17.2001,5ª Vara de Família e Registro Civil da Capital,11/06/2026,Prioridade Legal,18
3ª CCJ,0132103-94.2024.8.17.2001,5ª Vara de Família e Registro Civil da Capital,19/06/2026,Prioridade Legal,10
3ª CCJ,0004893-41.2016.8.17.2001,5ª Vara de Sucessões e Registros Públicos da Capital,10/06/2026,Sem prioridade,19
3ª CCJ,0006211-79.2015.8.17.0001,5ª Vara de Sucessões e Registros Públicos da Capital,08/06/2026,Prioridade Legal,21
3ª CCJ,0010039-30.2008.8.17.0001,5ª Vara de Sucessões e Registros Públicos da Capital,17/06/2026,Sem prioridade,13
3ª CCJ,0011471-84.2008.8.17.0001,5ª Vara de Sucessões e Registros Públicos da Capital,10/06/2026,Sem prioridade,19
PARTIDOR,0017663-38.2005.8.17.0001,5ª Vara de Sucessões e Registros Públicos da Capital,20/05/2026,Sem prioridade,40
3ª CCJ,0018429-42.2015.8.17.0001,5ª Vara de Sucessões e Registros Públicos da Capital,03/06/2026,Sem prioridade,26
3ª CCJ,0018840-55.2022.8.17.2001,5ª Vara de Sucessões e Registros Públicos da Capital,02/06/2026,Sem prioridade,27
3ª CCJ,0019165-75.2006.8.17.0001,5ª Vara de Sucessões e Registros Públicos da Capital,17/06/2026,Prioridade Legal,13
3ª CCJ,0019508-30.2022.8.17.2420,5ª Vara de Sucessões e Registros Públicos da Capital,05/06/2026,Prioridade Legal,24
3ª CCJ,0019824-49.2016.8.17.2001,5ª Vara de Sucessões e Registros Públicos da Capital,04/05/2026,Sem prioridade,56
3ª CCJ,0027822-29.2020.8.17.2001,5ª Vara de Sucessões e Registros Públicos da Capital,11/06/2026,Sem prioridade,18
3ª CCJ,0031029-71.2010.8.17.0001,5ª Vara de Sucessões e Registros Públicos da Capital,15/06/2026,Prioridade Legal,15
PARTIDOR,0035039-42.2002.8.17.0001,5ª Vara de Sucessões e Registros Públicos da Capital,19/06/2026,Sem prioridade,10
PARTIDOR,0035655-25.2025.8.17.2001,5ª Vara de Sucessões e Registros Públicos da Capital,16/06/2026,Sem prioridade,13
3ª CCJ,0037065-13.2002.8.17.0001,5ª Vara de Sucessões e Registros Públicos da Capital,10/06/2026,Prioridade Legal,19
3ª CCJ,0038099-36.2022.8.17.2001,5ª Vara de Sucessões e Registros Públicos da Capital,11/06/2026,Prioridade Legal,18
3ª CCJ,0039480-89.2016.8.17.2001,5ª Vara de Sucessões e Registros Públicos da Capital,08/06/2026,Prioridade Legal,21
3ª CCJ,0043699-73.2012.8.17.0001,5ª Vara de Sucessões e Registros Públicos da Capital,09/06/2026,Prioridade Legal,20
3ª CCJ,0044874-62.2025.8.17.2001,5ª Vara de Sucessões e Registros Públicos da Capital,19/06/2026,Prioridade Legal,10
3ª CCJ,0045038-37.2019.8.17.2001,5ª Vara de Sucessões e Registros Públicos da Capital,19/06/2026,Sem prioridade,10
3ª CCJ,0053244-02.2014.8.17.0001,5ª Vara de Sucessões e Registros Públicos da Capital,03/06/2026,Sem prioridade,26
3ª CCJ,0056028-93.2007.8.17.0001,5ª Vara de Sucessões e Registros Públicos da Capital,26/05/2026,Sem prioridade,34
3ª CCJ,0060236-58.1986.8.17.0001,5ª Vara de Sucessões e Registros Públicos da Capital,09/06/2026,Sem prioridade,20
3ª CCJ,0061182-87.2010.8.17.0001,5ª Vara de Sucessões e Registros Públicos da Capital,17/06/2026,Prioridade Legal,12
PARTIDOR,0061249-17.2020.8.17.2001,5ª Vara de Sucessões e Registros Públicos da Capital,19/05/2026,Sem prioridade,41
3ª CCJ,0063094-45.2024.8.17.2001,5ª Vara de Sucessões e Registros Públicos da Capital,11/06/2026,Prioridade Legal,18
3ª CCJ,0063728-18.2010.8.17.0001,5ª Vara de Sucessões e Registros Públicos da Capital,05/06/2026,Prioridade Legal,24
3ª CCJ,0076614-15.2011.8.17.0001,5ª Vara de Sucessões e Registros Públicos da Capital,19/06/2026,Sem prioridade,10
PARTIDOR,0086906-19.2024.8.17.2001,5ª Vara de Sucessões e Registros Públicos da Capital,25/05/2026,Prioridade Legal,35
3ª CCJ,0087205-98.2021.8.17.2001,5ª Vara de Sucessões e Registros Públicos da Capital,19/06/2026,Sem prioridade,10
PARTIDOR,0100181-06.2022.8.17.2001,5ª Vara de Sucessões e Registros Públicos da Capital,11/06/2026,Sem prioridade,18
3ª CCJ,0112037-30.2023.8.17.2001,5ª Vara de Sucessões e Registros Públicos da Capital,08/06/2026,Sem prioridade,21
3ª CCJ,0121254-34.2022.8.17.2001,5ª Vara de Sucessões e Registros Públicos da Capital,10/06/2026,Sem prioridade,19
3ª CCJ,0143963-92.2024.8.17.2001,5ª Vara de Sucessões e Registros Públicos da Capital,25/05/2026,Prioridade Legal,35
1ª CCJ,0000100-05.2024.8.17.8201,5º Juizado Especial Cível e das Relações de Consumo da Capital - Turno Manhã - 07:00h às 13:00h,13/05/2026,Prioridade Legal,47
1ª CCJ,0000513-81.2025.8.17.8201,5º Juizado Especial Cível e das Relações de Consumo da Capital - Turno Manhã - 07:00h às 13:00h,04/06/2026,Prioridade Legal,25
1ª CCJ,0001564-93.2026.8.17.8201,5º Juizado Especial Cível e das Relações de Consumo da Capital - Turno Manhã - 07:00h às 13:00h,12/06/2026,Prioridade Legal,17
1ª CCJ,0002455-17.2026.8.17.8201,5º Juizado Especial Cível e das Relações de Consumo da Capital - Turno Manhã - 07:00h às 13:00h,01/06/2026,Prioridade Legal,28
1ª CCJ,0003894-34.2024.8.17.8201,5º Juizado Especial Cível e das Relações de Consumo da Capital - Turno Manhã - 07:00h às 13:00h,04/05/2026,Sem prioridade,56
1ª CCJ,0010240-98.2024.8.17.8201,5º Juizado Especial Cível e das Relações de Consumo da Capital - Turno Manhã - 07:00h às 13:00h,13/05/2026,Prioridade Legal,47
1ª CCJ,0010709-91.2017.8.17.8201,5º Juizado Especial Cível e das Relações de Consumo da Capital - Turno Manhã - 07:00h às 13:00h,04/06/2026,Prioridade Legal,25
1ª CCJ,0012216-82.2020.8.17.8201,5º Juizado Especial Cível e das Relações de Consumo da Capital - Turno Manhã - 07:00h às 13:00h,08/06/2026,Prioridade Legal,21
1ª CCJ,0012401-47.2025.8.17.8201,5º Juizado Especial Cível e das Relações de Consumo da Capital - Turno Manhã - 07:00h às 13:00h,04/05/2026,Prioridade Legal,56
1ª CCJ,0013669-73.2024.8.17.8201,5º Juizado Especial Cível e das Relações de Consumo da Capital - Turno Manhã - 07:00h às 13:00h,03/06/2026,Prioridade Legal,26
1ª CCJ,0014332-22.2024.8.17.8201,5º Juizado Especial Cível e das Relações de Consumo da Capital - Turno Manhã - 07:00h às 13:00h,04/05/2026,Prioridade Legal,56
1ª CCJ,0015804-29.2022.8.17.8201,5º Juizado Especial Cível e das Relações de Consumo da Capital - Turno Manhã - 07:00h às 13:00h,13/05/2026,Prioridade Legal,47
1ª CCJ,0017340-70.2025.8.17.8201,5º Juizado Especial Cível e das Relações de Consumo da Capital - Turno Manhã - 07:00h às 13:00h,04/06/2026,Prioridade Legal,25
1ª CCJ,0017485-63.2024.8.17.8201,5º Juizado Especial Cível e das Relações de Consumo da Capital - Turno Manhã - 07:00h às 13:00h,16/06/2026,Prioridade Legal,13
1ª CCJ,0018357-44.2025.8.17.8201,5º Juizado Especial Cível e das Relações de Consumo da Capital - Turno Manhã - 07:00h às 13:00h,27/05/2026,Prioridade Legal,33
1ª CCJ,0020444-07.2024.8.17.8201,5º Juizado Especial Cível e das Relações de Consumo da Capital - Turno Manhã - 07:00h às 13:00h,28/05/2026,Prioridade Legal,32
1ª CCJ,0021312-48.2025.8.17.8201,5º Juizado Especial Cível e das Relações de Consumo da Capital - Turno Manhã - 07:00h às 13:00h,27/05/2026,Prioridade Legal,33
1ª CCJ,0022557-94.2025.8.17.8201,5º Juizado Especial Cível e das Relações de Consumo da Capital - Turno Manhã - 07:00h às 13:00h,13/05/2026,Prioridade Legal,47
1ª CCJ,0022774-50.2019.8.17.8201,5º Juizado Especial Cível e das Relações de Consumo da Capital - Turno Manhã - 07:00h às 13:00h,08/06/2026,Prioridade Legal,21
1ª CCJ,0031172-10.2024.8.17.8201,5º Juizado Especial Cível e das Relações de Consumo da Capital - Turno Manhã - 07:00h às 13:00h,19/05/2026,Prioridade Legal,41
1ª CCJ,0031358-33.2024.8.17.8201,5º Juizado Especial Cível e das Relações de Consumo da Capital - Turno Manhã - 07:00h às 13:00h,27/05/2026,Prioridade Legal,33
1ª CCJ,0033210-58.2025.8.17.8201,5º Juizado Especial Cível e das Relações de Consumo da Capital - Turno Manhã - 07:00h às 13:00h,03/06/2026,Prioridade Legal,26
1ª CCJ,0037119-11.2025.8.17.8201,5º Juizado Especial Cível e das Relações de Consumo da Capital - Turno Manhã - 07:00h às 13:00h,27/05/2026,Prioridade Legal,33
1ª CCJ,0038018-09.2025.8.17.8201,5º Juizado Especial Cível e das Relações de Consumo da Capital - Turno Manhã - 07:00h às 13:00h,27/05/2026,Prioridade Legal,33
1ª CCJ,0042367-55.2025.8.17.8201,5º Juizado Especial Cível e das Relações de Consumo da Capital - Turno Manhã - 07:00h às 13:00h,04/06/2026,Prioridade Legal,25
1ª CCJ,0045350-66.2021.8.17.8201,5º Juizado Especial Cível e das Relações de Consumo da Capital - Turno Manhã - 07:00h às 13:00h,03/06/2026,Prioridade Legal,26
1ª CCJ,0047282-50.2025.8.17.8201,5º Juizado Especial Cível e das Relações de Consumo da Capital - Turno Manhã - 07:00h às 13:00h,09/06/2026,Prioridade Legal,21
1ª CCJ,0048471-63.2025.8.17.8201,5º Juizado Especial Cível e das Relações de Consumo da Capital - Turno Manhã - 07:00h às 13:00h,01/06/2026,Prioridade Legal,28
1ª CCJ,0052446-30.2024.8.17.8201,5º Juizado Especial Cível e das Relações de Consumo da Capital - Turno Manhã - 07:00h às 13:00h,27/05/2026,Prioridade Legal,33
1ª CCJ,0052806-33.2022.8.17.8201,5º Juizado Especial Cível e das Relações de Consumo da Capital - Turno Manhã - 07:00h às 13:00h,27/05/2026,Prioridade Legal,33
1ª CCJ,0060804-52.2022.8.17.8201,5º Juizado Especial Cível e das Relações de Consumo da Capital - Turno Manhã - 07:00h às 13:00h,26/05/2026,Prioridade Legal,34
2ª CC,0002145-81.2021.8.17.5001,6ª Vara Criminal da Capital,17/06/2026,Prioridade Legal,0
2ª CC,0020646-87.2017.8.17.0001,6ª Vara Criminal da Capital,18/06/2026,Sem prioridade,0
4ª CC,0005877-10.2025.8.17.2001,6ª Vara da Fazenda Pública da Capital,18/06/2026,Prioridade Legal,12
4ª CC,0005935-34.2004.8.17.0001,6ª Vara da Fazenda Pública da Capital,07/06/2026,Sem prioridade,22
4ª CC,0007535-95.2001.8.17.0001,6ª Vara da Fazenda Pública da Capital,19/06/2026,Sem prioridade,10
2ª CCJ,0015354-67.2019.8.17.2001,6ª Vara da Fazenda Pública da Capital,12/06/2026,Sem prioridade,18
2ª CCJ,0028348-98.2017.8.17.2001,6ª Vara da Fazenda Pública da Capital,03/06/2026,Sem prioridade,26
4ª CC,0029658-66.2017.8.17.8201,6ª Vara da Fazenda Pública da Capital,16/06/2026,Prioridade Legal,13
4ª CC,0029872-87.2015.8.17.0001,6ª Vara da Fazenda Pública da Capital,14/06/2026,Sem prioridade,15
4ª CC,0032469-92.2016.8.17.0001,6ª Vara da Fazenda Pública da Capital,15/06/2026,Sem prioridade,14
2ª CCJ,0041227-69.2019.8.17.2001,6ª Vara da Fazenda Pública da Capital,22/05/2026,Sem prioridade,38
4ª CC,0042575-46.1998.8.17.0001,6ª Vara da Fazenda Pública da Capital,08/06/2026,Prioridade Legal,21
4ª CC,0112515-38.2023.8.17.2001,6ª Vara da Fazenda Pública da Capital,10/06/2026,Prioridade Legal,19
4ª CC,0117355-62.2021.8.17.2001,6ª Vara da Fazenda Pública da Capital,12/06/2026,Sem prioridade,17
4ª CC,0192021-35.2012.8.17.0001,6ª Vara da Fazenda Pública da Capital,08/06/2026,Prioridade Legal,21
3ª CCJ,0012086-68.2020.8.17.2001,6ª Vara de Família e Registro Civil da Capital,19/06/2026,Prioridade Legal,10
3ª CC,0017028-36.2026.8.17.2001,6ª Vara de Família e Registro Civil da Capital,05/06/2026,Prioridade Legal,24
3ª CC,0025888-26.2026.8.17.2001,6ª Vara de Família e Registro Civil da Capital,09/06/2026,Prioridade Legal,20
3ª CC,0052442-32.2025.8.17.2001,6ª Vara de Família e Registro Civil da Capital,05/06/2026,Prioridade Legal,24
3ª CCJ,0052962-89.2025.8.17.2001,6ª Vara de Família e Registro Civil da Capital,16/06/2026,Sem prioridade,14
3ª CC,0060694-34.2019.8.17.2001,6ª Vara de Família e Registro Civil da Capital,04/06/2026,Prioridade Legal,26
3ª CC,0126921-30.2024.8.17.2001,6ª Vara de Família e Registro Civil da Capital,10/06/2026,Prioridade Legal,19
1ª CCJ,0006274-59.2026.8.17.8201,6º Juizado Especial Cível e das Relações de Consumo da Capital - Turno Manhã - 07:00h às 13:00h,15/06/2026,Prioridade Legal,14
1ª CCJ,0007069-65.2026.8.17.8201,6º Juizado Especial Cível e das Relações de Consumo da Capital - Turno Manhã - 07:00h às 13:00h,09/06/2026,Prioridade Legal,20
1ª CCJ,0011201-54.2015.8.17.8201,6º Juizado Especial Cível e das Relações de Consumo da Capital - Turno Manhã - 07:00h às 13:00h,03/06/2026,Sem prioridade,26
1ª CCJ,0020779-89.2025.8.17.8201,6º Juizado Especial Cível e das Relações de Consumo da Capital - Turno Manhã - 07:00h às 13:00h,19/06/2026,Prioridade Legal,11
1ª CCJ,0031775-49.2025.8.17.8201,6º Juizado Especial Cível e das Relações de Consumo da Capital - Turno Manhã - 07:00h às 13:00h,18/05/2026,Prioridade Legal,42
1ª CCJ,0034670-80.2025.8.17.8201,6º Juizado Especial Cível e das Relações de Consumo da Capital - Turno Manhã - 07:00h às 13:00h,29/04/2026,Prioridade Legal,61
1ª CCJ,0036757-09.2025.8.17.8201,6º Juizado Especial Cível e das Relações de Consumo da Capital - Turno Manhã - 07:00h às 13:00h,25/05/2026,Prioridade Legal,35
1ª CCJ,0039404-84.2019.8.17.8201,6º Juizado Especial Cível e das Relações de Consumo da Capital - Turno Manhã - 07:00h às 13:00h,18/05/2026,Prioridade Legal,42
1ª CCJ,0040251-13.2024.8.17.8201,6º Juizado Especial Cível e das Relações de Consumo da Capital - Turno Manhã - 07:00h às 13:00h,21/05/2026,Prioridade Legal,39
1ª CCJ,0044981-33.2025.8.17.8201,6º Juizado Especial Cível e das Relações de Consumo da Capital - Turno Manhã - 07:00h às 13:00h,25/05/2026,Sem prioridade,35
2ª CC,0000166-45.2025.8.17.5001,7ª Vara Criminal da Capital,19/06/2026,Prioridade Legal,0
2ª CC,0001144-56.2024.8.17.5001,7ª Vara Criminal da Capital,17/06/2026,Prioridade Legal,0
2ª CC,0001544-75.2021.8.17.5001,7ª Vara Criminal da Capital,17/06/2026,Sem prioridade,0
2ª CC,0002246-50.2023.8.17.5001,7ª Vara Criminal da Capital,15/06/2026,Sem prioridade,0
2ª CC,0002919-09.2024.8.17.5001,7ª Vara Criminal da Capital,17/06/2026,Prioridade Legal,0
4ª CC,0013381-33.2026.8.17.2001,7ª Vara da Fazenda Pública da Capital,19/06/2026,Prioridade Legal,10
2ª CCJ,0015252-40.2022.8.17.2001,7ª Vara da Fazenda Pública da Capital,04/06/2026,Prioridade Legal,25
4ª CC,0018365-08.2010.8.17.0001,7ª Vara da Fazenda Pública da Capital,15/06/2026,Sem prioridade,14
2ª CCJ,0024600-77.2025.8.17.2001,7ª Vara da Fazenda Pública da Capital,19/06/2026,Super prioridade,10
4ª CC,0024860-57.2025.8.17.2001,7ª Vara da Fazenda Pública da Capital,15/06/2026,Sem prioridade,14
4ª CC,0026889-90.2019.8.17.2001,7ª Vara da Fazenda Pública da Capital,12/06/2026,Prioridade Legal,17
4ª CC,0027251-20.2015.8.17.0001,7ª Vara da Fazenda Pública da Capital,19/06/2026,Sem prioridade,10
2ª CCJ,0037881-42.2021.8.17.2001,7ª Vara da Fazenda Pública da Capital,28/05/2026,Prioridade Legal,32
2ª CCJ,0038604-03.2017.8.17.2001,7ª Vara da Fazenda Pública da Capital,18/05/2026,Prioridade Legal,42
2ª CCJ,0051762-53.2013.8.17.0001,7ª Vara da Fazenda Pública da Capital,22/05/2026,Prioridade Legal,38
4ª CC,0064097-40.2021.8.17.2001,7ª Vara da Fazenda Pública da Capital,19/06/2026,Prioridade Legal,10
2ª CCJ,0072767-09.2017.8.17.2001,7ª Vara da Fazenda Pública da Capital,20/05/2026,Prioridade Legal,40
4ª CC,0098879-68.2024.8.17.2001,7ª Vara da Fazenda Pública da Capital,10/06/2026,Prioridade Legal,19
4ª CC,0127258-24.2021.8.17.2001,7ª Vara da Fazenda Pública da Capital,11/06/2026,Sem prioridade,18
2ª CCJ,0137951-96.2023.8.17.2001,7ª Vara da Fazenda Pública da Capital,22/05/2026,Prioridade Legal,38
2ª CCJ,0148031-96.2009.8.17.0001,7ª Vara da Fazenda Pública da Capital,01/06/2026,Sem prioridade,28
2ª CCJ,0162393-29.2023.8.17.2001,7ª Vara da Fazenda Pública da Capital,24/05/2026,Prioridade Legal,36
3ª CCJ,0061549-13.2019.8.17.2001,7ª Vara de Família e Registro Civil da Capital,17/06/2026,Prioridade Legal,12
3ª CCJ,0134870-42.2023.8.17.2001,7ª Vara de Família e Registro Civil da Capital,18/06/2026,Prioridade Legal,11
1ª CCJ,0001190-77.2026.8.17.8201,7º Juizado Especial Cível e das Relações de Consumo da Capital - Turno Manhã - 07:00h às 13:00h,15/06/2026,Prioridade Legal,14
1ª CCJ,0004204-69.2026.8.17.8201,7º Juizado Especial Cível e das Relações de Consumo da Capital - Turno Manhã - 07:00h às 13:00h,16/06/2026,Prioridade Legal,13
1ª CCJ,0008081-61.2019.8.17.8201,7º Juizado Especial Cível e das Relações de Consumo da Capital - Turno Manhã - 07:00h às 13:00h,03/06/2026,Prioridade Legal,27
1ª CCJ,0016932-79.2025.8.17.8201,7º Juizado Especial Cível e das Relações de Consumo da Capital - Turno Manhã - 07:00h às 13:00h,29/04/2026,Prioridade Legal,61
1ª CCJ,0018354-89.2025.8.17.8201,7º Juizado Especial Cível e das Relações de Consumo da Capital - Turno Manhã - 07:00h às 13:00h,09/06/2026,Prioridade Legal,20
1ª CCJ,0046392-14.2025.8.17.8201,7º Juizado Especial Cível e das Relações de Consumo da Capital - Turno Manhã - 07:00h às 13:00h,17/06/2026,Prioridade Legal,12
1ª CCJ,0051868-33.2025.8.17.8201,7º Juizado Especial Cível e das Relações de Consumo da Capital - Turno Manhã - 07:00h às 13:00h,11/06/2026,Prioridade Legal,18
2ª CC,0000092-93.2022.8.17.5001,8ª Vara Criminal da Capital,19/06/2026,Prioridade Legal,0
2ª CC,0001049-87.2022.8.17.4001,8ª Vara Criminal da Capital,15/06/2026,Prioridade Legal,0
2ª CC,0002337-09.2024.8.17.5001,8ª Vara Criminal da Capital,18/06/2026,Prioridade Legal,0
2ª CC,0003403-24.2024.8.17.5001,8ª Vara Criminal da Capital,16/06/2026,Sem prioridade,0
2ª CC,0006588-74.2020.8.17.0001,8ª Vara Criminal da Capital,16/06/2026,Sem prioridade,0
2ª CCJ,0000280-71.2010.8.17.0001,8ª Vara da Fazenda Pública da Capital,15/05/2026,Sem prioridade,45
2ª CCJ,0001855-11.2022.8.17.2001,8ª Vara da Fazenda Pública da Capital,17/06/2026,Sem prioridade,12
2ª CCJ,0005103-82.2022.8.17.2001,8ª Vara da Fazenda Pública da Capital,10/06/2026,Prioridade Legal,19
4ª CC,0006272-46.2018.8.17.2001,8ª Vara da Fazenda Pública da Capital,14/06/2026,Prioridade Legal,15
2ª CCJ,0007592-39.2015.8.17.2001,8ª Vara da Fazenda Pública da Capital,29/05/2026,Prioridade Legal,31
2ª CCJ,0008165-72.2018.8.17.2001,8ª Vara da Fazenda Pública da Capital,03/06/2026,Prioridade Legal,26
4ª CC,0008467-15.2003.8.17.0001,8ª Vara da Fazenda Pública da Capital,16/06/2026,Sem prioridade,13
4ª CC,0009792-43.2020.8.17.2001,8ª Vara da Fazenda Pública da Capital,06/06/2026,Prioridade Legal,23
4ª CC,0010121-80.2016.8.17.0001,8ª Vara da Fazenda Pública da Capital,08/06/2026,Sem prioridade,21
2ª CCJ,0010360-88.2022.8.17.2001,8ª Vara da Fazenda Pública da Capital,21/05/2026,Prioridade Legal,39
2ª CCJ,0011821-95.2022.8.17.2001,8ª Vara da Fazenda Pública da Capital,09/06/2026,Prioridade Legal,20
4ª CC,0012174-67.2024.8.17.2001,8ª Vara da Fazenda Pública da Capital,06/06/2026,Prioridade Legal,23
2ª CCJ,0012291-29.2022.8.17.2001,8ª Vara da Fazenda Pública da Capital,20/05/2026,Prioridade Legal,40
2ª CCJ,0012737-32.2022.8.17.2001,8ª Vara da Fazenda Pública da Capital,26/05/2026,Prioridade Legal,34
2ª CCJ,0013471-80.2022.8.17.2001,8ª Vara da Fazenda Pública da Capital,20/05/2026,Prioridade Legal,40
4ª CC,0014710-61.2018.8.17.2001,8ª Vara da Fazenda Pública da Capital,12/06/2026,Prioridade Legal,17
4ª CC,0014733-70.2019.8.17.2001,8ª Vara da Fazenda Pública da Capital,09/06/2026,Prioridade Legal,20
2ª CCJ,0015236-86.2022.8.17.2001,8ª Vara da Fazenda Pública da Capital,21/05/2026,Sem prioridade,39
2ª CCJ,0015946-09.2022.8.17.2001,8ª Vara da Fazenda Pública da Capital,02/06/2026,Prioridade Legal,27
4ª CC,0015957-77.2018.8.17.2001,8ª Vara da Fazenda Pública da Capital,12/06/2026,Prioridade Legal,17
2ª CCJ,0016535-98.2022.8.17.2001,8ª Vara da Fazenda Pública da Capital,20/05/2026,Prioridade Legal,40
2ª CCJ,0017680-24.2024.8.17.2001,8ª Vara da Fazenda Pública da Capital,08/06/2026,Prioridade Legal,21
2ª CCJ,0018153-78.2022.8.17.2001,8ª Vara da Fazenda Pública da Capital,16/06/2026,Prioridade Legal,13
4ª CC,0018258-94.2018.8.17.2001,8ª Vara da Fazenda Pública da Capital,09/06/2026,Prioridade Legal,20
2ª CCJ,0018864-83.2022.8.17.2001,8ª Vara da Fazenda Pública da Capital,21/05/2026,Prioridade Legal,39
2ª CCJ,0020391-70.2022.8.17.2001,8ª Vara da Fazenda Pública da Capital,31/05/2026,Prioridade Legal,29
2ª CCJ,0021090-61.2022.8.17.2001,8ª Vara da Fazenda Pública da Capital,18/06/2026,Prioridade Legal,11
2ª CCJ,0021354-78.2022.8.17.2001,8ª Vara da Fazenda Pública da Capital,20/05/2026,Prioridade Legal,40
2ª CCJ,0022434-43.2023.8.17.2001,8ª Vara da Fazenda Pública da Capital,16/06/2026,Prioridade Legal,13
4ª CC,0022547-61.2015.8.17.0001,8ª Vara da Fazenda Pública da Capital,03/06/2026,Sem prioridade,27
2ª CCJ,0022762-07.2022.8.17.2001,8ª Vara da Fazenda Pública da Capital,15/05/2026,Sem prioridade,45
2ª CCJ,0022826-17.2022.8.17.2001,8ª Vara da Fazenda Pública da Capital,01/06/2026,Prioridade Legal,28
2ª CCJ,0022854-82.2022.8.17.2001,8ª Vara da Fazenda Pública da Capital,16/06/2026,Prioridade Legal,13
2ª CCJ,0022877-28.2022.8.17.2001,8ª Vara da Fazenda Pública da Capital,04/06/2026,Prioridade Legal,25
2ª CCJ,0022934-46.2022.8.17.2001,8ª Vara da Fazenda Pública da Capital,17/06/2026,Prioridade Legal,12
2ª CCJ,0023022-84.2022.8.17.2001,8ª Vara da Fazenda Pública da Capital,04/06/2026,Prioridade Legal,25
2ª CCJ,0023028-91.2022.8.17.2001,8ª Vara da Fazenda Pública da Capital,27/05/2026,Prioridade Legal,33
2ª CCJ,0023117-17.2022.8.17.2001,8ª Vara da Fazenda Pública da Capital,03/06/2026,Prioridade Legal,26
2ª CCJ,0023164-88.2022.8.17.2001,8ª Vara da Fazenda Pública da Capital,16/06/2026,Prioridade Legal,13
2ª CCJ,0023307-77.2022.8.17.2001,8ª Vara da Fazenda Pública da Capital,10/06/2026,Prioridade Legal,19
2ª CCJ,0023353-66.2022.8.17.2001,8ª Vara da Fazenda Pública da Capital,20/05/2026,Prioridade Legal,40
2ª CCJ,0023540-74.2022.8.17.2001,8ª Vara da Fazenda Pública da Capital,03/06/2026,Prioridade Legal,26
2ª CCJ,0025980-43.2022.8.17.2001,8ª Vara da Fazenda Pública da Capital,03/06/2026,Prioridade Legal,27
2ª CCJ,0026586-71.2022.8.17.2001,8ª Vara da Fazenda Pública da Capital,29/05/2026,Prioridade Legal,31
2ª CCJ,0030186-33.2015.8.17.0001,8ª Vara da Fazenda Pública da Capital,16/06/2026,Sem prioridade,13
2ª CCJ,0033209-31.2008.8.17.0001,8ª Vara da Fazenda Pública da Capital,03/06/2026,Super prioridade,26
2ª CCJ,0034632-44.2025.8.17.2001,8ª Vara da Fazenda Pública da Capital,13/05/2026,Prioridade Legal,47
2ª CCJ,0036818-79.2021.8.17.2001,8ª Vara da Fazenda Pública da Capital,28/05/2026,Prioridade Legal,32
4ª CC,0037262-10.2024.8.17.2001,8ª Vara da Fazenda Pública da Capital,09/06/2026,Prioridade Legal,20
2ª CCJ,0040730-55.2019.8.17.2001,8ª Vara da Fazenda Pública da Capital,31/05/2026,Prioridade Legal,30
2ª CCJ,0040896-24.2018.8.17.2001,8ª Vara da Fazenda Pública da Capital,12/06/2026,Prioridade Legal,17
4ª CC,0045847-92.1991.8.17.0001,8ª Vara da Fazenda Pública da Capital,17/06/2026,Sem prioridade,12
2ª CCJ,0050091-67.2017.8.17.2001,8ª Vara da Fazenda Pública da Capital,06/06/2026,Prioridade Legal,23
2ª CCJ,0058331-98.2024.8.17.2001,8ª Vara da Fazenda Pública da Capital,03/06/2026,Sem prioridade,26
2ª CCJ,0062079-75.2023.8.17.2001,8ª Vara da Fazenda Pública da Capital,02/06/2026,Prioridade Legal,27
2ª CCJ,0069020-41.2023.8.17.2001,8ª Vara da Fazenda Pública da Capital,20/05/2026,Sem prioridade,40
4ª CC,0069063-13.2013.8.17.0001,8ª Vara da Fazenda Pública da Capital,05/06/2026,Sem prioridade,24
2ª CCJ,0071008-97.2023.8.17.2001,8ª Vara da Fazenda Pública da Capital,10/06/2026,Sem prioridade,19
4ª CC,0073954-52.2017.8.17.2001,8ª Vara da Fazenda Pública da Capital,13/06/2026,Prioridade Legal,16
4ª CC,0075127-14.2017.8.17.2001,8ª Vara da Fazenda Pública da Capital,11/06/2026,Prioridade Legal,18
2ª CCJ,0080051-29.2021.8.17.2001,8ª Vara da Fazenda Pública da Capital,11/06/2026,Prioridade Legal,18
2ª CCJ,0087934-27.2021.8.17.2001,8ª Vara da Fazenda Pública da Capital,12/05/2026,Prioridade Legal,48
2ª CCJ,0089304-46.2018.8.17.2001,8ª Vara da Fazenda Pública da Capital,21/05/2026,Prioridade Legal,39
2ª CCJ,0091345-83.2018.8.17.2001,8ª Vara da Fazenda Pública da Capital,09/06/2026,Prioridade Legal,20
2ª CCJ,0092470-81.2021.8.17.2001,8ª Vara da Fazenda Pública da Capital,10/06/2026,Prioridade Legal,19
2ª CCJ,0102815-72.2022.8.17.2001,8ª Vara da Fazenda Pública da Capital,08/06/2026,Prioridade Legal,21
4ª CC,0104130-78.2009.8.17.0001,8ª Vara da Fazenda Pública da Capital,10/06/2026,Sem prioridade,19
2ª CCJ,0107798-51.2021.8.17.2001,8ª Vara da Fazenda Pública da Capital,14/05/2026,Sem prioridade,46
2ª CCJ,0130235-86.2021.8.17.2001,8ª Vara da Fazenda Pública da Capital,21/05/2026,Prioridade Legal,39
2ª CCJ,0132413-81.2016.8.17.2001,8ª Vara da Fazenda Pública da Capital,22/05/2026,Prioridade Legal,38
2ª CCJ,0133309-51.2021.8.17.2001,8ª Vara da Fazenda Pública da Capital,22/05/2026,Prioridade Legal,39
2ª CCJ,0137578-65.2023.8.17.2001,8ª Vara da Fazenda Pública da Capital,07/05/2026,Prioridade Legal,53
2ª CCJ,0143802-82.2024.8.17.2001,8ª Vara da Fazenda Pública da Capital,05/05/2026,Prioridade Legal,55
2ª CCJ,0156596-09.2022.8.17.2001,8ª Vara da Fazenda Pública da Capital,16/06/2026,Prioridade Legal,13
3ª CCJ,0006577-54.2023.8.17.2001,8ª Vara de Família e Registro Civil da Capital,02/06/2026,Prioridade Legal,27
3ª CC,0007870-54.2026.8.17.2001,8ª Vara de Família e Registro Civil da Capital,17/06/2026,Prioridade Legal,12
3ª CCJ,0008711-57.2020.8.17.2810,8ª Vara de Família e Registro Civil da Capital,26/05/2026,Prioridade Legal,35
3ª CC,0013557-12.2026.8.17.2001,8ª Vara de Família e Registro Civil da Capital,11/06/2026,Prioridade Legal,18
3ª CC,0020555-98.2023.8.17.2001,8ª Vara de Família e Registro Civil da Capital,04/06/2026,Prioridade Legal,25
3ª CC,0022259-44.2026.8.17.2001,8ª Vara de Família e Registro Civil da Capital,16/06/2026,Prioridade Legal,13
3ª CC,0024114-92.2025.8.17.2001,8ª Vara de Família e Registro Civil da Capital,18/06/2026,Prioridade Legal,12
3ª CC,0027619-91.2025.8.17.2001,8ª Vara de Família e Registro Civil da Capital,09/06/2026,Prioridade Legal,20
3ª CC,0033121-11.2025.8.17.2001,8ª Vara de Família e Registro Civil da Capital,16/06/2026,Prioridade Legal,13
3ª CC,0066306-40.2025.8.17.2001,8ª Vara de Família e Registro Civil da Capital,05/06/2026,Prioridade Legal,24
3ª CC,0074536-71.2025.8.17.2001,8ª Vara de Família e Registro Civil da Capital,17/06/2026,Prioridade Legal,13
3ª CC,0080921-35.2025.8.17.2001,8ª Vara de Família e Registro Civil da Capital,15/06/2026,Prioridade Legal,14
3ª CC,0086553-42.2025.8.17.2001,8ª Vara de Família e Registro Civil da Capital,17/06/2026,Prioridade Legal,13
3ª CC,0098221-49.2021.8.17.2001,8ª Vara de Família e Registro Civil da Capital,19/06/2026,Super prioridade,10
3ª CC,0099496-91.2025.8.17.2001,8ª Vara de Família e Registro Civil da Capital,11/06/2026,Prioridade Legal,18
3ª CC,0108454-03.2024.8.17.2001,8ª Vara de Família e Registro Civil da Capital,03/06/2026,Prioridade Legal,26
3ª CC,0110220-57.2025.8.17.2001,8ª Vara de Família e Registro Civil da Capital,05/06/2026,Prioridade Legal,24
3ª CC,0110334-30.2024.8.17.2001,8ª Vara de Família e Registro Civil da Capital,16/06/2026,Prioridade Legal,14
1ª CCJ,0000821-25.2022.8.17.8201,8º Juizado Especial Cível e das Relações de Consumo da Capital - Turno Tarde - 13:00h às 19:00h,23/05/2026,Prioridade Legal,37
1ª CCJ,0004073-65.2024.8.17.8201,8º Juizado Especial Cível e das Relações de Consumo da Capital - Turno Tarde - 13:00h às 19:00h,28/05/2026,Prioridade Legal,32
1ª CCJ,0005788-79.2023.8.17.8201,8º Juizado Especial Cível e das Relações de Consumo da Capital - Turno Tarde - 13:00h às 19:00h,25/05/2026,Prioridade Legal,35
1ª CCJ,0009255-95.2025.8.17.8201,8º Juizado Especial Cível e das Relações de Consumo da Capital - Turno Tarde - 13:00h às 19:00h,13/05/2026,Prioridade Legal,47
1ª CCJ,0010645-37.2024.8.17.8201,8º Juizado Especial Cível e das Relações de Consumo da Capital - Turno Tarde - 13:00h às 19:00h,20/05/2026,Prioridade Legal,40
1ª CCJ,0012024-47.2023.8.17.8201,8º Juizado Especial Cível e das Relações de Consumo da Capital - Turno Tarde - 13:00h às 19:00h,28/04/2026,Prioridade Legal,62
1ª CCJ,0014444-20.2026.8.17.8201,8º Juizado Especial Cível e das Relações de Consumo da Capital - Turno Tarde - 13:00h às 19:00h,15/06/2026,Sem prioridade,14
1ª CCJ,0014763-85.2026.8.17.8201,8º Juizado Especial Cível e das Relações de Consumo da Capital - Turno Tarde - 13:00h às 19:00h,16/06/2026,Prioridade Legal,13
1ª CCJ,0020657-13.2024.8.17.8201,8º Juizado Especial Cível e das Relações de Consumo da Capital - Turno Tarde - 13:00h às 19:00h,28/05/2026,Prioridade Legal,32
1ª CCJ,0025699-09.2025.8.17.8201,8º Juizado Especial Cível e das Relações de Consumo da Capital - Turno Tarde - 13:00h às 19:00h,17/06/2026,Prioridade Legal,12
1ª CCJ,0027783-80.2025.8.17.8201,8º Juizado Especial Cível e das Relações de Consumo da Capital - Turno Tarde - 13:00h às 19:00h,02/06/2026,Prioridade Legal,27
1ª CCJ,0030466-61.2023.8.17.8201,8º Juizado Especial Cível e das Relações de Consumo da Capital - Turno Tarde - 13:00h às 19:00h,17/06/2026,Prioridade Legal,12
1ª CCJ,0032735-05.2025.8.17.8201,8º Juizado Especial Cível e das Relações de Consumo da Capital - Turno Tarde - 13:00h às 19:00h,29/04/2026,Prioridade Legal,61
1ª CCJ,0033298-33.2024.8.17.8201,8º Juizado Especial Cível e das Relações de Consumo da Capital - Turno Tarde - 13:00h às 19:00h,03/06/2026,Prioridade Legal,26
1ª CCJ,0037602-41.2025.8.17.8201,8º Juizado Especial Cível e das Relações de Consumo da Capital - Turno Tarde - 13:00h às 19:00h,29/05/2026,Prioridade Legal,31
1ª CCJ,0038282-26.2025.8.17.8201,8º Juizado Especial Cível e das Relações de Consumo da Capital - Turno Tarde - 13:00h às 19:00h,16/06/2026,Prioridade Legal,13
1ª CCJ,0042796-90.2023.8.17.8201,8º Juizado Especial Cível e das Relações de Consumo da Capital - Turno Tarde - 13:00h às 19:00h,21/05/2026,Prioridade Legal,39
1ª CCJ,0042803-24.2019.8.17.8201,8º Juizado Especial Cível e das Relações de Consumo da Capital - Turno Tarde - 13:00h às 19:00h,19/05/2026,Sem prioridade,41
1ª CCJ,0044702-18.2023.8.17.8201,8º Juizado Especial Cível e das Relações de Consumo da Capital - Turno Tarde - 13:00h às 19:00h,14/05/2026,Prioridade Legal,46
1ª CCJ,0045741-50.2023.8.17.8201,8º Juizado Especial Cível e das Relações de Consumo da Capital - Turno Tarde - 13:00h às 19:00h,22/05/2026,Prioridade Legal,38
1ª CCJ,0048666-19.2023.8.17.8201,8º Juizado Especial Cível e das Relações de Consumo da Capital - Turno Tarde - 13:00h às 19:00h,05/06/2026,Prioridade Legal,24
1ª CCJ,0049345-53.2022.8.17.8201,8º Juizado Especial Cível e das Relações de Consumo da Capital - Turno Tarde - 13:00h às 19:00h,09/06/2026,Prioridade Legal,20
1ª CCJ,0049574-08.2025.8.17.8201,8º Juizado Especial Cível e das Relações de Consumo da Capital - Turno Tarde - 13:00h às 19:00h,15/06/2026,Prioridade Legal,14
1ª CCJ,0058509-08.2023.8.17.8201,8º Juizado Especial Cível e das Relações de Consumo da Capital - Turno Tarde - 13:00h às 19:00h,11/06/2026,Prioridade Legal,18
2ª CC,0000800-12.2023.8.17.5001,9ª Vara Criminal da Capital,18/06/2026,Prioridade Legal,0
2ª CC,0004537-52.2025.8.17.5001,9ª Vara Criminal da Capital,19/06/2026,Prioridade Legal,0
2ª CC,0004984-33.2025.8.17.4001,9ª Vara Criminal da Capital,19/06/2026,Prioridade Legal,0
2ª CC,0010035-70.2020.8.17.0001,9ª Vara Criminal da Capital,18/06/2026,Prioridade Legal,11
2ª CC,0018178-86.2025.8.17.2001,9ª Vara Criminal da Capital,19/06/2026,Prioridade Legal,0
2ª CC,0018449-91.2019.8.17.0001,9ª Vara Criminal da Capital,15/06/2026,Prioridade Legal,0
2ª CC,0042234-81.2023.8.17.8201,9ª Vara Criminal da Capital,19/06/2026,Prioridade Legal,0
2ª CC,0102972-45.2022.8.17.2001,9ª Vara Criminal da Capital,19/06/2026,Prioridade Legal,0
2ª CC,0141301-92.2023.8.17.2001,9ª Vara Criminal da Capital,15/06/2026,Prioridade Legal,0
3ª CC,0008269-83.2026.8.17.2001,9ª Vara de Família e Registro Civil da Capital,09/06/2026,Prioridade Legal,20
3ª CC,0029971-22.2025.8.17.2001,9ª Vara de Família e Registro Civil da Capital,09/06/2026,Prioridade Legal,21
3ª CC,0054497-24.2023.8.17.2001,9ª Vara de Família e Registro Civil da Capital,19/06/2026,Prioridade Legal,10
3ª CC,0075023-41.2025.8.17.2001,9ª Vara de Família e Registro Civil da Capital,12/06/2026,Prioridade Legal,17
3ª CC,0084372-68.2025.8.17.2001,9ª Vara de Família e Registro Civil da Capital,27/05/2026,Prioridade Legal,33
3ª CCJ,0085726-31.2025.8.17.2001,9ª Vara de Família e Registro Civil da Capital,18/06/2026,Sem prioridade,11
3ª CC,0109084-25.2025.8.17.2001,9ª Vara de Família e Registro Civil da Capital,18/06/2026,Prioridade Legal,11
3ª CC,0119712-10.2024.8.17.2001,9ª Vara de Família e Registro Civil da Capital,11/06/2026,Sem prioridade,18
3ª CC,0149306-06.2023.8.17.2001,9ª Vara de Família e Registro Civil da Capital,12/06/2026,Prioridade Legal,17
1ª CCJ,0000221-62.2026.8.17.8201,9º Juizado Especial Cível e das Relações de Consumo da Capital - Turno Tarde - 13:00h às 19:00h,14/05/2026,Prioridade Legal,46
1ª CCJ,0001342-28.2026.8.17.8201,9º Juizado Especial Cível e das Relações de Consumo da Capital - Turno Tarde - 13:00h às 19:00h,14/05/2026,Prioridade Legal,46
1ª CCJ,0002147-15.2025.8.17.8201,9º Juizado Especial Cível e das Relações de Consumo da Capital - Turno Tarde - 13:00h às 19:00h,13/05/2026,Prioridade Legal,47
1ª CCJ,0002362-25.2024.8.17.8201,9º Juizado Especial Cível e das Relações de Consumo da Capital - Turno Tarde - 13:00h às 19:00h,04/06/2026,Prioridade Legal,25
1ª CCJ,0004371-91.2023.8.17.8201,9º Juizado Especial Cível e das Relações de Consumo da Capital - Turno Tarde - 13:00h às 19:00h,05/06/2026,Prioridade Legal,24
1ª CCJ,0005060-43.2020.8.17.8201,9º Juizado Especial Cível e das Relações de Consumo da Capital - Turno Tarde - 13:00h às 19:00h,25/05/2026,Prioridade Legal,35
1ª CCJ,0005398-07.2026.8.17.8201,9º Juizado Especial Cível e das Relações de Consumo da Capital - Turno Tarde - 13:00h às 19:00h,28/05/2026,Prioridade Legal,32
1ª CCJ,0005948-02.2026.8.17.8201,9º Juizado Especial Cível e das Relações de Consumo da Capital - Turno Tarde - 13:00h às 19:00h,17/06/2026,Prioridade Legal,12
1ª CCJ,0007091-31.2023.8.17.8201,9º Juizado Especial Cível e das Relações de Consumo da Capital - Turno Tarde - 13:00h às 19:00h,28/05/2026,Prioridade Legal,32
1ª CCJ,0009864-44.2026.8.17.8201,9º Juizado Especial Cível e das Relações de Consumo da Capital - Turno Tarde - 13:00h às 19:00h,02/06/2026,Prioridade Legal,27
1ª CCJ,0013634-50.2023.8.17.8201,9º Juizado Especial Cível e das Relações de Consumo da Capital - Turno Tarde - 13:00h às 19:00h,13/05/2026,Prioridade Legal,47
1ª CCJ,0015679-90.2024.8.17.8201,9º Juizado Especial Cível e das Relações de Consumo da Capital - Turno Tarde - 13:00h às 19:00h,30/04/2026,Prioridade Legal,60
1ª CCJ,0018561-25.2024.8.17.8201,9º Juizado Especial Cível e das Relações de Consumo da Capital - Turno Tarde - 13:00h às 19:00h,20/05/2026,Prioridade Legal,41
1ª CCJ,0035867-12.2021.8.17.8201,9º Juizado Especial Cível e das Relações de Consumo da Capital - Turno Tarde - 13:00h às 19:00h,11/06/2026,Prioridade Legal,18
1ª CCJ,0037997-33.2025.8.17.8201,9º Juizado Especial Cível e das Relações de Consumo da Capital - Turno Tarde - 13:00h às 19:00h,20/05/2026,Prioridade Legal,41
1ª CCJ,0044533-60.2025.8.17.8201,9º Juizado Especial Cível e das Relações de Consumo da Capital - Turno Tarde - 13:00h às 19:00h,18/06/2026,Prioridade Legal,11
1ª CCJ,0046134-04.2025.8.17.8201,9º Juizado Especial Cível e das Relações de Consumo da Capital - Turno Tarde - 13:00h às 19:00h,29/04/2026,Prioridade Legal,61
1ª CCJ,0047565-73.2025.8.17.8201,9º Juizado Especial Cível e das Relações de Consumo da Capital - Turno Tarde - 13:00h às 19:00h,28/05/2026,Prioridade Legal,32
1ª CCJ,0049076-43.2024.8.17.8201,9º Juizado Especial Cível e das Relações de Consumo da Capital - Turno Tarde - 13:00h às 19:00h,30/04/2026,Prioridade Legal,60
1ª CCJ,0058443-28.2023.8.17.8201,9º Juizado Especial Cível e das Relações de Consumo da Capital - Turno Tarde - 13:00h às 19:00h,25/05/2026,Prioridade Legal,35
1ª CC,0001773-38.2026.8.17.2001,Seção A da 10ª Vara Cível da Capital,18/06/2026,Prioridade Legal,11
1ª CC,0005079-98.2015.8.17.2001,Seção A da 10ª Vara Cível da Capital,11/06/2026,Prioridade Legal,18
1ª CC,0015634-62.2024.8.17.2001,Seção A da 10ª Vara Cível da Capital,09/06/2026,Sem prioridade,20
1ª CCJ,0018865-39.2020.8.17.2001,Seção A da 10ª Vara Cível da Capital,30/04/2026,Prioridade Legal,60
1ª CC,0021377-19.2025.8.17.2001,Seção A da 10ª Vara Cível da Capital,15/06/2026,Prioridade Legal,14
1ª CC,0023791-63.2020.8.17.2001,Seção A da 10ª Vara Cível da Capital,01/06/2026,Sem prioridade,28
1ª CC,0031983-48.2021.8.17.2001,Seção A da 10ª Vara Cível da Capital,18/06/2026,Sem prioridade,12
1ª CC,0034298-10.2025.8.17.2001,Seção A da 10ª Vara Cível da Capital,12/06/2026,Prioridade Legal,17
1ª CC,0035016-80.2020.8.17.2001,Seção A da 10ª Vara Cível da Capital,17/06/2026,Prioridade Legal,12
1ª CC,0037341-52.2025.8.17.2001,Seção A da 10ª Vara Cível da Capital,16/06/2026,Sem prioridade,13
1ª CCJ,0039593-67.2021.8.17.2001,Seção A da 10ª Vara Cível da Capital,29/04/2026,Prioridade Legal,61
1ª CC,0039643-98.2018.8.17.2001,Seção A da 10ª Vara Cível da Capital,17/06/2026,Prioridade Legal,12
1ª CC,0047325-41.2017.8.17.2001,Seção A da 10ª Vara Cível da Capital,05/06/2026,Prioridade Legal,24
1ª CC,0054672-47.2025.8.17.2001,Seção A da 10ª Vara Cível da Capital,18/06/2026,Prioridade Legal,12
1ª CC,0055401-89.2007.8.17.0001,Seção A da 10ª Vara Cível da Capital,11/06/2026,Sem prioridade,18
1ª CC,0056488-69.2022.8.17.2001,Seção A da 10ª Vara Cível da Capital,01/06/2026,Prioridade Legal,28
1ª CC,0057809-37.2025.8.17.2001,Seção A da 10ª Vara Cível da Capital,10/06/2026,Super prioridade,19
1ª CC,0059843-19.2024.8.17.2001,Seção A da 10ª Vara Cível da Capital,18/06/2026,Prioridade Legal,11
1ª CC,0063484-59.2017.8.17.2001,Seção A da 10ª Vara Cível da Capital,11/06/2026,Sem prioridade,19
1ª CC,0072129-29.2024.8.17.2001,Seção A da 10ª Vara Cível da Capital,20/06/2026,Prioridade Legal,9
1ª CC,0075615-85.2025.8.17.2001,Seção A da 10ª Vara Cível da Capital,12/06/2026,Prioridade Legal,17
1ª CCJ,0086566-80.2021.8.17.2001,Seção A da 10ª Vara Cível da Capital,27/05/2026,Sem prioridade,33
1ª CC,0089477-26.2025.8.17.2001,Seção A da 10ª Vara Cível da Capital,15/06/2026,Prioridade Legal,14
1ª CCJ,0095230-61.2025.8.17.2001,Seção A da 10ª Vara Cível da Capital,11/05/2026,Prioridade Legal,49
1ª CC,0095300-78.2025.8.17.2001,Seção A da 10ª Vara Cível da Capital,15/06/2026,Prioridade Legal,14
1ª CC,0098563-27.2013.8.17.0001,Seção A da 10ª Vara Cível da Capital,10/06/2026,Super prioridade,20
1ª CC,0099318-45.2025.8.17.2001,Seção A da 10ª Vara Cível da Capital,01/06/2026,Prioridade Legal,28
1ª CC,0104722-77.2025.8.17.2001,Seção A da 10ª Vara Cível da Capital,12/06/2026,Prioridade Legal,18
1ª CC,0105077-87.2025.8.17.2001,Seção A da 10ª Vara Cível da Capital,01/06/2026,Prioridade Legal,28
1ª CC,0111149-90.2025.8.17.2001,Seção A da 10ª Vara Cível da Capital,17/06/2026,Prioridade Legal,12
1ª CC,0111601-03.2025.8.17.2001,Seção A da 10ª Vara Cível da Capital,05/06/2026,Prioridade Legal,24
1ª CC,0114013-38.2024.8.17.2001,Seção A da 10ª Vara Cível da Capital,12/06/2026,Prioridade Legal,17
1ª CC,0132013-67.2016.8.17.2001,Seção A da 10ª Vara Cível da Capital,05/06/2026,Prioridade Legal,24
1ª CC,0144582-56.2023.8.17.2001,Seção A da 10ª Vara Cível da Capital,28/05/2026,Sem prioridade,32
1ª CC,0157722-60.2023.8.17.2001,Seção A da 10ª Vara Cível da Capital,15/06/2026,Super prioridade,14
1ª CC,0003384-12.2015.8.17.2001,Seção A da 11ª Vara Cível da Capital,08/06/2026,Sem prioridade,21
1ª CC,0011473-72.2025.8.17.2001,Seção A da 11ª Vara Cível da Capital,18/06/2026,Super prioridade,11
1ª CCJ,0014948-51.2016.8.17.2001,Seção A da 11ª Vara Cível da Capital,21/05/2026,Prioridade Legal,39
1ª CC,0016815-64.2025.8.17.2001,Seção A da 11ª Vara Cível da Capital,11/06/2026,Prioridade Legal,18
1ª CC,0017285-95.2025.8.17.2001,Seção A da 11ª Vara Cível da Capital,04/06/2026,Prioridade Legal,25
1ª CC,0022967-75.2018.8.17.2001,Seção A da 11ª Vara Cível da Capital,09/06/2026,Super prioridade,20
1ª CC,0027728-76.2023.8.17.2001,Seção A da 11ª Vara Cível da Capital,02/06/2026,Super prioridade,27
1ª CC,0029815-10.2020.8.17.2001,Seção A da 11ª Vara Cível da Capital,19/06/2026,Sem prioridade,11
1ª CC,0041032-45.2023.8.17.2001,Seção A da 11ª Vara Cível da Capital,02/06/2026,Sem prioridade,27
1ª CC,0041129-45.2023.8.17.2001,Seção A da 11ª Vara Cível da Capital,09/06/2026,Sem prioridade,20
1ª CC,0043040-29.2022.8.17.2001,Seção A da 11ª Vara Cível da Capital,12/06/2026,Prioridade Legal,17
1ª CC,0043373-84.2010.8.17.0001,Seção A da 11ª Vara Cível da Capital,16/06/2026,Prioridade Legal,13
1ª CC,0048383-35.2024.8.17.2001,Seção A da 11ª Vara Cível da Capital,09/06/2026,Super prioridade,20
1ª CC,0053544-95.2013.8.17.0001,Seção A da 11ª Vara Cível da Capital,19/06/2026,Sem prioridade,10
1ª CC,0055998-77.2015.8.17.0001,Seção A da 11ª Vara Cível da Capital,27/05/2026,Sem prioridade,33
1ª CCJ,0059430-07.2015.8.17.0001,Seção A da 11ª Vara Cível da Capital,10/06/2026,Sem prioridade,19
1ª CCJ,0062545-69.2023.8.17.2001,Seção A da 11ª Vara Cível da Capital,26/05/2026,Prioridade Legal,35
1ª CC,0071365-14.2022.8.17.2001,Seção A da 11ª Vara Cível da Capital,27/05/2026,Sem prioridade,33
1ª CC,0087242-28.2021.8.17.2001,Seção A da 11ª Vara Cível da Capital,11/06/2026,Sem prioridade,18
1ª CC,0135771-10.2023.8.17.2001,Seção A da 11ª Vara Cível da Capital,27/05/2026,Prioridade Legal,33
1ª CC,0160057-86.2022.8.17.2001,Seção A da 11ª Vara Cível da Capital,11/06/2026,Sem prioridade,18
1ª CC,0001722-71.2019.8.17.2001,Seção A da 12ª Vara Cível da Capital,16/06/2026,Prioridade Legal,13
1ª CC,0003596-19.2015.8.17.0001,Seção A da 12ª Vara Cível da Capital,16/06/2026,Sem prioridade,14
1ª CC,0006047-66.2005.8.17.0001,Seção A da 12ª Vara Cível da Capital,16/06/2026,Prioridade Legal,13
1ª CC,0010223-43.2021.8.17.2001,Seção A da 12ª Vara Cível da Capital,28/05/2026,Prioridade Legal,32
1ª CC,0010554-26.2012.8.17.0001,Seção A da 12ª Vara Cível da Capital,15/06/2026,Sem prioridade,14
1ª CC,0012692-86.2026.8.17.2001,Seção A da 12ª Vara Cível da Capital,08/06/2026,Prioridade Legal,21
1ª CCJ,0013324-83.2024.8.17.2001,Seção A da 12ª Vara Cível da Capital,08/05/2026,Prioridade Legal,53
1ª CC,0015500-98.2025.8.17.2001,Seção A da 12ª Vara Cível da Capital,09/06/2026,Sem prioridade,20
1ª CC,0018941-24.2024.8.17.2001,Seção A da 12ª Vara Cível da Capital,15/06/2026,Super prioridade,14
1ª CC,0019827-24.2015.8.17.0001,Seção A da 12ª Vara Cível da Capital,10/06/2026,Sem prioridade,20
1ª CC,0021257-39.2026.8.17.2001,Seção A da 12ª Vara Cível da Capital,08/06/2026,Prioridade Legal,21
1ª CC,0021686-45.2022.8.17.2001,Seção A da 12ª Vara Cível da Capital,05/06/2026,Prioridade Legal,24
1ª CC,0023311-82.1994.8.17.0001,Seção A da 12ª Vara Cível da Capital,16/06/2026,Prioridade Legal,13
1ª CC,0024611-09.2025.8.17.2001,Seção A da 12ª Vara Cível da Capital,05/06/2026,Sem prioridade,24
1ª CC,0026076-53.2025.8.17.2001,Seção A da 12ª Vara Cível da Capital,08/06/2026,Prioridade Legal,21
1ª CC,0027050-56.2026.8.17.2001,Seção A da 12ª Vara Cível da Capital,17/06/2026,Prioridade Legal,12
1ª CC,0029638-41.2023.8.17.2001,Seção A da 12ª Vara Cível da Capital,18/06/2026,Sem prioridade,11
1ª CC,0031454-53.2026.8.17.2001,Seção A da 12ª Vara Cível da Capital,19/06/2026,Prioridade Legal,10
1ª CC,0041787-69.2023.8.17.2001,Seção A da 12ª Vara Cível da Capital,18/06/2026,Prioridade Legal,11
1ª CC,0041912-66.2025.8.17.2001,Seção A da 12ª Vara Cível da Capital,27/05/2026,Prioridade Legal,33
1ª CC,0046400-40.2020.8.17.2001,Seção A da 12ª Vara Cível da Capital,09/06/2026,Prioridade Legal,20
1ª CC,0051421-90.2014.8.17.0001,Seção A da 12ª Vara Cível da Capital,27/05/2026,Super prioridade,33
1ª CC,0076030-68.2025.8.17.2001,Seção A da 12ª Vara Cível da Capital,01/06/2026,Prioridade Legal,28
1ª CC,0078050-03.2023.8.17.2001,Seção A da 12ª Vara Cível da Capital,02/06/2026,Prioridade Legal,27
1ª CC,0080602-09.2021.8.17.2001,Seção A da 12ª Vara Cível da Capital,29/05/2026,Prioridade Legal,31
1ª CC,0083192-51.2024.8.17.2001,Seção A da 12ª Vara Cível da Capital,16/06/2026,Prioridade Legal,14
1ª CC,0087078-93.2014.8.17.0001,Seção A da 12ª Vara Cível da Capital,18/06/2026,Sem prioridade,12
1ª CC,0088600-23.2024.8.17.2001,Seção A da 12ª Vara Cível da Capital,28/05/2026,Super prioridade,32
1ª CC,0089411-46.2025.8.17.2001,Seção A da 12ª Vara Cível da Capital,03/06/2026,Prioridade Legal,26
1ª CCJ,0089863-66.2019.8.17.2001,Seção A da 12ª Vara Cível da Capital,07/05/2026,Prioridade Legal,53
1ª CC,0093183-22.2022.8.17.2001,Seção A da 12ª Vara Cível da Capital,16/06/2026,Sem prioridade,14
1ª CC,0107281-07.2025.8.17.2001,Seção A da 12ª Vara Cível da Capital,17/06/2026,Prioridade Legal,12
1ª CC,0116112-15.2023.8.17.2001,Seção A da 12ª Vara Cível da Capital,08/06/2026,Prioridade Legal,21
1ª CC,0117650-94.2024.8.17.2001,Seção A da 12ª Vara Cível da Capital,02/06/2026,Prioridade Legal,27
1ª CC,0148295-39.2023.8.17.2001,Seção A da 12ª Vara Cível da Capital,04/06/2026,Prioridade Legal,25
1ª CC,0000538-50.2026.8.17.4001,Seção A da 13ª Vara Cível da Capital,17/06/2026,Prioridade Legal,12
1ª CC,0000635-75.2022.8.17.2001,Seção A da 13ª Vara Cível da Capital,16/06/2026,Sem prioridade,13
1ª CCJ,0001137-24.2016.8.17.2001,Seção A da 13ª Vara Cível da Capital,06/05/2026,Prioridade Legal,54
1ª CC,0002419-31.2016.8.17.3090,Seção A da 13ª Vara Cível da Capital,09/06/2026,Prioridade Legal,20
1ª CC,0003670-24.2014.8.17.2001,Seção A da 13ª Vara Cível da Capital,09/06/2026,Sem prioridade,20
1ª CCJ,0018157-76.2026.8.17.2001,Seção A da 13ª Vara Cível da Capital,09/06/2026,Prioridade Legal,21
1ª CC,0030643-40.2019.8.17.2001,Seção A da 13ª Vara Cível da Capital,09/06/2026,Sem prioridade,20
1ª CCJ,0031175-82.2017.8.17.2001,Seção A da 13ª Vara Cível da Capital,15/05/2026,Prioridade Legal,45
1ª CC,0031771-27.2021.8.17.2001,Seção A da 13ª Vara Cível da Capital,16/06/2026,Prioridade Legal,13
1ª CC,0037512-43.2024.8.17.2001,Seção A da 13ª Vara Cível da Capital,19/06/2026,Prioridade Legal,10
1ª CC,0056530-31.2016.8.17.2001,Seção A da 13ª Vara Cível da Capital,05/06/2026,Prioridade Legal,24
1ª CCJ,0081917-09.2020.8.17.2001,Seção A da 13ª Vara Cível da Capital,16/06/2026,Prioridade Legal,13
1ª CC,0086252-08.2019.8.17.2001,Seção A da 13ª Vara Cível da Capital,03/06/2026,Prioridade Legal,26
1ª CC,0089552-65.2025.8.17.2001,Seção A da 13ª Vara Cível da Capital,12/06/2026,Prioridade Legal,17
1ª CC,0101187-48.2022.8.17.2001,Seção A da 13ª Vara Cível da Capital,18/06/2026,Prioridade Legal,12
1ª CC,0115054-11.2022.8.17.2001,Seção A da 13ª Vara Cível da Capital,02/06/2026,Super prioridade,27
1ª CC,0132363-74.2024.8.17.2001,Seção A da 13ª Vara Cível da Capital,11/06/2026,Prioridade Legal,18
1ª CC,0137000-73.2021.8.17.2001,Seção A da 13ª Vara Cível da Capital,19/06/2026,Sem prioridade,10
1ª CC,0143159-27.2024.8.17.2001,Seção A da 13ª Vara Cível da Capital,02/06/2026,Prioridade Legal,27
1ª CC,0147660-58.2023.8.17.2001,Seção A da 13ª Vara Cível da Capital,02/06/2026,Sem prioridade,27
1ª CC,0158597-30.2023.8.17.2001,Seção A da 13ª Vara Cível da Capital,04/06/2026,Prioridade Legal,25
1ª CC,0012190-26.2021.8.17.2001,Seção A da 15ª Vara Cível da Capital,09/06/2026,Prioridade Legal,20
1ª CCJ,0015079-79.2023.8.17.2001,Seção A da 15ª Vara Cível da Capital,21/05/2026,Prioridade Legal,39
1ª CC,0017299-60.2017.8.17.2001,Seção A da 15ª Vara Cível da Capital,05/06/2026,Prioridade Legal,24
1ª CC,0022774-31.2016.8.17.2001,Seção A da 15ª Vara Cível da Capital,05/06/2026,Prioridade Legal,24
1ª CCJ,0026800-33.2020.8.17.2001,Seção A da 15ª Vara Cível da Capital,11/06/2026,Sem prioridade,18
1ª CC,0027171-27.2013.8.17.0001,Seção A da 15ª Vara Cível da Capital,08/06/2026,Super prioridade,22
1ª CC,0029112-41.2015.8.17.0001,Seção A da 15ª Vara Cível da Capital,02/06/2026,Sem prioridade,27
1ª CC,0041439-27.2018.8.17.2001,Seção A da 15ª Vara Cível da Capital,02/06/2026,Sem prioridade,27
1ª CC,0063667-20.2023.8.17.2001,Seção A da 15ª Vara Cível da Capital,16/06/2026,Prioridade Legal,13
1ª CC,0065538-86.2014.8.17.0001,Seção A da 15ª Vara Cível da Capital,26/05/2026,Sem prioridade,34
1ª CCJ,0074801-78.2022.8.17.2001,Seção A da 15ª Vara Cível da Capital,03/06/2026,Prioridade Legal,26
1ª CC,0084016-73.2025.8.17.2001,Seção A da 15ª Vara Cível da Capital,11/06/2026,Prioridade Legal,18
1ª CC,0103226-81.2023.8.17.2001,Seção A da 15ª Vara Cível da Capital,02/06/2026,Sem prioridade,27
1ª CC,0107747-98.2025.8.17.2001,Seção A da 15ª Vara Cível da Capital,19/06/2026,Sem prioridade,10
1ª CC,0113393-60.2023.8.17.2001,Seção A da 15ª Vara Cível da Capital,01/06/2026,Sem prioridade,28
1ª CC,0138825-47.2024.8.17.2001,Seção A da 15ª Vara Cível da Capital,10/06/2026,Prioridade Legal,19
1ª CC,0006125-87.2025.8.17.4001,Seção A da 17ª Vara Cível da Capital,04/06/2026,Prioridade Legal,25
1ª CC,0031403-13.2024.8.17.2001,Seção A da 17ª Vara Cível da Capital,04/06/2026,Prioridade Legal,25
1ª CC,0038213-09.2021.8.17.2001,Seção A da 17ª Vara Cível da Capital,16/06/2026,Sem prioridade,13
1ª CC,0046308-05.2007.8.17.0001,Seção A da 17ª Vara Cível da Capital,28/05/2026,Sem prioridade,32
1ª CC,0049355-20.2015.8.17.2001,Seção A da 17ª Vara Cível da Capital,03/06/2026,Sem prioridade,27
1ª CC,0056282-65.2016.8.17.2001,Seção A da 17ª Vara Cível da Capital,02/06/2026,Sem prioridade,27
1ª CC,0057145-06.2025.8.17.2001,Seção A da 17ª Vara Cível da Capital,09/06/2026,Prioridade Legal,20
1ª CC,0066238-03.2019.8.17.2001,Seção A da 17ª Vara Cível da Capital,18/06/2026,Sem prioridade,11
1ª CC,0085093-88.2023.8.17.2001,Seção A da 17ª Vara Cível da Capital,11/06/2026,Prioridade Legal,18
1ª CCJ,0086746-91.2024.8.17.2001,Seção A da 17ª Vara Cível da Capital,05/06/2026,Prioridade Legal,24
1ª CC,0000116-61.2026.8.17.2001,Seção A da 18ª Vara Cível da Capital,28/05/2026,Prioridade Legal,32
1ª CC,0000513-91.2024.8.17.2001,Seção A da 18ª Vara Cível da Capital,16/06/2026,Prioridade Legal,13
1ª CC,0001060-11.2010.8.17.0001,Seção A da 18ª Vara Cível da Capital,09/06/2026,Sem prioridade,20
1ª CC,0010907-89.2026.8.17.2001,Seção A da 18ª Vara Cível da Capital,17/06/2026,Super prioridade,12
1ª CC,0015367-08.2015.8.17.2001,Seção A da 18ª Vara Cível da Capital,19/06/2026,Prioridade Legal,10
1ª CC,0021969-73.2019.8.17.2001,Seção A da 18ª Vara Cível da Capital,10/06/2026,Prioridade Legal,19
1ª CC,0028306-10.2021.8.17.2001,Seção A da 18ª Vara Cível da Capital,28/05/2026,Prioridade Legal,32
1ª CC,0030283-71.2020.8.17.2001,Seção A da 18ª Vara Cível da Capital,02/06/2026,Sem prioridade,27
1ª CC,0037034-16.2016.8.17.2001,Seção A da 18ª Vara Cível da Capital,10/06/2026,Prioridade Legal,19
1ª CC,0038313-95.2020.8.17.2001,Seção A da 18ª Vara Cível da Capital,27/05/2026,Sem prioridade,33
1ª CC,0040580-70.2013.8.17.0001,Seção A da 18ª Vara Cível da Capital,26/05/2026,Prioridade Legal,34
1ª CCJ,0041673-72.2019.8.17.2001,Seção A da 18ª Vara Cível da Capital,15/05/2026,Prioridade Legal,45
1ª CC,0042128-09.2008.8.17.0001,Seção A da 18ª Vara Cível da Capital,04/06/2026,Sem prioridade,25
1ª CC,0046782-91.2024.8.17.2001,Seção A da 18ª Vara Cível da Capital,28/05/2026,Prioridade Legal,32
1ª CC,0052949-27.2024.8.17.2001,Seção A da 18ª Vara Cível da Capital,04/06/2026,Prioridade Legal,25
1ª CC,0054504-85.2012.8.17.0001,Seção A da 18ª Vara Cível da Capital,09/06/2026,Prioridade Legal,20
1ª CC,0054973-33.2021.8.17.2001,Seção A da 18ª Vara Cível da Capital,09/06/2026,Prioridade Legal,20
1ª CC,0058883-97.2023.8.17.2001,Seção A da 18ª Vara Cível da Capital,10/06/2026,Prioridade Legal,19
1ª CC,0065379-79.2022.8.17.2001,Seção A da 18ª Vara Cível da Capital,11/06/2026,Prioridade Legal,18
1ª CC,0075077-13.2013.8.17.0001,Seção A da 18ª Vara Cível da Capital,09/06/2026,Prioridade Legal,20
1ª CC,0077352-65.2021.8.17.2001,Seção A da 18ª Vara Cível da Capital,19/06/2026,Sem prioridade,10
1ª CC,0094879-30.2021.8.17.2001,Seção A da 18ª Vara Cível da Capital,16/06/2026,Prioridade Legal,13
1ª CC,0098942-59.2025.8.17.2001,Seção A da 18ª Vara Cível da Capital,16/06/2026,Prioridade Legal,13
1ª CC,0112336-41.2022.8.17.2001,Seção A da 18ª Vara Cível da Capital,11/06/2026,Sem prioridade,18
1ª CC,0115573-15.2024.8.17.2001,Seção A da 18ª Vara Cível da Capital,16/06/2026,Prioridade Legal,13
1ª CC,0121627-31.2023.8.17.2001,Seção A da 18ª Vara Cível da Capital,16/06/2026,Sem prioridade,13
1ª CC,0000062-42.2019.8.17.2001,Seção A da 19ª Vara Cível da Capital,18/06/2026,Super prioridade,11
1ª CC,0001585-17.2015.8.17.0001,Seção A da 19ª Vara Cível da Capital,18/06/2026,Sem prioridade,12
1ª CC,0005312-12.2026.8.17.2001,Seção A da 19ª Vara Cível da Capital,17/06/2026,Prioridade Legal,12
1ª CC,0006297-89.2011.8.17.0001,Seção A da 19ª Vara Cível da Capital,28/05/2026,Sem prioridade,32
1ª CC,0008112-47.2025.8.17.2001,Seção A da 19ª Vara Cível da Capital,18/06/2026,Prioridade Legal,11
1ª CC,0024027-20.2017.8.17.2001,Seção A da 19ª Vara Cível da Capital,05/06/2026,Sem prioridade,24
1ª CC,0027842-44.2025.8.17.2001,Seção A da 19ª Vara Cível da Capital,16/06/2026,Prioridade Legal,13
1ª CC,0032443-69.2020.8.17.2001,Seção A da 19ª Vara Cível da Capital,16/06/2026,Sem prioridade,13
1ª CC,0033688-13.2023.8.17.2001,Seção A da 19ª Vara Cível da Capital,16/06/2026,Sem prioridade,13
1ª CC,0037617-64.2017.8.17.2001,Seção A da 19ª Vara Cível da Capital,12/06/2026,Prioridade Legal,17
1ª CCJ,0048516-24.2017.8.17.2001,Seção A da 19ª Vara Cível da Capital,22/05/2026,Sem prioridade,38
1ª CC,0054859-89.2024.8.17.2001,Seção A da 19ª Vara Cível da Capital,19/06/2026,Prioridade Legal,10
1ª CC,0058851-63.2021.8.17.2001,Seção A da 19ª Vara Cível da Capital,19/06/2026,Super prioridade,10
1ª CC,0067995-22.2025.8.17.2001,Seção A da 19ª Vara Cível da Capital,28/05/2026,Prioridade Legal,32
1ª CC,0078053-21.2024.8.17.2001,Seção A da 19ª Vara Cível da Capital,16/06/2026,Prioridade Legal,13
1ª CC,0079662-05.2025.8.17.2001,Seção A da 19ª Vara Cível da Capital,29/05/2026,Prioridade Legal,31
1ª CC,0080044-71.2020.8.17.2001,Seção A da 19ª Vara Cível da Capital,11/06/2026,Prioridade Legal,18
1ª CC,0103545-78.2025.8.17.2001,Seção A da 19ª Vara Cível da Capital,05/06/2026,Prioridade Legal,24
1ª CC,0105038-90.2025.8.17.2001,Seção A da 19ª Vara Cível da Capital,19/06/2026,Super prioridade,10
1ª CC,0107805-04.2025.8.17.2001,Seção A da 19ª Vara Cível da Capital,17/06/2026,Prioridade Legal,12
1ª CC,0107807-71.2025.8.17.2001,Seção A da 19ª Vara Cível da Capital,17/06/2026,Prioridade Legal,12
1ª CC,0117758-60.2023.8.17.2001,Seção A da 19ª Vara Cível da Capital,19/06/2026,Prioridade Legal,10
1ª CC,0121507-85.2023.8.17.2001,Seção A da 19ª Vara Cível da Capital,18/06/2026,Sem prioridade,11
1ª CC,0130974-54.2024.8.17.2001,Seção A da 19ª Vara Cível da Capital,19/06/2026,Prioridade Legal,10
1ª CC,0139022-02.2024.8.17.2001,Seção A da 19ª Vara Cível da Capital,19/06/2026,Prioridade Legal,10
1ª CC,0147613-61.2009.8.17.0001,Seção A da 19ª Vara Cível da Capital,10/06/2026,Sem prioridade,20
1ª CC,0000072-13.2024.8.17.2001,Seção A da 1ª Vara Cível da Capital,01/06/2026,Prioridade Legal,28
1ª CC,0000934-47.2025.8.17.2001,Seção A da 1ª Vara Cível da Capital,01/06/2026,Prioridade Legal,28
1ª CC,0002058-65.2025.8.17.2001,Seção A da 1ª Vara Cível da Capital,10/06/2026,Prioridade Legal,19
1ª CC,0004857-91.2019.8.17.2001,Seção A da 1ª Vara Cível da Capital,12/06/2026,Sem prioridade,17
1ª CC,0040929-04.2024.8.17.2001,Seção A da 1ª Vara Cível da Capital,27/05/2026,Sem prioridade,33
1ª CC,0050559-50.2025.8.17.2001,Seção A da 1ª Vara Cível da Capital,12/06/2026,Prioridade Legal,18
1ª CC,0055836-18.2023.8.17.2001,Seção A da 1ª Vara Cível da Capital,16/06/2026,Prioridade Legal,13
1ª CCJ,0063306-97.1997.8.17.0001,Seção A da 1ª Vara Cível da Capital,27/05/2026,Sem prioridade,33
1ª CC,0064920-53.2017.8.17.2001,Seção A da 1ª Vara Cível da Capital,05/06/2026,Sem prioridade,24
1ª CCJ,0067534-50.2025.8.17.2001,Seção A da 1ª Vara Cível da Capital,05/06/2026,Sem prioridade,24
1ª CC,0080670-85.2023.8.17.2001,Seção A da 1ª Vara Cível da Capital,10/06/2026,Prioridade Legal,20
1ª CCJ,0094671-07.2025.8.17.2001,Seção A da 1ª Vara Cível da Capital,22/05/2026,Sem prioridade,38
1ª CC,0109166-56.2025.8.17.2001,Seção A da 1ª Vara Cível da Capital,09/06/2026,Prioridade Legal,20
1ª CC,0126556-44.2022.8.17.2001,Seção A da 1ª Vara Cível da Capital,27/05/2026,Sem prioridade,33
1ª CCJ,0000697-57.2018.8.17.2001,Seção A da 20ª Vara Cível da Capital,08/06/2026,Prioridade Legal,21
1ª CCJ,0008919-78.2010.8.17.0001,Seção A da 20ª Vara Cível da Capital,06/05/2026,Sem prioridade,54
1ª CC,0012950-72.2021.8.17.2001,Seção A da 20ª Vara Cível da Capital,11/06/2026,Sem prioridade,18
1ª CCJ,0013563-19.2026.8.17.2001,Seção A da 20ª Vara Cível da Capital,04/05/2026,Prioridade Legal,56
1ª CC,0015781-25.2023.8.17.2001,Seção A da 20ª Vara Cível da Capital,09/06/2026,Prioridade Legal,20
1ª CC,0021472-83.2024.8.17.2001,Seção A da 20ª Vara Cível da Capital,05/06/2026,Sem prioridade,24
1ª CCJ,0023964-77.2026.8.17.2001,Seção A da 20ª Vara Cível da Capital,04/06/2026,Prioridade Legal,25
1ª CC,0024937-03.2024.8.17.2001,Seção A da 20ª Vara Cível da Capital,16/06/2026,Sem prioridade,13
1ª CC,0028388-17.2016.8.17.2001,Seção A da 20ª Vara Cível da Capital,05/06/2026,Prioridade Legal,24
1ª CC,0033906-86.2007.8.17.0001,Seção A da 20ª Vara Cível da Capital,29/05/2026,Super prioridade,32
1ª CC,0036163-50.2008.8.17.0001,Seção A da 20ª Vara Cível da Capital,18/06/2026,Sem prioridade,12
1ª CC,0036912-27.2021.8.17.2001,Seção A da 20ª Vara Cível da Capital,05/06/2026,Sem prioridade,24
1ª CC,0037872-17.2020.8.17.2001,Seção A da 20ª Vara Cível da Capital,18/06/2026,Super prioridade,11
1ª CC,0038386-63.2014.8.17.0001,Seção A da 20ª Vara Cível da Capital,18/06/2026,Sem prioridade,11
1ª CC,0039769-22.2016.8.17.2001,Seção A da 20ª Vara Cível da Capital,10/06/2026,Sem prioridade,20
1ª CC,0052226-71.2025.8.17.2001,Seção A da 20ª Vara Cível da Capital,02/06/2026,Prioridade Legal,27
1ª CC,0055310-80.2025.8.17.2001,Seção A da 20ª Vara Cível da Capital,27/05/2026,Prioridade Legal,33
1ª CC,0057740-05.2025.8.17.2001,Seção A da 20ª Vara Cível da Capital,28/05/2026,Prioridade Legal,32
1ª CCJ,0061533-25.2020.8.17.2001,Seção A da 20ª Vara Cível da Capital,06/05/2026,Sem prioridade,54
1ª CC,0062506-72.2023.8.17.2001,Seção A da 20ª Vara Cível da Capital,03/06/2026,Super prioridade,26
1ª CCJ,0066222-73.2024.8.17.2001,Seção A da 20ª Vara Cível da Capital,30/04/2026,Prioridade Legal,60
1ª CC,0077943-85.2025.8.17.2001,Seção A da 20ª Vara Cível da Capital,28/05/2026,Prioridade Legal,32
1ª CC,0079952-54.2024.8.17.2001,Seção A da 20ª Vara Cível da Capital,16/06/2026,Prioridade Legal,13
1ª CCJ,0088048-24.2025.8.17.2001,Seção A da 20ª Vara Cível da Capital,11/06/2026,Sem prioridade,18
1ª CC,0091590-50.2025.8.17.2001,Seção A da 20ª Vara Cível da Capital,17/06/2026,Prioridade Legal,12
1ª CC,0096359-72.2023.8.17.2001,Seção A da 20ª Vara Cível da Capital,11/06/2026,Sem prioridade,18
1ª CC,0113252-07.2024.8.17.2001,Seção A da 20ª Vara Cível da Capital,04/06/2026,Prioridade Legal,25
1ª CC,0122714-85.2024.8.17.2001,Seção A da 20ª Vara Cível da Capital,18/06/2026,Prioridade Legal,11
1ª CC,0124330-66.2022.8.17.2001,Seção A da 20ª Vara Cível da Capital,05/06/2026,Sem prioridade,24
1ª CC,0131500-21.2024.8.17.2001,Seção A da 20ª Vara Cível da Capital,11/06/2026,Prioridade Legal,18
1ª CC,0142313-10.2024.8.17.2001,Seção A da 20ª Vara Cível da Capital,08/06/2026,Prioridade Legal,21
1ª CC,0144786-76.2018.8.17.2001,Seção A da 20ª Vara Cível da Capital,12/06/2026,Prioridade Legal,17
1ª CC,0000456-16.2011.8.17.0001,Seção A da 21ª Vara Cível da Capital,18/06/2026,Sem prioridade,11
1ª CC,0007195-04.2020.8.17.2001,Seção A da 21ª Vara Cível da Capital,15/06/2026,Prioridade Legal,14
1ª CC,0010311-86.2018.8.17.2001,Seção A da 21ª Vara Cível da Capital,11/06/2026,Sem prioridade,18
1ª CC,0011034-27.2026.8.17.2001,Seção A da 21ª Vara Cível da Capital,16/06/2026,Prioridade Legal,13
1ª CC,0016849-60.2004.8.17.0001,Seção A da 21ª Vara Cível da Capital,10/06/2026,Sem prioridade,19
1ª CC,0020537-72.2026.8.17.2001,Seção A da 21ª Vara Cível da Capital,08/06/2026,Prioridade Legal,21
1ª CC,0022577-27.2026.8.17.2001,Seção A da 21ª Vara Cível da Capital,15/06/2026,Prioridade Legal,14
1ª CC,0027856-28.2025.8.17.2001,Seção A da 21ª Vara Cível da Capital,27/05/2026,Prioridade Legal,33
1ª CCJ,0036319-56.2025.8.17.2001,Seção A da 21ª Vara Cível da Capital,30/04/2026,Prioridade Legal,60
1ª CC,0036833-09.2025.8.17.2001,Seção A da 21ª Vara Cível da Capital,27/05/2026,Prioridade Legal,33
1ª CCJ,0038404-15.2025.8.17.2001,Seção A da 21ª Vara Cível da Capital,15/06/2026,Prioridade Legal,14
1ª CC,0039734-47.2025.8.17.2001,Seção A da 21ª Vara Cível da Capital,10/06/2026,Prioridade Legal,20
1ª CC,0041910-62.2026.8.17.2001,Seção A da 21ª Vara Cível da Capital,19/06/2026,Prioridade Legal,10
1ª CC,0046879-57.2025.8.17.2001,Seção A da 21ª Vara Cível da Capital,01/06/2026,Sem prioridade,28
1ª CCJ,0048605-66.2025.8.17.2001,Seção A da 21ª Vara Cível da Capital,15/05/2026,Prioridade Legal,46
1ª CC,0051562-40.2025.8.17.2001,Seção A da 21ª Vara Cível da Capital,11/06/2026,Prioridade Legal,18
1ª CC,0063685-70.2025.8.17.2001,Seção A da 21ª Vara Cível da Capital,29/05/2026,Prioridade Legal,31
1ª CC,0072996-57.2014.8.17.0001,Seção A da 21ª Vara Cível da Capital,09/06/2026,Prioridade Legal,20
1ª CC,0073433-29.2025.8.17.2001,Seção A da 21ª Vara Cível da Capital,08/06/2026,Super prioridade,21
1ª CC,0076872-82.2024.8.17.2001,Seção A da 21ª Vara Cível da Capital,01/06/2026,Sem prioridade,28
1ª CC,0087687-75.2023.8.17.2001,Seção A da 21ª Vara Cível da Capital,11/06/2026,Sem prioridade,18
1ª CC,0094534-30.2022.8.17.2001,Seção A da 21ª Vara Cível da Capital,16/06/2026,Prioridade Legal,13
1ª CCJ,0099639-51.2023.8.17.2001,Seção A da 21ª Vara Cível da Capital,10/06/2026,Sem prioridade,19
1ª CC,0105581-30.2024.8.17.2001,Seção A da 21ª Vara Cível da Capital,18/06/2026,Sem prioridade,11
1ª CC,0110830-25.2025.8.17.2001,Seção A da 21ª Vara Cível da Capital,03/06/2026,Prioridade Legal,26
1ª CC,0115247-55.2024.8.17.2001,Seção A da 21ª Vara Cível da Capital,27/05/2026,Prioridade Legal,33
1ª CC,0139704-54.2024.8.17.2001,Seção A da 21ª Vara Cível da Capital,26/05/2026,Prioridade Legal,34
1ª CC,0140991-52.2024.8.17.2001,Seção A da 21ª Vara Cível da Capital,09/06/2026,Prioridade Legal,20
1ª CC,0168144-31.2022.8.17.2001,Seção A da 21ª Vara Cível da Capital,16/06/2026,Sem prioridade,13
1ª CC,0000629-94.1998.8.17.0001,Seção A da 22ª Vara Cível da Capital,02/06/2026,Sem prioridade,27
1ª CC,0012159-74.2019.8.17.2001,Seção A da 22ª Vara Cível da Capital,16/06/2026,Sem prioridade,13
1ª CC,0015080-74.2017.8.17.2001,Seção A da 22ª Vara Cível da Capital,12/06/2026,Sem prioridade,17
1ª CC,0025045-03.2022.8.17.2001,Seção A da 22ª Vara Cível da Capital,12/06/2026,Sem prioridade,17
1ª CC,0025112-75.2016.8.17.2001,Seção A da 22ª Vara Cível da Capital,09/06/2026,Prioridade Legal,20
1ª CC,0033391-45.2019.8.17.2001,Seção A da 22ª Vara Cível da Capital,04/06/2026,Sem prioridade,25
1ª CC,0034936-59.2007.8.17.0001,Seção A da 22ª Vara Cível da Capital,10/06/2026,Sem prioridade,20
1ª CC,0043625-13.2024.8.17.2001,Seção A da 22ª Vara Cível da Capital,10/06/2026,Prioridade Legal,19
1ª CC,0046987-92.2013.8.17.0001,Seção A da 22ª Vara Cível da Capital,05/06/2026,Sem prioridade,25
1ª CCJ,0051195-21.2022.8.17.2001,Seção A da 22ª Vara Cível da Capital,10/06/2026,Prioridade Legal,19
1ª CCJ,0055604-79.2018.8.17.2001,Seção A da 22ª Vara Cível da Capital,01/06/2026,Prioridade Legal,28
1ª CC,0060509-20.2024.8.17.2001,Seção A da 22ª Vara Cível da Capital,16/06/2026,Prioridade Legal,13
1ª CC,0062907-19.2007.8.17.0001,Seção A da 22ª Vara Cível da Capital,11/06/2026,Prioridade Legal,18
1ª CC,0083111-05.2024.8.17.2001,Seção A da 22ª Vara Cível da Capital,18/06/2026,Prioridade Legal,11
1ª CCJ,0090954-55.2023.8.17.2001,Seção A da 22ª Vara Cível da Capital,06/05/2026,Prioridade Legal,54
1ª CC,0098726-40.2021.8.17.2001,Seção A da 22ª Vara Cível da Capital,18/06/2026,Sem prioridade,11
1ª CC,0110365-61.2009.8.17.0001,Seção A da 22ª Vara Cível da Capital,15/06/2026,Sem prioridade,14
1ª CC,0115773-27.2021.8.17.2001,Seção A da 22ª Vara Cível da Capital,09/06/2026,Prioridade Legal,20
1ª CC,0127011-72.2023.8.17.2001,Seção A da 22ª Vara Cível da Capital,03/06/2026,Sem prioridade,27
1ª CC,0138624-89.2023.8.17.2001,Seção A da 22ª Vara Cível da Capital,16/06/2026,Prioridade Legal,13
1ª CCJ,0001373-29.2023.8.17.2001,Seção A da 23ª Vara Cível da Capital,30/04/2026,Sem prioridade,61
1ª CCJ,0005172-85.2020.8.17.2001,Seção A da 23ª Vara Cível da Capital,27/05/2026,Prioridade Legal,33
1ª CCJ,0007023-38.2015.8.17.2001,Seção A da 23ª Vara Cível da Capital,12/06/2026,Prioridade Legal,17
1ª CCJ,0008227-10.2021.8.17.2001,Seção A da 23ª Vara Cível da Capital,19/06/2026,Prioridade Legal,10
1ª CCJ,0009962-44.2022.8.17.2001,Seção A da 23ª Vara Cível da Capital,28/05/2026,Prioridade Legal,32
1ª CC,0011267-63.2022.8.17.2001,Seção A da 23ª Vara Cível da Capital,03/06/2026,Prioridade Legal,26
1ª CC,0011282-32.2022.8.17.2001,Seção A da 23ª Vara Cível da Capital,19/06/2026,Sem prioridade,10
1ª CCJ,0011327-03.2014.8.17.0001,Seção A da 23ª Vara Cível da Capital,03/06/2026,Prioridade Legal,26
1ª CCJ,0012488-52.2020.8.17.2001,Seção A da 23ª Vara Cível da Capital,29/05/2026,Prioridade Legal,31
1ª CC,0014129-02.2025.8.17.2001,Seção A da 23ª Vara Cível da Capital,11/06/2026,Prioridade Legal,18
1ª CC,0014164-74.2016.8.17.2001,Seção A da 23ª Vara Cível da Capital,01/06/2026,Sem prioridade,28
1ª CC,0014415-19.2021.8.17.2001,Seção A da 23ª Vara Cível da Capital,03/06/2026,Prioridade Legal,26
1ª CCJ,0015227-03.2017.8.17.2001,Seção A da 23ª Vara Cível da Capital,28/05/2026,Prioridade Legal,32
1ª CC,0016777-19.2017.8.17.0001,Seção A da 23ª Vara Cível da Capital,25/05/2026,Sem prioridade,35
1ª CCJ,0016959-88.2006.8.17.0001,Seção A da 23ª Vara Cível da Capital,03/06/2026,Prioridade Legal,26
1ª CCJ,0018313-64.2026.8.17.2001,Seção A da 23ª Vara Cível da Capital,26/05/2026,Prioridade Legal,35
1ª CC,0019206-02.2019.8.17.2001,Seção A da 23ª Vara Cível da Capital,09/06/2026,Prioridade Legal,20
1ª CCJ,0020296-06.2023.8.17.2001,Seção A da 23ª Vara Cível da Capital,03/06/2026,Sem prioridade,26
1ª CCJ,0026407-79.2018.8.17.2001,Seção A da 23ª Vara Cível da Capital,28/05/2026,Prioridade Legal,32
1ª CC,0028076-31.2022.8.17.2001,Seção A da 23ª Vara Cível da Capital,16/06/2026,Prioridade Legal,13
1ª CC,0028388-02.2025.8.17.2001,Seção A da 23ª Vara Cível da Capital,25/05/2026,Prioridade Legal,35
1ª CCJ,0028755-26.2025.8.17.2001,Seção A da 23ª Vara Cível da Capital,20/05/2026,Prioridade Legal,40
1ª CC,0029833-61.2013.8.17.0001,Seção A da 23ª Vara Cível da Capital,10/06/2026,Prioridade Legal,19
1ª CC,0031375-27.2007.8.17.0001,Seção A da 23ª Vara Cível da Capital,08/06/2026,Prioridade Legal,22
1ª CC,0036753-17.2014.8.17.0001,Seção A da 23ª Vara Cível da Capital,18/06/2026,Sem prioridade,11
1ª CCJ,0039807-19.2025.8.17.2001,Seção A da 23ª Vara Cível da Capital,01/06/2026,Prioridade Legal,29
1ª CCJ,0041870-90.2020.8.17.2001,Seção A da 23ª Vara Cível da Capital,01/06/2026,Sem prioridade,29
1ª CCJ,0044546-74.2021.8.17.2001,Seção A da 23ª Vara Cível da Capital,28/05/2026,Prioridade Legal,32
1ª CC,0050343-02.2019.8.17.2001,Seção A da 23ª Vara Cível da Capital,11/06/2026,Sem prioridade,18
1ª CC,0053929-53.2007.8.17.0001,Seção A da 23ª Vara Cível da Capital,26/05/2026,Sem prioridade,34
1ª CCJ,0054237-78.2022.8.17.2001,Seção A da 23ª Vara Cível da Capital,06/05/2026,Prioridade Legal,55
1ª CC,0055436-49.2007.8.17.0001,Seção A da 23ª Vara Cível da Capital,18/06/2026,Sem prioridade,12
1ª CC,0064343-36.2021.8.17.2001,Seção A da 23ª Vara Cível da Capital,18/06/2026,Sem prioridade,11
1ª CC,0065638-69.2025.8.17.2001,Seção A da 23ª Vara Cível da Capital,16/06/2026,Sem prioridade,13
1ª CCJ,0066646-57.2020.8.17.2001,Seção A da 23ª Vara Cível da Capital,10/06/2026,Prioridade Legal,19
1ª CCJ,0070632-14.2023.8.17.2001,Seção A da 23ª Vara Cível da Capital,28/05/2026,Prioridade Legal,32
1ª CC,0074970-94.2024.8.17.2001,Seção A da 23ª Vara Cível da Capital,05/06/2026,Prioridade Legal,24
1ª CCJ,0080120-56.2024.8.17.2001,Seção A da 23ª Vara Cível da Capital,27/05/2026,Prioridade Legal,33
1ª CCJ,0080468-12.2014.8.17.0001,Seção A da 23ª Vara Cível da Capital,03/06/2026,Sem prioridade,26
1ª CCJ,0101957-07.2023.8.17.2001,Seção A da 23ª Vara Cível da Capital,27/05/2026,Prioridade Legal,33
1ª CC,0105465-29.2021.8.17.2001,Seção A da 23ª Vara Cível da Capital,02/06/2026,Sem prioridade,27
1ª CC,0126966-45.2009.8.17.0001,Seção A da 23ª Vara Cível da Capital,12/06/2026,Prioridade Legal,17
1ª CC,0139899-73.2023.8.17.2001,Seção A da 23ª Vara Cível da Capital,18/06/2026,Sem prioridade,11
1ª CC,0142248-15.2024.8.17.2001,Seção A da 23ª Vara Cível da Capital,04/06/2026,Prioridade Legal,25
1ª CC,0161769-14.2022.8.17.2001,Seção A da 23ª Vara Cível da Capital,18/06/2026,Super prioridade,11
1ª CC,0000600-96.2014.8.17.2001,Seção A da 24ª Vara Cível da Capital,16/06/2026,Super prioridade,13
1ª CCJ,0002009-73.2015.8.17.2001,Seção A da 24ª Vara Cível da Capital,06/05/2026,Prioridade Legal,54
1ª CCJ,0017569-69.2026.8.17.2001,Seção A da 24ª Vara Cível da Capital,15/06/2026,Prioridade Legal,14
1ª CC,0019061-72.2021.8.17.2001,Seção A da 24ª Vara Cível da Capital,02/06/2026,Sem prioridade,27
1ª CC,0024741-96.2025.8.17.2001,Seção A da 24ª Vara Cível da Capital,19/06/2026,Prioridade Legal,10
1ª CC,0024762-83.2010.8.17.0001,Seção A da 24ª Vara Cível da Capital,25/05/2026,Sem prioridade,36
1ª CCJ,0025713-76.2019.8.17.2001,Seção A da 24ª Vara Cível da Capital,04/05/2026,Prioridade Legal,57
1ª CC,0027756-78.2022.8.17.2001,Seção A da 24ª Vara Cível da Capital,25/05/2026,Prioridade Legal,35
1ª CC,0032207-60.2007.8.17.0001,Seção A da 24ª Vara Cível da Capital,04/06/2026,Super prioridade,25
1ª CC,0033556-98.2007.8.17.0001,Seção A da 24ª Vara Cível da Capital,04/06/2026,Super prioridade,25
1ª CC,0034212-45.2013.8.17.0001,Seção A da 24ª Vara Cível da Capital,27/05/2026,Sem prioridade,33
1ª CC,0034433-38.2007.8.17.0001,Seção A da 24ª Vara Cível da Capital,10/06/2026,Sem prioridade,20
1ª CC,0039129-82.2017.8.17.2001,Seção A da 24ª Vara Cível da Capital,08/06/2026,Sem prioridade,21
1ª CC,0039210-65.2016.8.17.2001,Seção A da 24ª Vara Cível da Capital,10/06/2026,Sem prioridade,19
1ª CC,0048683-60.2025.8.17.2001,Seção A da 24ª Vara Cível da Capital,25/05/2026,Prioridade Legal,35
1ª CC,0052688-28.2025.8.17.2001,Seção A da 24ª Vara Cível da Capital,01/06/2026,Sem prioridade,29
1ª CC,0054849-27.2007.8.17.0001,Seção A da 24ª Vara Cível da Capital,29/05/2026,Sem prioridade,32
1ª CC,0059248-02.2007.8.17.0001,Seção A da 24ª Vara Cível da Capital,04/06/2026,Super prioridade,25
1ª CCJ,0060863-11.2025.8.17.2001,Seção A da 24ª Vara Cível da Capital,13/05/2026,Prioridade Legal,47
1ª CC,0062201-59.2021.8.17.2001,Seção A da 24ª Vara Cível da Capital,11/06/2026,Super prioridade,18
1ª CC,0074739-67.2024.8.17.2001,Seção A da 24ª Vara Cível da Capital,15/06/2026,Prioridade Legal,14
1ª CC,0084096-08.2023.8.17.2001,Seção A da 24ª Vara Cível da Capital,27/05/2026,Sem prioridade,33
1ª CC,0084412-50.2025.8.17.2001,Seção A da 24ª Vara Cível da Capital,16/06/2026,Prioridade Legal,13
1ª CC,0092188-04.2025.8.17.2001,Seção A da 24ª Vara Cível da Capital,02/06/2026,Prioridade Legal,28
1ª CC,0111907-69.2025.8.17.2001,Seção A da 24ª Vara Cível da Capital,10/06/2026,Prioridade Legal,19
1ª CC,0112350-54.2024.8.17.2001,Seção A da 24ª Vara Cível da Capital,15/06/2026,Prioridade Legal,14
1ª CC,0115904-94.2024.8.17.2001,Seção A da 24ª Vara Cível da Capital,10/06/2026,Prioridade Legal,19
1ª CC,0120666-90.2023.8.17.2001,Seção A da 24ª Vara Cível da Capital,10/06/2026,Sem prioridade,19
1ª CC,0127570-92.2024.8.17.2001,Seção A da 24ª Vara Cível da Capital,03/06/2026,Prioridade Legal,26
1ª CC,0135900-78.2024.8.17.2001,Seção A da 24ª Vara Cível da Capital,28/05/2026,Super prioridade,32
1ª CC,0000052-22.2024.8.17.2001,Seção A da 25ª Vara Cível da Capital,25/05/2026,Sem prioridade,35
1ª CC,0001817-11.2025.8.17.3030,Seção A da 25ª Vara Cível da Capital,11/06/2026,Prioridade Legal,18
1ª CC,0004557-70.2024.8.17.4001,Seção A da 25ª Vara Cível da Capital,01/06/2026,Prioridade Legal,28
1ª CC,0004767-39.2026.8.17.2001,Seção A da 25ª Vara Cível da Capital,04/06/2026,Sem prioridade,25
1ª CC,0009336-88.2023.8.17.2001,Seção A da 25ª Vara Cível da Capital,18/06/2026,Prioridade Legal,11
1ª CC,0009934-53.2021.8.17.2990,Seção A da 25ª Vara Cível da Capital,26/05/2026,Sem prioridade,34
1ª CC,0011372-50.2016.8.17.2001,Seção A da 25ª Vara Cível da Capital,19/06/2026,Sem prioridade,10
1ª CC,0013862-64.2024.8.17.2001,Seção A da 25ª Vara Cível da Capital,04/06/2026,Prioridade Legal,25
1ª CC,0014245-52.2018.8.17.2001,Seção A da 25ª Vara Cível da Capital,19/06/2026,Sem prioridade,10
1ª CCJ,0016085-58.2022.8.17.2001,Seção A da 25ª Vara Cível da Capital,11/06/2026,Prioridade Legal,18
1ª CC,0018323-94.2015.8.17.2001,Seção A da 25ª Vara Cível da Capital,04/06/2026,Sem prioridade,25
1ª CC,0021644-59.2023.8.17.2001,Seção A da 25ª Vara Cível da Capital,27/05/2026,Sem prioridade,33
1ª CC,0026734-82.2022.8.17.2001,Seção A da 25ª Vara Cível da Capital,18/06/2026,Prioridade Legal,11
1ª CC,0030983-47.2020.8.17.2001,Seção A da 25ª Vara Cível da Capital,26/05/2026,Prioridade Legal,34
1ª CC,0031135-56.2024.8.17.2001,Seção A da 25ª Vara Cível da Capital,10/06/2026,Prioridade Legal,19
1ª CC,0035175-63.2007.8.17.0001,Seção A da 25ª Vara Cível da Capital,04/06/2026,Super prioridade,25
1ª CC,0036247-50.2017.8.17.2001,Seção A da 25ª Vara Cível da Capital,12/06/2026,Sem prioridade,17
1ª CC,0036637-54.2016.8.17.2001,Seção A da 25ª Vara Cível da Capital,02/06/2026,Sem prioridade,27
1ª CCJ,0037089-64.2016.8.17.2001,Seção A da 25ª Vara Cível da Capital,27/05/2026,Prioridade Legal,34
1ª CC,0042485-70.2026.8.17.2001,Seção A da 25ª Vara Cível da Capital,07/06/2026,Prioridade Legal,22
1ª CCJ,0047540-51.2016.8.17.2001,Seção A da 25ª Vara Cível da Capital,16/06/2026,Prioridade Legal,13
1ª CC,0049338-71.2021.8.17.2001,Seção A da 25ª Vara Cível da Capital,10/06/2026,Prioridade Legal,19
1ª CC,0050097-98.2022.8.17.2001,Seção A da 25ª Vara Cível da Capital,11/06/2026,Prioridade Legal,18
1ª CC,0055758-29.2020.8.17.2001,Seção A da 25ª Vara Cível da Capital,26/05/2026,Prioridade Legal,34
1ª CC,0057538-72.2018.8.17.2001,Seção A da 25ª Vara Cível da Capital,05/06/2026,Prioridade Legal,24
1ª CCJ,0060444-98.2019.8.17.2001,Seção A da 25ª Vara Cível da Capital,03/06/2026,Prioridade Legal,26
1ª CC,0061740-92.2018.8.17.2001,Seção A da 25ª Vara Cível da Capital,11/06/2026,Prioridade Legal,18
1ª CC,0066866-16.2024.8.17.2001,Seção A da 25ª Vara Cível da Capital,16/06/2026,Sem prioridade,13
1ª CC,0074513-38.2019.8.17.2001,Seção A da 25ª Vara Cível da Capital,27/05/2026,Sem prioridade,33
1ª CC,0081247-34.2021.8.17.2001,Seção A da 25ª Vara Cível da Capital,18/06/2026,Sem prioridade,11
1ª CC,0084052-52.2024.8.17.2001,Seção A da 25ª Vara Cível da Capital,10/06/2026,Sem prioridade,19
1ª CC,0087786-45.2023.8.17.2001,Seção A da 25ª Vara Cível da Capital,02/06/2026,Sem prioridade,27
1ª CC,0106206-69.2021.8.17.2001,Seção A da 25ª Vara Cível da Capital,17/06/2026,Sem prioridade,13
1ª CC,0114594-58.2021.8.17.2001,Seção A da 25ª Vara Cível da Capital,16/06/2026,Sem prioridade,13
1ª CC,0144195-18.2009.8.17.0001,Seção A da 25ª Vara Cível da Capital,26/05/2026,Sem prioridade,34
1ª CC,0011108-96.2017.8.17.2001,Seção A da 26ª Vara Cível da Capital,11/06/2026,Sem prioridade,18
1ª CC,0013178-14.2013.8.17.0001,Seção A da 26ª Vara Cível da Capital,05/06/2026,Prioridade Legal,25
1ª CC,0015739-78.2020.8.17.2001,Seção A da 26ª Vara Cível da Capital,10/06/2026,Sem prioridade,19
1ª CC,0017840-15.2025.8.17.2001,Seção A da 26ª Vara Cível da Capital,08/06/2026,Prioridade Legal,21
1ª CC,0023208-83.2017.8.17.2001,Seção A da 26ª Vara Cível da Capital,04/06/2026,Sem prioridade,25
1ª CC,0038256-72.2023.8.17.2001,Seção A da 26ª Vara Cível da Capital,12/06/2026,Prioridade Legal,17
1ª CC,0038596-21.2020.8.17.2001,Seção A da 26ª Vara Cível da Capital,04/06/2026,Sem prioridade,25
1ª CC,0041140-74.2023.8.17.2001,Seção A da 26ª Vara Cível da Capital,27/05/2026,Prioridade Legal,33
1ª CC,0041783-14.2006.8.17.0001,Seção A da 26ª Vara Cível da Capital,19/06/2026,Sem prioridade,11
1ª CC,0043252-26.2017.8.17.2001,Seção A da 26ª Vara Cível da Capital,15/06/2026,Prioridade Legal,14
1ª CC,0045205-83.2021.8.17.2001,Seção A da 26ª Vara Cível da Capital,02/06/2026,Sem prioridade,27
1ª CC,0046346-51.2006.8.17.0001,Seção A da 26ª Vara Cível da Capital,19/06/2026,Sem prioridade,11
1ª CC,0052223-63.2018.8.17.2001,Seção A da 26ª Vara Cível da Capital,26/05/2026,Sem prioridade,34
1ª CC,0058496-14.2025.8.17.2001,Seção A da 26ª Vara Cível da Capital,02/06/2026,Sem prioridade,27
1ª CCJ,0063038-80.2022.8.17.2001,Seção A da 26ª Vara Cível da Capital,26/05/2026,Prioridade Legal,34
1ª CC,0081188-07.2025.8.17.2001,Seção A da 26ª Vara Cível da Capital,08/06/2026,Prioridade Legal,21
1ª CC,0092881-90.2022.8.17.2001,Seção A da 26ª Vara Cível da Capital,16/06/2026,Prioridade Legal,13
1ª CC,0112954-20.2021.8.17.2001,Seção A da 26ª Vara Cível da Capital,27/05/2026,Sem prioridade,33
1ª CC,0121287-53.2024.8.17.2001,Seção A da 26ª Vara Cível da Capital,11/06/2026,Prioridade Legal,18
1ª CC,0122598-79.2024.8.17.2001,Seção A da 26ª Vara Cível da Capital,26/05/2026,Prioridade Legal,34
1ª CC,0140739-49.2024.8.17.2001,Seção A da 26ª Vara Cível da Capital,10/06/2026,Prioridade Legal,19
1ª CC,0002843-90.2026.8.17.2001,Seção A da 27ª Vara Cível da Capital,03/06/2026,Prioridade Legal,26
1ª CCJ,0006415-64.2020.8.17.2001,Seção A da 27ª Vara Cível da Capital,10/06/2026,Prioridade Legal,20
1ª CC,0007709-54.2020.8.17.2001,Seção A da 27ª Vara Cível da Capital,02/06/2026,Sem prioridade,27
1ª CCJ,0009552-78.2025.8.17.2001,Seção A da 27ª Vara Cível da Capital,24/04/2026,Prioridade Legal,66
1ª CC,0022676-80.2015.8.17.2001,Seção A da 27ª Vara Cível da Capital,22/05/2026,Sem prioridade,38
1ª CC,0035882-88.2020.8.17.2001,Seção A da 27ª Vara Cível da Capital,11/06/2026,Prioridade Legal,19
1ª CC,0042074-42.2017.8.17.2001,Seção A da 27ª Vara Cível da Capital,01/06/2026,Sem prioridade,28
1ª CCJ,0046695-72.2023.8.17.2001,Seção A da 27ª Vara Cível da Capital,10/06/2026,Prioridade Legal,19
1ª CC,0064855-53.2020.8.17.2001,Seção A da 27ª Vara Cível da Capital,10/06/2026,Prioridade Legal,19
1ª CC,0074844-20.2019.8.17.2001,Seção A da 27ª Vara Cível da Capital,15/06/2026,Prioridade Legal,14
1ª CC,0086452-05.2025.8.17.2001,Seção A da 27ª Vara Cível da Capital,10/06/2026,Prioridade Legal,19
1ª CC,0093999-67.2023.8.17.2001,Seção A da 27ª Vara Cível da Capital,11/06/2026,Sem prioridade,18
1ª CC,0141425-41.2024.8.17.2001,Seção A da 27ª Vara Cível da Capital,12/06/2026,Prioridade Legal,17
1ª CC,0000346-89.2015.8.17.2001,Seção A da 28ª Vara Cível da Capital,17/06/2026,Prioridade Legal,12
1ª CC,0001350-78.2026.8.17.2001,Seção A da 28ª Vara Cível da Capital,29/05/2026,Prioridade Legal,31
1ª CCJ,0005489-83.2020.8.17.2001,Seção A da 28ª Vara Cível da Capital,28/04/2026,Sem prioridade,62
1ª CC,0011360-84.2026.8.17.2001,Seção A da 28ª Vara Cível da Capital,12/06/2026,Prioridade Legal,17
1ª CC,0014915-52.2013.8.17.0001,Seção A da 28ª Vara Cível da Capital,28/05/2026,Prioridade Legal,32
1ª CC,0015370-74.2026.8.17.2001,Seção A da 28ª Vara Cível da Capital,18/06/2026,Prioridade Legal,11
1ª CC,0017846-71.2015.8.17.2001,Seção A da 28ª Vara Cível da Capital,17/06/2026,Prioridade Legal,12
1ª CCJ,0018069-72.2025.8.17.2001,Seção A da 28ª Vara Cível da Capital,12/06/2026,Prioridade Legal,17
1ª CCJ,0022946-02.2018.8.17.2001,Seção A da 28ª Vara Cível da Capital,05/06/2026,Prioridade Legal,24
1ª CC,0025065-96.2019.8.17.2001,Seção A da 28ª Vara Cível da Capital,29/05/2026,Sem prioridade,31
1ª CC,0025411-29.2002.8.17.0001,Seção A da 28ª Vara Cível da Capital,27/05/2026,Sem prioridade,34
1ª CC,0033637-70.2021.8.17.2001,Seção A da 28ª Vara Cível da Capital,26/05/2026,Prioridade Legal,34
1ª CC,0039172-48.2019.8.17.2001,Seção A da 28ª Vara Cível da Capital,17/06/2026,Sem prioridade,12
1ª CC,0040627-38.2025.8.17.2001,Seção A da 28ª Vara Cível da Capital,10/06/2026,Prioridade Legal,19
1ª CC,0042911-19.2025.8.17.2001,Seção A da 28ª Vara Cível da Capital,10/06/2026,Prioridade Legal,19
1ª CC,0045264-47.2016.8.17.2001,Seção A da 28ª Vara Cível da Capital,01/06/2026,Prioridade Legal,28
1ª CC,0045964-13.2022.8.17.2001,Seção A da 28ª Vara Cível da Capital,11/06/2026,Prioridade Legal,19
1ª CC,0047765-03.2018.8.17.2001,Seção A da 28ª Vara Cível da Capital,01/06/2026,Super prioridade,28
1ª CC,0050156-81.2025.8.17.2001,Seção A da 28ª Vara Cível da Capital,17/06/2026,Prioridade Legal,12
1ª CC,0054916-10.2024.8.17.2001,Seção A da 28ª Vara Cível da Capital,15/06/2026,Prioridade Legal,14
1ª CC,0070346-65.2025.8.17.2001,Seção A da 28ª Vara Cível da Capital,28/05/2026,Prioridade Legal,32
1ª CCJ,0070585-06.2024.8.17.2001,Seção A da 28ª Vara Cível da Capital,28/05/2026,Prioridade Legal,32
1ª CCJ,0072166-90.2023.8.17.2001,Seção A da 28ª Vara Cível da Capital,16/06/2026,Sem prioridade,13
1ª CC,0076388-33.2025.8.17.2001,Seção A da 28ª Vara Cível da Capital,18/06/2026,Prioridade Legal,11
1ª CC,0078972-10.2024.8.17.2001,Seção A da 28ª Vara Cível da Capital,29/05/2026,Prioridade Legal,31
1ª CC,0081354-39.2025.8.17.2001,Seção A da 28ª Vara Cível da Capital,18/06/2026,Prioridade Legal,11
1ª CCJ,0081778-86.2022.8.17.2001,Seção A da 28ª Vara Cível da Capital,15/05/2026,Sem prioridade,45
1ª CC,0092015-48.2023.8.17.2001,Seção A da 28ª Vara Cível da Capital,11/06/2026,Prioridade Legal,19
1ª CC,0104951-71.2024.8.17.2001,Seção A da 28ª Vara Cível da Capital,18/06/2026,Prioridade Legal,11
1ª CC,0133673-86.2022.8.17.2001,Seção A da 28ª Vara Cível da Capital,15/06/2026,Prioridade Legal,14
1ª CC,0138166-38.2024.8.17.2001,Seção A da 28ª Vara Cível da Capital,17/06/2026,Prioridade Legal,12
1ª CC,0139348-59.2024.8.17.2001,Seção A da 28ª Vara Cível da Capital,05/06/2026,Prioridade Legal,24
1ª CC,0004388-79.2018.8.17.2001,Seção A da 29ª Vara Cível da Capital,19/06/2026,Prioridade Legal,10
1ª CC,0005136-33.2026.8.17.2001,Seção A da 29ª Vara Cível da Capital,16/06/2026,Prioridade Legal,13
1ª CC,0009319-52.2023.8.17.2001,Seção A da 29ª Vara Cível da Capital,15/06/2026,Prioridade Legal,14
1ª CC,0010086-90.2023.8.17.2001,Seção A da 29ª Vara Cível da Capital,04/06/2026,Super prioridade,25
1ª CCJ,0014699-85.2025.8.17.2001,Seção A da 29ª Vara Cível da Capital,06/05/2026,Prioridade Legal,54
1ª CC,0019002-55.2019.8.17.2001,Seção A da 29ª Vara Cível da Capital,15/06/2026,Prioridade Legal,14
1ª CCJ,0021769-08.2015.8.17.2001,Seção A da 29ª Vara Cível da Capital,16/06/2026,Prioridade Legal,13
1ª CCJ,0022196-68.2016.8.17.2001,Seção A da 29ª Vara Cível da Capital,15/05/2026,Prioridade Legal,45
1ª CCJ,0026517-15.2017.8.17.2001,Seção A da 29ª Vara Cível da Capital,19/06/2026,Prioridade Legal,10
1ª CC,0031749-42.2016.8.17.2001,Seção A da 29ª Vara Cível da Capital,15/06/2026,Prioridade Legal,14
1ª CCJ,0038419-96.2016.8.17.2001,Seção A da 29ª Vara Cível da Capital,15/05/2026,Prioridade Legal,45
1ª CCJ,0040935-45.2023.8.17.2001,Seção A da 29ª Vara Cível da Capital,09/06/2026,Sem prioridade,20
1ª CC,0046144-92.2023.8.17.2001,Seção A da 29ª Vara Cível da Capital,29/05/2026,Prioridade Legal,31
1ª CC,0053773-20.2023.8.17.2001,Seção A da 29ª Vara Cível da Capital,11/06/2026,Prioridade Legal,18
1ª CC,0054328-03.2024.8.17.2001,Seção A da 29ª Vara Cível da Capital,08/06/2026,Prioridade Legal,21
1ª CC,0058854-76.2025.8.17.2001,Seção A da 29ª Vara Cível da Capital,16/06/2026,Prioridade Legal,13
1ª CC,0059597-86.2025.8.17.2001,Seção A da 29ª Vara Cível da Capital,29/05/2026,Prioridade Legal,31
1ª CC,0060787-84.2025.8.17.2001,Seção A da 29ª Vara Cível da Capital,11/06/2026,Prioridade Legal,18
1ª CC,0069541-83.2023.8.17.2001,Seção A da 29ª Vara Cível da Capital,17/06/2026,Prioridade Legal,12
1ª CC,0092521-25.2014.8.17.0001,Seção A da 29ª Vara Cível da Capital,10/06/2026,Sem prioridade,20
1ª CC,0097645-22.2022.8.17.2001,Seção A da 29ª Vara Cível da Capital,16/06/2026,Prioridade Legal,13
1ª CC,0106937-65.2021.8.17.2001,Seção A da 29ª Vara Cível da Capital,01/06/2026,Prioridade Legal,28
1ª CC,0129638-49.2023.8.17.2001,Seção A da 29ª Vara Cível da Capital,02/06/2026,Sem prioridade,27
1ª CC,0135826-24.2024.8.17.2001,Seção A da 29ª Vara Cível da Capital,09/06/2026,Prioridade Legal,20
1ª CC,0000603-31.2026.8.17.2001,Seção A da 2ª Vara Cível da Capital,02/06/2026,Prioridade Legal,27
1ª CCJ,0001274-10.2022.8.17.4001,Seção A da 2ª Vara Cível da Capital,21/05/2026,Prioridade Legal,39
1ª CCJ,0001413-02.2024.8.17.3480,Seção A da 2ª Vara Cível da Capital,03/06/2026,Prioridade Legal,26
1ª CC,0002376-87.2021.8.17.2001,Seção A da 2ª Vara Cível da Capital,05/06/2026,Prioridade Legal,24
1ª CC,0005621-44.2011.8.17.0001,Seção A da 2ª Vara Cível da Capital,04/06/2026,Prioridade Legal,25
1ª CC,0006155-11.2025.8.17.2001,Seção A da 2ª Vara Cível da Capital,15/06/2026,Prioridade Legal,14
1ª CC,0007637-28.2024.8.17.2001,Seção A da 2ª Vara Cível da Capital,15/06/2026,Prioridade Legal,14
1ª CC,0008402-96.2024.8.17.2001,Seção A da 2ª Vara Cível da Capital,16/06/2026,Prioridade Legal,13
1ª CCJ,0017502-75.2024.8.17.2001,Seção A da 2ª Vara Cível da Capital,28/04/2026,Prioridade Legal,62
1ª CC,0022996-81.2025.8.17.2001,Seção A da 2ª Vara Cível da Capital,10/06/2026,Super prioridade,19
1ª CC,0023510-34.2025.8.17.2001,Seção A da 2ª Vara Cível da Capital,18/06/2026,Sem prioridade,11
1ª CCJ,0025659-47.2018.8.17.2001,Seção A da 2ª Vara Cível da Capital,11/06/2026,Prioridade Legal,18
1ª CCJ,0027914-41.2019.8.17.2001,Seção A da 2ª Vara Cível da Capital,18/05/2026,Prioridade Legal,42
1ª CC,0033117-76.2022.8.17.2001,Seção A da 2ª Vara Cível da Capital,11/06/2026,Sem prioridade,18
1ª CC,0039733-14.2015.8.17.2001,Seção A da 2ª Vara Cível da Capital,29/05/2026,Sem prioridade,31
1ª CCJ,0040985-37.2024.8.17.2001,Seção A da 2ª Vara Cível da Capital,19/06/2026,Prioridade Legal,10
1ª CC,0049000-92.2024.8.17.2001,Seção A da 2ª Vara Cível da Capital,10/06/2026,Prioridade Legal,19
1ª CC,0054282-14.2024.8.17.2001,Seção A da 2ª Vara Cível da Capital,18/06/2026,Prioridade Legal,11
1ª CC,0058433-86.2025.8.17.2001,Seção A da 2ª Vara Cível da Capital,01/06/2026,Prioridade Legal,28
1ª CC,0061901-58.2025.8.17.2001,Seção A da 2ª Vara Cível da Capital,17/06/2026,Prioridade Legal,12
1ª CC,0063286-41.2025.8.17.2001,Seção A da 2ª Vara Cível da Capital,10/06/2026,Prioridade Legal,19
1ª CC,0067664-74.2024.8.17.2001,Seção A da 2ª Vara Cível da Capital,29/05/2026,Prioridade Legal,31
1ª CC,0068486-05.2020.8.17.2001,Seção A da 2ª Vara Cível da Capital,29/05/2026,Sem prioridade,31
1ª CC,0075530-70.2023.8.17.2001,Seção A da 2ª Vara Cível da Capital,15/06/2026,Prioridade Legal,14
1ª CC,0077361-57.2014.8.17.0001,Seção A da 2ª Vara Cível da Capital,18/06/2026,Sem prioridade,11
1ª CC,0083482-66.2024.8.17.2001,Seção A da 2ª Vara Cível da Capital,29/05/2026,Prioridade Legal,31
1ª CC,0090782-50.2022.8.17.2001,Seção A da 2ª Vara Cível da Capital,08/06/2026,Super prioridade,21
1ª CC,0091294-28.2025.8.17.2001,Seção A da 2ª Vara Cível da Capital,11/06/2026,Prioridade Legal,18
1ª CC,0107562-94.2024.8.17.2001,Seção A da 2ª Vara Cível da Capital,29/05/2026,Prioridade Legal,31
1ª CCJ,0112003-84.2025.8.17.2001,Seção A da 2ª Vara Cível da Capital,08/06/2026,Prioridade Legal,21
1ª CC,0121359-45.2021.8.17.2001,Seção A da 2ª Vara Cível da Capital,12/06/2026,Sem prioridade,17
1ª CC,0125441-17.2024.8.17.2001,Seção A da 2ª Vara Cível da Capital,18/06/2026,Prioridade Legal,12
1ª CC,0143001-40.2022.8.17.2001,Seção A da 2ª Vara Cível da Capital,15/06/2026,Prioridade Legal,14
1ª CC,0144295-59.2024.8.17.2001,Seção A da 2ª Vara Cível da Capital,01/06/2026,Prioridade Legal,28
1ª CC,0170784-07.2022.8.17.2001,Seção A da 2ª Vara Cível da Capital,19/06/2026,Prioridade Legal,10
1ª CC,0004629-28.2022.8.17.4001,Seção A da 30ª Vara Cível da Capital,11/06/2026,Prioridade Legal,18
1ª CC,0007899-46.2022.8.17.2001,Seção A da 30ª Vara Cível da Capital,17/06/2026,Sem prioridade,12
1ª CC,0010925-18.2023.8.17.2001,Seção A da 30ª Vara Cível da Capital,29/05/2026,Prioridade Legal,31
1ª CC,0017810-77.2025.8.17.2001,Seção A da 30ª Vara Cível da Capital,10/06/2026,Prioridade Legal,19
1ª CCJ,0025566-89.2015.8.17.2001,Seção A da 30ª Vara Cível da Capital,11/06/2026,Prioridade Legal,18
1ª CC,0029905-57.2016.8.17.2001,Seção A da 30ª Vara Cível da Capital,18/06/2026,Sem prioridade,11
1ª CC,0047298-48.2023.8.17.2001,Seção A da 30ª Vara Cível da Capital,10/06/2026,Prioridade Legal,19
1ª CC,0061174-46.2018.8.17.2001,Seção A da 30ª Vara Cível da Capital,10/06/2026,Prioridade Legal,19
1ª CC,0071838-97.2022.8.17.2001,Seção A da 30ª Vara Cível da Capital,19/06/2026,Sem prioridade,10
1ª CC,0074689-07.2025.8.17.2001,Seção A da 30ª Vara Cível da Capital,10/06/2026,Prioridade Legal,19
1ª CC,0090455-71.2023.8.17.2001,Seção A da 30ª Vara Cível da Capital,10/06/2026,Prioridade Legal,19
1ª CC,0090765-77.2023.8.17.2001,Seção A da 30ª Vara Cível da Capital,11/06/2026,Prioridade Legal,19
1ª CC,0108126-39.2025.8.17.2001,Seção A da 30ª Vara Cível da Capital,10/06/2026,Prioridade Legal,19
1ª CC,0000223-08.2026.8.17.2001,Seção A da 31ª Vara Cível da Capital,04/06/2026,Super prioridade,25
1ª CC,0000240-46.2025.8.17.6021,Seção A da 31ª Vara Cível da Capital,27/05/2026,Prioridade Legal,34
1ª CC,0000306-24.2026.8.17.2001,Seção A da 31ª Vara Cível da Capital,04/06/2026,Prioridade Legal,25
1ª CC,0002884-76.2023.8.17.4001,Seção A da 31ª Vara Cível da Capital,29/05/2026,Sem prioridade,31
1ª CC,0003748-66.2024.8.17.2001,Seção A da 31ª Vara Cível da Capital,19/06/2026,Super prioridade,10
1ª CC,0006434-94.2025.8.17.2001,Seção A da 31ª Vara Cível da Capital,26/05/2026,Prioridade Legal,34
1ª CC,0013853-10.2021.8.17.2001,Seção A da 31ª Vara Cível da Capital,29/05/2026,Sem prioridade,31
1ª CCJ,0020315-90.2015.8.17.2001,Seção A da 31ª Vara Cível da Capital,10/06/2026,Prioridade Legal,19
1ª CC,0028048-98.2012.8.17.0001,Seção A da 31ª Vara Cível da Capital,05/06/2026,Sem prioridade,24
1ª CC,0028168-09.2022.8.17.2001,Seção A da 31ª Vara Cível da Capital,16/06/2026,Sem prioridade,13
1ª CC,0042681-79.2022.8.17.2001,Seção A da 31ª Vara Cível da Capital,16/06/2026,Super prioridade,13
1ª CC,0052992-33.2013.8.17.0001,Seção A da 31ª Vara Cível da Capital,05/06/2026,Sem prioridade,24
1ª CC,0056159-91.2021.8.17.2001,Seção A da 31ª Vara Cível da Capital,29/05/2026,Prioridade Legal,31
1ª CC,0111215-70.2025.8.17.2001,Seção A da 31ª Vara Cível da Capital,04/06/2026,Prioridade Legal,25
1ª CC,0112320-82.2025.8.17.2001,Seção A da 31ª Vara Cível da Capital,27/05/2026,Prioridade Legal,33
1ª CC,0000337-92.2025.8.17.4001,Seção A da 32ª Vara Cível da Capital,27/05/2026,Prioridade Legal,33
1ª CC,0005578-33.2025.8.17.2001,Seção A da 32ª Vara Cível da Capital,02/06/2026,Prioridade Legal,27
1ª CC,0013070-42.2026.8.17.2001,Seção A da 32ª Vara Cível da Capital,18/06/2026,Prioridade Legal,11
1ª CC,0013366-40.2021.8.17.2001,Seção A da 32ª Vara Cível da Capital,18/06/2026,Super prioridade,11
1ª CC,0017534-46.2025.8.17.2001,Seção A da 32ª Vara Cível da Capital,10/06/2026,Prioridade Legal,19
1ª CC,0017703-67.2024.8.17.2001,Seção A da 32ª Vara Cível da Capital,29/05/2026,Prioridade Legal,31
1ª CC,0019150-22.2026.8.17.2001,Seção A da 32ª Vara Cível da Capital,29/05/2026,Prioridade Legal,31
1ª CC,0033236-08.2020.8.17.2001,Seção A da 32ª Vara Cível da Capital,03/06/2026,Sem prioridade,26
1ª CC,0033620-92.2025.8.17.2001,Seção A da 32ª Vara Cível da Capital,29/05/2026,Sem prioridade,31
1ª CC,0035488-86.2017.8.17.2001,Seção A da 32ª Vara Cível da Capital,16/06/2026,Sem prioridade,13
1ª CC,0041337-92.2024.8.17.2001,Seção A da 32ª Vara Cível da Capital,15/06/2026,Sem prioridade,14
1ª CC,0049008-74.2021.8.17.2001,Seção A da 32ª Vara Cível da Capital,29/05/2026,Sem prioridade,31
1ª CC,0050684-57.2021.8.17.2001,Seção A da 32ª Vara Cível da Capital,03/06/2026,Sem prioridade,26
1ª CC,0054478-18.2023.8.17.2001,Seção A da 32ª Vara Cível da Capital,16/06/2026,Prioridade Legal,13
1ª CC,0063588-41.2023.8.17.2001,Seção A da 32ª Vara Cível da Capital,17/06/2026,Prioridade Legal,12
1ª CC,0079416-09.2025.8.17.2001,Seção A da 32ª Vara Cível da Capital,08/06/2026,Sem prioridade,21
1ª CC,0085933-30.2025.8.17.2001,Seção A da 32ª Vara Cível da Capital,17/06/2026,Prioridade Legal,13
1ª CC,0086121-28.2022.8.17.2001,Seção A da 32ª Vara Cível da Capital,17/06/2026,Prioridade Legal,12
1ª CC,0090301-82.2025.8.17.2001,Seção A da 32ª Vara Cível da Capital,27/05/2026,Prioridade Legal,33
1ª CC,0095074-79.2013.8.17.0001,Seção A da 32ª Vara Cível da Capital,19/06/2026,Prioridade Legal,10
1ª CC,0097957-90.2025.8.17.2001,Seção A da 32ª Vara Cível da Capital,11/06/2026,Prioridade Legal,18
1ª CC,0111961-35.2025.8.17.2001,Seção A da 32ª Vara Cível da Capital,10/06/2026,Prioridade Legal,19
1ª CC,0145999-44.2023.8.17.2001,Seção A da 32ª Vara Cível da Capital,15/06/2026,Prioridade Legal,14
1ª CC,0147878-86.2023.8.17.2001,Seção A da 32ª Vara Cível da Capital,19/05/2026,Super prioridade,41
1ª CC,0153590-57.2023.8.17.2001,Seção A da 32ª Vara Cível da Capital,16/06/2026,Prioridade Legal,13
1ª CC,0157587-82.2022.8.17.2001,Seção A da 32ª Vara Cível da Capital,04/06/2026,Sem prioridade,25
1ª CC,0166021-60.2022.8.17.2001,Seção A da 32ª Vara Cível da Capital,10/06/2026,Prioridade Legal,19
1ª CC,0006840-67.2015.8.17.2001,Seção A da 33ª Vara Cível da Capital,02/06/2026,Sem prioridade,27
1ª CC,0011311-14.2024.8.17.2001,Seção A da 33ª Vara Cível da Capital,02/06/2026,Prioridade Legal,27
1ª CC,0012618-66.2025.8.17.2001,Seção A da 33ª Vara Cível da Capital,05/06/2026,Prioridade Legal,24
1ª CC,0022811-24.2017.8.17.2001,Seção A da 33ª Vara Cível da Capital,16/06/2026,Prioridade Legal,13
1ª CC,0024006-34.2023.8.17.2001,Seção A da 33ª Vara Cível da Capital,03/06/2026,Sem prioridade,26
1ª CC,0026127-98.2024.8.17.2001,Seção A da 33ª Vara Cível da Capital,05/06/2026,Prioridade Legal,24
1ª CCJ,0031269-30.2017.8.17.2001,Seção A da 33ª Vara Cível da Capital,01/06/2026,Prioridade Legal,28
1ª CC,0042170-13.2024.8.17.2001,Seção A da 33ª Vara Cível da Capital,29/05/2026,Super prioridade,31
1ª CC,0045501-37.2023.8.17.2001,Seção A da 33ª Vara Cível da Capital,27/05/2026,Super prioridade,34
1ª CC,0051899-63.2024.8.17.2001,Seção A da 33ª Vara Cível da Capital,08/06/2026,Prioridade Legal,21
1ª CC,0066950-85.2022.8.17.2001,Seção A da 33ª Vara Cível da Capital,03/06/2026,Prioridade Legal,26
1ª CC,0076969-48.2025.8.17.2001,Seção A da 33ª Vara Cível da Capital,10/06/2026,Prioridade Legal,19
1ª CC,0077745-48.2025.8.17.2001,Seção A da 33ª Vara Cível da Capital,09/06/2026,Prioridade Legal,20
1ª CC,0083767-25.2025.8.17.2001,Seção A da 33ª Vara Cível da Capital,08/06/2026,Prioridade Legal,21
1ª CCJ,0099058-07.2021.8.17.2001,Seção A da 33ª Vara Cível da Capital,02/06/2026,Prioridade Legal,27
1ª CC,0103856-06.2024.8.17.2001,Seção A da 33ª Vara Cível da Capital,10/06/2026,Prioridade Legal,19
1ª CCJ,0105850-79.2018.8.17.2001,Seção A da 33ª Vara Cível da Capital,17/06/2026,Prioridade Legal,12
1ª CC,0107722-22.2024.8.17.2001,Seção A da 33ª Vara Cível da Capital,25/05/2026,Prioridade Legal,35
1ª CC,0118922-26.2024.8.17.2001,Seção A da 33ª Vara Cível da Capital,03/06/2026,Sem prioridade,26
1ª CCJ,0119768-77.2023.8.17.2001,Seção A da 33ª Vara Cível da Capital,26/05/2026,Prioridade Legal,34
1ª CC,0130264-15.2016.8.17.2001,Seção A da 33ª Vara Cível da Capital,15/06/2026,Sem prioridade,14
1ª CC,0134113-82.2022.8.17.2001,Seção A da 33ª Vara Cível da Capital,17/06/2026,Super prioridade,12
1ª CCJ,0144894-66.2022.8.17.2001,Seção A da 33ª Vara Cível da Capital,09/06/2026,Prioridade Legal,20
1ª CCJ,0150851-48.2022.8.17.2001,Seção A da 33ª Vara Cível da Capital,17/06/2026,Prioridade Legal,12
1ª CCJ,0002396-49.2019.8.17.2001,Seção A da 34ª Vara Cível da Capital,26/05/2026,Prioridade Legal,34
1ª CC,0002840-86.2025.8.17.4001,Seção A da 34ª Vara Cível da Capital,29/05/2026,Prioridade Legal,31
1ª CC,0003239-82.2017.8.17.2001,Seção A da 34ª Vara Cível da Capital,18/06/2026,Prioridade Legal,11
1ª CC,0008127-79.2026.8.17.2001,Seção A da 34ª Vara Cível da Capital,28/05/2026,Prioridade Legal,32
1ª CC,0008684-68.2024.8.17.3090,Seção A da 34ª Vara Cível da Capital,10/06/2026,Prioridade Legal,19
1ª CCJ,0020675-54.2017.8.17.2001,Seção A da 34ª Vara Cível da Capital,09/06/2026,Sem prioridade,20
1ª CC,0026730-40.2025.8.17.2001,Seção A da 34ª Vara Cível da Capital,10/06/2026,Sem prioridade,19
1ª CC,0034731-53.2021.8.17.2001,Seção A da 34ª Vara Cível da Capital,04/06/2026,Sem prioridade,25
1ª CC,0037005-48.2025.8.17.2001,Seção A da 34ª Vara Cível da Capital,15/06/2026,Prioridade Legal,14
1ª CC,0048573-95.2024.8.17.2001,Seção A da 34ª Vara Cível da Capital,28/05/2026,Prioridade Legal,32
1ª CC,0049639-23.2018.8.17.2001,Seção A da 34ª Vara Cível da Capital,16/06/2026,Prioridade Legal,13
1ª CC,0049668-97.2023.8.17.2001,Seção A da 34ª Vara Cível da Capital,16/06/2026,Prioridade Legal,13
1ª CCJ,0052403-79.2018.8.17.2001,Seção A da 34ª Vara Cível da Capital,19/05/2026,Prioridade Legal,41
1ª CC,0059465-34.2022.8.17.2001,Seção A da 34ª Vara Cível da Capital,15/06/2026,Sem prioridade,14
1ª CC,0060276-86.2025.8.17.2001,Seção A da 34ª Vara Cível da Capital,29/05/2026,Prioridade Legal,31
1ª CC,0065138-13.2019.8.17.2001,Seção A da 34ª Vara Cível da Capital,27/05/2026,Prioridade Legal,34
1ª CCJ,0074835-29.2017.8.17.2001,Seção A da 34ª Vara Cível da Capital,07/05/2026,Prioridade Legal,53
1ª CC,0082162-78.2024.8.17.2001,Seção A da 34ª Vara Cível da Capital,29/05/2026,Prioridade Legal,31
1ª CC,0098167-44.2025.8.17.2001,Seção A da 34ª Vara Cível da Capital,17/06/2026,Prioridade Legal,12
1ª CC,0131824-11.2024.8.17.2001,Seção A da 34ª Vara Cível da Capital,18/06/2026,Prioridade Legal,11
1ª CC,0133199-47.2024.8.17.2001,Seção A da 34ª Vara Cível da Capital,17/06/2026,Prioridade Legal,12
1ª CC,0003259-44.2015.8.17.2001,Seção A da 35ª Vara Cível da Capital,02/06/2026,Sem prioridade,28
1ª CC,0006670-27.2017.8.17.2001,Seção A da 35ª Vara Cível da Capital,15/06/2026,Sem prioridade,14
1ª CC,0010827-43.2017.8.17.2001,Seção A da 35ª Vara Cível da Capital,04/06/2026,Sem prioridade,25
1ª CC,0016641-02.2018.8.17.2001,Seção A da 35ª Vara Cível da Capital,05/06/2026,Sem prioridade,24
1ª CC,0016798-67.2021.8.17.2001,Seção A da 35ª Vara Cível da Capital,04/06/2026,Sem prioridade,25
1ª CCJ,0023381-16.2005.8.17.0001,Seção A da 35ª Vara Cível da Capital,09/06/2026,Sem prioridade,20
1ª CC,0031527-98.2021.8.17.2001,Seção A da 35ª Vara Cível da Capital,04/06/2026,Sem prioridade,25
1ª CCJ,0036519-10.2018.8.17.2001,Seção A da 35ª Vara Cível da Capital,12/06/2026,Sem prioridade,17
1ª CC,0037851-75.2019.8.17.2001,Seção A da 35ª Vara Cível da Capital,17/06/2026,Sem prioridade,12
1ª CC,0041274-39.2013.8.17.0001,Seção A da 35ª Vara Cível da Capital,17/06/2026,Prioridade Legal,13
1ª CC,0041559-02.2020.8.17.2001,Seção A da 35ª Vara Cível da Capital,04/06/2026,Sem prioridade,25
1ª CC,0045387-74.2018.8.17.2001,Seção A da 35ª Vara Cível da Capital,19/06/2026,Sem prioridade,10
1ª CCJ,0051439-52.2019.8.17.2001,Seção A da 35ª Vara Cível da Capital,08/06/2026,Sem prioridade,21
1ª CC,0067648-57.2023.8.17.2001,Seção A da 35ª Vara Cível da Capital,16/06/2026,Prioridade Legal,14
1ª CC,0024095-29.2012.8.17.0001,Seção A da 36ª Vara Cível da Capital,15/06/2026,Prioridade Legal,14
1ª CC,0033904-47.2018.8.17.2001,Seção A da 36ª Vara Cível da Capital,29/05/2026,Sem prioridade,31
1ª CC,0034012-66.2024.8.17.2001,Seção A da 36ª Vara Cível da Capital,08/06/2026,Prioridade Legal,21
1ª CC,0036917-79.2014.8.17.0001,Seção A da 36ª Vara Cível da Capital,15/06/2026,Prioridade Legal,14
1ª CC,0037283-59.2019.8.17.2001,Seção A da 36ª Vara Cível da Capital,16/06/2026,Sem prioridade,13
1ª CC,0045552-77.2025.8.17.2001,Seção A da 36ª Vara Cível da Capital,16/06/2026,Prioridade Legal,13
1ª CC,0053440-06.2013.8.17.0001,Seção A da 36ª Vara Cível da Capital,10/06/2026,Sem prioridade,20
1ª CC,0068254-86.2014.8.17.0001,Seção A da 36ª Vara Cível da Capital,11/06/2026,Prioridade Legal,18
1ª CC,0070370-74.2017.8.17.2001,Seção A da 36ª Vara Cível da Capital,08/06/2026,Sem prioridade,21
1ª CC,0089977-92.2025.8.17.2001,Seção A da 36ª Vara Cível da Capital,02/06/2026,Prioridade Legal,27
1ª CC,0113719-83.2024.8.17.2001,Seção A da 36ª Vara Cível da Capital,18/06/2026,Prioridade Legal,11
1ª CC,0136322-53.2024.8.17.2001,Seção A da 36ª Vara Cível da Capital,11/06/2026,Prioridade Legal,18
1ª CC,0004936-94.2024.8.17.2001,Seção A da 3ª Vara Cível da Capital,29/05/2026,Prioridade Legal,31
1ª CC,0005367-57.2000.8.17.0001,Seção A da 3ª Vara Cível da Capital,03/06/2026,Sem prioridade,26
1ª CCJ,0006016-40.2017.8.17.2001,Seção A da 3ª Vara Cível da Capital,07/05/2026,Prioridade Legal,53
1ª CC,0015381-12.2014.8.17.0001,Seção A da 3ª Vara Cível da Capital,29/05/2026,Sem prioridade,32
1ª CC,0024278-57.2025.8.17.2001,Seção A da 3ª Vara Cível da Capital,18/06/2026,Prioridade Legal,11
1ª CCJ,0038477-65.2017.8.17.2001,Seção A da 3ª Vara Cível da Capital,30/04/2026,Prioridade Legal,60
1ª CC,0039780-36.2025.8.17.2001,Seção A da 3ª Vara Cível da Capital,16/06/2026,Prioridade Legal,13
1ª CC,0041208-60.1993.8.17.0001,Seção A da 3ª Vara Cível da Capital,19/06/2026,Prioridade Legal,10
1ª CC,0051014-15.2025.8.17.2001,Seção A da 3ª Vara Cível da Capital,18/06/2026,Prioridade Legal,11
1ª CCJ,0058105-02.2012.8.17.0001,Seção A da 3ª Vara Cível da Capital,27/05/2026,Sem prioridade,33
1ª CC,0068388-83.2021.8.17.2001,Seção A da 3ª Vara Cível da Capital,17/06/2026,Prioridade Legal,12
1ª CC,0069046-68.2025.8.17.2001,Seção A da 3ª Vara Cível da Capital,16/06/2026,Sem prioridade,13
1ª CC,0077186-91.2025.8.17.2001,Seção A da 3ª Vara Cível da Capital,18/06/2026,Super prioridade,11
1ª CCJ,0081637-67.2022.8.17.2001,Seção A da 3ª Vara Cível da Capital,10/06/2026,Prioridade Legal,19
1ª CC,0104410-10.2013.8.17.0001,Seção A da 3ª Vara Cível da Capital,09/06/2026,Sem prioridade,21
1ª CC,0110137-41.2025.8.17.2001,Seção A da 3ª Vara Cível da Capital,09/06/2026,Prioridade Legal,20
1ª CC,0117281-03.2024.8.17.2001,Seção A da 3ª Vara Cível da Capital,16/06/2026,Prioridade Legal,13
1ª CC,0002681-95.2026.8.17.2001,Seção A da 4ª Vara Cível da Capital,09/06/2026,Prioridade Legal,20
1ª CC,0003249-36.1985.8.17.0001,Seção A da 4ª Vara Cível da Capital,04/06/2026,Sem prioridade,25
1ª CC,0008911-66.2020.8.17.2001,Seção A da 4ª Vara Cível da Capital,29/05/2026,Sem prioridade,31
1ª CC,0013792-23.2019.8.17.2001,Seção A da 4ª Vara Cível da Capital,18/06/2026,Sem prioridade,11
1ª CC,0016168-45.2020.8.17.2001,Seção A da 4ª Vara Cível da Capital,05/06/2026,Prioridade Legal,24
1ª CC,0018165-87.2025.8.17.2001,Seção A da 4ª Vara Cível da Capital,08/06/2026,Prioridade Legal,21
1ª CC,0018621-71.2024.8.17.2001,Seção A da 4ª Vara Cível da Capital,12/06/2026,Prioridade Legal,17
1ª CC,0020260-66.2020.8.17.2001,Seção A da 4ª Vara Cível da Capital,10/06/2026,Sem prioridade,19
1ª CC,0024728-10.2019.8.17.2001,Seção A da 4ª Vara Cível da Capital,16/06/2026,Sem prioridade,13
1ª CC,0029645-97.2015.8.17.0001,Seção A da 4ª Vara Cível da Capital,09/06/2026,Sem prioridade,21
1ª CC,0034981-28.2017.8.17.2001,Seção A da 4ª Vara Cível da Capital,05/06/2026,Prioridade Legal,24
1ª CC,0035441-68.2024.8.17.2001,Seção A da 4ª Vara Cível da Capital,12/06/2026,Prioridade Legal,17
1ª CC,0037926-85.2017.8.17.2001,Seção A da 4ª Vara Cível da Capital,12/06/2026,Prioridade Legal,18
1ª CC,0040226-78.2021.8.17.2001,Seção A da 4ª Vara Cível da Capital,18/06/2026,Prioridade Legal,11
1ª CC,0040942-37.2023.8.17.2001,Seção A da 4ª Vara Cível da Capital,18/06/2026,Sem prioridade,11
1ª CC,0044227-09.2021.8.17.2001,Seção A da 4ª Vara Cível da Capital,16/06/2026,Sem prioridade,13
1ª CC,0045791-57.2020.8.17.2001,Seção A da 4ª Vara Cível da Capital,19/06/2026,Sem prioridade,10
1ª CCJ,0047164-31.2017.8.17.2001,Seção A da 4ª Vara Cível da Capital,21/05/2026,Sem prioridade,39
1ª CC,0050725-29.2018.8.17.2001,Seção A da 4ª Vara Cível da Capital,15/06/2026,Sem prioridade,14
1ª CC,0054595-44.2013.8.17.0001,Seção A da 4ª Vara Cível da Capital,26/05/2026,Prioridade Legal,34
1ª CC,0059689-64.2025.8.17.2001,Seção A da 4ª Vara Cível da Capital,02/06/2026,Prioridade Legal,27
1ª CC,0065036-54.2020.8.17.2001,Seção A da 4ª Vara Cível da Capital,29/05/2026,Prioridade Legal,31
1ª CC,0067129-30.2007.8.17.0001,Seção A da 4ª Vara Cível da Capital,26/05/2026,Prioridade Legal,35
1ª CCJ,0079076-41.2020.8.17.2001,Seção A da 4ª Vara Cível da Capital,11/06/2026,Prioridade Legal,18
1ª CCJ,0080293-22.2020.8.17.2001,Seção A da 4ª Vara Cível da Capital,21/05/2026,Prioridade Legal,40
1ª CC,0091943-61.2023.8.17.2001,Seção A da 4ª Vara Cível da Capital,08/06/2026,Prioridade Legal,21
1ª CC,0100730-79.2023.8.17.2001,Seção A da 4ª Vara Cível da Capital,12/06/2026,Prioridade Legal,18
1ª CC,0133510-38.2024.8.17.2001,Seção A da 4ª Vara Cível da Capital,05/06/2026,Prioridade Legal,24
1ª CC,0149504-43.2023.8.17.2001,Seção A da 4ª Vara Cível da Capital,12/06/2026,Prioridade Legal,17
1ª CC,0002541-61.2026.8.17.2001,Seção A da 5ª Vara Cível da Capital,05/06/2026,Sem prioridade,25
1ª CC,0003932-85.2025.8.17.2001,Seção A da 5ª Vara Cível da Capital,25/05/2026,Prioridade Legal,35
1ª CC,0008179-75.2026.8.17.2001,Seção A da 5ª Vara Cível da Capital,10/06/2026,Prioridade Legal,19
1ª CC,0009091-14.2022.8.17.2001,Seção A da 5ª Vara Cível da Capital,17/06/2026,Sem prioridade,12
1ª CC,0010216-51.2021.8.17.2001,Seção A da 5ª Vara Cível da Capital,25/05/2026,Prioridade Legal,35
1ª CCJ,0013480-81.2018.8.17.2001,Seção A da 5ª Vara Cível da Capital,18/05/2026,Prioridade Legal,42
1ª CC,0018626-59.2025.8.17.2001,Seção A da 5ª Vara Cível da Capital,03/06/2026,Super prioridade,26
1ª CCJ,0021977-89.2015.8.17.2001,Seção A da 5ª Vara Cível da Capital,04/06/2026,Prioridade Legal,25
1ª CC,0032006-18.2026.8.17.2001,Seção A da 5ª Vara Cível da Capital,10/06/2026,Prioridade Legal,19
1ª CCJ,0035565-61.2018.8.17.2001,Seção A da 5ª Vara Cível da Capital,25/05/2026,Prioridade Legal,35
1ª CC,0036894-98.2024.8.17.2001,Seção A da 5ª Vara Cível da Capital,08/06/2026,Prioridade Legal,21
1ª CCJ,0039424-75.2024.8.17.2001,Seção A da 5ª Vara Cível da Capital,03/06/2026,Prioridade Legal,26
1ª CC,0042770-78.2017.8.17.2001,Seção A da 5ª Vara Cível da Capital,17/06/2026,Sem prioridade,12
1ª CCJ,0043200-64.2016.8.17.2001,Seção A da 5ª Vara Cível da Capital,04/05/2026,Prioridade Legal,56
1ª CC,0043342-87.2024.8.17.2001,Seção A da 5ª Vara Cível da Capital,11/06/2026,Prioridade Legal,18
1ª CC,0049646-68.2025.8.17.2001,Seção A da 5ª Vara Cível da Capital,15/06/2026,Prioridade Legal,14
1ª CC,0053755-62.2024.8.17.2001,Seção A da 5ª Vara Cível da Capital,27/05/2026,Prioridade Legal,34
1ª CC,0053785-97.2024.8.17.2001,Seção A da 5ª Vara Cível da Capital,17/06/2026,Prioridade Legal,12
1ª CC,0054025-57.2022.8.17.2001,Seção A da 5ª Vara Cível da Capital,15/06/2026,Sem prioridade,14
1ª CC,0060900-09.2023.8.17.2001,Seção A da 5ª Vara Cível da Capital,27/05/2026,Sem prioridade,34
1ª CCJ,0061594-22.2016.8.17.2001,Seção A da 5ª Vara Cível da Capital,26/05/2026,Prioridade Legal,34
1ª CC,0062199-84.2024.8.17.2001,Seção A da 5ª Vara Cível da Capital,22/05/2026,Prioridade Legal,38
1ª CC,0065162-02.2023.8.17.2001,Seção A da 5ª Vara Cível da Capital,04/06/2026,Sem prioridade,25
1ª CCJ,0087887-83.2014.8.17.0001,Seção A da 5ª Vara Cível da Capital,10/06/2026,Prioridade Legal,19
1ª CC,0090680-62.2021.8.17.2001,Seção A da 5ª Vara Cível da Capital,17/06/2026,Prioridade Legal,12
1ª CC,0095908-81.2022.8.17.2001,Seção A da 5ª Vara Cível da Capital,15/06/2026,Super prioridade,14
1ª CC,0112061-87.2025.8.17.2001,Seção A da 5ª Vara Cível da Capital,09/06/2026,Prioridade Legal,20
1ª CC,0119523-66.2023.8.17.2001,Seção A da 5ª Vara Cível da Capital,29/05/2026,Super prioridade,31
1ª CC,0010570-76.2021.8.17.2001,Seção A da 6ª Vara Cível da Capital,02/06/2026,Super prioridade,27
1ª CC,0011009-14.2026.8.17.2001,Seção A da 6ª Vara Cível da Capital,11/06/2026,Prioridade Legal,19
1ª CC,0012550-53.2024.8.17.2001,Seção A da 6ª Vara Cível da Capital,17/06/2026,Prioridade Legal,12
1ª CC,0017094-85.2015.8.17.0001,Seção A da 6ª Vara Cível da Capital,29/05/2026,Sem prioridade,32
1ª CC,0025368-76.2020.8.17.2001,Seção A da 6ª Vara Cível da Capital,16/06/2026,Prioridade Legal,13
1ª CC,0030218-66.2026.8.17.2001,Seção A da 6ª Vara Cível da Capital,17/06/2026,Prioridade Legal,12
1ª CC,0031375-50.2021.8.17.2001,Seção A da 6ª Vara Cível da Capital,17/06/2026,Prioridade Legal,13
1ª CC,0036213-31.2024.8.17.2001,Seção A da 6ª Vara Cível da Capital,17/06/2026,Prioridade Legal,12
1ª CC,0038992-22.2025.8.17.2001,Seção A da 6ª Vara Cível da Capital,02/06/2026,Prioridade Legal,27
1ª CC,0060410-26.2019.8.17.2001,Seção A da 6ª Vara Cível da Capital,17/06/2026,Prioridade Legal,13
1ª CCJ,0063369-33.2020.8.17.2001,Seção A da 6ª Vara Cível da Capital,10/06/2026,Prioridade Legal,20
1ª CC,0064604-93.2024.8.17.2001,Seção A da 6ª Vara Cível da Capital,10/06/2026,Prioridade Legal,19
1ª CC,0066043-18.2019.8.17.2001,Seção A da 6ª Vara Cível da Capital,16/06/2026,Prioridade Legal,13
1ª CC,0075271-75.2023.8.17.2001,Seção A da 6ª Vara Cível da Capital,29/05/2026,Sem prioridade,31
1ª CC,0098832-66.2013.8.17.0001,Seção A da 6ª Vara Cível da Capital,08/06/2026,Prioridade Legal,21
1ª CC,0102759-34.2025.8.17.2001,Seção A da 6ª Vara Cível da Capital,17/06/2026,Prioridade Legal,12
1ª CC,0112091-25.2025.8.17.2001,Seção A da 6ª Vara Cível da Capital,17/06/2026,Prioridade Legal,12
1ª CC,0145694-60.2023.8.17.2001,Seção A da 6ª Vara Cível da Capital,29/05/2026,Sem prioridade,31
1ª CC,0000163-71.2024.8.17.6021,Seção A da 7ª Vara Cível da Capital,18/06/2026,Sem prioridade,11
1ª CC,0003477-86.2026.8.17.2001,Seção A da 7ª Vara Cível da Capital,17/06/2026,Prioridade Legal,12
1ª CC,0004940-97.2025.8.17.2001,Seção A da 7ª Vara Cível da Capital,16/06/2026,Sem prioridade,13
1ª CC,0011964-17.2015.8.17.0001,Seção A da 7ª Vara Cível da Capital,19/06/2026,Super prioridade,11
1ª CC,0014042-27.2017.8.17.2001,Seção A da 7ª Vara Cível da Capital,08/06/2026,Sem prioridade,21
1ª CC,0021060-84.2026.8.17.2001,Seção A da 7ª Vara Cível da Capital,08/06/2026,Prioridade Legal,21
1ª CC,0026274-56.2026.8.17.2001,Seção A da 7ª Vara Cível da Capital,16/06/2026,Super prioridade,13
1ª CC,0029688-77.2017.8.17.2001,Seção A da 7ª Vara Cível da Capital,29/05/2026,Sem prioridade,31
1ª CC,0031150-88.2025.8.17.2001,Seção A da 7ª Vara Cível da Capital,08/06/2026,Prioridade Legal,21
1ª CC,0031289-55.2016.8.17.2001,Seção A da 7ª Vara Cível da Capital,03/06/2026,Super prioridade,26
1ª CC,0047884-32.2016.8.17.2001,Seção A da 7ª Vara Cível da Capital,04/06/2026,Sem prioridade,25
1ª CC,0048932-11.2025.8.17.2001,Seção A da 7ª Vara Cível da Capital,03/06/2026,Prioridade Legal,26
1ª CC,0052019-72.2025.8.17.2001,Seção A da 7ª Vara Cível da Capital,04/06/2026,Prioridade Legal,25
1ª CC,0057409-23.2025.8.17.2001,Seção A da 7ª Vara Cível da Capital,17/06/2026,Prioridade Legal,12
1ª CC,0058021-58.2025.8.17.2001,Seção A da 7ª Vara Cível da Capital,18/06/2026,Prioridade Legal,12
1ª CC,0061370-69.2025.8.17.2001,Seção A da 7ª Vara Cível da Capital,16/06/2026,Sem prioridade,13
1ª CC,0065740-91.2025.8.17.2001,Seção A da 7ª Vara Cível da Capital,17/06/2026,Super prioridade,12
1ª CC,0077561-29.2024.8.17.2001,Seção A da 7ª Vara Cível da Capital,29/05/2026,Prioridade Legal,31
1ª CC,0087456-14.2024.8.17.2001,Seção A da 7ª Vara Cível da Capital,02/06/2026,Prioridade Legal,27
1ª CC,0103341-68.2024.8.17.2001,Seção A da 7ª Vara Cível da Capital,12/06/2026,Sem prioridade,18
1ª CC,0106954-96.2024.8.17.2001,Seção A da 7ª Vara Cível da Capital,16/06/2026,Prioridade Legal,13
1ª CC,0111921-53.2025.8.17.2001,Seção A da 7ª Vara Cível da Capital,02/06/2026,Prioridade Legal,27
1ª CC,0115993-25.2021.8.17.2001,Seção A da 7ª Vara Cível da Capital,05/06/2026,Sem prioridade,24
1ª CC,0157218-54.2023.8.17.2001,Seção A da 7ª Vara Cível da Capital,11/06/2026,Prioridade Legal,18
1ª CCJ,0001067-65.2020.8.17.2001,Seção A da 8ª Vara Cível da Capital,15/06/2026,Prioridade Legal,15
1ª CC,0001715-20.2024.8.17.4001,Seção A da 8ª Vara Cível da Capital,08/06/2026,Prioridade Legal,21
1ª CC,0001779-16.2024.8.17.2001,Seção A da 8ª Vara Cível da Capital,04/06/2026,Sem prioridade,25
1ª CC,0002311-87.2024.8.17.2001,Seção A da 8ª Vara Cível da Capital,25/05/2026,Prioridade Legal,35
1ª CCJ,0003190-41.2017.8.17.2001,Seção A da 8ª Vara Cível da Capital,15/05/2026,Prioridade Legal,45
1ª CC,0004410-06.2019.8.17.2001,Seção A da 8ª Vara Cível da Capital,18/06/2026,Sem prioridade,11
1ª CC,0020245-34.2019.8.17.2001,Seção A da 8ª Vara Cível da Capital,27/05/2026,Sem prioridade,34
1ª CC,0031895-89.2004.8.17.0001,Seção A da 8ª Vara Cível da Capital,19/06/2026,Sem prioridade,11
1ª CC,0041897-39.2021.8.17.2001,Seção A da 8ª Vara Cível da Capital,29/05/2026,Prioridade Legal,31
1ª CCJ,0044040-74.2016.8.17.2001,Seção A da 8ª Vara Cível da Capital,15/06/2026,Prioridade Legal,15
1ª CCJ,0046867-82.2021.8.17.2001,Seção A da 8ª Vara Cível da Capital,11/06/2026,Prioridade Legal,18
1ª CCJ,0047587-44.2024.8.17.2001,Seção A da 8ª Vara Cível da Capital,15/06/2026,Prioridade Legal,15
1ª CCJ,0048340-45.2017.8.17.2001,Seção A da 8ª Vara Cível da Capital,15/05/2026,Prioridade Legal,45
1ª CCJ,0048443-76.2022.8.17.2001,Seção A da 8ª Vara Cível da Capital,08/06/2026,Prioridade Legal,21
1ª CCJ,0051351-48.2018.8.17.2001,Seção A da 8ª Vara Cível da Capital,18/06/2026,Prioridade Legal,11
1ª CCJ,0052645-28.2024.8.17.2001,Seção A da 8ª Vara Cível da Capital,06/05/2026,Prioridade Legal,54
1ª CCJ,0057196-32.2016.8.17.2001,Seção A da 8ª Vara Cível da Capital,28/05/2026,Prioridade Legal,32
1ª CC,0064277-17.2025.8.17.2001,Seção A da 8ª Vara Cível da Capital,01/06/2026,Prioridade Legal,28
1ª CCJ,0070082-24.2020.8.17.2001,Seção A da 8ª Vara Cível da Capital,28/05/2026,Prioridade Legal,32
1ª CC,0072430-44.2022.8.17.2001,Seção A da 8ª Vara Cível da Capital,04/06/2026,Sem prioridade,25
1ª CC,0076151-09.2019.8.17.2001,Seção A da 8ª Vara Cível da Capital,02/06/2026,Prioridade Legal,27
1ª CC,0082462-16.2019.8.17.2001,Seção A da 8ª Vara Cível da Capital,08/06/2026,Prioridade Legal,21
1ª CCJ,0083543-24.2024.8.17.2001,Seção A da 8ª Vara Cível da Capital,10/06/2026,Sem prioridade,19
1ª CCJ,0085582-67.2019.8.17.2001,Seção A da 8ª Vara Cível da Capital,11/06/2026,Prioridade Legal,18
1ª CC,0096311-50.2022.8.17.2001,Seção A da 8ª Vara Cível da Capital,17/06/2026,Prioridade Legal,12
1ª CC,0100626-53.2024.8.17.2001,Seção A da 8ª Vara Cível da Capital,17/06/2026,Prioridade Legal,12
1ª CC,0106563-44.2024.8.17.2001,Seção A da 8ª Vara Cível da Capital,15/06/2026,Prioridade Legal,14
1ª CC,0126597-40.2024.8.17.2001,Seção A da 8ª Vara Cível da Capital,16/06/2026,Prioridade Legal,13
1ª CC,0129447-72.2021.8.17.2001,Seção A da 8ª Vara Cível da Capital,05/06/2026,Prioridade Legal,24
1ª CC,0132001-72.2024.8.17.2001,Seção A da 8ª Vara Cível da Capital,17/06/2026,Prioridade Legal,12
1ª CC,0135302-37.2018.8.17.2001,Seção A da 8ª Vara Cível da Capital,29/05/2026,Prioridade Legal,31
1ª CC,0142605-29.2023.8.17.2001,Seção A da 8ª Vara Cível da Capital,12/06/2026,Super prioridade,17
1ª CC,0145625-28.2023.8.17.2001,Seção A da 8ª Vara Cível da Capital,03/06/2026,Sem prioridade,26
1ª CC,0000241-31.2025.8.17.6021,Seção A da 9ª Vara Cível da Capital,25/05/2026,Prioridade Legal,36
1ª CC,0008831-97.2023.8.17.2001,Seção A da 9ª Vara Cível da Capital,03/06/2026,Sem prioridade,26
1ª CC,0009266-71.2023.8.17.2001,Seção A da 9ª Vara Cível da Capital,17/06/2026,Prioridade Legal,12
1ª CC,0021004-90.2022.8.17.2001,Seção A da 9ª Vara Cível da Capital,29/05/2026,Prioridade Legal,31
1ª CC,0026330-70.2018.8.17.2001,Seção A da 9ª Vara Cível da Capital,03/06/2026,Prioridade Legal,26
1ª CC,0036453-20.2024.8.17.2001,Seção A da 9ª Vara Cível da Capital,16/06/2026,Sem prioridade,13
1ª CC,0039021-88.2007.8.17.0001,Seção A da 9ª Vara Cível da Capital,29/05/2026,Prioridade Legal,32
1ª CC,0040844-81.2025.8.17.2001,Seção A da 9ª Vara Cível da Capital,12/06/2026,Prioridade Legal,17
1ª CCJ,0044390-81.2024.8.17.2001,Seção A da 9ª Vara Cível da Capital,16/06/2026,Prioridade Legal,13
1ª CC,0049953-27.2022.8.17.2001,Seção A da 9ª Vara Cível da Capital,15/06/2026,Prioridade Legal,14
1ª CC,0055673-67.2025.8.17.2001,Seção A da 9ª Vara Cível da Capital,10/06/2026,Sem prioridade,19
1ª CC,0057968-77.2025.8.17.2001,Seção A da 9ª Vara Cível da Capital,15/06/2026,Sem prioridade,14
1ª CC,0064720-65.2025.8.17.2001,Seção A da 9ª Vara Cível da Capital,16/06/2026,Sem prioridade,13
1ª CC,0076743-82.2021.8.17.2001,Seção A da 9ª Vara Cível da Capital,03/06/2026,Prioridade Legal,26
1ª CCJ,0084613-42.2025.8.17.2001,Seção A da 9ª Vara Cível da Capital,04/05/2026,Prioridade Legal,56
1ª CC,0087793-03.2024.8.17.2001,Seção A da 9ª Vara Cível da Capital,29/05/2026,Sem prioridade,31
1ª CC,0091800-04.2025.8.17.2001,Seção A da 9ª Vara Cível da Capital,15/06/2026,Prioridade Legal,14
1ª CC,0093613-66.2025.8.17.2001,Seção A da 9ª Vara Cível da Capital,17/06/2026,Prioridade Legal,12
1ª CCJ,0123186-86.2024.8.17.2001,Seção A da 9ª Vara Cível da Capital,17/06/2026,Prioridade Legal,12
1ª CC,0137776-05.2023.8.17.2001,Seção A da 9ª Vara Cível da Capital,15/06/2026,Prioridade Legal,14
1ª CC,0001917-46.2025.8.17.2001,Seção B da 10ª Vara Cível da Capital,29/05/2026,Super prioridade,31
1ª CC,0005448-77.2024.8.17.2001,Seção B da 10ª Vara Cível da Capital,17/06/2026,Prioridade Legal,12
1ª CC,0008616-19.2026.8.17.2001,Seção B da 10ª Vara Cível da Capital,09/06/2026,Prioridade Legal,20
1ª CC,0010030-23.2024.8.17.2001,Seção B da 10ª Vara Cível da Capital,05/06/2026,Super prioridade,24
1ª CC,0011494-48.2025.8.17.2001,Seção B da 10ª Vara Cível da Capital,28/05/2026,Sem prioridade,32
1ª CC,0015702-85.2019.8.17.2001,Seção B da 10ª Vara Cível da Capital,04/06/2026,Sem prioridade,25
1ª CC,0017142-77.2023.8.17.2001,Seção B da 10ª Vara Cível da Capital,16/06/2026,Prioridade Legal,14
1ª CC,0021954-31.2024.8.17.2001,Seção B da 10ª Vara Cível da Capital,29/05/2026,Sem prioridade,31
1ª CC,0022893-09.2024.8.17.2810,Seção B da 10ª Vara Cível da Capital,05/06/2026,Prioridade Legal,24
1ª CC,0027193-55.2020.8.17.2001,Seção B da 10ª Vara Cível da Capital,04/06/2026,Prioridade Legal,26
1ª CC,0031973-62.2025.8.17.2001,Seção B da 10ª Vara Cível da Capital,26/05/2026,Prioridade Legal,34
1ª CC,0033583-37.2014.8.17.0001,Seção B da 10ª Vara Cível da Capital,27/05/2026,Prioridade Legal,33
1ª CC,0048479-16.2025.8.17.2001,Seção B da 10ª Vara Cível da Capital,29/05/2026,Super prioridade,31
1ª CC,0053066-81.2025.8.17.2001,Seção B da 10ª Vara Cível da Capital,28/05/2026,Prioridade Legal,32
1ª CC,0061874-75.2025.8.17.2001,Seção B da 10ª Vara Cível da Capital,15/06/2026,Prioridade Legal,15
1ª CC,0074076-84.2025.8.17.2001,Seção B da 10ª Vara Cível da Capital,05/06/2026,Prioridade Legal,24
1ª CC,0086153-96.2023.8.17.2001,Seção B da 10ª Vara Cível da Capital,03/06/2026,Prioridade Legal,26
1ª CC,0088846-24.2021.8.17.2001,Seção B da 10ª Vara Cível da Capital,02/06/2026,Sem prioridade,27
1ª CC,0094825-40.2016.8.17.2001,Seção B da 10ª Vara Cível da Capital,04/06/2026,Sem prioridade,25
1ª CC,0097611-13.2023.8.17.2001,Seção B da 10ª Vara Cível da Capital,18/06/2026,Sem prioridade,11
1ª CC,0119027-03.2024.8.17.2001,Seção B da 10ª Vara Cível da Capital,29/05/2026,Prioridade Legal,31
1ª CC,0141886-81.2022.8.17.2001,Seção B da 10ª Vara Cível da Capital,03/06/2026,Prioridade Legal,26
1ª CC,0167284-30.2022.8.17.2001,Seção B da 10ª Vara Cível da Capital,03/06/2026,Prioridade Legal,26
1ª CC,0000133-65.2026.8.17.6021,Seção B da 11ª Vara Cível da Capital,10/06/2026,Prioridade Legal,20
1ª CC,0000326-15.2026.8.17.2001,Seção B da 11ª Vara Cível da Capital,29/05/2026,Prioridade Legal,31
1ª CC,0003765-54.2014.8.17.2001,Seção B da 11ª Vara Cível da Capital,11/06/2026,Prioridade Legal,18
1ª CCJ,0012137-74.2023.8.17.2001,Seção B da 11ª Vara Cível da Capital,28/04/2026,Prioridade Legal,62
1ª CCJ,0013395-95.2018.8.17.2001,Seção B da 11ª Vara Cível da Capital,06/05/2026,Prioridade Legal,54
1ª CCJ,0015063-38.2017.8.17.2001,Seção B da 11ª Vara Cível da Capital,26/05/2026,Prioridade Legal,34
1ª CC,0017545-41.2026.8.17.2001,Seção B da 11ª Vara Cível da Capital,08/06/2026,Prioridade Legal,21
1ª CC,0020869-10.2024.8.17.2001,Seção B da 11ª Vara Cível da Capital,18/06/2026,Prioridade Legal,11
1ª CC,0025283-27.2019.8.17.2001,Seção B da 11ª Vara Cível da Capital,04/06/2026,Sem prioridade,25
1ª CC,0029580-33.2026.8.17.2001,Seção B da 11ª Vara Cível da Capital,08/06/2026,Prioridade Legal,21
1ª CC,0033939-60.2025.8.17.2001,Seção B da 11ª Vara Cível da Capital,03/06/2026,Prioridade Legal,26
1ª CCJ,0034721-20.2006.8.17.0001,Seção B da 11ª Vara Cível da Capital,08/05/2026,Prioridade Legal,52
1ª CC,0035639-37.2026.8.17.2001,Seção B da 11ª Vara Cível da Capital,28/05/2026,Prioridade Legal,32
1ª CC,0040984-28.2019.8.17.2001,Seção B da 11ª Vara Cível da Capital,11/06/2026,Sem prioridade,19
1ª CC,0048643-20.2021.8.17.2001,Seção B da 11ª Vara Cível da Capital,10/06/2026,Prioridade Legal,19
1ª CC,0051800-06.2018.8.17.2001,Seção B da 11ª Vara Cível da Capital,19/06/2026,Sem prioridade,10
1ª CC,0056104-38.2024.8.17.2001,Seção B da 11ª Vara Cível da Capital,29/05/2026,Sem prioridade,31
1ª CC,0065542-54.2025.8.17.2001,Seção B da 11ª Vara Cível da Capital,03/06/2026,Prioridade Legal,26
1ª CC,0076167-89.2021.8.17.2001,Seção B da 11ª Vara Cível da Capital,26/05/2026,Prioridade Legal,34
1ª CC,0082998-17.2025.8.17.2001,Seção B da 11ª Vara Cível da Capital,04/06/2026,Prioridade Legal,25
1ª CC,0086355-73.2023.8.17.2001,Seção B da 11ª Vara Cível da Capital,05/06/2026,Super prioridade,24
1ª CC,0091952-52.2025.8.17.2001,Seção B da 11ª Vara Cível da Capital,10/06/2026,Sem prioridade,19
1ª CC,0099579-15.2022.8.17.2001,Seção B da 11ª Vara Cível da Capital,15/06/2026,Prioridade Legal,14
1ª CC,0015338-69.2026.8.17.2001,Seção B da 12ª Vara Cível da Capital,17/06/2026,Prioridade Legal,12
1ª CC,0015793-15.2018.8.17.2001,Seção B da 12ª Vara Cível da Capital,09/06/2026,Prioridade Legal,20
1ª CC,0018801-87.2024.8.17.2001,Seção B da 12ª Vara Cível da Capital,12/06/2026,Prioridade Legal,17
1ª CC,0019963-49.2026.8.17.2001,Seção B da 12ª Vara Cível da Capital,17/06/2026,Prioridade Legal,12
1ª CC,0020989-82.2026.8.17.2001,Seção B da 12ª Vara Cível da Capital,28/05/2026,Prioridade Legal,32
1ª CC,0021028-79.2026.8.17.2001,Seção B da 12ª Vara Cível da Capital,29/05/2026,Prioridade Legal,31
1ª CC,0024447-44.2025.8.17.2001,Seção B da 12ª Vara Cível da Capital,11/06/2026,Prioridade Legal,19
1ª CC,0024910-94.2010.8.17.0001,Seção B da 12ª Vara Cível da Capital,08/06/2026,Super prioridade,22
1ª CC,0025676-05.2026.8.17.2001,Seção B da 12ª Vara Cível da Capital,17/06/2026,Prioridade Legal,12
1ª CC,0025723-76.2026.8.17.2001,Seção B da 12ª Vara Cível da Capital,29/05/2026,Prioridade Legal,31
1ª CC,0028538-46.2026.8.17.2001,Seção B da 12ª Vara Cível da Capital,17/06/2026,Prioridade Legal,12
1ª CCJ,0031121-38.2025.8.17.2001,Seção B da 12ª Vara Cível da Capital,14/05/2026,Prioridade Legal,46
1ª CC,0031824-48.2008.8.17.0001,Seção B da 12ª Vara Cível da Capital,10/06/2026,Sem prioridade,20
1ª CC,0035761-50.2026.8.17.2001,Seção B da 12ª Vara Cível da Capital,04/06/2026,Prioridade Legal,25
1ª CC,0036925-31.2018.8.17.2001,Seção B da 12ª Vara Cível da Capital,18/06/2026,Sem prioridade,11
1ª CC,0038544-49.2025.8.17.2001,Seção B da 12ª Vara Cível da Capital,18/06/2026,Prioridade Legal,12
1ª CC,0038989-33.2026.8.17.2001,Seção B da 12ª Vara Cível da Capital,17/06/2026,Prioridade Legal,12
1ª CC,0041061-90.2026.8.17.2001,Seção B da 12ª Vara Cível da Capital,18/06/2026,Prioridade Legal,11
1ª CC,0041594-49.2026.8.17.2001,Seção B da 12ª Vara Cível da Capital,17/06/2026,Super prioridade,12
1ª CC,0041709-70.2026.8.17.2001,Seção B da 12ª Vara Cível da Capital,09/06/2026,Prioridade Legal,20
1ª CC,0058830-19.2023.8.17.2001,Seção B da 12ª Vara Cível da Capital,04/06/2026,Prioridade Legal,25
1ª CC,0082966-12.2025.8.17.2001,Seção B da 12ª Vara Cível da Capital,08/06/2026,Super prioridade,22
1ª CCJ,0084764-76.2023.8.17.2001,Seção B da 12ª Vara Cível da Capital,28/05/2026,Prioridade Legal,32
1ª CC,0087489-67.2025.8.17.2001,Seção B da 12ª Vara Cível da Capital,04/06/2026,Prioridade Legal,25
1ª CCJ,0088650-20.2022.8.17.2001,Seção B da 12ª Vara Cível da Capital,17/06/2026,Prioridade Legal,12
1ª CC,0090409-48.2024.8.17.2001,Seção B da 12ª Vara Cível da Capital,25/05/2026,Sem prioridade,35
1ª CC,0091458-90.2025.8.17.2001,Seção B da 12ª Vara Cível da Capital,27/05/2026,Prioridade Legal,33
1ª CC,0103531-94.2025.8.17.2001,Seção B da 12ª Vara Cível da Capital,18/06/2026,Prioridade Legal,11
1ª CC,0104047-17.2025.8.17.2001,Seção B da 12ª Vara Cível da Capital,08/06/2026,Prioridade Legal,22
1ª CCJ,0109905-29.2025.8.17.2001,Seção B da 12ª Vara Cível da Capital,04/06/2026,Prioridade Legal,25
1ª CC,0138116-46.2023.8.17.2001,Seção B da 12ª Vara Cível da Capital,03/06/2026,Sem prioridade,26
1ª CC,0139482-86.2024.8.17.2001,Seção B da 12ª Vara Cível da Capital,18/06/2026,Prioridade Legal,11
1ª CC,0001007-92.2020.8.17.2001,Seção B da 13ª Vara Cível da Capital,29/05/2026,Prioridade Legal,31
1ª CCJ,0003616-58.2014.8.17.2001,Seção B da 13ª Vara Cível da Capital,08/06/2026,Prioridade Legal,21
1ª CC,0004888-09.2022.8.17.2001,Seção B da 13ª Vara Cível da Capital,03/06/2026,Sem prioridade,26
1ª CC,0006049-15.2026.8.17.2001,Seção B da 13ª Vara Cível da Capital,16/06/2026,Prioridade Legal,13
1ª CCJ,0013453-35.2017.8.17.2001,Seção B da 13ª Vara Cível da Capital,20/05/2026,Prioridade Legal,40
1ª CC,0018680-98.2020.8.17.2001,Seção B da 13ª Vara Cível da Capital,12/06/2026,Prioridade Legal,17
1ª CC,0020551-56.2026.8.17.2001,Seção B da 13ª Vara Cível da Capital,11/06/2026,Prioridade Legal,18
1ª CC,0024381-40.2020.8.17.2001,Seção B da 13ª Vara Cível da Capital,05/06/2026,Prioridade Legal,24
1ª CCJ,0030279-68.2019.8.17.2001,Seção B da 13ª Vara Cível da Capital,20/05/2026,Prioridade Legal,41
1ª CCJ,0030523-65.2017.8.17.2001,Seção B da 13ª Vara Cível da Capital,01/06/2026,Prioridade Legal,28
1ª CC,0033065-22.2018.8.17.2001,Seção B da 13ª Vara Cível da Capital,27/05/2026,Sem prioridade,33
1ª CC,0034612-29.2020.8.17.2001,Seção B da 13ª Vara Cível da Capital,09/06/2026,Prioridade Legal,20
1ª CC,0041631-52.2021.8.17.2001,Seção B da 13ª Vara Cível da Capital,10/06/2026,Prioridade Legal,19
1ª CCJ,0044050-21.2016.8.17.2001,Seção B da 13ª Vara Cível da Capital,05/06/2026,Prioridade Legal,24
1ª CC,0045145-71.2025.8.17.2001,Seção B da 13ª Vara Cível da Capital,11/06/2026,Prioridade Legal,18
1ª CC,0045291-49.2024.8.17.2001,Seção B da 13ª Vara Cível da Capital,11/06/2026,Prioridade Legal,19
1ª CC,0045763-31.2016.8.17.2001,Seção B da 13ª Vara Cível da Capital,29/05/2026,Sem prioridade,31
1ª CC,0048489-26.2026.8.17.2001,Seção B da 13ª Vara Cível da Capital,10/06/2026,Prioridade Legal,19
1ª CCJ,0051479-34.2019.8.17.2001,Seção B da 13ª Vara Cível da Capital,04/05/2026,Sem prioridade,56
1ª CC,0053052-78.2017.8.17.2001,Seção B da 13ª Vara Cível da Capital,05/06/2026,Prioridade Legal,24
1ª CC,0053120-47.2025.8.17.2001,Seção B da 13ª Vara Cível da Capital,18/06/2026,Prioridade Legal,11
1ª CC,0055816-61.2022.8.17.2001,Seção B da 13ª Vara Cível da Capital,05/06/2026,Prioridade Legal,24
1ª CC,0055993-20.2025.8.17.2001,Seção B da 13ª Vara Cível da Capital,09/06/2026,Prioridade Legal,21
1ª CCJ,0057934-10.2022.8.17.2001,Seção B da 13ª Vara Cível da Capital,19/05/2026,Prioridade Legal,41
1ª CC,0061243-68.2024.8.17.2001,Seção B da 13ª Vara Cível da Capital,26/05/2026,Sem prioridade,34
1ª CCJ,0061619-64.2018.8.17.2001,Seção B da 13ª Vara Cível da Capital,15/05/2026,Prioridade Legal,45
1ª CC,0062470-30.2023.8.17.2001,Seção B da 13ª Vara Cível da Capital,09/06/2026,Prioridade Legal,20
1ª CC,0065818-85.2025.8.17.2001,Seção B da 13ª Vara Cível da Capital,16/06/2026,Prioridade Legal,13
1ª CC,0068333-30.2024.8.17.2001,Seção B da 13ª Vara Cível da Capital,01/06/2026,Prioridade Legal,28
1ª CC,0071149-24.2020.8.17.2001,Seção B da 13ª Vara Cível da Capital,18/06/2026,Sem prioridade,11
1ª CC,0071813-50.2023.8.17.2001,Seção B da 13ª Vara Cível da Capital,19/06/2026,Sem prioridade,10
1ª CC,0073935-41.2020.8.17.2001,Seção B da 13ª Vara Cível da Capital,03/06/2026,Sem prioridade,26
1ª CC,0074675-04.2017.8.17.2001,Seção B da 13ª Vara Cível da Capital,10/06/2026,Prioridade Legal,19
1ª CC,0091338-18.2023.8.17.2001,Seção B da 13ª Vara Cível da Capital,01/06/2026,Prioridade Legal,28
1ª CC,0115166-74.1996.8.17.0001,Seção B da 13ª Vara Cível da Capital,11/06/2026,Sem prioridade,19
1ª CCJ,0132004-08.2016.8.17.2001,Seção B da 13ª Vara Cível da Capital,19/06/2026,Prioridade Legal,10
1ª CCJ,0140464-03.2024.8.17.2001,Seção B da 13ª Vara Cível da Capital,11/06/2026,Prioridade Legal,18
1ª CC,0013020-26.2020.8.17.2001,Seção B da 14ª Vara Cível da Capital,29/05/2026,Sem prioridade,32
1ª CC,0059456-82.2016.8.17.2001,Seção B da 14ª Vara Cível da Capital,02/06/2026,Sem prioridade,28
1ª CCJ,0000930-83.2020.8.17.2001,Seção B da 15ª Vara Cível da Capital,04/06/2026,Sem prioridade,25
1ª CC,0005334-81.2011.8.17.0001,Seção B da 15ª Vara Cível da Capital,17/06/2026,Sem prioridade,12
1ª CCJ,0009831-98.2024.8.17.2001,Seção B da 15ª Vara Cível da Capital,16/06/2026,Sem prioridade,13
1ª CCJ,0014516-04.2005.8.17.0001,Seção B da 15ª Vara Cível da Capital,30/04/2026,Sem prioridade,60
1ª CCJ,0026480-80.2020.8.17.2001,Seção B da 15ª Vara Cível da Capital,05/05/2026,Prioridade Legal,55
1ª CCJ,0031323-20.2022.8.17.2001,Seção B da 15ª Vara Cível da Capital,16/06/2026,Prioridade Legal,13
1ª CC,0032907-98.2017.8.17.2001,Seção B da 15ª Vara Cível da Capital,04/06/2026,Prioridade Legal,25
1ª CC,0039396-94.2004.8.17.0001,Seção B da 15ª Vara Cível da Capital,18/06/2026,Super prioridade,11
1ª CC,0042122-54.2024.8.17.2001,Seção B da 15ª Vara Cível da Capital,04/06/2026,Prioridade Legal,25
1ª CCJ,0048878-16.2023.8.17.2001,Seção B da 15ª Vara Cível da Capital,05/05/2026,Prioridade Legal,55
1ª CC,0049284-37.2023.8.17.2001,Seção B da 15ª Vara Cível da Capital,11/06/2026,Sem prioridade,18
1ª CC,0051245-13.2023.8.17.2001,Seção B da 15ª Vara Cível da Capital,11/06/2026,Sem prioridade,18
1ª CC,0051428-81.2023.8.17.2001,Seção B da 15ª Vara Cível da Capital,04/06/2026,Prioridade Legal,25
1ª CC,0051815-96.2023.8.17.2001,Seção B da 15ª Vara Cível da Capital,09/06/2026,Sem prioridade,21
1ª CC,0068119-73.2023.8.17.2001,Seção B da 15ª Vara Cível da Capital,09/06/2026,Prioridade Legal,20
1ª CC,0068448-51.2024.8.17.2001,Seção B da 15ª Vara Cível da Capital,05/06/2026,Prioridade Legal,24
1ª CC,0070362-53.2024.8.17.2001,Seção B da 15ª Vara Cível da Capital,09/06/2026,Prioridade Legal,21
1ª CC,0075191-24.2017.8.17.2001,Seção B da 15ª Vara Cível da Capital,05/06/2026,Prioridade Legal,24
1ª CCJ,0076795-78.2021.8.17.2001,Seção B da 15ª Vara Cível da Capital,05/05/2026,Prioridade Legal,55
1ª CC,0084499-50.2018.8.17.2001,Seção B da 15ª Vara Cível da Capital,15/06/2026,Sem prioridade,14
1ª CC,0138551-54.2022.8.17.2001,Seção B da 15ª Vara Cível da Capital,16/06/2026,Sem prioridade,13
1ª CC,0153386-87.2009.8.17.0001,Seção B da 15ª Vara Cível da Capital,12/06/2026,Sem prioridade,17
1ª CCJ,0153427-77.2023.8.17.2001,Seção B da 15ª Vara Cível da Capital,09/06/2026,Prioridade Legal,20
1ª CC,0005798-31.2025.8.17.2001,Seção B da 16ª Vara Cível da Capital,11/06/2026,Prioridade Legal,18
1ª CC,0006052-48.2018.8.17.2001,Seção B da 16ª Vara Cível da Capital,18/06/2026,Prioridade Legal,11
1ª CC,0013325-97.2026.8.17.2001,Seção B da 16ª Vara Cível da Capital,26/05/2026,Prioridade Legal,34
1ª CC,0015263-40.2020.8.17.2001,Seção B da 16ª Vara Cível da Capital,12/06/2026,Sem prioridade,17
1ª CC,0016669-33.2019.8.17.2001,Seção B da 16ª Vara Cível da Capital,08/06/2026,Sem prioridade,22
1ª CCJ,0021511-12.2026.8.17.2001,Seção B da 16ª Vara Cível da Capital,17/06/2026,Prioridade Legal,12
1ª CCJ,0026577-47.2012.8.17.0001,Seção B da 16ª Vara Cível da Capital,15/05/2026,Prioridade Legal,45
1ª CC,0028972-74.2022.8.17.2001,Seção B da 16ª Vara Cível da Capital,11/06/2026,Sem prioridade,18
1ª CC,0036283-14.2025.8.17.2001,Seção B da 16ª Vara Cível da Capital,27/05/2026,Prioridade Legal,33
1ª CC,0037298-81.2026.8.17.2001,Seção B da 16ª Vara Cível da Capital,27/05/2026,Sem prioridade,33
1ª CCJ,0038893-67.2016.8.17.2001,Seção B da 16ª Vara Cível da Capital,04/06/2026,Prioridade Legal,25
1ª CC,0046755-74.2025.8.17.2001,Seção B da 16ª Vara Cível da Capital,04/06/2026,Sem prioridade,25
1ª CC,0048205-34.2008.8.17.0001,Seção B da 16ª Vara Cível da Capital,15/06/2026,Sem prioridade,14
1ª CC,0052741-53.2018.8.17.2001,Seção B da 16ª Vara Cível da Capital,01/06/2026,Sem prioridade,28
1ª CC,0064221-18.2024.8.17.2001,Seção B da 16ª Vara Cível da Capital,04/06/2026,Sem prioridade,25
1ª CC,0071810-61.2024.8.17.2001,Seção B da 16ª Vara Cível da Capital,05/06/2026,Prioridade Legal,24
1ª CCJ,0073930-15.2014.8.17.0001,Seção B da 16ª Vara Cível da Capital,16/06/2026,Sem prioridade,13
1ª CC,0084405-29.2023.8.17.2001,Seção B da 16ª Vara Cível da Capital,26/05/2026,Sem prioridade,34
1ª CC,0086517-34.2024.8.17.2001,Seção B da 16ª Vara Cível da Capital,05/06/2026,Prioridade Legal,24
1ª CCJ,0090770-36.2022.8.17.2001,Seção B da 16ª Vara Cível da Capital,09/06/2026,Sem prioridade,20
1ª CCJ,0092389-98.2022.8.17.2001,Seção B da 16ª Vara Cível da Capital,12/05/2026,Prioridade Legal,48
1ª CC,0118581-97.2024.8.17.2001,Seção B da 16ª Vara Cível da Capital,15/06/2026,Prioridade Legal,14
1ª CC,0128837-13.2009.8.17.0001,Seção B da 16ª Vara Cível da Capital,26/05/2026,Sem prioridade,34
1ª CC,0131403-71.2005.8.17.0001,Seção B da 16ª Vara Cível da Capital,08/06/2026,Sem prioridade,22
1ª CCJ,0134103-67.2024.8.17.2001,Seção B da 16ª Vara Cível da Capital,29/04/2026,Prioridade Legal,61
1ª CC,0140395-05.2023.8.17.2001,Seção B da 16ª Vara Cível da Capital,29/05/2026,Prioridade Legal,31
1ª CC,0144398-03.2023.8.17.2001,Seção B da 16ª Vara Cível da Capital,12/06/2026,Sem prioridade,17
1ª CC,0154299-92.2023.8.17.2001,Seção B da 16ª Vara Cível da Capital,10/06/2026,Prioridade Legal,19
1ª CC,0159551-13.2022.8.17.2001,Seção B da 16ª Vara Cível da Capital,05/06/2026,Prioridade Legal,24
1ª CC,0161738-57.2023.8.17.2001,Seção B da 16ª Vara Cível da Capital,05/06/2026,Prioridade Legal,24
1ª CC,0002929-81.2014.8.17.2001,Seção B da 17ª Vara Cível da Capital,17/06/2026,Prioridade Legal,12
1ª CCJ,0018994-49.2017.8.17.2001,Seção B da 17ª Vara Cível da Capital,25/05/2026,Prioridade Legal,35
1ª CCJ,0019480-53.2025.8.17.2001,Seção B da 17ª Vara Cível da Capital,09/06/2026,Prioridade Legal,20
1ª CCJ,0021858-60.2017.8.17.2001,Seção B da 17ª Vara Cível da Capital,16/06/2026,Prioridade Legal,13
1ª CCJ,0031414-18.2019.8.17.2001,Seção B da 17ª Vara Cível da Capital,17/06/2026,Prioridade Legal,12
1ª CC,0033595-16.2024.8.17.2001,Seção B da 17ª Vara Cível da Capital,26/05/2026,Prioridade Legal,34
1ª CC,0036575-14.2016.8.17.2001,Seção B da 17ª Vara Cível da Capital,03/06/2026,Prioridade Legal,27
1ª CC,0055265-81.2022.8.17.2001,Seção B da 17ª Vara Cível da Capital,25/05/2026,Sem prioridade,35
1ª CC,0060492-47.2025.8.17.2001,Seção B da 17ª Vara Cível da Capital,27/05/2026,Prioridade Legal,33
1ª CC,0060719-42.2022.8.17.2001,Seção B da 17ª Vara Cível da Capital,19/06/2026,Prioridade Legal,11
1ª CCJ,0062520-22.2024.8.17.2001,Seção B da 17ª Vara Cível da Capital,21/05/2026,Prioridade Legal,39
1ª CC,0068389-63.2024.8.17.2001,Seção B da 17ª Vara Cível da Capital,04/06/2026,Super prioridade,25
1ª CC,0081729-79.2021.8.17.2001,Seção B da 17ª Vara Cível da Capital,19/06/2026,Sem prioridade,10
1ª CC,0084044-12.2023.8.17.2001,Seção B da 17ª Vara Cível da Capital,11/06/2026,Prioridade Legal,18
1ª CC,0087237-69.2022.8.17.2001,Seção B da 17ª Vara Cível da Capital,11/06/2026,Prioridade Legal,18
1ª CC,0090370-17.2025.8.17.2001,Seção B da 17ª Vara Cível da Capital,18/06/2026,Prioridade Legal,11
1ª CC,0094867-79.2022.8.17.2001,Seção B da 17ª Vara Cível da Capital,04/06/2026,Super prioridade,25
1ª CC,0134139-17.2021.8.17.2001,Seção B da 17ª Vara Cível da Capital,28/05/2026,Sem prioridade,32
1ª CC,0137763-06.2023.8.17.2001,Seção B da 17ª Vara Cível da Capital,02/06/2026,Prioridade Legal,27
1ª CC,0139041-08.2024.8.17.2001,Seção B da 17ª Vara Cível da Capital,03/06/2026,Prioridade Legal,26
1ª CC,0141285-41.2023.8.17.2001,Seção B da 17ª Vara Cível da Capital,19/06/2026,Super prioridade,11
1ª CC,0150550-67.2023.8.17.2001,Seção B da 17ª Vara Cível da Capital,17/06/2026,Prioridade Legal,12
1ª CC,0001906-62.2009.8.17.0001,Seção B da 18ª Vara Cível da Capital,08/06/2026,Sem prioridade,22
1ª CC,0008063-55.2015.8.17.2001,Seção B da 18ª Vara Cível da Capital,15/06/2026,Prioridade Legal,14
1ª CC,0014634-61.2023.8.17.2001,Seção B da 18ª Vara Cível da Capital,09/06/2026,Prioridade Legal,20
1ª CC,0016604-29.2016.8.17.0001,Seção B da 18ª Vara Cível da Capital,04/06/2026,Sem prioridade,25
1ª CC,0017446-47.2021.8.17.2001,Seção B da 18ª Vara Cível da Capital,01/06/2026,Sem prioridade,28
1ª CC,0030856-07.2023.8.17.2001,Seção B da 18ª Vara Cível da Capital,27/05/2026,Prioridade Legal,33
1ª CC,0067115-40.2019.8.17.2001,Seção B da 18ª Vara Cível da Capital,17/06/2026,Prioridade Legal,12
1ª CC,0073656-50.2023.8.17.2001,Seção B da 18ª Vara Cível da Capital,17/06/2026,Prioridade Legal,12
1ª CC,0080871-82.2020.8.17.2001,Seção B da 18ª Vara Cível da Capital,15/06/2026,Prioridade Legal,14
1ª CC,0082957-56.2013.8.17.0001,Seção B da 18ª Vara Cível da Capital,05/06/2026,Prioridade Legal,24
1ª CC,0086119-58.2022.8.17.2001,Seção B da 18ª Vara Cível da Capital,17/06/2026,Prioridade Legal,12
1ª CC,0086463-73.2021.8.17.2001,Seção B da 18ª Vara Cível da Capital,02/06/2026,Sem prioridade,27
1ª CC,0114316-52.2024.8.17.2001,Seção B da 18ª Vara Cível da Capital,15/06/2026,Prioridade Legal,14
1ª CC,0117743-57.2024.8.17.2001,Seção B da 18ª Vara Cível da Capital,27/05/2026,Prioridade Legal,33
1ª CC,0121596-74.2024.8.17.2001,Seção B da 18ª Vara Cível da Capital,17/06/2026,Prioridade Legal,12
1ª CCJ,0004231-62.2025.8.17.2001,Seção B da 19ª Vara Cível da Capital,13/05/2026,Prioridade Legal,47
1ª CCJ,0005251-40.2015.8.17.2001,Seção B da 19ª Vara Cível da Capital,09/06/2026,Prioridade Legal,20
1ª CC,0012901-89.2025.8.17.2001,Seção B da 19ª Vara Cível da Capital,19/06/2026,Sem prioridade,10
1ª CC,0017229-67.2022.8.17.2001,Seção B da 19ª Vara Cível da Capital,10/06/2026,Prioridade Legal,19
1ª CCJ,0019790-30.2023.8.17.2001,Seção B da 19ª Vara Cível da Capital,19/06/2026,Prioridade Legal,10
1ª CCJ,0019987-40.2001.8.17.0001,Seção B da 19ª Vara Cível da Capital,01/06/2026,Sem prioridade,28
1ª CC,0021071-50.2025.8.17.2001,Seção B da 19ª Vara Cível da Capital,05/06/2026,Prioridade Legal,24
1ª CCJ,0021160-78.2022.8.17.2001,Seção B da 19ª Vara Cível da Capital,05/05/2026,Prioridade Legal,55
1ª CC,0024582-95.2021.8.17.2001,Seção B da 19ª Vara Cível da Capital,08/06/2026,Prioridade Legal,21
1ª CCJ,0036145-52.2022.8.17.2001,Seção B da 19ª Vara Cível da Capital,05/05/2026,Prioridade Legal,55
1ª CCJ,0044556-50.2023.8.17.2001,Seção B da 19ª Vara Cível da Capital,19/06/2026,Prioridade Legal,10
1ª CCJ,0044756-57.2023.8.17.2001,Seção B da 19ª Vara Cível da Capital,26/05/2026,Prioridade Legal,34
1ª CCJ,0045691-34.2022.8.17.2001,Seção B da 19ª Vara Cível da Capital,27/05/2026,Prioridade Legal,33
1ª CC,0045976-85.2026.8.17.2001,Seção B da 19ª Vara Cível da Capital,19/06/2026,Prioridade Legal,10
1ª CC,0052189-15.2023.8.17.2001,Seção B da 19ª Vara Cível da Capital,18/06/2026,Prioridade Legal,11
1ª CCJ,0052252-69.2025.8.17.2001,Seção B da 19ª Vara Cível da Capital,27/05/2026,Prioridade Legal,33
1ª CC,0056531-16.2016.8.17.2001,Seção B da 19ª Vara Cível da Capital,01/06/2026,Sem prioridade,28
1ª CCJ,0057184-71.2023.8.17.2001,Seção B da 19ª Vara Cível da Capital,15/05/2026,Prioridade Legal,45
1ª CC,0061474-37.2020.8.17.2001,Seção B da 19ª Vara Cível da Capital,18/06/2026,Sem prioridade,11
1ª CCJ,0063594-14.2024.8.17.2001,Seção B da 19ª Vara Cível da Capital,27/05/2026,Prioridade Legal,33
1ª CCJ,0072054-29.2020.8.17.2001,Seção B da 19ª Vara Cível da Capital,29/04/2026,Prioridade Legal,61
1ª CC,0076419-53.2025.8.17.2001,Seção B da 19ª Vara Cível da Capital,02/06/2026,Prioridade Legal,27
1ª CC,0083608-53.2023.8.17.2001,Seção B da 19ª Vara Cível da Capital,12/06/2026,Prioridade Legal,17
1ª CCJ,0087905-74.2021.8.17.2001,Seção B da 19ª Vara Cível da Capital,26/05/2026,Prioridade Legal,34
1ª CC,0089790-84.2025.8.17.2001,Seção B da 19ª Vara Cível da Capital,16/06/2026,Prioridade Legal,13
1ª CC,0102845-39.2024.8.17.2001,Seção B da 19ª Vara Cível da Capital,29/05/2026,Sem prioridade,31
1ª CC,0113036-17.2022.8.17.2001,Seção B da 19ª Vara Cível da Capital,12/06/2026,Super prioridade,17
1ª CC,0123194-63.2024.8.17.2001,Seção B da 19ª Vara Cível da Capital,12/06/2026,Prioridade Legal,17
1ª CCJ,0138762-56.2023.8.17.2001,Seção B da 19ª Vara Cível da Capital,12/06/2026,Sem prioridade,17
1ª CCJ,0140543-79.2024.8.17.2001,Seção B da 19ª Vara Cível da Capital,06/05/2026,Sem prioridade,54
1ª CC,0002743-23.2024.8.17.4001,Seção B da 1ª Vara Cível da Capital,17/06/2026,Prioridade Legal,12
1ª CC,0010536-62.2025.8.17.2001,Seção B da 1ª Vara Cível da Capital,19/06/2026,Sem prioridade,10
1ª CC,0011056-66.2018.8.17.2001,Seção B da 1ª Vara Cível da Capital,26/05/2026,Sem prioridade,34
1ª CC,0020335-32.2025.8.17.2001,Seção B da 1ª Vara Cível da Capital,04/06/2026,Prioridade Legal,25
1ª CC,0021095-83.2022.8.17.2001,Seção B da 1ª Vara Cível da Capital,26/05/2026,Sem prioridade,34
1ª CC,0028645-03.2020.8.17.2001,Seção B da 1ª Vara Cível da Capital,22/05/2026,Sem prioridade,38
1ª CC,0035071-90.2015.8.17.0001,Seção B da 1ª Vara Cível da Capital,08/06/2026,Sem prioridade,22
1ª CC,0038540-12.2025.8.17.2001,Seção B da 1ª Vara Cível da Capital,18/06/2026,Prioridade Legal,11
1ª CC,0042015-73.2025.8.17.2001,Seção B da 1ª Vara Cível da Capital,08/06/2026,Prioridade Legal,21
1ª CC,0048183-28.2024.8.17.2001,Seção B da 1ª Vara Cível da Capital,12/06/2026,Sem prioridade,17
1ª CC,0054527-88.2025.8.17.2001,Seção B da 1ª Vara Cível da Capital,16/06/2026,Prioridade Legal,13
1ª CCJ,0072380-23.2019.8.17.2001,Seção B da 1ª Vara Cível da Capital,11/06/2026,Prioridade Legal,18
1ª CC,0072752-69.2019.8.17.2001,Seção B da 1ª Vara Cível da Capital,16/06/2026,Super prioridade,13
1ª CC,0077504-74.2025.8.17.2001,Seção B da 1ª Vara Cível da Capital,15/06/2026,Prioridade Legal,14
1ª CC,0090802-36.2025.8.17.2001,Seção B da 1ª Vara Cível da Capital,29/05/2026,Prioridade Legal,31
1ª CC,0107892-57.2025.8.17.2001,Seção B da 1ª Vara Cível da Capital,16/06/2026,Prioridade Legal,13
1ª CC,0134483-90.2024.8.17.2001,Seção B da 1ª Vara Cível da Capital,16/06/2026,Prioridade Legal,13
1ª CC,0135821-12.2018.8.17.2001,Seção B da 1ª Vara Cível da Capital,27/05/2026,Sem prioridade,33
1ª CC,0004000-21.2014.8.17.2001,Seção B da 20ª Vara Cível da Capital,05/06/2026,Prioridade Legal,24
1ª CC,0011989-68.2020.8.17.2001,Seção B da 20ª Vara Cível da Capital,25/05/2026,Sem prioridade,35
1ª CCJ,0012978-11.2019.8.17.2001,Seção B da 20ª Vara Cível da Capital,01/06/2026,Prioridade Legal,28
1ª CC,0015622-24.2019.8.17.2001,Seção B da 20ª Vara Cível da Capital,04/06/2026,Sem prioridade,25
1ª CC,0016411-57.2018.8.17.2001,Seção B da 20ª Vara Cível da Capital,11/06/2026,Sem prioridade,18
1ª CC,0018963-82.2024.8.17.2001,Seção B da 20ª Vara Cível da Capital,04/06/2026,Sem prioridade,25
1ª CC,0032522-72.2025.8.17.2001,Seção B da 20ª Vara Cível da Capital,19/06/2026,Sem prioridade,10
1ª CC,0033004-93.2020.8.17.2001,Seção B da 20ª Vara Cível da Capital,08/06/2026,Sem prioridade,21
1ª CC,0036353-47.2007.8.17.0001,Seção B da 20ª Vara Cível da Capital,28/05/2026,Sem prioridade,32
1ª CC,0046173-90.2007.8.17.0001,Seção B da 20ª Vara Cível da Capital,08/06/2026,Sem prioridade,22
1ª CC,0046232-05.2012.8.17.0001,Seção B da 20ª Vara Cível da Capital,22/05/2026,Sem prioridade,38
1ª CC,0052230-11.2025.8.17.2001,Seção B da 20ª Vara Cível da Capital,17/06/2026,Prioridade Legal,12
1ª CC,0054931-42.2025.8.17.2001,Seção B da 20ª Vara Cível da Capital,25/05/2026,Prioridade Legal,35
1ª CC,0056006-34.2016.8.17.2001,Seção B da 20ª Vara Cível da Capital,27/05/2026,Prioridade Legal,33
1ª CC,0061727-93.2018.8.17.2001,Seção B da 20ª Vara Cível da Capital,19/06/2026,Sem prioridade,10
1ª CC,0072930-76.2023.8.17.2001,Seção B da 20ª Vara Cível da Capital,11/06/2026,Prioridade Legal,18
1ª CC,0074082-33.2021.8.17.2001,Seção B da 20ª Vara Cível da Capital,16/06/2026,Sem prioridade,13
1ª CCJ,0084513-24.2024.8.17.2001,Seção B da 20ª Vara Cível da Capital,17/06/2026,Prioridade Legal,12
1ª CC,0089699-62.2023.8.17.2001,Seção B da 20ª Vara Cível da Capital,27/05/2026,Prioridade Legal,33
1ª CC,0110244-90.2022.8.17.2001,Seção B da 20ª Vara Cível da Capital,11/06/2026,Prioridade Legal,19
1ª CC,0164013-13.2022.8.17.2001,Seção B da 20ª Vara Cível da Capital,12/06/2026,Sem prioridade,17
1ª CC,0000005-29.2016.8.17.2001,Seção B da 21ª Vara Cível da Capital,04/06/2026,Prioridade Legal,25
1ª CC,0001104-19.2025.8.17.2001,Seção B da 21ª Vara Cível da Capital,16/06/2026,Prioridade Legal,13
1ª CC,0001802-75.2006.8.17.0001,Seção B da 21ª Vara Cível da Capital,04/06/2026,Sem prioridade,25
1ª CC,0008265-22.2021.8.17.2001,Seção B da 21ª Vara Cível da Capital,09/06/2026,Prioridade Legal,21
1ª CCJ,0008320-07.2020.8.17.2001,Seção B da 21ª Vara Cível da Capital,17/06/2026,Prioridade Legal,12
1ª CC,0008733-20.2020.8.17.2001,Seção B da 21ª Vara Cível da Capital,18/06/2026,Sem prioridade,11
1ª CC,0014291-03.2013.8.17.0001,Seção B da 21ª Vara Cível da Capital,11/06/2026,Super prioridade,19
1ª CC,0014302-26.2025.8.17.2001,Seção B da 21ª Vara Cível da Capital,15/06/2026,Prioridade Legal,14
1ª CC,0024228-70.2021.8.17.2001,Seção B da 21ª Vara Cível da Capital,04/06/2026,Sem prioridade,25
1ª CC,0030681-44.1996.8.17.0001,Seção B da 21ª Vara Cível da Capital,21/05/2026,Prioridade Legal,39
1ª CC,0036243-71.2021.8.17.2001,Seção B da 21ª Vara Cível da Capital,15/06/2026,Prioridade Legal,14
1ª CC,0038022-96.2011.8.17.0001,Seção B da 21ª Vara Cível da Capital,18/06/2026,Prioridade Legal,11
1ª CC,0041985-82.2018.8.17.2001,Seção B da 21ª Vara Cível da Capital,12/06/2026,Sem prioridade,17
1ª CC,0048840-14.2017.8.17.2001,Seção B da 21ª Vara Cível da Capital,10/06/2026,Prioridade Legal,19
1ª CC,0052275-59.2018.8.17.2001,Seção B da 21ª Vara Cível da Capital,08/06/2026,Sem prioridade,21
1ª CC,0058079-38.2011.8.17.0001,Seção B da 21ª Vara Cível da Capital,10/06/2026,Sem prioridade,19
1ª CC,0059640-57.2024.8.17.2001,Seção B da 21ª Vara Cível da Capital,04/06/2026,Prioridade Legal,25
1ª CC,0068070-32.2023.8.17.2001,Seção B da 21ª Vara Cível da Capital,10/06/2026,Sem prioridade,19
1ª CC,0082321-84.2025.8.17.2001,Seção B da 21ª Vara Cível da Capital,05/06/2026,Prioridade Legal,24
1ª CC,0132923-27.2009.8.17.0001,Seção B da 21ª Vara Cível da Capital,08/06/2026,Sem prioridade,21
1ª CC,0133532-96.2024.8.17.2001,Seção B da 21ª Vara Cível da Capital,05/06/2026,Super prioridade,24
1ª CC,0138124-86.2024.8.17.2001,Seção B da 21ª Vara Cível da Capital,05/06/2026,Prioridade Legal,24
1ª CC,0138564-19.2023.8.17.2001,Seção B da 21ª Vara Cível da Capital,03/06/2026,Sem prioridade,26
1ª CC,0007796-34.2025.8.17.2001,Seção B da 22ª Vara Cível da Capital,27/05/2026,Prioridade Legal,33
1ª CC,0008473-30.2026.8.17.2001,Seção B da 22ª Vara Cível da Capital,18/06/2026,Super prioridade,11
1ª CCJ,0009439-19.2002.8.17.0001,Seção B da 22ª Vara Cível da Capital,29/04/2026,Sem prioridade,61
1ª CC,0013076-64.2017.8.17.2001,Seção B da 22ª Vara Cível da Capital,25/05/2026,Prioridade Legal,35
1ª CC,0025650-57.2007.8.17.0001,Seção B da 22ª Vara Cível da Capital,08/06/2026,Sem prioridade,21
1ª CC,0026078-62.2021.8.17.2001,Seção B da 22ª Vara Cível da Capital,15/06/2026,Prioridade Legal,14
1ª CC,0034216-92.2007.8.17.0001,Seção B da 22ª Vara Cível da Capital,29/05/2026,Super prioridade,32
1ª CC,0043851-81.2025.8.17.2001,Seção B da 22ª Vara Cível da Capital,28/05/2026,Prioridade Legal,32
1ª CC,0044653-95.2007.8.17.0001,Seção B da 22ª Vara Cível da Capital,08/06/2026,Sem prioridade,21
1ª CC,0050005-86.2023.8.17.2001,Seção B da 22ª Vara Cível da Capital,04/06/2026,Prioridade Legal,25
1ª CC,0053013-19.2007.8.17.0001,Seção B da 22ª Vara Cível da Capital,11/06/2026,Super prioridade,19
1ª CC,0053353-60.2007.8.17.0001,Seção B da 22ª Vara Cível da Capital,26/05/2026,Sem prioridade,34
1ª CC,0053916-54.2007.8.17.0001,Seção B da 22ª Vara Cível da Capital,11/06/2026,Sem prioridade,18
1ª CC,0055329-05.2007.8.17.0001,Seção B da 22ª Vara Cível da Capital,04/06/2026,Super prioridade,25
1ª CC,0055556-92.2007.8.17.0001,Seção B da 22ª Vara Cível da Capital,26/05/2026,Sem prioridade,34
1ª CC,0063919-52.2025.8.17.2001,Seção B da 22ª Vara Cível da Capital,10/06/2026,Super prioridade,19
1ª CC,0074919-49.2025.8.17.2001,Seção B da 22ª Vara Cível da Capital,04/06/2026,Prioridade Legal,25
1ª CC,0081211-89.2021.8.17.2001,Seção B da 22ª Vara Cível da Capital,27/05/2026,Sem prioridade,33
1ª CC,0084358-84.2025.8.17.2001,Seção B da 22ª Vara Cível da Capital,04/06/2026,Prioridade Legal,25
1ª CC,0089572-56.2025.8.17.2001,Seção B da 22ª Vara Cível da Capital,18/06/2026,Prioridade Legal,11
1ª CC,0094206-66.2023.8.17.2001,Seção B da 22ª Vara Cível da Capital,18/06/2026,Sem prioridade,11
1ª CC,0107738-39.2025.8.17.2001,Seção B da 22ª Vara Cível da Capital,03/06/2026,Prioridade Legal,26
1ª CC,0127771-89.2021.8.17.2001,Seção B da 22ª Vara Cível da Capital,05/06/2026,Sem prioridade,24
1ª CC,0135432-17.2024.8.17.2001,Seção B da 22ª Vara Cível da Capital,03/06/2026,Super prioridade,26
1ª CC,0002526-97.2023.8.17.2001,Seção B da 23ª Vara Cível da Capital,26/05/2026,Sem prioridade,34
1ª CCJ,0003120-43.2025.8.17.2001,Seção B da 23ª Vara Cível da Capital,09/06/2026,Prioridade Legal,20
1ª CC,0004221-57.2021.8.17.2001,Seção B da 23ª Vara Cível da Capital,29/05/2026,Sem prioridade,31
1ª CC,0005386-37.2024.8.17.2001,Seção B da 23ª Vara Cível da Capital,16/06/2026,Prioridade Legal,13
1ª CCJ,0010300-62.2015.8.17.2001,Seção B da 23ª Vara Cível da Capital,10/06/2026,Prioridade Legal,19
1ª CCJ,0013197-63.2015.8.17.2001,Seção B da 23ª Vara Cível da Capital,11/06/2026,Prioridade Legal,18
1ª CC,0014422-07.2015.8.17.0001,Seção B da 23ª Vara Cível da Capital,04/06/2026,Prioridade Legal,25
1ª CCJ,0016301-24.2019.8.17.2001,Seção B da 23ª Vara Cível da Capital,18/06/2026,Prioridade Legal,12
1ª CCJ,0017052-79.2017.8.17.2001,Seção B da 23ª Vara Cível da Capital,18/06/2026,Prioridade Legal,12
1ª CCJ,0017179-85.2015.8.17.2001,Seção B da 23ª Vara Cível da Capital,11/06/2026,Prioridade Legal,18
1ª CCJ,0021217-62.2023.8.17.2001,Seção B da 23ª Vara Cível da Capital,11/06/2026,Prioridade Legal,18
1ª CC,0022537-55.2020.8.17.2001,Seção B da 23ª Vara Cível da Capital,03/06/2026,Sem prioridade,26
1ª CC,0022907-21.2000.8.17.0001,Seção B da 23ª Vara Cível da Capital,19/06/2026,Sem prioridade,10
1ª CC,0024009-96.2017.8.17.2001,Seção B da 23ª Vara Cível da Capital,19/06/2026,Sem prioridade,10
1ª CC,0026395-31.2019.8.17.2001,Seção B da 23ª Vara Cível da Capital,26/05/2026,Sem prioridade,34
1ª CCJ,0029948-23.2018.8.17.2001,Seção B da 23ª Vara Cível da Capital,04/06/2026,Prioridade Legal,25
1ª CC,0035655-64.2016.8.17.8201,Seção B da 23ª Vara Cível da Capital,16/06/2026,Prioridade Legal,13
1ª CC,0038489-74.2020.8.17.2001,Seção B da 23ª Vara Cível da Capital,08/06/2026,Sem prioridade,22
1ª CC,0040126-03.2007.8.17.0001,Seção B da 23ª Vara Cível da Capital,08/06/2026,Sem prioridade,22
1ª CC,0048054-04.2016.8.17.2001,Seção B da 23ª Vara Cível da Capital,29/05/2026,Sem prioridade,31
1ª CCJ,0048151-86.2025.8.17.2001,Seção B da 23ª Vara Cível da Capital,29/05/2026,Sem prioridade,32
1ª CC,0053694-41.2023.8.17.2001,Seção B da 23ª Vara Cível da Capital,18/06/2026,Prioridade Legal,11
1ª CC,0054221-04.2008.8.17.0001,Seção B da 23ª Vara Cível da Capital,28/05/2026,Super prioridade,32
1ª CCJ,0056260-57.1997.8.17.0001,Seção B da 23ª Vara Cível da Capital,09/06/2026,Sem prioridade,20
1ª CC,0058585-53.2007.8.17.0001,Seção B da 23ª Vara Cível da Capital,10/06/2026,Super prioridade,20
1ª CC,0059619-23.2020.8.17.2001,Seção B da 23ª Vara Cível da Capital,04/06/2026,Sem prioridade,25
1ª CCJ,0062188-31.2019.8.17.2001,Seção B da 23ª Vara Cível da Capital,14/05/2026,Prioridade Legal,46
1ª CC,0073896-73.2022.8.17.2001,Seção B da 23ª Vara Cível da Capital,17/06/2026,Prioridade Legal,13
1ª CC,0087243-71.2025.8.17.2001,Seção B da 23ª Vara Cível da Capital,17/06/2026,Prioridade Legal,12
1ª CC,0099294-62.2009.8.17.0001,Seção B da 23ª Vara Cível da Capital,19/06/2026,Sem prioridade,10
1ª CCJ,0102820-26.2024.8.17.2001,Seção B da 23ª Vara Cível da Capital,16/06/2026,Prioridade Legal,14
1ª CCJ,0116115-67.2023.8.17.2001,Seção B da 23ª Vara Cível da Capital,15/06/2026,Prioridade Legal,15
1ª CCJ,0136644-73.2024.8.17.2001,Seção B da 23ª Vara Cível da Capital,05/06/2026,Prioridade Legal,24
1ª CC,0145710-14.2023.8.17.2001,Seção B da 23ª Vara Cível da Capital,10/06/2026,Prioridade Legal,19
1ª CC,0000398-04.2025.8.17.6021,Seção B da 24ª Vara Cível da Capital,03/06/2026,Prioridade Legal,26
1ª CC,0008934-07.2023.8.17.2001,Seção B da 24ª Vara Cível da Capital,10/06/2026,Prioridade Legal,19
1ª CC,0010361-39.2023.8.17.2001,Seção B da 24ª Vara Cível da Capital,27/05/2026,Prioridade Legal,33
1ª CC,0022539-89.2012.8.17.0001,Seção B da 24ª Vara Cível da Capital,16/06/2026,Sem prioridade,13
1ª CC,0033013-50.2023.8.17.2001,Seção B da 24ª Vara Cível da Capital,08/06/2026,Prioridade Legal,21
1ª CC,0035391-81.2020.8.17.2001,Seção B da 24ª Vara Cível da Capital,27/05/2026,Sem prioridade,33
1ª CCJ,0047787-67.2006.8.17.0001,Seção B da 24ª Vara Cível da Capital,28/04/2026,Sem prioridade,62
1ª CC,0050041-31.2023.8.17.2001,Seção B da 24ª Vara Cível da Capital,15/06/2026,Prioridade Legal,14
1ª CC,0052420-52.2017.8.17.2001,Seção B da 24ª Vara Cível da Capital,26/05/2026,Sem prioridade,34
1ª CC,0060353-08.2019.8.17.2001,Seção B da 24ª Vara Cível da Capital,11/06/2026,Sem prioridade,18
1ª CCJ,0063154-57.2020.8.17.2001,Seção B da 24ª Vara Cível da Capital,05/05/2026,Prioridade Legal,55
1ª CC,0065053-86.2014.8.17.0001,Seção B da 24ª Vara Cível da Capital,04/06/2026,Sem prioridade,25
1ª CC,0066576-70.2013.8.17.0001,Seção B da 24ª Vara Cível da Capital,04/06/2026,Sem prioridade,25
1ª CC,0071601-39.2017.8.17.2001,Seção B da 24ª Vara Cível da Capital,19/06/2026,Sem prioridade,10
1ª CC,0079296-69.2013.8.17.0001,Seção B da 24ª Vara Cível da Capital,10/06/2026,Prioridade Legal,20
1ª CC,0094029-68.2024.8.17.2001,Seção B da 24ª Vara Cível da Capital,10/06/2026,Super prioridade,19
1ª CC,0095158-21.2018.8.17.2001,Seção B da 24ª Vara Cível da Capital,02/06/2026,Sem prioridade,27
1ª CC,0099983-66.2022.8.17.2001,Seção B da 24ª Vara Cível da Capital,29/05/2026,Super prioridade,31
1ª CC,0100244-31.2022.8.17.2001,Seção B da 24ª Vara Cível da Capital,15/06/2026,Sem prioridade,14
1ª CC,0135427-05.2018.8.17.2001,Seção B da 24ª Vara Cível da Capital,18/06/2026,Prioridade Legal,12
1ª CC,0161450-12.2023.8.17.2001,Seção B da 24ª Vara Cível da Capital,18/06/2026,Prioridade Legal,12
1ª CC,0006788-61.2021.8.17.2001,Seção B da 25ª Vara Cível da Capital,02/06/2026,Sem prioridade,28
1ª CC,0020301-33.2020.8.17.2001,Seção B da 26ª Vara Cível da Capital,19/06/2026,Sem prioridade,10
1ª CC,0031451-74.2021.8.17.2001,Seção B da 26ª Vara Cível da Capital,11/06/2026,Prioridade Legal,18
1ª CC,0032881-95.2020.8.17.2001,Seção B da 26ª Vara Cível da Capital,16/06/2026,Super prioridade,13
1ª CC,0033202-57.2025.8.17.2001,Seção B da 26ª Vara Cível da Capital,19/06/2026,Prioridade Legal,10
1ª CC,0040907-24.2016.8.17.2001,Seção B da 26ª Vara Cível da Capital,05/06/2026,Sem prioridade,25
1ª CC,0044294-08.2020.8.17.2001,Seção B da 26ª Vara Cível da Capital,08/06/2026,Prioridade Legal,21
1ª CC,0062961-71.2022.8.17.2001,Seção B da 26ª Vara Cível da Capital,15/06/2026,Prioridade Legal,14
1ª CC,0066732-52.2025.8.17.2001,Seção B da 26ª Vara Cível da Capital,22/05/2026,Prioridade Legal,38
1ª CC,0072796-25.2018.8.17.2001,Seção B da 26ª Vara Cível da Capital,03/06/2026,Prioridade Legal,26
1ª CC,0073554-28.2023.8.17.2001,Seção B da 26ª Vara Cível da Capital,04/06/2026,Sem prioridade,25
1ª CC,0074889-14.2025.8.17.2001,Seção B da 26ª Vara Cível da Capital,08/06/2026,Prioridade Legal,21
1ª CC,0078704-87.2023.8.17.2001,Seção B da 26ª Vara Cível da Capital,04/06/2026,Sem prioridade,25
1ª CC,0182615-87.2012.8.17.0001,Seção B da 26ª Vara Cível da Capital,19/06/2026,Sem prioridade,10
1ª CC,0003364-95.2001.8.17.0001,Seção B da 27ª Vara Cível da Capital,04/06/2026,Sem prioridade,25
1ª CC,0004616-88.2017.8.17.2001,Seção B da 27ª Vara Cível da Capital,15/06/2026,Prioridade Legal,14
1ª CC,0011058-26.2024.8.17.2001,Seção B da 27ª Vara Cível da Capital,28/05/2026,Prioridade Legal,32
1ª CC,0034609-74.2020.8.17.2001,Seção B da 27ª Vara Cível da Capital,09/06/2026,Prioridade Legal,20
1ª CC,0053758-80.2025.8.17.2001,Seção B da 27ª Vara Cível da Capital,29/05/2026,Prioridade Legal,32
1ª CC,0065402-93.2020.8.17.2001,Seção B da 27ª Vara Cível da Capital,22/05/2026,Sem prioridade,38
1ª CC,0071411-37.2021.8.17.2001,Seção B da 27ª Vara Cível da Capital,04/06/2026,Super prioridade,25
1ª CC,0074851-12.2019.8.17.2001,Seção B da 27ª Vara Cível da Capital,10/06/2026,Sem prioridade,19
1ª CC,0092419-31.2025.8.17.2001,Seção B da 27ª Vara Cível da Capital,08/06/2026,Prioridade Legal,21
1ª CC,0097509-65.2009.8.17.0001,Seção B da 27ª Vara Cível da Capital,10/06/2026,Sem prioridade,20
1ª CC,0108414-21.2024.8.17.2001,Seção B da 27ª Vara Cível da Capital,18/06/2026,Prioridade Legal,11
1ª CC,0116092-87.2024.8.17.2001,Seção B da 27ª Vara Cível da Capital,16/06/2026,Prioridade Legal,13
1ª CC,0124637-54.2021.8.17.2001,Seção B da 27ª Vara Cível da Capital,05/06/2026,Super prioridade,24
1ª CC,0170058-33.2022.8.17.2001,Seção B da 27ª Vara Cível da Capital,15/06/2026,Prioridade Legal,14
1ª CCJ,0002117-34.2017.8.17.2001,Seção B da 28ª Vara Cível da Capital,16/06/2026,Prioridade Legal,13
1ª CC,0003112-32.2026.8.17.2001,Seção B da 28ª Vara Cível da Capital,11/06/2026,Prioridade Legal,18
1ª CC,0003496-39.2019.8.17.2001,Seção B da 28ª Vara Cível da Capital,19/06/2026,Super prioridade,10
1ª CC,0007375-78.2024.8.17.2001,Seção B da 28ª Vara Cível da Capital,12/06/2026,Prioridade Legal,17
1ª CCJ,0011710-19.2019.8.17.2001,Seção B da 28ª Vara Cível da Capital,17/06/2026,Prioridade Legal,12
1ª CCJ,0014803-15.2015.8.17.0001,Seção B da 28ª Vara Cível da Capital,05/06/2026,Prioridade Legal,24
1ª CC,0015979-43.2015.8.17.2001,Seção B da 28ª Vara Cível da Capital,19/06/2026,Prioridade Legal,10
1ª CCJ,0016878-26.2024.8.17.2001,Seção B da 28ª Vara Cível da Capital,19/05/2026,Prioridade Legal,41
1ª CC,0016925-78.2016.8.17.2001,Seção B da 28ª Vara Cível da Capital,27/05/2026,Sem prioridade,33
1ª CC,0024921-49.2024.8.17.2001,Seção B da 28ª Vara Cível da Capital,18/06/2026,Prioridade Legal,12
1ª CC,0034955-49.2025.8.17.2001,Seção B da 28ª Vara Cível da Capital,01/06/2026,Prioridade Legal,28
1ª CC,0037243-67.2025.8.17.2001,Seção B da 28ª Vara Cível da Capital,16/06/2026,Prioridade Legal,13
1ª CCJ,0038350-93.2018.8.17.2001,Seção B da 28ª Vara Cível da Capital,01/06/2026,Prioridade Legal,28
1ª CCJ,0038418-72.2020.8.17.2001,Seção B da 28ª Vara Cível da Capital,02/06/2026,Prioridade Legal,27
1ª CC,0052808-08.2024.8.17.2001,Seção B da 28ª Vara Cível da Capital,28/05/2026,Sem prioridade,32
1ª CC,0055533-38.2022.8.17.2001,Seção B da 28ª Vara Cível da Capital,08/06/2026,Sem prioridade,21
1ª CCJ,0060610-23.2025.8.17.2001,Seção B da 28ª Vara Cível da Capital,15/06/2026,Sem prioridade,14
1ª CC,0066232-83.2025.8.17.2001,Seção B da 28ª Vara Cível da Capital,15/06/2026,Prioridade Legal,14
1ª CCJ,0068201-70.2024.8.17.2001,Seção B da 28ª Vara Cível da Capital,19/05/2026,Prioridade Legal,41
1ª CC,0068385-89.2025.8.17.2001,Seção B da 28ª Vara Cível da Capital,16/06/2026,Prioridade Legal,13
1ª CC,0077827-79.2025.8.17.2001,Seção B da 28ª Vara Cível da Capital,28/05/2026,Prioridade Legal,32
1ª CC,0082588-56.2025.8.17.2001,Seção B da 28ª Vara Cível da Capital,10/06/2026,Prioridade Legal,19
1ª CC,0082881-36.2019.8.17.2001,Seção B da 28ª Vara Cível da Capital,01/06/2026,Prioridade Legal,28
1ª CCJ,0082973-72.2023.8.17.2001,Seção B da 28ª Vara Cível da Capital,21/05/2026,Prioridade Legal,39
1ª CCJ,0083565-87.2021.8.17.2001,Seção B da 28ª Vara Cível da Capital,10/06/2026,Prioridade Legal,19
1ª CC,0088631-09.2025.8.17.2001,Seção B da 28ª Vara Cível da Capital,16/06/2026,Super prioridade,13
1ª CC,0090666-73.2024.8.17.2001,Seção B da 28ª Vara Cível da Capital,28/05/2026,Sem prioridade,32
1ª CC,0116819-33.2004.8.17.0001,Seção B da 28ª Vara Cível da Capital,28/05/2026,Sem prioridade,32
1ª CCJ,0121188-83.2024.8.17.2001,Seção B da 28ª Vara Cível da Capital,02/06/2026,Prioridade Legal,27
1ª CC,0131336-90.2023.8.17.2001,Seção B da 28ª Vara Cível da Capital,15/06/2026,Prioridade Legal,14
1ª CC,0141360-46.2024.8.17.2001,Seção B da 28ª Vara Cível da Capital,28/05/2026,Prioridade Legal,32
1ª CC,0000122-68.2026.8.17.2001,Seção B da 29ª Vara Cível da Capital,03/06/2026,Prioridade Legal,26
1ª CC,0002023-08.2025.8.17.2001,Seção B da 29ª Vara Cível da Capital,09/06/2026,Prioridade Legal,20
1ª CC,0002122-41.2026.8.17.2001,Seção B da 29ª Vara Cível da Capital,18/06/2026,Prioridade Legal,11
1ª CC,0002166-12.2016.8.17.2001,Seção B da 29ª Vara Cível da Capital,16/06/2026,Prioridade Legal,13
1ª CC,0003119-72.2025.8.17.4001,Seção B da 29ª Vara Cível da Capital,02/06/2026,Sem prioridade,27
1ª CC,0004904-74.2022.8.17.4001,Seção B da 29ª Vara Cível da Capital,02/06/2026,Prioridade Legal,27
1ª CCJ,0006953-40.2023.8.17.2001,Seção B da 29ª Vara Cível da Capital,03/06/2026,Prioridade Legal,26
1ª CC,0007385-93.2022.8.17.2001,Seção B da 29ª Vara Cível da Capital,26/05/2026,Sem prioridade,34
1ª CC,0015442-37.2021.8.17.2001,Seção B da 29ª Vara Cível da Capital,17/06/2026,Sem prioridade,12
1ª CC,0017313-63.2025.8.17.2001,Seção B da 29ª Vara Cível da Capital,12/06/2026,Prioridade Legal,17
1ª CC,0018675-71.2023.8.17.2001,Seção B da 29ª Vara Cível da Capital,17/06/2026,Prioridade Legal,12
1ª CC,0022705-62.2017.8.17.2001,Seção B da 29ª Vara Cível da Capital,09/06/2026,Sem prioridade,20
1ª CC,0029101-11.2024.8.17.2001,Seção B da 29ª Vara Cível da Capital,15/06/2026,Prioridade Legal,14
1ª CC,0033459-92.2019.8.17.2001,Seção B da 29ª Vara Cível da Capital,03/06/2026,Sem prioridade,26
1ª CC,0045957-16.2025.8.17.2001,Seção B da 29ª Vara Cível da Capital,03/06/2026,Prioridade Legal,26
1ª CC,0050830-59.2025.8.17.2001,Seção B da 29ª Vara Cível da Capital,12/06/2026,Prioridade Legal,17
1ª CC,0084612-67.2019.8.17.2001,Seção B da 29ª Vara Cível da Capital,27/05/2026,Sem prioridade,33
1ª CC,0088932-87.2024.8.17.2001,Seção B da 29ª Vara Cível da Capital,15/06/2026,Prioridade Legal,14
1ª CC,0096425-18.2024.8.17.2001,Seção B da 29ª Vara Cível da Capital,25/05/2026,Prioridade Legal,35
1ª CC,0099198-41.2021.8.17.2001,Seção B da 29ª Vara Cível da Capital,15/06/2026,Prioridade Legal,14
1ª CC,0105892-31.2018.8.17.2001,Seção B da 29ª Vara Cível da Capital,27/05/2026,Sem prioridade,33
1ª CC,0117276-78.2024.8.17.2001,Seção B da 29ª Vara Cível da Capital,10/06/2026,Prioridade Legal,19
1ª CC,0125102-92.2023.8.17.2001,Seção B da 29ª Vara Cível da Capital,17/06/2026,Prioridade Legal,12
1ª CC,0137404-22.2024.8.17.2001,Seção B da 29ª Vara Cível da Capital,12/06/2026,Prioridade Legal,17
1ª CC,0178594-68.2012.8.17.0001,Seção B da 29ª Vara Cível da Capital,18/06/2026,Prioridade Legal,11
1ª CC,0000825-05.2014.8.17.0001,Seção B da 30ª Vara Cível da Capital,26/05/2026,Sem prioridade,34
1ª CC,0006968-04.2026.8.17.2001,Seção B da 30ª Vara Cível da Capital,15/06/2026,Prioridade Legal,14
1ª CC,0013316-72.2025.8.17.2001,Seção B da 30ª Vara Cível da Capital,25/05/2026,Prioridade Legal,35
1ª CC,0019934-96.2026.8.17.2001,Seção B da 30ª Vara Cível da Capital,12/06/2026,Prioridade Legal,17
1ª CC,0020223-34.2023.8.17.2001,Seção B da 30ª Vara Cível da Capital,12/06/2026,Sem prioridade,17
1ª CC,0026393-51.2025.8.17.2001,Seção B da 30ª Vara Cível da Capital,08/06/2026,Prioridade Legal,21
1ª CC,0032771-04.2017.8.17.2001,Seção B da 30ª Vara Cível da Capital,12/06/2026,Sem prioridade,17
1ª CC,0036140-59.2024.8.17.2001,Seção B da 30ª Vara Cível da Capital,19/06/2026,Sem prioridade,10
1ª CC,0037206-79.2021.8.17.2001,Seção B da 30ª Vara Cível da Capital,09/06/2026,Sem prioridade,20
1ª CC,0043636-08.2025.8.17.2001,Seção B da 30ª Vara Cível da Capital,29/05/2026,Prioridade Legal,31
1ª CC,0045531-04.2025.8.17.2001,Seção B da 30ª Vara Cível da Capital,27/05/2026,Prioridade Legal,33
1ª CC,0054367-34.2023.8.17.2001,Seção B da 30ª Vara Cível da Capital,05/06/2026,Sem prioridade,25
1ª CC,0059508-39.2020.8.17.2001,Seção B da 30ª Vara Cível da Capital,22/05/2026,Sem prioridade,38
1ª CC,0060899-53.2025.8.17.2001,Seção B da 30ª Vara Cível da Capital,17/06/2026,Prioridade Legal,12
1ª CC,0062093-25.2024.8.17.2001,Seção B da 30ª Vara Cível da Capital,09/06/2026,Super prioridade,20
1ª CC,0063698-50.2017.8.17.2001,Seção B da 30ª Vara Cível da Capital,19/06/2026,Sem prioridade,10
1ª CC,0070291-17.2025.8.17.2001,Seção B da 30ª Vara Cível da Capital,27/05/2026,Prioridade Legal,33
1ª CC,0075143-90.2013.8.17.0001,Seção B da 30ª Vara Cível da Capital,18/06/2026,Sem prioridade,11
1ª CC,0076524-98.2023.8.17.2001,Seção B da 30ª Vara Cível da Capital,15/06/2026,Sem prioridade,14
1ª CC,0077180-60.2020.8.17.2001,Seção B da 30ª Vara Cível da Capital,12/06/2026,Sem prioridade,17
1ª CC,0091429-40.2025.8.17.2001,Seção B da 30ª Vara Cível da Capital,27/05/2026,Prioridade Legal,33
1ª CC,0101974-43.2023.8.17.2001,Seção B da 30ª Vara Cível da Capital,03/06/2026,Prioridade Legal,26
1ª CC,0123346-19.2021.8.17.2001,Seção B da 30ª Vara Cível da Capital,15/06/2026,Prioridade Legal,14
1ª CC,0154449-73.2023.8.17.2001,Seção B da 30ª Vara Cível da Capital,04/06/2026,Prioridade Legal,25
1ª CC,0196769-13.2012.8.17.0001,Seção B da 30ª Vara Cível da Capital,12/06/2026,Super prioridade,18
1ª CC,0000420-74.2026.8.17.4001,Seção B da 31ª Vara Cível da Capital,26/05/2026,Prioridade Legal,35
1ª CC,0000607-83.2017.8.17.2001,Seção B da 31ª Vara Cível da Capital,26/05/2026,Prioridade Legal,34
1ª CC,0003983-77.2017.8.17.2001,Seção B da 31ª Vara Cível da Capital,25/05/2026,Sem prioridade,35
1ª CC,0012061-21.2021.8.17.2001,Seção B da 31ª Vara Cível da Capital,15/06/2026,Sem prioridade,15
1ª CC,0018477-49.2014.8.17.2001,Seção B da 31ª Vara Cível da Capital,27/05/2026,Sem prioridade,33
1ª CC,0020729-73.2024.8.17.2001,Seção B da 31ª Vara Cível da Capital,17/06/2026,Prioridade Legal,13
1ª CC,0030991-24.2020.8.17.2001,Seção B da 31ª Vara Cível da Capital,08/06/2026,Sem prioridade,21
1ª CC,0033335-02.2025.8.17.2001,Seção B da 31ª Vara Cível da Capital,15/06/2026,Sem prioridade,15
1ª CC,0048729-65.2007.8.17.0001,Seção B da 31ª Vara Cível da Capital,02/06/2026,Super prioridade,27
1ª CCJ,0049514-84.2020.8.17.2001,Seção B da 31ª Vara Cível da Capital,12/06/2026,Prioridade Legal,18
1ª CC,0050179-32.2022.8.17.2001,Seção B da 31ª Vara Cível da Capital,15/06/2026,Sem prioridade,15
1ª CC,0058793-21.2025.8.17.2001,Seção B da 31ª Vara Cível da Capital,17/06/2026,Prioridade Legal,13
1ª CC,0059988-12.2023.8.17.2001,Seção B da 31ª Vara Cível da Capital,17/06/2026,Prioridade Legal,13
1ª CC,0062106-58.2023.8.17.2001,Seção B da 31ª Vara Cível da Capital,08/06/2026,Sem prioridade,21
1ª CC,0067377-77.2025.8.17.2001,Seção B da 31ª Vara Cível da Capital,01/06/2026,Prioridade Legal,29
1ª CC,0074917-16.2024.8.17.2001,Seção B da 31ª Vara Cível da Capital,10/06/2026,Prioridade Legal,20
1ª CC,0078395-03.2022.8.17.2001,Seção B da 31ª Vara Cível da Capital,10/06/2026,Prioridade Legal,20
1ª CC,0088497-84.2022.8.17.2001,Seção B da 31ª Vara Cível da Capital,08/06/2026,Sem prioridade,21
1ª CC,0092589-03.2025.8.17.2001,Seção B da 31ª Vara Cível da Capital,16/06/2026,Prioridade Legal,13
1ª CC,0096968-84.2025.8.17.2001,Seção B da 31ª Vara Cível da Capital,04/06/2026,Prioridade Legal,25
1ª CC,0101601-75.2024.8.17.2001,Seção B da 31ª Vara Cível da Capital,17/06/2026,Sem prioridade,13
1ª CCJ,0105922-56.2024.8.17.2001,Seção B da 31ª Vara Cível da Capital,01/06/2026,Prioridade Legal,28
1ª CC,0115159-17.2024.8.17.2001,Seção B da 31ª Vara Cível da Capital,26/05/2026,Prioridade Legal,34
1ª CCJ,0125472-37.2024.8.17.2001,Seção B da 31ª Vara Cível da Capital,01/06/2026,Prioridade Legal,28
1ª CC,0136203-92.2024.8.17.2001,Seção B da 31ª Vara Cível da Capital,27/05/2026,Prioridade Legal,33
1ª CC,0193534-38.2012.8.17.0001,Seção B da 31ª Vara Cível da Capital,16/06/2026,Prioridade Legal,13
1ª CC,0018802-04.2026.8.17.2001,Seção B da 32ª Vara Cível da Capital,03/06/2026,Prioridade Legal,26
1ª CC,0023161-65.2024.8.17.2001,Seção B da 32ª Vara Cível da Capital,19/06/2026,Sem prioridade,10
1ª CC,0024794-82.2022.8.17.2001,Seção B da 32ª Vara Cível da Capital,09/06/2026,Prioridade Legal,20
1ª CC,0032275-57.2026.8.17.2001,Seção B da 32ª Vara Cível da Capital,18/06/2026,Prioridade Legal,11
1ª CC,0032755-07.2015.8.17.0001,Seção B da 32ª Vara Cível da Capital,04/06/2026,Sem prioridade,25
1ª CC,0036686-95.2016.8.17.2001,Seção B da 32ª Vara Cível da Capital,10/06/2026,Prioridade Legal,19
1ª CC,0049639-47.2023.8.17.2001,Seção B da 32ª Vara Cível da Capital,15/06/2026,Prioridade Legal,14
1ª CC,0055866-87.2022.8.17.2001,Seção B da 32ª Vara Cível da Capital,17/06/2026,Prioridade Legal,12
1ª CC,0058305-71.2022.8.17.2001,Seção B da 32ª Vara Cível da Capital,09/06/2026,Prioridade Legal,20
1ª CC,0060965-72.2021.8.17.2001,Seção B da 32ª Vara Cível da Capital,02/06/2026,Sem prioridade,27
1ª CC,0065737-39.2025.8.17.2001,Seção B da 32ª Vara Cível da Capital,28/05/2026,Prioridade Legal,32
1ª CC,0065784-81.2023.8.17.2001,Seção B da 32ª Vara Cível da Capital,09/06/2026,Prioridade Legal,20
1ª CC,0069559-36.2025.8.17.2001,Seção B da 32ª Vara Cível da Capital,25/05/2026,Prioridade Legal,35
1ª CC,0070023-94.2024.8.17.2001,Seção B da 32ª Vara Cível da Capital,18/06/2026,Sem prioridade,11
1ª CC,0071823-02.2020.8.17.2001,Seção B da 32ª Vara Cível da Capital,19/06/2026,Sem prioridade,10
1ª CC,0078594-20.2025.8.17.2001,Seção B da 32ª Vara Cível da Capital,15/06/2026,Prioridade Legal,14
1ª CC,0100677-64.2024.8.17.2001,Seção B da 32ª Vara Cível da Capital,09/06/2026,Prioridade Legal,20
1ª CC,0143089-44.2023.8.17.2001,Seção B da 32ª Vara Cível da Capital,26/05/2026,Prioridade Legal,34
1ª CC,0165463-88.2022.8.17.2001,Seção B da 32ª Vara Cível da Capital,09/06/2026,Sem prioridade,20
1ª CCJ,0004316-48.2025.8.17.2001,Seção B da 33ª Vara Cível da Capital,20/05/2026,Prioridade Legal,40
1ª CC,0007891-30.2026.8.17.2001,Seção B da 33ª Vara Cível da Capital,18/06/2026,Prioridade Legal,11
1ª CC,0010978-04.2020.8.17.2001,Seção B da 33ª Vara Cível da Capital,08/06/2026,Sem prioridade,21
1ª CC,0016751-98.2018.8.17.2001,Seção B da 33ª Vara Cível da Capital,02/06/2026,Sem prioridade,27
1ª CC,0034409-57.2026.8.17.2001,Seção B da 33ª Vara Cível da Capital,19/06/2026,Prioridade Legal,10
1ª CC,0081508-91.2024.8.17.2001,Seção B da 33ª Vara Cível da Capital,08/06/2026,Prioridade Legal,21
1ª CC,0141419-05.2022.8.17.2001,Seção B da 33ª Vara Cível da Capital,05/06/2026,Prioridade Legal,24
1ª CC,0000722-26.2025.8.17.2001,Seção B da 34ª Vara Cível da Capital,10/06/2026,Prioridade Legal,19
1ª CC,0006541-23.2008.8.17.0001,Seção B da 34ª Vara Cível da Capital,17/06/2026,Sem prioridade,13
1ª CC,0007289-49.2020.8.17.2001,Seção B da 34ª Vara Cível da Capital,26/05/2026,Prioridade Legal,34
1ª CCJ,0007349-95.2015.8.17.2001,Seção B da 34ª Vara Cível da Capital,12/05/2026,Prioridade Legal,49
1ª CC,0009191-95.2024.8.17.2001,Seção B da 34ª Vara Cível da Capital,05/06/2026,Sem prioridade,24
1ª CC,0023788-40.2022.8.17.2001,Seção B da 34ª Vara Cível da Capital,26/05/2026,Prioridade Legal,34
1ª CCJ,0039266-83.2025.8.17.2001,Seção B da 34ª Vara Cível da Capital,19/05/2026,Prioridade Legal,41
1ª CCJ,0063832-68.2014.8.17.0001,Seção B da 34ª Vara Cível da Capital,02/06/2026,Prioridade Legal,27
1ª CC,0070625-32.2017.8.17.2001,Seção B da 34ª Vara Cível da Capital,17/06/2026,Prioridade Legal,12
1ª CCJ,0071365-43.2024.8.17.2001,Seção B da 34ª Vara Cível da Capital,14/05/2026,Prioridade Legal,46
1ª CC,0072670-62.2024.8.17.2001,Seção B da 34ª Vara Cível da Capital,04/06/2026,Prioridade Legal,25
1ª CC,0078210-33.2020.8.17.2001,Seção B da 34ª Vara Cível da Capital,02/06/2026,Sem prioridade,27
1ª CC,0078701-35.2023.8.17.2001,Seção B da 34ª Vara Cível da Capital,26/05/2026,Prioridade Legal,34
1ª CC,0088182-90.2021.8.17.2001,Seção B da 34ª Vara Cível da Capital,15/06/2026,Super prioridade,14
1ª CC,0096038-03.2024.8.17.2001,Seção B da 34ª Vara Cível da Capital,27/05/2026,Prioridade Legal,33
1ª CC,0110536-07.2024.8.17.2001,Seção B da 34ª Vara Cível da Capital,26/05/2026,Prioridade Legal,34
1ª CCJ,0111434-54.2023.8.17.2001,Seção B da 34ª Vara Cível da Capital,18/05/2026,Sem prioridade,42
1ª CC,0112228-07.2025.8.17.2001,Seção B da 34ª Vara Cível da Capital,17/06/2026,Prioridade Legal,13
1ª CC,0004432-40.2014.8.17.2001,Seção B da 35ª Vara Cível da Capital,12/06/2026,Sem prioridade,17
1ª CC,0004515-81.2010.8.17.0001,Seção B da 35ª Vara Cível da Capital,10/06/2026,Super prioridade,20
1ª CC,0004956-28.2011.8.17.0001,Seção B da 35ª Vara Cível da Capital,16/06/2026,Sem prioridade,13
1ª CC,0005783-59.1999.8.17.0001,Seção B da 35ª Vara Cível da Capital,02/06/2026,Sem prioridade,27
1ª CC,0006462-30.1997.8.17.0001,Seção B da 35ª Vara Cível da Capital,26/05/2026,Sem prioridade,34
1ª CC,0011948-77.2015.8.17.2001,Seção B da 35ª Vara Cível da Capital,02/06/2026,Sem prioridade,27
1ª CC,0015211-39.2023.8.17.2001,Seção B da 35ª Vara Cível da Capital,02/06/2026,Prioridade Legal,27
1ª CC,0028701-28.1997.8.17.0001,Seção B da 35ª Vara Cível da Capital,18/06/2026,Sem prioridade,11
1ª CC,0034792-79.2019.8.17.2001,Seção B da 35ª Vara Cível da Capital,10/06/2026,Sem prioridade,19
1ª CC,0046157-38.2016.8.17.2001,Seção B da 35ª Vara Cível da Capital,09/06/2026,Sem prioridade,20
1ª CC,0057906-37.2025.8.17.2001,Seção B da 35ª Vara Cível da Capital,03/06/2026,Prioridade Legal,26
1ª CC,0065967-92.2010.8.17.0001,Seção B da 35ª Vara Cível da Capital,03/06/2026,Prioridade Legal,26
1ª CC,0070058-54.2024.8.17.2001,Seção B da 35ª Vara Cível da Capital,09/06/2026,Prioridade Legal,20
1ª CC,0082161-69.2019.8.17.2001,Seção B da 35ª Vara Cível da Capital,18/06/2026,Sem prioridade,11
1ª CC,0613925-03.1999.8.17.0001,Seção B da 35ª Vara Cível da Capital,05/06/2026,Sem prioridade,24
1ª CC,0000388-71.2008.8.17.0001,Seção B da 36ª Vara Cível da Capital,28/05/2026,Sem prioridade,32
1ª CC,0003913-60.2017.8.17.2001,Seção B da 36ª Vara Cível da Capital,10/06/2026,Sem prioridade,19
1ª CC,0004251-34.2017.8.17.2001,Seção B da 36ª Vara Cível da Capital,10/06/2026,Sem prioridade,19
1ª CCJ,0007100-97.1996.8.17.0001,Seção B da 36ª Vara Cível da Capital,17/06/2026,Sem prioridade,12
1ª CC,0010647-27.2017.8.17.2001,Seção B da 36ª Vara Cível da Capital,12/06/2026,Sem prioridade,17
1ª CCJ,0014293-74.2019.8.17.2001,Seção B da 36ª Vara Cível da Capital,27/05/2026,Prioridade Legal,33
1ª CC,0024003-89.2017.8.17.2001,Seção B da 36ª Vara Cível da Capital,02/06/2026,Sem prioridade,27
1ª CC,0031113-03.2021.8.17.2001,Seção B da 36ª Vara Cível da Capital,04/06/2026,Sem prioridade,25
1ª CC,0031880-77.1991.8.17.0001,Seção B da 36ª Vara Cível da Capital,16/06/2026,Prioridade Legal,13
1ª CC,0033311-81.2019.8.17.2001,Seção B da 36ª Vara Cível da Capital,02/06/2026,Sem prioridade,27
1ª CC,0043205-78.1993.8.17.0001,Seção B da 36ª Vara Cível da Capital,19/06/2026,Sem prioridade,11
1ª CCJ,0052652-88.2022.8.17.2001,Seção B da 36ª Vara Cível da Capital,04/06/2026,Sem prioridade,25
1ª CC,0613721-56.1999.8.17.0001,Seção B da 36ª Vara Cível da Capital,02/06/2026,Sem prioridade,27
1ª CC,0906148-93.1996.8.17.0001,Seção B da 36ª Vara Cível da Capital,05/06/2026,Sem prioridade,24
1ª CC,0005225-32.2021.8.17.2001,Seção B da 3ª Vara Cível da Capital,17/06/2026,Sem prioridade,12
1ª CC,0009945-66.2026.8.17.2001,Seção B da 3ª Vara Cível da Capital,27/05/2026,Prioridade Legal,33
1ª CC,0017756-19.2022.8.17.2001,Seção B da 3ª Vara Cível da Capital,08/06/2026,Sem prioridade,21
1ª CCJ,0021337-47.2019.8.17.2001,Seção B da 3ª Vara Cível da Capital,25/05/2026,Prioridade Legal,35
1ª CC,0022357-63.2025.8.17.2001,Seção B da 3ª Vara Cível da Capital,10/06/2026,Prioridade Legal,19
1ª CC,0027776-40.2020.8.17.2001,Seção B da 3ª Vara Cível da Capital,06/06/2026,Sem prioridade,23
1ª CCJ,0029515-82.2019.8.17.2001,Seção B da 3ª Vara Cível da Capital,26/05/2026,Sem prioridade,34
1ª CC,0029843-37.2015.8.17.0001,Seção B da 3ª Vara Cível da Capital,28/05/2026,Sem prioridade,32
1ª CC,0033414-25.2018.8.17.2001,Seção B da 3ª Vara Cível da Capital,25/05/2026,Prioridade Legal,35
1ª CC,0033547-67.2018.8.17.2001,Seção B da 3ª Vara Cível da Capital,18/06/2026,Sem prioridade,11
1ª CC,0039485-04.2022.8.17.2001,Seção B da 3ª Vara Cível da Capital,02/06/2026,Sem prioridade,27
1ª CC,0040132-09.2016.8.17.2001,Seção B da 3ª Vara Cível da Capital,11/06/2026,Sem prioridade,18
1ª CC,0046273-39.2019.8.17.2001,Seção B da 3ª Vara Cível da Capital,15/06/2026,Sem prioridade,14
1ª CCJ,0060144-63.2024.8.17.2001,Seção B da 3ª Vara Cível da Capital,16/06/2026,Prioridade Legal,13
1ª CC,0062198-36.2023.8.17.2001,Seção B da 3ª Vara Cível da Capital,10/06/2026,Prioridade Legal,19
1ª CC,0076610-98.2025.8.17.2001,Seção B da 3ª Vara Cível da Capital,03/06/2026,Prioridade Legal,26
1ª CCJ,0081055-04.2021.8.17.2001,Seção B da 3ª Vara Cível da Capital,26/05/2026,Prioridade Legal,34
1ª CC,0088504-42.2023.8.17.2001,Seção B da 3ª Vara Cível da Capital,15/06/2026,Prioridade Legal,14
1ª CC,0129277-32.2023.8.17.2001,Seção B da 3ª Vara Cível da Capital,26/05/2026,Prioridade Legal,34
1ª CC,0001937-47.2019.8.17.2001,Seção B da 4ª Vara Cível da Capital,11/06/2026,Prioridade Legal,18
1ª CCJ,0018815-37.2025.8.17.2001,Seção B da 4ª Vara Cível da Capital,28/05/2026,Prioridade Legal,32
1ª CC,0018983-78.2021.8.17.2001,Seção B da 4ª Vara Cível da Capital,15/06/2026,Prioridade Legal,14
1ª CC,0021122-66.2022.8.17.2001,Seção B da 4ª Vara Cível da Capital,08/06/2026,Prioridade Legal,21
1ª CC,0032550-40.2025.8.17.2001,Seção B da 4ª Vara Cível da Capital,02/06/2026,Prioridade Legal,27
1ª CC,0036794-12.2025.8.17.2001,Seção B da 4ª Vara Cível da Capital,02/06/2026,Prioridade Legal,27
1ª CC,0041705-14.2018.8.17.2001,Seção B da 4ª Vara Cível da Capital,12/06/2026,Sem prioridade,17
1ª CC,0042534-87.2021.8.17.2001,Seção B da 4ª Vara Cível da Capital,16/06/2026,Prioridade Legal,13
1ª CCJ,0051799-46.2014.8.17.0001,Seção B da 4ª Vara Cível da Capital,06/05/2026,Sem prioridade,54
1ª CC,0059402-73.2014.8.17.0001,Seção B da 4ª Vara Cível da Capital,15/06/2026,Sem prioridade,14
1ª CC,0061188-25.2021.8.17.2001,Seção B da 4ª Vara Cível da Capital,08/06/2026,Prioridade Legal,21
1ª CC,0078289-12.2020.8.17.2001,Seção B da 4ª Vara Cível da Capital,29/05/2026,Sem prioridade,31
1ª CC,0080537-43.2023.8.17.2001,Seção B da 4ª Vara Cível da Capital,02/06/2026,Prioridade Legal,27
1ª CCJ,0007317-85.2018.8.17.2001,Seção B da 5ª Vara Cível da Capital,19/06/2026,Prioridade Legal,10
1ª CC,0016214-97.2021.8.17.2001,Seção B da 5ª Vara Cível da Capital,29/05/2026,Sem prioridade,31
1ª CC,0028963-78.2023.8.17.2001,Seção B da 5ª Vara Cível da Capital,17/06/2026,Sem prioridade,12
1ª CCJ,0029796-43.2016.8.17.2001,Seção B da 5ª Vara Cível da Capital,27/05/2026,Prioridade Legal,33
1ª CCJ,0031337-77.2017.8.17.2001,Seção B da 5ª Vara Cível da Capital,19/06/2026,Prioridade Legal,10
1ª CC,0034174-71.2018.8.17.2001,Seção B da 5ª Vara Cível da Capital,27/05/2026,Sem prioridade,33
1ª CC,0034685-40.2016.8.17.2001,Seção B da 5ª Vara Cível da Capital,05/06/2026,Prioridade Legal,24
1ª CC,0035336-39.2008.8.17.0001,Seção B da 5ª Vara Cível da Capital,25/05/2026,Sem prioridade,35
1ª CC,0043411-56.2023.8.17.2001,Seção B da 5ª Vara Cível da Capital,18/06/2026,Sem prioridade,11
1ª CC,0047933-58.2025.8.17.2001,Seção B da 5ª Vara Cível da Capital,04/06/2026,Prioridade Legal,25
1ª CC,0049223-50.2021.8.17.2001,Seção B da 5ª Vara Cível da Capital,18/06/2026,Prioridade Legal,11
1ª CC,0050214-26.2021.8.17.2001,Seção B da 5ª Vara Cível da Capital,02/06/2026,Prioridade Legal,27
1ª CC,0069330-13.2024.8.17.2001,Seção B da 5ª Vara Cível da Capital,10/06/2026,Sem prioridade,19
1ª CCJ,0076565-66.2014.8.17.0001,Seção B da 5ª Vara Cível da Capital,07/05/2026,Prioridade Legal,53
1ª CC,0088055-21.2022.8.17.2001,Seção B da 5ª Vara Cível da Capital,27/05/2026,Prioridade Legal,33
1ª CC,0092066-30.2021.8.17.2001,Seção B da 5ª Vara Cível da Capital,09/06/2026,Prioridade Legal,20
1ª CC,0104728-21.2024.8.17.2001,Seção B da 5ª Vara Cível da Capital,05/06/2026,Prioridade Legal,24
1ª CC,0126916-13.2021.8.17.2001,Seção B da 5ª Vara Cível da Capital,16/06/2026,Prioridade Legal,13
1ª CC,0139058-55.2009.8.17.0001,Seção B da 5ª Vara Cível da Capital,05/06/2026,Prioridade Legal,24
1ª CC,0141225-34.2024.8.17.2001,Seção B da 5ª Vara Cível da Capital,28/05/2026,Sem prioridade,32
1ª CC,0162753-95.2022.8.17.2001,Seção B da 5ª Vara Cível da Capital,19/06/2026,Sem prioridade,10
1ª CCJ,0203245-14.2005.8.17.0001,Seção B da 5ª Vara Cível da Capital,15/05/2026,Sem prioridade,45
1ª CC,0001866-15.2026.8.17.4001,Seção B da 6ª Vara Cível da Capital,27/05/2026,Super prioridade,33
1ª CC,0002773-10.2025.8.17.2001,Seção B da 6ª Vara Cível da Capital,26/05/2026,Prioridade Legal,34
1ª CC,0007239-62.2016.8.17.2001,Seção B da 6ª Vara Cível da Capital,18/06/2026,Prioridade Legal,11
1ª CC,0009426-67.2021.8.17.2001,Seção B da 6ª Vara Cível da Capital,28/05/2026,Prioridade Legal,32
1ª CC,0030475-62.2024.8.17.2001,Seção B da 6ª Vara Cível da Capital,26/05/2026,Prioridade Legal,34
1ª CC,0039516-11.2002.8.17.0001,Seção B da 6ª Vara Cível da Capital,01/06/2026,Sem prioridade,28
1ª CC,0042315-06.2023.8.17.2001,Seção B da 6ª Vara Cível da Capital,09/06/2026,Sem prioridade,20
1ª CC,0045024-59.2007.8.17.0001,Seção B da 6ª Vara Cível da Capital,10/06/2026,Super prioridade,20
1ª CCJ,0046666-90.2021.8.17.2001,Seção B da 6ª Vara Cível da Capital,21/05/2026,Prioridade Legal,39
1ª CC,0066104-63.2025.8.17.2001,Seção B da 6ª Vara Cível da Capital,01/06/2026,Prioridade Legal,28
1ª CC,0075323-81.2017.8.17.2001,Seção B da 6ª Vara Cível da Capital,15/06/2026,Prioridade Legal,14
1ª CC,0104184-04.2022.8.17.2001,Seção B da 6ª Vara Cível da Capital,18/06/2026,Sem prioridade,11
1ª CC,0105589-12.2021.8.17.2001,Seção B da 6ª Vara Cível da Capital,02/06/2026,Prioridade Legal,27
1ª CC,0107901-19.2025.8.17.2001,Seção B da 6ª Vara Cível da Capital,04/06/2026,Prioridade Legal,25
1ª CC,0117391-02.2024.8.17.2001,Seção B da 6ª Vara Cível da Capital,16/06/2026,Prioridade Legal,13
1ª CC,0002226-67.2025.8.17.2001,Seção B da 7ª Vara Cível da Capital,05/06/2026,Prioridade Legal,25
1ª CC,0006279-57.2026.8.17.2001,Seção B da 7ª Vara Cível da Capital,18/06/2026,Prioridade Legal,11
1ª CCJ,0018634-02.2026.8.17.2001,Seção B da 7ª Vara Cível da Capital,06/05/2026,Prioridade Legal,55
1ª CC,0024977-87.2021.8.17.2001,Seção B da 7ª Vara Cível da Capital,04/06/2026,Sem prioridade,25
1ª CC,0025623-97.2021.8.17.2001,Seção B da 7ª Vara Cível da Capital,27/05/2026,Sem prioridade,33
1ª CC,0028200-09.2025.8.17.2001,Seção B da 7ª Vara Cível da Capital,27/05/2026,Sem prioridade,33
1ª CC,0029924-87.2021.8.17.2001,Seção B da 7ª Vara Cível da Capital,12/06/2026,Prioridade Legal,17
1ª CCJ,0042182-90.2025.8.17.2001,Seção B da 7ª Vara Cível da Capital,27/05/2026,Prioridade Legal,34
1ª CC,0048512-74.2023.8.17.2001,Seção B da 7ª Vara Cível da Capital,04/06/2026,Prioridade Legal,26
1ª CC,0055046-05.2021.8.17.2001,Seção B da 7ª Vara Cível da Capital,27/05/2026,Sem prioridade,33
1ª CC,0055585-29.2025.8.17.2001,Seção B da 7ª Vara Cível da Capital,16/06/2026,Prioridade Legal,13
1ª CCJ,0057045-57.2013.8.17.0001,Seção B da 7ª Vara Cível da Capital,09/06/2026,Sem prioridade,21
1ª CC,0059565-24.2012.8.17.0001,Seção B da 7ª Vara Cível da Capital,16/06/2026,Sem prioridade,14
1ª CC,0076188-26.2025.8.17.2001,Seção B da 7ª Vara Cível da Capital,10/06/2026,Prioridade Legal,20
1ª CC,0076644-49.2020.8.17.2001,Seção B da 7ª Vara Cível da Capital,09/06/2026,Prioridade Legal,20
1ª CC,0078513-42.2023.8.17.2001,Seção B da 7ª Vara Cível da Capital,09/06/2026,Prioridade Legal,20
1ª CC,0088983-64.2025.8.17.2001,Seção B da 7ª Vara Cível da Capital,10/06/2026,Prioridade Legal,20
1ª CCJ,0095106-15.2024.8.17.2001,Seção B da 7ª Vara Cível da Capital,02/06/2026,Prioridade Legal,28
1ª CC,0097801-05.2025.8.17.2001,Seção B da 7ª Vara Cível da Capital,16/06/2026,Prioridade Legal,13
1ª CC,0132654-74.2024.8.17.2001,Seção B da 7ª Vara Cível da Capital,28/05/2026,Prioridade Legal,32
1ª CC,0138525-85.2024.8.17.2001,Seção B da 7ª Vara Cível da Capital,28/05/2026,Sem prioridade,32
1ª CC,0139190-04.2024.8.17.2001,Seção B da 7ª Vara Cível da Capital,15/06/2026,Sem prioridade,14
1ª CC,0000340-33.2025.8.17.2001,Seção B da 8ª Vara Cível da Capital,16/06/2026,Prioridade Legal,13
1ª CC,0009915-65.2025.8.17.2001,Seção B da 8ª Vara Cível da Capital,12/06/2026,Sem prioridade,17
1ª CC,0010272-79.2019.8.17.8201,Seção B da 8ª Vara Cível da Capital,25/05/2026,Sem prioridade,35
1ª CC,0014697-81.2026.8.17.2001,Seção B da 8ª Vara Cível da Capital,29/05/2026,Prioridade Legal,31
1ª CC,0015812-74.2025.8.17.2001,Seção B da 8ª Vara Cível da Capital,26/05/2026,Prioridade Legal,34
1ª CC,0021850-83.2017.8.17.2001,Seção B da 8ª Vara Cível da Capital,04/06/2026,Prioridade Legal,25
1ª CC,0036152-20.2017.8.17.2001,Seção B da 8ª Vara Cível da Capital,15/06/2026,Sem prioridade,14
1ª CC,0041943-96.2019.8.17.2001,Seção B da 8ª Vara Cível da Capital,19/06/2026,Super prioridade,10
1ª CC,0047783-14.2024.8.17.2001,Seção B da 8ª Vara Cível da Capital,27/05/2026,Prioridade Legal,33
1ª CC,0058506-92.2024.8.17.2001,Seção B da 8ª Vara Cível da Capital,29/05/2026,Prioridade Legal,31
1ª CC,0066075-47.2024.8.17.2001,Seção B da 8ª Vara Cível da Capital,26/05/2026,Sem prioridade,34
1ª CC,0071523-64.2025.8.17.2001,Seção B da 8ª Vara Cível da Capital,26/05/2026,Prioridade Legal,34
1ª CC,0135345-61.2024.8.17.2001,Seção B da 8ª Vara Cível da Capital,18/06/2026,Prioridade Legal,11
1ª CC,0000244-23.2022.8.17.2001,Seção B da 9ª Vara Cível da Capital,27/05/2026,Prioridade Legal,33
1ª CC,0010389-02.2026.8.17.2001,Seção B da 9ª Vara Cível da Capital,19/06/2026,Prioridade Legal,11
1ª CC,0020924-87.2026.8.17.2001,Seção B da 9ª Vara Cível da Capital,18/06/2026,Prioridade Legal,11
1ª CC,0021213-93.2021.8.17.2001,Seção B da 9ª Vara Cível da Capital,25/05/2026,Sem prioridade,35
1ª CC,0023179-52.2025.8.17.2001,Seção B da 9ª Vara Cível da Capital,27/05/2026,Prioridade Legal,33
1ª CC,0023997-04.2025.8.17.2001,Seção B da 9ª Vara Cível da Capital,17/06/2026,Prioridade Legal,12
1ª CC,0032541-93.2016.8.17.2001,Seção B da 9ª Vara Cível da Capital,15/06/2026,Sem prioridade,14
1ª CC,0034930-02.2026.8.17.2001,Seção B da 9ª Vara Cível da Capital,05/06/2026,Prioridade Legal,24
1ª CC,0039771-40.2026.8.17.2001,Seção B da 9ª Vara Cível da Capital,01/06/2026,Sem prioridade,28
1ª CC,0040068-57.2020.8.17.2001,Seção B da 9ª Vara Cível da Capital,17/06/2026,Prioridade Legal,12
1ª CC,0054336-43.2025.8.17.2001,Seção B da 9ª Vara Cível da Capital,19/06/2026,Sem prioridade,10
1ª CC,0055339-77.2018.8.17.2001,Seção B da 9ª Vara Cível da Capital,12/06/2026,Sem prioridade,17
1ª CC,0072753-25.2017.8.17.2001,Seção B da 9ª Vara Cível da Capital,10/06/2026,Sem prioridade,19
1ª CC,0078852-35.2022.8.17.2001,Seção B da 9ª Vara Cível da Capital,08/06/2026,Prioridade Legal,21
1ª CC,0085874-81.2021.8.17.2001,Seção B da 9ª Vara Cível da Capital,12/06/2026,Sem prioridade,17
1ª CC,0088695-19.2025.8.17.2001,Seção B da 9ª Vara Cível da Capital,08/06/2026,Prioridade Legal,21
1ª CC,0088802-05.2021.8.17.2001,Seção B da 9ª Vara Cível da Capital,05/06/2026,Sem prioridade,24
1ª CC,0091545-51.2022.8.17.2001,Seção B da 9ª Vara Cível da Capital,28/05/2026,Sem prioridade,32
1ª CC,0093767-21.2024.8.17.2001,Seção B da 9ª Vara Cível da Capital,15/06/2026,Sem prioridade,14
1ª CC,0099112-31.2025.8.17.2001,Seção B da 9ª Vara Cível da Capital,04/06/2026,Prioridade Legal,25
1ª CC,0104896-92.2013.8.17.0001,Seção B da 9ª Vara Cível da Capital,10/06/2026,Sem prioridade,20
1ª CC,0132541-23.2024.8.17.2001,Seção B da 9ª Vara Cível da Capital,08/06/2026,Prioridade Legal,21
1ª CC,0134106-33.2009.8.17.0001,Seção B da 9ª Vara Cível da Capital,01/06/2026,Sem prioridade,28
1ª CC,0146071-31.2023.8.17.2001,Seção B da 9ª Vara Cível da Capital,17/06/2026,Prioridade Legal,12
1ª CC,0161108-98.2023.8.17.2001,Seção B da 9ª Vara Cível da Capital,17/06/2026,Prioridade Legal,12
4ª CC,0000162-95.2010.8.17.0001,Vara dos Executivos Fiscais Municipais da Capital,09/06/2026,Sem prioridade,20
2ª CCJ,0003290-20.2022.8.17.2001,Vara dos Executivos Fiscais Municipais da Capital,03/06/2026,Prioridade Legal,26
2ª CCJ,0003300-64.2022.8.17.2001,Vara dos Executivos Fiscais Municipais da Capital,03/06/2026,Prioridade Legal,26
4ª CC,0003856-97.1995.8.17.0001,Vara dos Executivos Fiscais Municipais da Capital,10/06/2026,Sem prioridade,19
2ª CCJ,0004043-89.2013.8.17.2001,Vara dos Executivos Fiscais Municipais da Capital,04/06/2026,Prioridade Legal,26
2ª CCJ,0009798-22.2009.8.17.0001,Vara dos Executivos Fiscais Municipais da Capital,04/06/2026,Prioridade Legal,26
2ª CCJ,0011250-43.2004.8.17.0001,Vara dos Executivos Fiscais Municipais da Capital,27/05/2026,Sem prioridade,33
4ª CC,0023640-92.2023.8.17.2001,Vara dos Executivos Fiscais Municipais da Capital,16/06/2026,Prioridade Legal,13
2ª CCJ,0024394-73.2019.8.17.2001,Vara dos Executivos Fiscais Municipais da Capital,05/06/2026,Prioridade Legal,24
4ª CC,0024682-56.2009.8.17.0001,Vara dos Executivos Fiscais Municipais da Capital,08/06/2026,Prioridade Legal,21
4ª CC,0025721-82.2021.8.17.2001,Vara dos Executivos Fiscais Municipais da Capital,18/06/2026,Prioridade Legal,11
4ª CC,0026616-49.2009.8.17.0001,Vara dos Executivos Fiscais Municipais da Capital,09/06/2026,Prioridade Legal,20
4ª CC,0030951-44.1991.8.17.0001,Vara dos Executivos Fiscais Municipais da Capital,10/06/2026,Sem prioridade,19
4ª CC,0032442-60.2015.8.17.2001,Vara dos Executivos Fiscais Municipais da Capital,19/06/2026,Prioridade Legal,10
4ª CC,0035289-17.1998.8.17.0001,Vara dos Executivos Fiscais Municipais da Capital,15/06/2026,Prioridade Legal,14
2ª CCJ,0040125-12.2019.8.17.2001,Vara dos Executivos Fiscais Municipais da Capital,22/05/2026,Sem prioridade,38
2ª CCJ,0040691-97.2015.8.17.2001,Vara dos Executivos Fiscais Municipais da Capital,05/06/2026,Prioridade Legal,24
4ª CC,0051072-04.2014.8.17.2001,Vara dos Executivos Fiscais Municipais da Capital,19/06/2026,Prioridade Legal,10
4ª CC,0051757-70.2009.8.17.0001,Vara dos Executivos Fiscais Municipais da Capital,10/06/2026,Sem prioridade,19
4ª CC,0052772-10.2017.8.17.2001,Vara dos Executivos Fiscais Municipais da Capital,16/06/2026,Prioridade Legal,13
4ª CC,0053976-26.2016.8.17.2001,Vara dos Executivos Fiscais Municipais da Capital,17/06/2026,Prioridade Legal,12
4ª CC,0054522-97.1998.8.17.0001,Vara dos Executivos Fiscais Municipais da Capital,18/06/2026,Sem prioridade,11
2ª CCJ,0054898-67.2016.8.17.2001,Vara dos Executivos Fiscais Municipais da Capital,05/06/2026,Prioridade Legal,24
2ª CCJ,0056230-64.2019.8.17.2001,Vara dos Executivos Fiscais Municipais da Capital,11/06/2026,Prioridade Legal,18
2ª CCJ,0056240-11.2019.8.17.2001,Vara dos Executivos Fiscais Municipais da Capital,10/06/2026,Prioridade Legal,19
2ª CCJ,0056241-93.2019.8.17.2001,Vara dos Executivos Fiscais Municipais da Capital,04/06/2026,Prioridade Legal,26
2ª CCJ,0056243-63.2019.8.17.2001,Vara dos Executivos Fiscais Municipais da Capital,03/06/2026,Prioridade Legal,26
2ª CCJ,0056247-03.2019.8.17.2001,Vara dos Executivos Fiscais Municipais da Capital,03/06/2026,Prioridade Legal,26
2ª CCJ,0056248-85.2019.8.17.2001,Vara dos Executivos Fiscais Municipais da Capital,04/06/2026,Prioridade Legal,26
2ª CCJ,0056269-61.2019.8.17.2001,Vara dos Executivos Fiscais Municipais da Capital,02/06/2026,Prioridade Legal,27
2ª CCJ,0057043-86.2022.8.17.2001,Vara dos Executivos Fiscais Municipais da Capital,15/06/2026,Prioridade Legal,14
2ª CCJ,0057051-97.2021.8.17.2001,Vara dos Executivos Fiscais Municipais da Capital,01/06/2026,Prioridade Legal,28
2ª CCJ,0057082-83.2022.8.17.2001,Vara dos Executivos Fiscais Municipais da Capital,04/06/2026,Prioridade Legal,26
2ª CCJ,0059638-58.2022.8.17.2001,Vara dos Executivos Fiscais Municipais da Capital,16/06/2026,Sem prioridade,13
2ª CCJ,0059663-71.2022.8.17.2001,Vara dos Executivos Fiscais Municipais da Capital,16/06/2026,Sem prioridade,13
4ª CC,0061396-14.2018.8.17.2001,Vara dos Executivos Fiscais Municipais da Capital,10/06/2026,Prioridade Legal,19
4ª CC,0062525-49.2021.8.17.2001,Vara dos Executivos Fiscais Municipais da Capital,16/06/2026,Prioridade Legal,13
4ª CC,0063290-93.2016.8.17.2001,Vara dos Executivos Fiscais Municipais da Capital,18/06/2026,Prioridade Legal,11
2ª CCJ,0066122-65.2017.8.17.2001,Vara dos Executivos Fiscais Municipais da Capital,05/06/2026,Prioridade Legal,24
2ª CCJ,0066698-24.2018.8.17.2001,Vara dos Executivos Fiscais Municipais da Capital,05/06/2026,Prioridade Legal,24
2ª CCJ,0067808-54.2012.8.17.0001,Vara dos Executivos Fiscais Municipais da Capital,27/05/2026,Prioridade Legal,33
4ª CC,0069054-90.2009.8.17.0001,Vara dos Executivos Fiscais Municipais da Capital,10/06/2026,Sem prioridade,19
4ª CC,0069621-91.2016.8.17.2001,Vara dos Executivos Fiscais Municipais da Capital,11/06/2026,Prioridade Legal,18
2ª CCJ,0070303-70.2021.8.17.2001,Vara dos Executivos Fiscais Municipais da Capital,04/06/2026,Prioridade Legal,26
4ª CC,0074128-51.2023.8.17.2001,Vara dos Executivos Fiscais Municipais da Capital,15/06/2026,Prioridade Legal,14
4ª CC,0078961-49.2022.8.17.2001,Vara dos Executivos Fiscais Municipais da Capital,16/06/2026,Prioridade Legal,14
4ª CC,0079425-44.2020.8.17.2001,Vara dos Executivos Fiscais Municipais da Capital,16/06/2026,Sem prioridade,13
4ª CC,0087734-21.2012.8.17.0001,Vara dos Executivos Fiscais Municipais da Capital,09/06/2026,Prioridade Legal,20
4ª CC,0094288-40.2010.8.17.0001,Vara dos Executivos Fiscais Municipais da Capital,10/06/2026,Sem prioridade,19
2ª CCJ,0095587-85.2018.8.17.2001,Vara dos Executivos Fiscais Municipais da Capital,04/06/2026,Prioridade Legal,26
4ª CC,0095668-29.2021.8.17.2001,Vara dos Executivos Fiscais Municipais da Capital,10/06/2026,Prioridade Legal,19
4ª CC,0095679-58.2021.8.17.2001,Vara dos Executivos Fiscais Municipais da Capital,10/06/2026,Prioridade Legal,19
2ª CCJ,0095862-58.2023.8.17.2001,Vara dos Executivos Fiscais Municipais da Capital,18/06/2026,Prioridade Legal,11
4ª CC,0096352-52.2012.8.17.0001,Vara dos Executivos Fiscais Municipais da Capital,10/06/2026,Sem prioridade,19
4ª CC,0098794-92.2018.8.17.2001,Vara dos Executivos Fiscais Municipais da Capital,10/06/2026,Prioridade Legal,19
2ª CCJ,0101975-96.2021.8.17.2001,Vara dos Executivos Fiscais Municipais da Capital,06/06/2026,Prioridade Legal,24
2ª CCJ,0108876-85.2018.8.17.2001,Vara dos Executivos Fiscais Municipais da Capital,11/06/2026,Prioridade Legal,18
4ª CC,0111716-63.2021.8.17.2001,Vara dos Executivos Fiscais Municipais da Capital,15/06/2026,Prioridade Legal,14
4ª CC,0112324-66.2018.8.17.2001,Vara dos Executivos Fiscais Municipais da Capital,17/06/2026,Prioridade Legal,12
2ª CCJ,0112465-56.2016.8.17.2001,Vara dos Executivos Fiscais Municipais da Capital,05/06/2026,Prioridade Legal,24
2ª CCJ,0115301-02.2016.8.17.2001,Vara dos Executivos Fiscais Municipais da Capital,04/06/2026,Prioridade Legal,26
4ª CC,0121829-52.2016.8.17.2001,Vara dos Executivos Fiscais Municipais da Capital,09/06/2026,Prioridade Legal,20
4ª CC,0121994-02.2016.8.17.2001,Vara dos Executivos Fiscais Municipais da Capital,15/06/2026,Prioridade Legal,14
2ª CCJ,0122731-05.2016.8.17.2001,Vara dos Executivos Fiscais Municipais da Capital,06/06/2026,Prioridade Legal,24
4ª CC,0128575-86.2023.8.17.2001,Vara dos Executivos Fiscais Municipais da Capital,09/06/2026,Sem prioridade,20
4ª CC,0158982-75.2023.8.17.2001,Vara dos Executivos Fiscais Municipais da Capital,16/06/2026,Sem prioridade,13
2ª CCJ,0182126-94.2005.8.17.0001,Vara dos Executivos Fiscais Municipais da Capital,27/05/2026,Sem prioridade,33
2ª CCJ,0190075-72.2005.8.17.0001,Vara dos Executivos Fiscais Municipais da Capital,06/06/2026,Sem prioridade,24
4ª CC,0650313-02.1999.8.17.0001,Vara dos Executivos Fiscais Municipais da Capital,10/06/2026,Sem prioridade,19
4ª CC,0650314-84.1999.8.17.0001,Vara dos Executivos Fiscais Municipais da Capital,10/06/2026,Sem prioridade,19
4ª CC,0668265-91.1999.8.17.0001,Vara dos Executivos Fiscais Municipais da Capital,10/06/2026,Sem prioridade,19
5ª CC,0000062-54.2025.8.17.3190,Vara Única da Comarca de Ribeirão,08/06/2026,Prioridade Legal,21
5ª CC,0000095-40.2019.8.17.1190,Vara Única da Comarca de Ribeirão,11/06/2026,Prioridade Legal,0
4ª CCJ,0000200-02.2017.8.17.3190,Vara Única da Comarca de Ribeirão,02/06/2026,Prioridade Legal,27
4ª CCJ,0000212-16.2017.8.17.3190,Vara Única da Comarca de Ribeirão,28/05/2026,Sem prioridade,32
5ª CC,0000247-93.2016.8.17.1190,Vara Única da Comarca de Ribeirão,15/06/2026,Sem prioridade,14
4ª CCJ,0000377-88.2013.8.17.1190,Vara Única da Comarca de Ribeirão,15/06/2026,Prioridade Legal,14
4ª CCJ,0000423-52.2017.8.17.3190,Vara Única da Comarca de Ribeirão,15/06/2026,Sem prioridade,14
5ª CC,0000478-28.2013.8.17.1190,Vara Única da Comarca de Ribeirão,08/06/2026,Sem prioridade,21
5ª CC,0000491-27.2013.8.17.1190,Vara Única da Comarca de Ribeirão,04/06/2026,Super prioridade,0
4ª CCJ,0000541-82.2015.8.17.1190,Vara Única da Comarca de Ribeirão,03/06/2026,Sem prioridade,26
4ª CCJ,0000542-67.2015.8.17.1190,Vara Única da Comarca de Ribeirão,27/05/2026,Sem prioridade,33
4ª CCJ,0000575-57.2015.8.17.1190,Vara Única da Comarca de Ribeirão,03/06/2026,Sem prioridade,26
4ª CCJ,0000643-07.2015.8.17.1190,Vara Única da Comarca de Ribeirão,27/05/2026,Sem prioridade,33
5ª CC,0000934-69.2025.8.17.3190,Vara Única da Comarca de Ribeirão,09/06/2026,Prioridade Legal,20
5ª CC,0001241-29.2013.8.17.1190,Vara Única da Comarca de Ribeirão,10/06/2026,Sem prioridade,19
4ª CCJ,0000016-69.2024.8.17.3200,Vara Única da Comarca de Rio Formoso,04/06/2026,Prioridade Legal,25
4ª CCJ,0000026-79.2025.8.17.3200,Vara Única da Comarca de Rio Formoso,26/05/2026,Prioridade Legal,34
5ª CC,0000067-46.2025.8.17.3200,Vara Única da Comarca de Rio Formoso,19/06/2026,Prioridade Legal,10
5ª CC,0000180-34.2024.8.17.3200,Vara Única da Comarca de Rio Formoso,12/06/2026,Prioridade Legal,17
5ª CC,0000239-56.2023.8.17.3200,Vara Única da Comarca de Rio Formoso,04/06/2026,Prioridade Legal,25
4ª CCJ,0000363-68.2025.8.17.3200,Vara Única da Comarca de Rio Formoso,18/06/2026,Prioridade Legal,12
5ª CC,0000436-79.2025.8.17.5030,Vara Única da Comarca de Rio Formoso,02/06/2026,Prioridade Legal,0
5ª CC,0000505-09.2024.8.17.3200,Vara Única da Comarca de Rio Formoso,12/06/2026,Prioridade Legal,17
4ª CCJ,0000672-61.2014.8.17.1200,Vara Única da Comarca de Rio Formoso,22/05/2026,Prioridade Legal,38
5ª CC,0000686-21.2009.8.17.1200,Vara Única da Comarca de Rio Formoso,04/06/2026,Super prioridade,0
6ª CC,0000006-83.2021.8.17.1210,Vara Única da Comarca de Sairé,12/06/2026,Sem prioridade,0
5ª CCJ,0000013-89.2021.8.17.3210,Vara Única da Comarca de Sairé,05/06/2026,Prioridade Legal,24
5ª CCJ,0000044-75.2022.8.17.3210,Vara Única da Comarca de Sairé,18/06/2026,Prioridade Legal,11
6ª CC,0000048-10.2025.8.17.3210,Vara Única da Comarca de Sairé,17/06/2026,Prioridade Legal,0
6ª CC,0000079-98.2023.8.17.3210,Vara Única da Comarca de Sairé,18/06/2026,Sem prioridade,11
6ª CC,0000082-87.2022.8.17.3210,Vara Única da Comarca de Sairé,12/06/2026,Sem prioridade,17
5ª CCJ,0000153-26.2021.8.17.3210,Vara Única da Comarca de Sairé,28/05/2026,Prioridade Legal,32
5ª CCJ,0000442-51.2024.8.17.3210,Vara Única da Comarca de Sairé,17/06/2026,Sem prioridade,12
7ª CC,0000105-95.2025.8.17.3220,1ª Vara Cível da Comarca de Salgueiro,15/06/2026,Prioridade Legal,14
6ª CCJ,0000567-91.2021.8.17.3220,1ª Vara Cível da Comarca de Salgueiro,11/06/2026,Prioridade Legal,18
7ª CC,0000748-30.2011.8.17.1220,1ª Vara Cível da Comarca de Salgueiro,16/06/2026,Prioridade Legal,13
7ª CC,0000923-18.2023.8.17.3220,1ª Vara Cível da Comarca de Salgueiro,18/06/2026,Prioridade Legal,12
7ª CC,0001296-44.2026.8.17.3220,1ª Vara Cível da Comarca de Salgueiro,16/06/2026,Prioridade Legal,13
6ª CCJ,0001369-50.2025.8.17.3220,1ª Vara Cível da Comarca de Salgueiro,08/06/2026,Prioridade Legal,21
7ª CC,0001543-93.2024.8.17.3220,1ª Vara Cível da Comarca de Salgueiro,12/06/2026,Prioridade Legal,17
6ª CCJ,0001973-55.2018.8.17.3220,1ª Vara Cível da Comarca de Salgueiro,15/06/2026,Prioridade Legal,14
6ª CCJ,0002194-33.2021.8.17.3220,1ª Vara Cível da Comarca de Salgueiro,02/06/2026,Prioridade Legal,27
6ª CCJ,0002259-28.2021.8.17.3220,1ª Vara Cível da Comarca de Salgueiro,02/06/2026,Prioridade Legal,27
6ª CCJ,0004618-77.2023.8.17.3220,1ª Vara Cível da Comarca de Salgueiro,16/06/2026,Prioridade Legal,13
6ª CCJ,0001024-65.2017.8.17.3220,2ª Vara Cível da Comarca de Salgueiro,10/06/2026,Prioridade Legal,19
6ª CCJ,0001039-92.2021.8.17.3220,2ª Vara Cível da Comarca de Salgueiro,08/06/2026,Prioridade Legal,21
7ª CC,0001682-45.2024.8.17.3220,2ª Vara Cível da Comarca de Salgueiro,16/06/2026,Prioridade Legal,13
6ª CCJ,0001762-73.2016.8.17.1220,2ª Vara Cível da Comarca de Salgueiro,08/06/2026,Sem prioridade,21
7ª CC,0003230-72.2016.8.17.1220,2ª Vara Cível da Comarca de Salgueiro,16/06/2026,Prioridade Legal,13
7ª CC,0003735-62.2025.8.17.3220,2ª Vara Cível da Comarca de Salgueiro,15/06/2026,Prioridade Legal,14
5ª CCJ,0000274-29.2011.8.17.1230,Vara Única da Comarca de Saloá,28/05/2026,Prioridade Legal,32
5ª CCJ,0000296-52.2021.8.17.3230,Vara Única da Comarca de Saloá,11/06/2026,Prioridade Legal,18
5ª CCJ,0000510-38.2024.8.17.3230,Vara Única da Comarca de Saloá,21/05/2026,Prioridade Legal,39
6ª CC,0000534-32.2025.8.17.3230,Vara Única da Comarca de Saloá,17/06/2026,Prioridade Legal,0
5ª CCJ,0000593-20.2025.8.17.3230,Vara Única da Comarca de Saloá,12/06/2026,Sem prioridade,17
6ª CC,0000725-77.2025.8.17.3230,Vara Única da Comarca de Saloá,19/06/2026,Prioridade Legal,10
6ª CC,0000731-84.2025.8.17.3230,Vara Única da Comarca de Saloá,16/06/2026,Prioridade Legal,13
6ª CC,0003392-56.2019.8.17.0640,Vara Única da Comarca de Saloá,09/06/2026,Sem prioridade,0
5ª CCJ,0000026-32.2020.8.17.3240,Vara Única da Comarca de Sanharó,25/05/2026,Prioridade Legal,35
5ª CCJ,0000072-45.2025.8.17.3240,Vara Única da Comarca de Sanharó,12/06/2026,Prioridade Legal,17
5ª CCJ,0000203-59.2021.8.17.3240,Vara Única da Comarca de Sanharó,15/05/2026,Prioridade Legal,45
5ª CCJ,0000219-47.2020.8.17.3240,Vara Única da Comarca de Sanharó,05/06/2026,Prioridade Legal,24
5ª CCJ,0000231-61.2020.8.17.3240,Vara Única da Comarca de Sanharó,04/06/2026,Prioridade Legal,25
6ª CC,0000248-24.2025.8.17.3240,Vara Única da Comarca de Sanharó,18/06/2026,Prioridade Legal,11
5ª CCJ,0000271-09.2021.8.17.3240,Vara Única da Comarca de Sanharó,25/05/2026,Prioridade Legal,35
5ª CCJ,0000332-35.2019.8.17.3240,Vara Única da Comarca de Sanharó,17/06/2026,Prioridade Legal,12
5ª CCJ,0000373-65.2020.8.17.3240,Vara Única da Comarca de Sanharó,25/05/2026,Prioridade Legal,35
6ª CC,0000467-37.2025.8.17.3240,Vara Única da Comarca de Sanharó,15/06/2026,Prioridade Legal,14
5ª CCJ,0000516-88.2019.8.17.3240,Vara Única da Comarca de Sanharó,17/06/2026,Prioridade Legal,12
5ª CCJ,0000551-19.2017.8.17.3240,Vara Única da Comarca de Sanharó,11/06/2026,Prioridade Legal,18
5ª CCJ,0000668-68.2021.8.17.3240,Vara Única da Comarca de Sanharó,14/05/2026,Prioridade Legal,46
6ª CC,0000755-53.2023.8.17.3240,Vara Única da Comarca de Sanharó,12/06/2026,Prioridade Legal,17
6ª CC,0000903-98.2022.8.17.3240,Vara Única da Comarca de Sanharó,19/06/2026,Prioridade Legal,0
6ª CC,0001057-53.2021.8.17.3240,Vara Única da Comarca de Sanharó,17/06/2026,Prioridade Legal,12
5ª CCJ,0001061-85.2024.8.17.3240,Vara Única da Comarca de Sanharó,15/05/2026,Sem prioridade,45
5ª CCJ,0001062-70.2024.8.17.3240,Vara Única da Comarca de Sanharó,15/05/2026,Sem prioridade,45
5ª CCJ,0001071-32.2024.8.17.3240,Vara Única da Comarca de Sanharó,29/05/2026,Sem prioridade,31
5ª CCJ,0001103-42.2021.8.17.3240,Vara Única da Comarca de Sanharó,05/06/2026,Prioridade Legal,24
6ª CC,0001126-17.2023.8.17.3240,Vara Única da Comarca de Sanharó,18/06/2026,Prioridade Legal,0
5ª CCJ,0001151-98.2021.8.17.3240,Vara Única da Comarca de Sanharó,25/05/2026,Prioridade Legal,35
5ª CCJ,0001161-45.2021.8.17.3240,Vara Única da Comarca de Sanharó,05/06/2026,Prioridade Legal,24
5ª CCJ,0001169-22.2021.8.17.3240,Vara Única da Comarca de Sanharó,05/06/2026,Prioridade Legal,24
5ª CCJ,0001175-29.2021.8.17.3240,Vara Única da Comarca de Sanharó,17/06/2026,Prioridade Legal,12
5ª CCJ,0001400-49.2021.8.17.3240,Vara Única da Comarca de Sanharó,14/05/2026,Prioridade Legal,46
PARTIDOR,0000517-47.2025.8.17.5250,1ª Vara Criminal da Comarca de Santa Cruz do Capibaribe,05/06/2026,Prioridade Legal,0
2ª CC,0002031-17.2025.8.17.4480,1ª Vara Criminal da Comarca de Santa Cruz do Capibaribe,19/06/2026,Prioridade Legal,0
2ª CC,0002535-96.2014.8.17.1250,1ª Vara Criminal da Comarca de Santa Cruz do Capibaribe,19/06/2026,Sem prioridade,0
2ª CC,0003023-85.2013.8.17.1250,1ª Vara Criminal da Comarca de Santa Cruz do Capibaribe,19/06/2026,Sem prioridade,0
2ª CC,0003705-34.2025.8.17.3250,1ª Vara Criminal da Comarca de Santa Cruz do Capibaribe,19/06/2026,Prioridade Legal,0
2ª CC,0004227-04.2012.8.17.1250,1ª Vara Criminal da Comarca de Santa Cruz do Capibaribe,19/06/2026,Prioridade Legal,0
2ª CC,0005924-88.2023.8.17.3250,1ª Vara Criminal da Comarca de Santa Cruz do Capibaribe,18/06/2026,Prioridade Legal,0
6ª CC,0000064-04.2026.8.17.3250,1ª Vara Cível da Comarca de Santa Cruz do Capibaribe,12/06/2026,Prioridade Legal,17
6ª CC,0000476-66.2025.8.17.3250,1ª Vara Cível da Comarca de Santa Cruz do Capibaribe,20/06/2026,Prioridade Legal,9
6ª CC,0000967-73.2025.8.17.3250,1ª Vara Cível da Comarca de Santa Cruz do Capibaribe,19/06/2026,Prioridade Legal,10
6ª CC,0001004-08.2022.8.17.3250,1ª Vara Cível da Comarca de Santa Cruz do Capibaribe,19/06/2026,Prioridade Legal,10
5ª CCJ,0001456-13.2025.8.17.3250,1ª Vara Cível da Comarca de Santa Cruz do Capibaribe,13/05/2026,Prioridade Legal,47
6ª CC,0001780-66.2026.8.17.3250,1ª Vara Cível da Comarca de Santa Cruz do Capibaribe,15/06/2026,Prioridade Legal,14
5ª CCJ,0002219-58.2018.8.17.3250,1ª Vara Cível da Comarca de Santa Cruz do Capibaribe,11/06/2026,Prioridade Legal,18
6ª CC,0002570-84.2025.8.17.3250,1ª Vara Cível da Comarca de Santa Cruz do Capibaribe,18/06/2026,Prioridade Legal,11
5ª CCJ,0003248-07.2022.8.17.3250,1ª Vara Cível da Comarca de Santa Cruz do Capibaribe,15/06/2026,Prioridade Legal,14
5ª CCJ,0003509-98.2024.8.17.3250,1ª Vara Cível da Comarca de Santa Cruz do Capibaribe,21/05/2026,Sem prioridade,39
5ª CCJ,0004367-67.2014.8.17.1250,1ª Vara Cível da Comarca de Santa Cruz do Capibaribe,25/05/2026,Sem prioridade,35
6ª CC,0008640-88.2023.8.17.3250,1ª Vara Cível da Comarca de Santa Cruz do Capibaribe,19/06/2026,Prioridade Legal,10
2ª CC,0000167-93.2024.8.17.5250,2ª Vara Criminal da Comarca de Santa Cruz do Capibaribe,16/06/2026,Prioridade Legal,0
2ª CC,0000440-72.2024.8.17.5250,2ª Vara Criminal da Comarca de Santa Cruz do Capibaribe,18/06/2026,Sem prioridade,0
2ª CC,0000514-29.2024.8.17.5250,2ª Vara Criminal da Comarca de Santa Cruz do Capibaribe,19/06/2026,Sem prioridade,0
2ª CC,0001063-60.2014.8.17.1250,2ª Vara Criminal da Comarca de Santa Cruz do Capibaribe,19/06/2026,Sem prioridade,0
2ª CC,0001673-90.2024.8.17.3250,2ª Vara Criminal da Comarca de Santa Cruz do Capibaribe,19/06/2026,Prioridade Legal,0
2ª CC,0001709-65.2023.8.17.4480,2ª Vara Criminal da Comarca de Santa Cruz do Capibaribe,19/06/2026,Sem prioridade,0
2ª CC,0002768-58.2024.8.17.3250,2ª Vara Criminal da Comarca de Santa Cruz do Capibaribe,16/06/2026,Sem prioridade,0
5ª CCJ,0000673-60.2021.8.17.3250,2ª Vara Cível e Regional da Infância e Juventude da Comarca de Santa Cruz do Capibaribe,26/05/2026,Prioridade Legal,35
5ª CCJ,0001031-30.2018.8.17.3250,2ª Vara Cível e Regional da Infância e Juventude da Comarca de Santa Cruz do Capibaribe,08/05/2026,Sem prioridade,52
6ª CC,0001993-44.2015.8.17.1250,2ª Vara Cível e Regional da Infância e Juventude da Comarca de Santa Cruz do Capibaribe,17/06/2026,Prioridade Legal,12
5ª CCJ,0002176-25.2009.8.17.1250,2ª Vara Cível e Regional da Infância e Juventude da Comarca de Santa Cruz do Capibaribe,21/05/2026,Sem prioridade,39
6ª CC,0002363-22.2024.8.17.3250,2ª Vara Cível e Regional da Infância e Juventude da Comarca de Santa Cruz do Capibaribe,19/06/2026,Prioridade Legal,10
6ª CC,0002806-36.2025.8.17.3250,2ª Vara Cível e Regional da Infância e Juventude da Comarca de Santa Cruz do Capibaribe,19/06/2026,Prioridade Legal,10
6ª CC,0003540-55.2023.8.17.3250,2ª Vara Cível e Regional da Infância e Juventude da Comarca de Santa Cruz do Capibaribe,19/06/2026,Sem prioridade,10
6ª CC,0005157-84.2022.8.17.3250,2ª Vara Cível e Regional da Infância e Juventude da Comarca de Santa Cruz do Capibaribe,18/06/2026,Prioridade Legal,11
6ª CC,0005206-91.2023.8.17.3250,2ª Vara Cível e Regional da Infância e Juventude da Comarca de Santa Cruz do Capibaribe,19/06/2026,Sem prioridade,10
1ª CCJ,0000008-86.2023.8.17.8225,Juizado Especial Cível e das Relações de Consumo e Criminal da Comarca de Santa Cruz do Capibaribe,06/05/2026,Prioridade Legal,54
1ª CCJ,0000051-18.2026.8.17.8225,Juizado Especial Cível e das Relações de Consumo e Criminal da Comarca de Santa Cruz do Capibaribe,17/06/2026,Prioridade Legal,12
1ª CCJ,0000327-83.2025.8.17.8225,Juizado Especial Cível e das Relações de Consumo e Criminal da Comarca de Santa Cruz do Capibaribe,01/06/2026,Prioridade Legal,29
1ª CCJ,0000354-66.2025.8.17.8225,Juizado Especial Cível e das Relações de Consumo e Criminal da Comarca de Santa Cruz do Capibaribe,26/05/2026,Prioridade Legal,35
1ª CCJ,0000614-80.2024.8.17.8225,Juizado Especial Cível e das Relações de Consumo e Criminal da Comarca de Santa Cruz do Capibaribe,05/06/2026,Prioridade Legal,24
1ª CCJ,0000653-77.2024.8.17.8225,Juizado Especial Cível e das Relações de Consumo e Criminal da Comarca de Santa Cruz do Capibaribe,14/05/2026,Prioridade Legal,46
1ª CCJ,0000879-48.2025.8.17.8225,Juizado Especial Cível e das Relações de Consumo e Criminal da Comarca de Santa Cruz do Capibaribe,08/06/2026,Prioridade Legal,22
1ª CCJ,0001154-94.2025.8.17.8225,Juizado Especial Cível e das Relações de Consumo e Criminal da Comarca de Santa Cruz do Capibaribe,01/06/2026,Prioridade Legal,29
1ª CCJ,0001268-33.2025.8.17.8225,Juizado Especial Cível e das Relações de Consumo e Criminal da Comarca de Santa Cruz do Capibaribe,28/05/2026,Prioridade Legal,32
2ª CCJ,0000138-68.2018.8.17.2820,Vara da Fazenda Pública da Comarca de Santa Cruz do Capibaribe,17/06/2026,Sem prioridade,12
2ª CCJ,0000147-93.2021.8.17.3250,Vara da Fazenda Pública da Comarca de Santa Cruz do Capibaribe,02/06/2026,Prioridade Legal,27
4ª CC,0000602-45.2001.8.17.1250,Vara da Fazenda Pública da Comarca de Santa Cruz do Capibaribe,17/06/2026,Prioridade Legal,12
4ª CC,0000739-69.2023.8.17.3250,Vara da Fazenda Pública da Comarca de Santa Cruz do Capibaribe,10/06/2026,Prioridade Legal,19
4ª CC,0000743-09.2023.8.17.3250,Vara da Fazenda Pública da Comarca de Santa Cruz do Capibaribe,17/06/2026,Prioridade Legal,12
4ª CC,0001193-49.2023.8.17.3250,Vara da Fazenda Pública da Comarca de Santa Cruz do Capibaribe,18/06/2026,Prioridade Legal,11
4ª CC,0001350-85.2024.8.17.3250,Vara da Fazenda Pública da Comarca de Santa Cruz do Capibaribe,16/06/2026,Prioridade Legal,13
4ª CC,0001358-33.2022.8.17.3250,Vara da Fazenda Pública da Comarca de Santa Cruz do Capibaribe,15/06/2026,Sem prioridade,14
4ª CC,0001386-64.2023.8.17.3250,Vara da Fazenda Pública da Comarca de Santa Cruz do Capibaribe,16/06/2026,Prioridade Legal,13
4ª CC,0001458-51.2023.8.17.3250,Vara da Fazenda Pública da Comarca de Santa Cruz do Capibaribe,17/06/2026,Prioridade Legal,12
2ª CCJ,0001987-75.2020.8.17.3250,Vara da Fazenda Pública da Comarca de Santa Cruz do Capibaribe,15/06/2026,Prioridade Legal,14
2ª CCJ,0002741-80.2021.8.17.3250,Vara da Fazenda Pública da Comarca de Santa Cruz do Capibaribe,30/05/2026,Sem prioridade,30
4ª CC,0004130-66.2022.8.17.3250,Vara da Fazenda Pública da Comarca de Santa Cruz do Capibaribe,11/06/2026,Sem prioridade,18
4ª CC,0004936-67.2023.8.17.3250,Vara da Fazenda Pública da Comarca de Santa Cruz do Capibaribe,16/06/2026,Prioridade Legal,13
4ª CC,0005012-91.2023.8.17.3250,Vara da Fazenda Pública da Comarca de Santa Cruz do Capibaribe,10/06/2026,Prioridade Legal,19
4ª CC,0005229-71.2022.8.17.3250,Vara da Fazenda Pública da Comarca de Santa Cruz do Capibaribe,07/06/2026,Prioridade Legal,22
4ª CC,0006491-22.2023.8.17.3250,Vara da Fazenda Pública da Comarca de Santa Cruz do Capibaribe,17/06/2026,Prioridade Legal,12
2ª CCJ,0007664-81.2023.8.17.3250,Vara da Fazenda Pública da Comarca de Santa Cruz do Capibaribe,12/06/2026,Sem prioridade,17
7ª CC,0000034-17.2018.8.17.3260,Vara Única da Comarca de Santa Maria da Boa Vista,17/06/2026,Prioridade Legal,13
7ª CC,0000194-24.2001.8.17.1260,Vara Única da Comarca de Santa Maria da Boa Vista,17/06/2026,Sem prioridade,0
6ª CCJ,0000297-98.2019.8.17.1260,Vara Única da Comarca de Santa Maria da Boa Vista,13/04/2026,Prioridade Legal,0
7ª CC,0000530-02.2025.8.17.3260,Vara Única da Comarca de Santa Maria da Boa Vista,19/06/2026,Sem prioridade,10
7ª CC,0000578-68.2019.8.17.3260,Vara Única da Comarca de Santa Maria da Boa Vista,18/06/2026,Prioridade Legal,11
7ª CC,0000639-50.2024.8.17.3260,Vara Única da Comarca de Santa Maria da Boa Vista,17/06/2026,Prioridade Legal,13
7ª CC,0001262-22.2021.8.17.3260,Vara Única da Comarca de Santa Maria da Boa Vista,20/06/2026,Sem prioridade,10
7ª CC,0001333-87.2022.8.17.3260,Vara Única da Comarca de Santa Maria da Boa Vista,22/06/2026,Prioridade Legal,8
5ª CCJ,0000022-27.2016.8.17.1270,Vara Única da Comarca de Santa Maria Cambucá,16/06/2026,Sem prioridade,14
5ª CCJ,0000022-31.2022.8.17.3270,Vara Única da Comarca de Santa Maria Cambucá,27/05/2026,Prioridade Legal,33
6ª CC,0000211-43.2021.8.17.3270,Vara Única da Comarca de Santa Maria Cambucá,21/06/2026,Sem prioridade,0
6ª CC,0000233-67.2022.8.17.3270,Vara Única da Comarca de Santa Maria Cambucá,15/06/2026,Sem prioridade,14
6ª CC,0000239-69.2025.8.17.3270,Vara Única da Comarca de Santa Maria Cambucá,09/06/2026,Prioridade Legal,20
5ª CCJ,0000246-66.2022.8.17.3270,Vara Única da Comarca de Santa Maria Cambucá,16/06/2026,Sem prioridade,13
6ª CC,0000577-49.2013.8.17.1270,Vara Única da Comarca de Santa Maria Cambucá,08/06/2026,Sem prioridade,21
2ª CC,0000141-60.2023.8.17.5370,1ª Vara Criminal da Comarca de Serra Talhada,18/06/2026,Sem prioridade,0
2ª CC,0001241-03.2015.8.17.1370,1ª Vara Criminal da Comarca de Serra Talhada,19/06/2026,Sem prioridade,0
7ª CC,0001118-67.2025.8.17.3370,1ª Vara Cível da Comarca de Serra Talhada,15/06/2026,Prioridade Legal,14
7ª CC,0001777-53.2011.8.17.1370,1ª Vara Cível da Comarca de Serra Talhada,12/06/2026,Sem prioridade,17
7ª CC,0001972-96.2015.8.17.1370,1ª Vara Cível da Comarca de Serra Talhada,16/06/2026,Prioridade Legal,13
7ª CC,0002282-67.2025.8.17.3370,1ª Vara Cível da Comarca de Serra Talhada,16/06/2026,Prioridade Legal,13
6ª CCJ,0002754-78.2019.8.17.3370,1ª Vara Cível da Comarca de Serra Talhada,01/06/2026,Prioridade Legal,28
7ª CC,0003070-81.2025.8.17.3370,1ª Vara Cível da Comarca de Serra Talhada,12/06/2026,Prioridade Legal,17
7ª CC,0004655-08.2024.8.17.3370,1ª Vara Cível da Comarca de Serra Talhada,17/06/2026,Prioridade Legal,13
7ª CC,0004904-56.2024.8.17.3370,1ª Vara Cível da Comarca de Serra Talhada,18/06/2026,Prioridade Legal,11
2ª CC,0000159-40.2024.8.17.4370,2ª Vara Criminal da Comarca de Serra Talhada,15/06/2026,Prioridade Legal,0
2ª CC,0000177-79.2020.8.17.1370,2ª Vara Criminal da Comarca de Serra Talhada,15/06/2026,Sem prioridade,0
2ª CC,0003073-08.2014.8.17.1370,2ª Vara Criminal da Comarca de Serra Talhada,15/06/2026,Sem prioridade,0
6ª CCJ,0000104-45.1999.8.17.1370,2ª Vara Cível e Regional da Infância e Juventude da Comarca de Serra Talhada,18/06/2026,Sem prioridade,12
6ª CCJ,0000424-35.2024.8.17.3370,2ª Vara Cível e Regional da Infância e Juventude da Comarca de Serra Talhada,02/06/2026,Prioridade Legal,27
7ª CC,0000599-63.2023.8.17.3370,2ª Vara Cível e Regional da Infância e Juventude da Comarca de Serra Talhada,17/06/2026,Prioridade Legal,12
7ª CC,0001609-84.2019.8.17.3370,2ª Vara Cível e Regional da Infância e Juventude da Comarca de Serra Talhada,29/06/2026,Prioridade Legal,0
7ª CC,0002113-90.2019.8.17.3370,2ª Vara Cível e Regional da Infância e Juventude da Comarca de Serra Talhada,15/06/2026,Prioridade Legal,14
7ª CC,0002117-55.2015.8.17.1370,2ª Vara Cível e Regional da Infância e Juventude da Comarca de Serra Talhada,29/06/2026,Prioridade Legal,0
6ª CCJ,0003023-50.2012.8.17.1370,2ª Vara Cível e Regional da Infância e Juventude da Comarca de Serra Talhada,10/06/2026,Sem prioridade,19
7ª CC,0000008-37.2024.8.17.3380,Vara Única da Comarca de Serrita,15/06/2026,Prioridade Legal,14
7ª CC,0000526-66.2020.8.17.3380,Vara Única da Comarca de Serrita,17/06/2026,Prioridade Legal,12
7ª CC,0000597-92.2025.8.17.3380,Vara Única da Comarca de Serrita,19/06/2026,Sem prioridade,0
7ª CC,0000610-28.2024.8.17.3380,Vara Única da Comarca de Serrita,15/06/2026,Prioridade Legal,14
7ª CC,0000764-51.2021.8.17.3380,Vara Única da Comarca de Serrita,15/06/2026,Sem prioridade,14
7ª CC,0000061-51.2025.8.17.3390,1ª Vara da Comarca de Sertânia,18/06/2026,Prioridade Legal,11
7ª CC,0000352-62.2010.8.17.1390,1ª Vara da Comarca de Sertânia,12/06/2026,Sem prioridade,0
7ª CC,0000717-08.2025.8.17.3390,1ª Vara da Comarca de Sertânia,18/06/2026,Prioridade Legal,11
7ª CC,0001049-14.2021.8.17.3390,1ª Vara da Comarca de Sertânia,18/06/2026,Prioridade Legal,12
6ª CCJ,0000020-89.2022.8.17.3390,2ª Vara da Comarca de Sertânia,11/06/2026,Prioridade Legal,19
7ª CC,0000345-59.2025.8.17.3390,2ª Vara da Comarca de Sertânia,19/06/2026,Sem prioridade,11
7ª CC,0000346-20.2020.8.17.3390,2ª Vara da Comarca de Sertânia,17/06/2026,Prioridade Legal,12
6ª CCJ,0000619-62.2021.8.17.3390,2ª Vara da Comarca de Sertânia,11/06/2026,Prioridade Legal,18
6ª CCJ,0000979-26.2023.8.17.3390,2ª Vara da Comarca de Sertânia,15/06/2026,Prioridade Legal,14
5ª CC,0000037-21.2023.8.17.5030,Vara Única da Comarca de Sirinhaém,05/06/2026,Prioridade Legal,0
5ª CC,0000146-41.2024.8.17.3400,Vara Única da Comarca de Sirinhaém,11/06/2026,Prioridade Legal,0
5ª CC,0000284-71.2025.8.17.3400,Vara Única da Comarca de Sirinhaém,15/06/2026,Prioridade Legal,14
5ª CC,0000345-29.2025.8.17.3400,Vara Única da Comarca de Sirinhaém,15/06/2026,Prioridade Legal,14
5ª CC,0000436-16.2024.8.17.5030,Vara Única da Comarca de Sirinhaém,11/06/2026,Prioridade Legal,0
5ª CC,0000629-37.2025.8.17.3400,Vara Única da Comarca de Sirinhaém,19/06/2026,Prioridade Legal,10
5ª CC,0000791-43.2010.8.17.1400,Vara Única da Comarca de Sirinhaém,16/06/2026,Prioridade Legal,13
5ª CCJ,0000031-29.2020.8.17.3410,1ª Vara Cível da Comarca de Surubim,27/05/2026,Prioridade Legal,34
6ª CC,0000107-14.2024.8.17.3410,1ª Vara Cível da Comarca de Surubim,11/06/2026,Prioridade Legal,18
5ª CCJ,0000409-48.2021.8.17.3410,1ª Vara Cível da Comarca de Surubim,26/05/2026,Prioridade Legal,34
5ª CCJ,0000649-42.2018.8.17.3410,1ª Vara Cível da Comarca de Surubim,08/06/2026,Prioridade Legal,21
5ª CCJ,0000676-02.2004.8.17.1410,1ª Vara Cível da Comarca de Surubim,25/05/2026,Prioridade Legal,35
6ª CC,0000733-04.2022.8.17.3410,1ª Vara Cível da Comarca de Surubim,19/06/2026,Prioridade Legal,10
6ª CC,0000743-82.2021.8.17.3410,1ª Vara Cível da Comarca de Surubim,21/06/2026,Prioridade Legal,8
6ª CC,0000944-69.2024.8.17.3410,1ª Vara Cível da Comarca de Surubim,17/06/2026,Prioridade Legal,12
6ª CC,0001314-48.2024.8.17.3410,1ª Vara Cível da Comarca de Surubim,12/06/2026,Prioridade Legal,17
6ª CC,0001327-76.2026.8.17.3410,1ª Vara Cível da Comarca de Surubim,15/06/2026,Prioridade Legal,14
6ª CC,0001535-03.2013.8.17.1410,1ª Vara Cível da Comarca de Surubim,11/06/2026,Sem prioridade,18
6ª CC,0002438-32.2025.8.17.3410,1ª Vara Cível da Comarca de Surubim,18/06/2026,Sem prioridade,11
5ª CCJ,0003393-68.2022.8.17.3410,1ª Vara Cível da Comarca de Surubim,09/06/2026,Prioridade Legal,20
6ª CC,0003874-94.2023.8.17.3410,1ª Vara Cível da Comarca de Surubim,15/06/2026,Prioridade Legal,14
6ª CC,0000506-43.2024.8.17.3410,2ª Vara Cível da Comarca de Surubim,15/06/2026,Prioridade Legal,14
5ª CCJ,0000541-47.2017.8.17.3410,2ª Vara Cível da Comarca de Surubim,02/06/2026,Prioridade Legal,28
6ª CC,0000758-96.2005.8.17.1410,2ª Vara Cível da Comarca de Surubim,10/06/2026,Prioridade Legal,19
5ª CCJ,0000924-20.2020.8.17.3410,2ª Vara Cível da Comarca de Surubim,27/05/2026,Prioridade Legal,33
6ª CC,0001182-35.2017.8.17.3410,2ª Vara Cível da Comarca de Surubim,11/06/2026,Prioridade Legal,18
5ª CCJ,0001234-22.2014.8.17.1410,2ª Vara Cível da Comarca de Surubim,17/06/2026,Prioridade Legal,12
6ª CC,0001376-88.2024.8.17.3410,2ª Vara Cível da Comarca de Surubim,15/06/2026,Sem prioridade,14
6ª CC,0001808-45.2014.8.17.1410,2ª Vara Cível da Comarca de Surubim,19/06/2026,Prioridade Legal,10
6ª CC,0002787-70.2015.8.17.1410,2ª Vara Cível da Comarca de Surubim,19/06/2026,Sem prioridade,10
2ª CC,0000020-24.2023.8.17.4920,Vara Criminal da Comarca de Surubim,19/06/2026,Sem prioridade,0
2ª CC,0000339-89.2023.8.17.4920,Vara Criminal da Comarca de Surubim,18/06/2026,Sem prioridade,0
2ª CC,0001125-32.2019.8.17.1410,Vara Criminal da Comarca de Surubim,18/06/2026,Sem prioridade,0
2ª CC,0002996-09.2022.8.17.3410,Vara Criminal da Comarca de Surubim,19/06/2026,Sem prioridade,0
6ª CC,0000275-71.2024.8.17.7110,1ª Vara da Comarca de São Bento do Una,16/06/2026,Prioridade Legal,0
6ª CC,0000404-91.2022.8.17.3280,1ª Vara da Comarca de São Bento do Una,16/06/2026,Prioridade Legal,13
6ª CC,0000486-21.2016.8.17.1280,1ª Vara da Comarca de São Bento do Una,15/06/2026,Sem prioridade,14
6ª CC,0000493-96.2005.8.17.1280,1ª Vara da Comarca de São Bento do Una,17/06/2026,Prioridade Legal,12
5ª CCJ,0000662-04.2022.8.17.3280,1ª Vara da Comarca de São Bento do Una,15/06/2026,Prioridade Legal,14
5ª CCJ,0000663-81.2025.8.17.3280,1ª Vara da Comarca de São Bento do Una,19/06/2026,Prioridade Legal,10
5ª CCJ,0000868-19.2013.8.17.1280,1ª Vara da Comarca de São Bento do Una,17/06/2026,Sem prioridade,12
6ª CC,0001293-17.2011.8.17.1280,1ª Vara da Comarca de São Bento do Una,17/06/2026,Prioridade Legal,0
6ª CC,0000136-71.2021.8.17.3280,2ª Vara da Comarca de São Bento do Una,18/06/2026,Prioridade Legal,12
5ª CCJ,0000327-87.2019.8.17.3280,2ª Vara da Comarca de São Bento do Una,15/05/2026,Sem prioridade,45
6ª CC,0000341-51.2024.8.17.7110,2ª Vara da Comarca de São Bento do Una,19/06/2026,Prioridade Legal,0
6ª CC,0000865-63.2022.8.17.3280,2ª Vara da Comarca de São Bento do Una,18/06/2026,Prioridade Legal,12
6ª CC,0000881-52.2012.8.17.1280,2ª Vara da Comarca de São Bento do Una,08/06/2026,Prioridade Legal,0
5ª CCJ,0001252-15.2021.8.17.3280,2ª Vara da Comarca de São Bento do Una,08/06/2026,Prioridade Legal,21
5ª CCJ,0000360-37.2025.8.17.3290,Vara Única da Comarca de São Caetano,20/05/2026,Sem prioridade,40
6ª CC,0000513-41.2023.8.17.3290,Vara Única da Comarca de São Caetano,19/06/2026,Prioridade Legal,0
5ª CCJ,0000593-44.2019.8.17.3290,Vara Única da Comarca de São Caetano,27/05/2026,Prioridade Legal,33
5ª CCJ,0000764-93.2022.8.17.3290,Vara Única da Comarca de São Caetano,08/06/2026,Prioridade Legal,21
5ª CCJ,0000800-49.2007.8.17.1290,Vara Única da Comarca de São Caetano,04/06/2026,Sem prioridade,25
5ª CCJ,0000844-57.2022.8.17.3290,Vara Única da Comarca de São Caetano,08/06/2026,Prioridade Legal,21
6ª CC,0001921-33.2024.8.17.3290,Vara Única da Comarca de São Caetano,15/06/2026,Prioridade Legal,0
5ª CCJ,0000039-26.2005.8.17.1310,Vara Única da Comarca de São Joaquim do Monte,16/06/2026,Sem prioridade,13
5ª CCJ,0000088-56.2020.8.17.3310,Vara Única da Comarca de São Joaquim do Monte,15/06/2026,Prioridade Legal,14
5ª CCJ,0000227-71.2021.8.17.3310,Vara Única da Comarca de São Joaquim do Monte,08/06/2026,Prioridade Legal,21
5ª CCJ,0000255-06.2013.8.17.1310,Vara Única da Comarca de São Joaquim do Monte,27/05/2026,Sem prioridade,34
5ª CCJ,0000315-08.2015.8.17.1310,Vara Única da Comarca de São Joaquim do Monte,09/06/2026,Sem prioridade,20
5ª CCJ,0000384-78.2020.8.17.3310,Vara Única da Comarca de São Joaquim do Monte,22/05/2026,Prioridade Legal,38
6ª CC,0000419-62.2025.8.17.3310,Vara Única da Comarca de São Joaquim do Monte,15/06/2026,Prioridade Legal,14
6ª CC,0000608-45.2022.8.17.3310,Vara Única da Comarca de São Joaquim do Monte,17/06/2026,Prioridade Legal,0
6ª CC,0000666-48.2022.8.17.3310,Vara Única da Comarca de São Joaquim do Monte,15/06/2026,Prioridade Legal,14
5ª CCJ,0000786-57.2023.8.17.3310,Vara Única da Comarca de São Joaquim do Monte,09/06/2026,Prioridade Legal,20
5ª CC,0000114-92.2018.8.17.3320,Vara Única da Comarca de São José da Coroa Grande,16/06/2026,Prioridade Legal,13
5ª CC,0000349-83.2023.8.17.3320,Vara Única da Comarca de São José da Coroa Grande,15/06/2026,Sem prioridade,14
5ª CC,0000667-67.2014.8.17.1320,Vara Única da Comarca de São José da Coroa Grande,05/06/2026,Prioridade Legal,24
5ª CC,0000675-09.2024.8.17.3320,Vara Única da Comarca de São José da Coroa Grande,11/06/2026,Sem prioridade,18
4ª CCJ,0000804-77.2025.8.17.3320,Vara Única da Comarca de São José da Coroa Grande,10/06/2026,Sem prioridade,20
7ª CC,0000067-35.2025.8.17.5370,Vara Única da Comarca de São José do Belmonte,16/06/2026,Prioridade Legal,0
6ª CCJ,0000173-84.2017.8.17.3330,Vara Única da Comarca de São José do Belmonte,18/06/2026,Prioridade Legal,11
7ª CC,0000271-93.2022.8.17.3330,Vara Única da Comarca de São José do Belmonte,16/06/2026,Prioridade Legal,14
7ª CC,0000423-16.2011.8.17.1330,Vara Única da Comarca de São José do Belmonte,17/06/2026,Prioridade Legal,12
6ª CCJ,0000548-08.2016.8.17.1330,Vara Única da Comarca de São José do Belmonte,10/06/2026,Prioridade Legal,19
6ª CCJ,0000563-49.2020.8.17.3330,Vara Única da Comarca de São José do Belmonte,05/06/2026,Prioridade Legal,24
7ª CC,0000775-94.2025.8.17.3330,Vara Única da Comarca de São José do Belmonte,18/06/2026,Prioridade Legal,11
7ª CC,0000974-53.2024.8.17.3330,Vara Única da Comarca de São José do Belmonte,15/06/2026,Prioridade Legal,14
6ª CCJ,0001226-91.2014.8.17.1330,Vara Única da Comarca de São José do Belmonte,03/06/2026,Prioridade Legal,26
6ª CCJ,0000076-15.2021.8.17.3340,1ª Vara da Comarca de São José do Egito,02/06/2026,Prioridade Legal,27
6ª CCJ,0000646-30.2023.8.17.3340,1ª Vara da Comarca de São José do Egito,17/06/2026,Prioridade Legal,13
6ª CCJ,0000826-56.2017.8.17.3340,1ª Vara da Comarca de São José do Egito,15/06/2026,Prioridade Legal,14
6ª CCJ,0000030-56.2014.8.17.1340,2ª Vara da Comarca de São José do Egito,12/06/2026,Sem prioridade,17
6ª CCJ,0000488-43.2021.8.17.3340,2ª Vara da Comarca de São José do Egito,16/06/2026,Prioridade Legal,13
6ª CCJ,0000590-65.2021.8.17.3340,2ª Vara da Comarca de São José do Egito,09/06/2026,Prioridade Legal,20
6ª CCJ,0000600-12.2021.8.17.3340,2ª Vara da Comarca de São José do Egito,16/06/2026,Prioridade Legal,13
7ª CC,0000656-74.2023.8.17.3340,2ª Vara da Comarca de São José do Egito,17/06/2026,Prioridade Legal,12
6ª CCJ,0000834-63.2010.8.17.1340,2ª Vara da Comarca de São José do Egito,02/06/2026,Sem prioridade,27
6ª CCJ,0000844-09.2019.8.17.3340,2ª Vara da Comarca de São José do Egito,28/05/2026,Prioridade Legal,32
7ª CC,0000891-12.2021.8.17.3340,2ª Vara da Comarca de São José do Egito,16/06/2026,Prioridade Legal,13
6ª CCJ,0000997-76.2018.8.17.3340,2ª Vara da Comarca de São José do Egito,19/06/2026,Prioridade Legal,10
6ª CCJ,0001195-11.2021.8.17.3340,2ª Vara da Comarca de São José do Egito,15/06/2026,Prioridade Legal,14
6ª CCJ,0001218-54.2021.8.17.3340,2ª Vara da Comarca de São José do Egito,18/06/2026,Prioridade Legal,12
7ª CC,0002239-60.2024.8.17.3340,2ª Vara da Comarca de São José do Egito,10/06/2026,Prioridade Legal,0
5ª CCJ,0000017-36.2004.8.17.1040,Vara Única da Comarca de São João,11/06/2026,Prioridade Legal,18
5ª CCJ,0000018-98.2022.8.17.3300,Vara Única da Comarca de São João,19/06/2026,Prioridade Legal,10
6ª CC,0000030-49.2021.8.17.3300,Vara Única da Comarca de São João,11/06/2026,Prioridade Legal,18
5ª CCJ,0000071-59.2017.8.17.3040,Vara Única da Comarca de São João,11/05/2026,Prioridade Legal,49
6ª CC,0000172-58.2018.8.17.3300,Vara Única da Comarca de São João,15/06/2026,Prioridade Legal,15
5ª CCJ,0000176-95.2012.8.17.1040,Vara Única da Comarca de São João,29/05/2026,Sem prioridade,31
6ª CC,0000226-75.2024.8.17.5640,Vara Única da Comarca de São João,19/06/2026,Prioridade Legal,0
5ª CCJ,0000534-55.2021.8.17.3300,Vara Única da Comarca de São João,15/06/2026,Prioridade Legal,14
6ª CC,0000666-37.2025.8.17.5640,Vara Única da Comarca de São João,15/06/2026,Prioridade Legal,0
5ª CCJ,0000682-66.2021.8.17.3300,Vara Única da Comarca de São João,29/05/2026,Prioridade Legal,31
6ª CC,0005750-32.2024.8.17.2640,Vara Única da Comarca de São João,19/06/2026,Prioridade Legal,0
4ª CCJ,0000129-68.2018.8.17.3350,1ª Vara Cível da Comarca de São Lourenço da Mata,26/05/2026,Prioridade Legal,34
4ª CCJ,0000337-47.2021.8.17.3350,1ª Vara Cível da Comarca de São Lourenço da Mata,15/06/2026,Prioridade Legal,14
4ª CCJ,0000383-75.2017.8.17.3350,1ª Vara Cível da Comarca de São Lourenço da Mata,18/06/2026,Prioridade Legal,11
4ª CCJ,0000388-87.2023.8.17.3350,1ª Vara Cível da Comarca de São Lourenço da Mata,29/05/2026,Prioridade Legal,0
5ª CC,0001198-62.2023.8.17.3350,1ª Vara Cível da Comarca de São Lourenço da Mata,08/06/2026,Prioridade Legal,21
4ª CCJ,0001281-15.2022.8.17.3350,1ª Vara Cível da Comarca de São Lourenço da Mata,29/05/2026,Prioridade Legal,31
4ª CCJ,0001823-96.2023.8.17.3350,1ª Vara Cível da Comarca de São Lourenço da Mata,02/06/2026,Prioridade Legal,27
4ª CCJ,0001891-22.2018.8.17.3350,1ª Vara Cível da Comarca de São Lourenço da Mata,26/05/2026,Prioridade Legal,34
4ª CCJ,0002069-58.2024.8.17.3350,1ª Vara Cível da Comarca de São Lourenço da Mata,25/05/2026,Prioridade Legal,35
5ª CC,0002190-52.2025.8.17.3350,1ª Vara Cível da Comarca de São Lourenço da Mata,16/06/2026,Prioridade Legal,14
4ª CCJ,0002592-17.2017.8.17.3350,1ª Vara Cível da Comarca de São Lourenço da Mata,14/06/2026,Prioridade Legal,15
5ª CC,0002608-68.2017.8.17.3350,1ª Vara Cível da Comarca de São Lourenço da Mata,31/05/2026,Sem prioridade,29
4ª CCJ,0002632-18.2025.8.17.3350,1ª Vara Cível da Comarca de São Lourenço da Mata,12/06/2026,Prioridade Legal,17
4ª CCJ,0002867-24.2021.8.17.3350,1ª Vara Cível da Comarca de São Lourenço da Mata,26/05/2026,Prioridade Legal,34
4ª CCJ,0003152-12.2024.8.17.3350,1ª Vara Cível da Comarca de São Lourenço da Mata,03/06/2026,Prioridade Legal,26
4ª CCJ,0003193-13.2023.8.17.3350,1ª Vara Cível da Comarca de São Lourenço da Mata,28/05/2026,Prioridade Legal,32
5ª CC,0003271-42.2013.8.17.1350,1ª Vara Cível da Comarca de São Lourenço da Mata,19/06/2026,Sem prioridade,10
5ª CC,0003958-52.2021.8.17.3350,1ª Vara Cível da Comarca de São Lourenço da Mata,08/06/2026,Sem prioridade,21
5ª CC,0000111-03.2025.8.17.3350,2ª Vara Cível da Comarca de São Lourenço da Mata,03/06/2026,Prioridade Legal,26
5ª CC,0000419-39.2025.8.17.3350,2ª Vara Cível da Comarca de São Lourenço da Mata,06/06/2026,Super prioridade,23
5ª CC,0000812-95.2024.8.17.3350,2ª Vara Cível da Comarca de São Lourenço da Mata,02/06/2026,Prioridade Legal,27
5ª CC,0001085-40.2025.8.17.3350,2ª Vara Cível da Comarca de São Lourenço da Mata,05/06/2026,Prioridade Legal,24
5ª CC,0001122-67.2025.8.17.3350,2ª Vara Cível da Comarca de São Lourenço da Mata,17/06/2026,Prioridade Legal,12
5ª CC,0001737-97.2012.8.17.1350,2ª Vara Cível da Comarca de São Lourenço da Mata,19/06/2026,Prioridade Legal,10
4ª CCJ,0002246-90.2022.8.17.3350,2ª Vara Cível da Comarca de São Lourenço da Mata,01/06/2026,Prioridade Legal,28
4ª CCJ,0002643-91.2018.8.17.3350,2ª Vara Cível da Comarca de São Lourenço da Mata,05/06/2026,Prioridade Legal,24
5ª CC,0003386-91.2024.8.17.3350,2ª Vara Cível da Comarca de São Lourenço da Mata,18/06/2026,Prioridade Legal,11
5ª CC,0003433-31.2025.8.17.3350,2ª Vara Cível da Comarca de São Lourenço da Mata,05/06/2026,Prioridade Legal,24
5ª CC,0003848-82.2023.8.17.3350,2ª Vara Cível da Comarca de São Lourenço da Mata,28/05/2026,Sem prioridade,32
4ª CCJ,0005116-74.2023.8.17.3350,2ª Vara Cível da Comarca de São Lourenço da Mata,15/06/2026,Sem prioridade,14
5ª CC,0089077-56.2018.8.17.2001,2ª Vara Cível da Comarca de São Lourenço da Mata,17/06/2026,Sem prioridade,12
5ª CC,0000316-33.2016.8.17.1350,3ª Vara Cível da Comarca de São Lourenço da Mata,16/06/2026,Sem prioridade,14
5ª CC,0000367-82.2021.8.17.3350,3ª Vara Cível da Comarca de São Lourenço da Mata,28/05/2026,Prioridade Legal,32
4ª CCJ,0001284-04.2021.8.17.3350,3ª Vara Cível da Comarca de São Lourenço da Mata,16/06/2026,Prioridade Legal,14
5ª CC,0001584-29.2022.8.17.3350,3ª Vara Cível da Comarca de São Lourenço da Mata,12/06/2026,Sem prioridade,17
5ª CC,0001783-51.2022.8.17.3350,3ª Vara Cível da Comarca de São Lourenço da Mata,12/06/2026,Prioridade Legal,17
5ª CC,0001888-23.2025.8.17.3350,3ª Vara Cível da Comarca de São Lourenço da Mata,12/06/2026,Sem prioridade,17
5ª CC,0001938-49.2025.8.17.3350,3ª Vara Cível da Comarca de São Lourenço da Mata,12/06/2026,Sem prioridade,17
4ª CCJ,0001969-50.2017.8.17.3350,3ª Vara Cível da Comarca de São Lourenço da Mata,14/05/2026,Prioridade Legal,46
5ª CC,0001977-46.2025.8.17.3350,3ª Vara Cível da Comarca de São Lourenço da Mata,16/06/2026,Sem prioridade,13
5ª CC,0002016-43.2025.8.17.3350,3ª Vara Cível da Comarca de São Lourenço da Mata,16/06/2026,Sem prioridade,13
5ª CC,0002017-28.2025.8.17.3350,3ª Vara Cível da Comarca de São Lourenço da Mata,16/06/2026,Sem prioridade,13
5ª CC,0002018-13.2025.8.17.3350,3ª Vara Cível da Comarca de São Lourenço da Mata,16/06/2026,Sem prioridade,13
5ª CC,0002130-79.2025.8.17.3350,3ª Vara Cível da Comarca de São Lourenço da Mata,02/06/2026,Sem prioridade,27
5ª CC,0002794-13.2025.8.17.3350,3ª Vara Cível da Comarca de São Lourenço da Mata,12/06/2026,Sem prioridade,17
5ª CC,0002888-58.2025.8.17.3350,3ª Vara Cível da Comarca de São Lourenço da Mata,12/06/2026,Sem prioridade,17
5ª CC,0003272-26.2022.8.17.3350,3ª Vara Cível da Comarca de São Lourenço da Mata,16/06/2026,Sem prioridade,14
5ª CC,0003684-49.2025.8.17.3350,3ª Vara Cível da Comarca de São Lourenço da Mata,12/06/2026,Sem prioridade,17
5ª CC,0004681-03.2023.8.17.3350,3ª Vara Cível da Comarca de São Lourenço da Mata,26/06/2026,Super prioridade,3
2ª CC,0042054-98.2018.8.17.0810,Vara Criminal da Comarca de São Lourenço da Mata,19/06/2026,Sem prioridade,0
6ª CCJ,0000029-58.2022.8.17.3420,Vara Única da Comarca de Tabira,29/05/2026,Prioridade Legal,31
6ª CCJ,0000068-95.2009.8.17.1420,Vara Única da Comarca de Tabira,08/06/2026,Sem prioridade,21
6ª CCJ,0000102-59.2024.8.17.3420,Vara Única da Comarca de Tabira,04/06/2026,Prioridade Legal,25
6ª CCJ,0000180-92.2020.8.17.3420,Vara Única da Comarca de Tabira,19/06/2026,Prioridade Legal,10
6ª CCJ,0000279-23.2024.8.17.3420,Vara Única da Comarca de Tabira,08/06/2026,Prioridade Legal,21
7ª CC,0000318-30.2018.8.17.3420,Vara Única da Comarca de Tabira,27/06/2026,Prioridade Legal,2
6ª CCJ,0000400-85.2023.8.17.3420,Vara Única da Comarca de Tabira,08/06/2026,Prioridade Legal,21
6ª CCJ,0000589-97.2022.8.17.3420,Vara Única da Comarca de Tabira,08/06/2026,Prioridade Legal,21
6ª CCJ,0000679-03.2025.8.17.3420,Vara Única da Comarca de Tabira,08/06/2026,Prioridade Legal,21
6ª CCJ,0000689-18.2023.8.17.3420,Vara Única da Comarca de Tabira,08/06/2026,Prioridade Legal,21
7ª CC,0000702-51.2022.8.17.3420,Vara Única da Comarca de Tabira,11/06/2026,Sem prioridade,18
6ª CCJ,0000741-54.2010.8.17.1420,Vara Única da Comarca de Tabira,07/06/2026,Sem prioridade,22
6ª CCJ,0000769-50.2021.8.17.3420,Vara Única da Comarca de Tabira,16/06/2026,Prioridade Legal,13
6ª CCJ,0000815-39.2021.8.17.3420,Vara Única da Comarca de Tabira,29/05/2026,Prioridade Legal,31
6ª CCJ,0000918-46.2021.8.17.3420,Vara Única da Comarca de Tabira,09/06/2026,Prioridade Legal,20
6ª CCJ,0000951-02.2022.8.17.3420,Vara Única da Comarca de Tabira,03/06/2026,Prioridade Legal,26
6ª CCJ,0001097-43.2022.8.17.3420,Vara Única da Comarca de Tabira,27/05/2026,Prioridade Legal,33
7ª CC,0001099-13.2022.8.17.3420,Vara Única da Comarca de Tabira,17/06/2026,Prioridade Legal,12
6ª CCJ,0001820-28.2023.8.17.3420,Vara Única da Comarca de Tabira,29/05/2026,Prioridade Legal,32
5ª CCJ,0000011-46.2018.8.17.3430,Vara Única da Comarca de Tacaimbó,18/06/2026,Prioridade Legal,11
5ª CCJ,0000011-70.2023.8.17.3430,Vara Única da Comarca de Tacaimbó,01/06/2026,Sem prioridade,28
6ª CC,0000042-85.2026.8.17.3430,Vara Única da Comarca de Tacaimbó,17/06/2026,Prioridade Legal,12
6ª CC,0000094-23.2022.8.17.3430,Vara Única da Comarca de Tacaimbó,15/06/2026,Sem prioridade,14
5ª CCJ,0000138-18.2017.8.17.3430,Vara Única da Comarca de Tacaimbó,15/06/2026,Prioridade Legal,14
5ª CCJ,0000147-96.2025.8.17.3430,Vara Única da Comarca de Tacaimbó,10/06/2026,Prioridade Legal,19
5ª CCJ,0000180-62.2020.8.17.3430,Vara Única da Comarca de Tacaimbó,16/06/2026,Prioridade Legal,13
5ª CCJ,0000215-85.2021.8.17.3430,Vara Única da Comarca de Tacaimbó,27/05/2026,Prioridade Legal,33
5ª CCJ,0000303-84.2025.8.17.3430,Vara Única da Comarca de Tacaimbó,29/05/2026,Prioridade Legal,31
6ª CC,0000305-25.2023.8.17.3430,Vara Única da Comarca de Tacaimbó,18/06/2026,Sem prioridade,0
5ª CC,0000043-79.2022.8.17.3440,Vara Única da Comarca de Tamandaré,04/06/2026,Prioridade Legal,25
5ª CC,0000052-65.2020.8.17.1450,Vara Única da Comarca de Tamandaré,04/06/2026,Prioridade Legal,0
5ª CC,0000073-84.2022.8.17.3450,Vara Única da Comarca de Tamandaré,19/06/2026,Sem prioridade,10
5ª CC,0000076-34.2025.8.17.3450,Vara Única da Comarca de Tamandaré,02/06/2026,Prioridade Legal,27
5ª CC,0000251-97.2014.8.17.1450,Vara Única da Comarca de Tamandaré,30/05/2026,Sem prioridade,30
5ª CC,0000405-46.2025.8.17.3450,Vara Única da Comarca de Tamandaré,02/06/2026,Prioridade Legal,27
5ª CC,0000406-31.2025.8.17.3450,Vara Única da Comarca de Tamandaré,02/06/2026,Prioridade Legal,27
5ª CC,0000457-42.2025.8.17.3450,Vara Única da Comarca de Tamandaré,02/06/2026,Prioridade Legal,27
5ª CC,0000458-08.2017.8.17.3450,Vara Única da Comarca de Tamandaré,09/06/2026,Prioridade Legal,20
5ª CC,0000577-85.2025.8.17.3450,Vara Única da Comarca de Tamandaré,02/06/2026,Prioridade Legal,27
4ª CCJ,0000619-42.2022.8.17.3450,Vara Única da Comarca de Tamandaré,29/05/2026,Prioridade Legal,31
5ª CC,0000636-57.2023.8.17.5030,Vara Única da Comarca de Tamandaré,04/06/2026,Prioridade Legal,0
5ª CC,0000743-25.2022.8.17.3450,Vara Única da Comarca de Tamandaré,19/06/2026,Prioridade Legal,10
5ª CC,0000797-83.2025.8.17.3450,Vara Única da Comarca de Tamandaré,10/06/2026,Prioridade Legal,19
4ª CCJ,0000863-68.2022.8.17.3450,Vara Única da Comarca de Tamandaré,18/06/2026,Prioridade Legal,11
5ª CC,0000925-11.2022.8.17.3450,Vara Única da Comarca de Tamandaré,04/06/2026,Prioridade Legal,25
5ª CC,0000974-86.2021.8.17.3450,Vara Única da Comarca de Tamandaré,19/06/2026,Prioridade Legal,10
4ª CCJ,0001166-20.2012.8.17.1450,Vara Única da Comarca de Tamandaré,11/06/2026,Prioridade Legal,18
5ª CC,0001271-25.2023.8.17.3450,Vara Única da Comarca de Tamandaré,19/06/2026,Sem prioridade,10
6ª CC,0000344-28.2022.8.17.5250,Vara Única da Comarca de Taquaritinga do Norte,18/06/2026,Prioridade Legal,0
5ª CCJ,0000398-63.2021.8.17.3460,Vara Única da Comarca de Taquaritinga do Norte,12/05/2026,Prioridade Legal,48
6ª CC,0000719-59.2025.8.17.3460,Vara Única da Comarca de Taquaritinga do Norte,16/06/2026,Prioridade Legal,0
4ª CCJ,0000011-38.2023.8.17.2600,1ª Vara da Comarca de Timbaúba,19/06/2026,Prioridade Legal,10
5ª CC,0000094-64.1996.8.17.1480,1ª Vara da Comarca de Timbaúba,04/06/2026,Sem prioridade,25
4ª CCJ,0000120-62.2017.8.17.2600,1ª Vara da Comarca de Timbaúba,10/06/2026,Sem prioridade,19
5ª CC,0000124-98.2016.8.17.1480,1ª Vara da Comarca de Timbaúba,12/06/2026,Prioridade Legal,17
4ª CCJ,0000146-32.2006.8.17.0600,1ª Vara da Comarca de Timbaúba,14/06/2026,Sem prioridade,15
5ª CC,0000194-13.2024.8.17.4980,1ª Vara da Comarca de Timbaúba,10/06/2026,Prioridade Legal,0
4ª CCJ,0000257-73.2019.8.17.2600,1ª Vara da Comarca de Timbaúba,10/06/2026,Sem prioridade,19
5ª CC,0000300-72.2019.8.17.1480,1ª Vara da Comarca de Timbaúba,02/06/2026,Prioridade Legal,0
5ª CC,0000341-14.2023.8.17.3480,1ª Vara da Comarca de Timbaúba,18/06/2026,Prioridade Legal,11
5ª CC,0000475-37.2017.8.17.1480,1ª Vara da Comarca de Timbaúba,09/06/2026,Sem prioridade,0
5ª CC,0000476-22.2017.8.17.1480,1ª Vara da Comarca de Timbaúba,15/06/2026,Prioridade Legal,0
5ª CC,0000489-50.2019.8.17.1480,1ª Vara da Comarca de Timbaúba,15/06/2026,Prioridade Legal,0
5ª CC,0000535-06.2021.8.17.2600,1ª Vara da Comarca de Timbaúba,05/06/2026,Prioridade Legal,0
5ª CC,0000573-76.2004.8.17.1480,1ª Vara da Comarca de Timbaúba,16/06/2026,Prioridade Legal,13
5ª CC,0000664-55.2020.8.17.0980,1ª Vara da Comarca de Timbaúba,04/06/2026,Prioridade Legal,0
5ª CC,0000798-75.2025.8.17.3480,1ª Vara da Comarca de Timbaúba,16/06/2026,Prioridade Legal,13
4ª CCJ,0001602-82.2021.8.17.3480,1ª Vara da Comarca de Timbaúba,11/06/2026,Prioridade Legal,18
4ª CCJ,0001864-32.2021.8.17.3480,1ª Vara da Comarca de Timbaúba,27/05/2026,Prioridade Legal,33
4ª CCJ,0000027-05.2022.8.17.3480,2ª Vara da Comarca de Timbaúba,17/06/2026,Prioridade Legal,12
5ª CC,0000055-02.2024.8.17.3480,2ª Vara da Comarca de Timbaúba,19/06/2026,Prioridade Legal,10
5ª CC,0000057-18.2020.8.17.0600,2ª Vara da Comarca de Timbaúba,08/06/2026,Prioridade Legal,0
4ª CCJ,0000073-20.2019.8.17.2600,2ª Vara da Comarca de Timbaúba,05/06/2026,Prioridade Legal,24
5ª CC,0000086-14.2022.8.17.2600,2ª Vara da Comarca de Timbaúba,11/06/2026,Prioridade Legal,18
5ª CC,0000087-67.2020.8.17.2600,2ª Vara da Comarca de Timbaúba,18/06/2026,Prioridade Legal,11
5ª CC,0000140-49.2011.8.17.0600,2ª Vara da Comarca de Timbaúba,16/06/2026,Prioridade Legal,13
4ª CCJ,0000143-45.2021.8.17.3480,2ª Vara da Comarca de Timbaúba,27/05/2026,Prioridade Legal,33
5ª CC,0000157-22.2026.8.17.5980,2ª Vara da Comarca de Timbaúba,10/06/2026,Prioridade Legal,0
4ª CCJ,0000169-64.2021.8.17.2600,2ª Vara da Comarca de Timbaúba,17/06/2026,Prioridade Legal,12
5ª CC,0000346-65.2025.8.17.3480,2ª Vara da Comarca de Timbaúba,12/06/2026,Prioridade Legal,17
5ª CC,0000383-39.2018.8.17.3480,2ª Vara da Comarca de Timbaúba,27/05/2026,Prioridade Legal,33
5ª CC,0000400-65.2024.8.17.3480,2ª Vara da Comarca de Timbaúba,12/06/2026,Prioridade Legal,17
4ª CCJ,0000487-89.2022.8.17.3480,2ª Vara da Comarca de Timbaúba,03/06/2026,Prioridade Legal,26
4ª CCJ,0000581-88.2015.8.17.0600,2ª Vara da Comarca de Timbaúba,29/05/2026,Sem prioridade,31
4ª CCJ,0000595-76.2021.8.17.2600,2ª Vara da Comarca de Timbaúba,01/06/2026,Prioridade Legal,28
4ª CCJ,0000869-19.2021.8.17.3480,2ª Vara da Comarca de Timbaúba,19/06/2026,Prioridade Legal,10
5ª CC,0000914-81.2025.8.17.3480,2ª Vara da Comarca de Timbaúba,04/06/2026,Sem prioridade,26
5ª CC,0000926-95.2025.8.17.3480,2ª Vara da Comarca de Timbaúba,08/06/2026,Prioridade Legal,0
4ª CCJ,0001104-83.2021.8.17.3480,2ª Vara da Comarca de Timbaúba,29/05/2026,Prioridade Legal,32
5ª CC,0001191-34.2024.8.17.3480,2ª Vara da Comarca de Timbaúba,04/06/2026,Prioridade Legal,25
5ª CC,0001337-44.2025.8.17.2218,2ª Vara da Comarca de Timbaúba,02/06/2026,Sem prioridade,27
5ª CC,0001735-85.2025.8.17.3480,2ª Vara da Comarca de Timbaúba,09/06/2026,Prioridade Legal,0
5ª CC,0001866-02.2021.8.17.3480,2ª Vara da Comarca de Timbaúba,09/06/2026,Prioridade Legal,20
5ª CC,0001881-63.2024.8.17.3480,2ª Vara da Comarca de Timbaúba,04/06/2026,Prioridade Legal,25
5ª CC,0002062-70.2012.8.17.1480,2ª Vara da Comarca de Timbaúba,04/06/2026,Sem prioridade,25
5ª CC,0002596-08.2024.8.17.3480,2ª Vara da Comarca de Timbaúba,10/06/2026,Prioridade Legal,19
6ª CC,0000012-26.2021.8.17.1490,Vara Única da Comarca de Toritama,12/06/2026,Sem prioridade,0
5ª CCJ,0000035-20.2020.8.17.3490,Vara Única da Comarca de Toritama,19/06/2026,Prioridade Legal,10
6ª CC,0000044-66.2022.8.17.5250,Vara Única da Comarca de Toritama,17/06/2026,Sem prioridade,0
5ª CCJ,0000046-41.1997.8.17.1490,Vara Única da Comarca de Toritama,25/05/2026,Prioridade Legal,35
5ª CCJ,0000079-94.1998.8.17.1490,Vara Única da Comarca de Toritama,06/06/2026,Prioridade Legal,23
5ª CCJ,0000151-26.2020.8.17.3490,Vara Única da Comarca de Toritama,26/05/2026,Prioridade Legal,34
6ª CC,0000189-67.2022.8.17.3490,Vara Única da Comarca de Toritama,16/06/2026,Prioridade Legal,13
6ª CC,0000237-02.2017.8.17.3490,Vara Única da Comarca de Toritama,17/06/2026,Prioridade Legal,12
6ª CC,0000520-44.2025.8.17.3490,Vara Única da Comarca de Toritama,16/06/2026,Prioridade Legal,13
5ª CCJ,0000575-88.2019.8.17.1490,Vara Única da Comarca de Toritama,08/05/2026,Prioridade Legal,0
6ª CC,0000993-35.2022.8.17.3490,Vara Única da Comarca de Toritama,16/06/2026,Prioridade Legal,13
6ª CC,0001019-31.2020.8.17.1250,Vara Única da Comarca de Toritama,18/06/2026,Prioridade Legal,0
6ª CC,0001371-54.2023.8.17.3490,Vara Única da Comarca de Toritama,18/06/2026,Prioridade Legal,0
6ª CC,0002524-25.2023.8.17.3490,Vara Única da Comarca de Toritama,16/06/2026,Prioridade Legal,13
5ª CC,0000057-38.2026.8.17.3500,Vara Única da Comarca de Tracunhaém,19/06/2026,Prioridade Legal,10
4ª CCJ,0000086-62.2008.8.17.0350,Vara Única da Comarca de Tracunhaém,15/06/2026,Sem prioridade,14
4ª CCJ,0000118-40.2019.8.17.3500,Vara Única da Comarca de Tracunhaém,12/06/2026,Sem prioridade,17
5ª CC,0000139-74.2021.8.17.5980,Vara Única da Comarca de Tracunhaém,11/06/2026,Prioridade Legal,0
5ª CC,0000218-78.2019.8.17.1500,Vara Única da Comarca de Tracunhaém,16/06/2026,Prioridade Legal,0
4ª CCJ,0000340-04.2013.8.17.1500,Vara Única da Comarca de Tracunhaém,15/06/2026,Sem prioridade,14
4ª CCJ,0000536-03.2015.8.17.1500,Vara Única da Comarca de Tracunhaém,17/06/2026,Sem prioridade,12
5ª CC,0000584-63.2021.8.17.3500,Vara Única da Comarca de Tracunhaém,18/06/2026,Prioridade Legal,0
5ª CC,0000797-52.2025.8.17.4980,Vara Única da Comarca de Tracunhaém,29/05/2026,Prioridade Legal,0
7ª CC,0000006-31.2025.8.17.3510,Vara Única da Comarca de Trindade,17/06/2026,Prioridade Legal,12
7ª CC,0000375-35.2019.8.17.3510,Vara Única da Comarca de Trindade,19/06/2026,Prioridade Legal,10
7ª CC,0001743-40.2023.8.17.3510,Vara Única da Comarca de Trindade,19/06/2026,Prioridade Legal,10
7ª CC,0001886-97.2021.8.17.3510,Vara Única da Comarca de Trindade,12/06/2026,Sem prioridade,18
7ª CC,0002018-57.2021.8.17.3510,Vara Única da Comarca de Trindade,12/06/2026,Sem prioridade,17
7ª CC,0002055-84.2021.8.17.3510,Vara Única da Comarca de Trindade,04/06/2026,Sem prioridade,25
7ª CC,0000004-28.1999.8.17.1520,Vara Única da Comarca de Triunfo,18/06/2026,Prioridade Legal,11
7ª CC,0000057-51.2021.8.17.3520,Vara Única da Comarca de Triunfo,17/06/2026,Prioridade Legal,12
6ª CCJ,0000106-53.2025.8.17.3520,Vara Única da Comarca de Triunfo,02/06/2026,Prioridade Legal,27
7ª CC,0000214-63.2017.8.17.3520,Vara Única da Comarca de Triunfo,19/06/2026,Prioridade Legal,10
7ª CC,0000607-42.2015.8.17.1520,Vara Única da Comarca de Triunfo,19/06/2026,Sem prioridade,10
7ª CC,0000620-12.2013.8.17.1520,Vara Única da Comarca de Triunfo,15/06/2026,Sem prioridade,14
7ª CC,0000623-59.2016.8.17.1520,Vara Única da Comarca de Triunfo,15/06/2026,Sem prioridade,14
7ª CC,0000632-31.2010.8.17.1520,Vara Única da Comarca de Triunfo,17/06/2026,Prioridade Legal,12
7ª CC,0000778-03.2021.8.17.3520,Vara Única da Comarca de Triunfo,17/06/2026,Prioridade Legal,12
7ª CC,0000879-75.2011.8.17.1520,Vara Única da Comarca de Triunfo,18/06/2026,Prioridade Legal,12
7ª CC,0001039-94.2023.8.17.3520,Vara Única da Comarca de Triunfo,17/06/2026,Prioridade Legal,12
6ª CCJ,0000036-49.2020.8.17.3540,Vara Única da Comarca de Tuparetama,19/06/2026,Prioridade Legal,10
6ª CCJ,0000040-86.2020.8.17.3540,Vara Única da Comarca de Tuparetama,12/06/2026,Prioridade Legal,17
6ª CCJ,0000079-83.2020.8.17.3540,Vara Única da Comarca de Tuparetama,12/06/2026,Prioridade Legal,17
7ª CC,0000102-29.2020.8.17.3540,Vara Única da Comarca de Tuparetama,19/06/2026,Sem prioridade,10
6ª CCJ,0000122-54.2019.8.17.3540,Vara Única da Comarca de Tuparetama,04/06/2026,Prioridade Legal,25
6ª CCJ,0000149-03.2020.8.17.3540,Vara Única da Comarca de Tuparetama,03/06/2026,Prioridade Legal,26
7ª CC,0135464-56.2023.8.17.2001,Vara Única da Comarca de Tuparetama,18/06/2026,Prioridade Legal,11
7ª CC,0000049-43.2016.8.17.1550,Vara Única da Comarca de Venturosa,18/06/2026,Sem prioridade,0
7ª CC,0000057-11.2002.8.17.1550,Vara Única da Comarca de Venturosa,19/06/2026,Prioridade Legal,10
6ª CCJ,0000213-33.2001.8.17.1550,Vara Única da Comarca de Venturosa,17/06/2026,Sem prioridade,12
7ª CC,0000262-24.2020.8.17.3550,Vara Única da Comarca de Venturosa,15/06/2026,Prioridade Legal,14
7ª CC,0000064-83.2022.8.17.3560,Vara Única da Comarca de Verdejante,18/06/2026,Prioridade Legal,11
7ª CC,0000175-96.2024.8.17.3560,Vara Única da Comarca de Verdejante,18/06/2026,Prioridade Legal,11
6ª CC,0000017-74.2025.8.17.3570,Vara Única da Comarca de Vertentes,18/06/2026,Prioridade Legal,11
6ª CC,0000102-26.2026.8.17.3570,Vara Única da Comarca de Vertentes,18/06/2026,Prioridade Legal,11
6ª CC,0000445-61.2022.8.17.3570,Vara Única da Comarca de Vertentes,18/06/2026,Prioridade Legal,12
5ª CC,0000102-89.2020.8.17.1580,Vara Única da Comarca de Vicência,05/06/2026,Prioridade Legal,0
5ª CC,0000203-43.2020.8.17.3580,Vara Única da Comarca de Vicência,27/05/2026,Prioridade Legal,33
4ª CCJ,0000221-64.2020.8.17.3580,Vara Única da Comarca de Vicência,26/05/2026,Prioridade Legal,34
5ª CC,0000515-77.2024.8.17.3580,Vara Única da Comarca de Vicência,27/05/2026,Sem prioridade,33
4ª CCJ,0000527-57.2025.8.17.3580,Vara Única da Comarca de Vicência,10/06/2026,Sem prioridade,19
5ª CC,0000528-42.2025.8.17.3580,Vara Única da Comarca de Vicência,18/06/2026,Prioridade Legal,11
5ª CC,0000777-90.2025.8.17.3580,Vara Única da Comarca de Vicência,12/06/2026,Super prioridade,17
2ª CC,0000459-10.2018.8.17.1590,1ª Vara Criminal da Comarca de Vitória de Santo Antão,17/06/2026,Sem prioridade,0
5ª CC,0000385-38.2016.8.17.3590,1ª Vara Cível da Comarca Vitória Santo Antão,19/06/2026,Sem prioridade,10
5ª CC,0001566-98.2021.8.17.3590,1ª Vara Cível da Comarca Vitória Santo Antão,17/06/2026,Prioridade Legal,12
5ª CC,0001783-05.2025.8.17.3590,1ª Vara Cível da Comarca Vitória Santo Antão,12/06/2026,Prioridade Legal,17
5ª CC,0001815-73.2026.8.17.3590,1ª Vara Cível da Comarca Vitória Santo Antão,15/06/2026,Prioridade Legal,14
5ª CC,0001927-39.2000.8.17.1590,1ª Vara Cível da Comarca Vitória Santo Antão,22/06/2026,Prioridade Legal,7
5ª CC,0002009-73.2026.8.17.3590,1ª Vara Cível da Comarca Vitória Santo Antão,15/06/2026,Prioridade Legal,14
5ª CC,0002010-64.2014.8.17.1590,1ª Vara Cível da Comarca Vitória Santo Antão,19/06/2026,Sem prioridade,10
4ª CCJ,0002406-16.2018.8.17.3590,1ª Vara Cível da Comarca Vitória Santo Antão,26/05/2026,Prioridade Legal,34
5ª CC,0002731-49.2022.8.17.3590,1ª Vara Cível da Comarca Vitória Santo Antão,18/06/2026,Prioridade Legal,11
5ª CC,0002988-69.2025.8.17.3590,1ª Vara Cível da Comarca Vitória Santo Antão,16/06/2026,Prioridade Legal,14
5ª CC,0003054-49.2025.8.17.3590,1ª Vara Cível da Comarca Vitória Santo Antão,03/06/2026,Prioridade Legal,26
5ª CC,0003076-15.2022.8.17.3590,1ª Vara Cível da Comarca Vitória Santo Antão,12/06/2026,Prioridade Legal,17
5ª CC,0003268-55.2016.8.17.3590,1ª Vara Cível da Comarca Vitória Santo Antão,19/06/2026,Sem prioridade,10
5ª CC,0003410-44.2025.8.17.3590,1ª Vara Cível da Comarca Vitória Santo Antão,16/06/2026,Prioridade Legal,13
5ª CC,0003723-39.2024.8.17.3590,1ª Vara Cível da Comarca Vitória Santo Antão,17/06/2026,Super prioridade,12
5ª CC,0004582-55.2024.8.17.3590,1ª Vara Cível da Comarca Vitória Santo Antão,16/06/2026,Prioridade Legal,13
4ª CCJ,0004618-39.2020.8.17.3590,1ª Vara Cível da Comarca Vitória Santo Antão,04/06/2026,Prioridade Legal,25
5ª CC,0005207-31.2020.8.17.3590,1ª Vara Cível da Comarca Vitória Santo Antão,19/06/2026,Prioridade Legal,10
4ª CCJ,0007015-03.2022.8.17.3590,1ª Vara Cível da Comarca Vitória Santo Antão,15/06/2026,Sem prioridade,14
5ª CC,0008445-29.2018.8.17.3590,1ª Vara Cível da Comarca Vitória Santo Antão,22/06/2026,Sem prioridade,7
5ª CC,0009838-86.2018.8.17.3590,1ª Vara Cível da Comarca Vitória Santo Antão,17/06/2026,Prioridade Legal,12
2ª CC,0000437-67.2024.8.17.5590,2ª Vara Criminal da Comarca de Vitória de Santo Antão,17/06/2026,Sem prioridade,0
5ª CC,0000115-05.2013.8.17.1590,2ª Vara Cível da Comarca Vitória Santo Antão,15/06/2026,Sem prioridade,14
4ª CCJ,0000448-82.2024.8.17.3590,2ª Vara Cível da Comarca Vitória Santo Antão,08/06/2026,Prioridade Legal,21
5ª CC,0000789-84.2019.8.17.3590,2ª Vara Cível da Comarca Vitória Santo Antão,18/06/2026,Prioridade Legal,11
4ª CCJ,0000828-81.2019.8.17.3590,2ª Vara Cível da Comarca Vitória Santo Antão,15/06/2026,Prioridade Legal,14
4ª CCJ,0001999-73.2019.8.17.3590,2ª Vara Cível da Comarca Vitória Santo Antão,26/05/2026,Sem prioridade,34
4ª CCJ,0003408-45.2023.8.17.3590,2ª Vara Cível da Comarca Vitória Santo Antão,11/06/2026,Sem prioridade,18
5ª CC,0003765-25.2023.8.17.3590,2ª Vara Cível da Comarca Vitória Santo Antão,18/06/2026,Prioridade Legal,11
4ª CCJ,0004004-92.2024.8.17.3590,2ª Vara Cível da Comarca Vitória Santo Antão,18/06/2026,Prioridade Legal,12
4ª CCJ,0005122-74.2022.8.17.3590,2ª Vara Cível da Comarca Vitória Santo Antão,01/06/2026,Prioridade Legal,28
4ª CCJ,0005969-76.2022.8.17.3590,2ª Vara Cível da Comarca Vitória Santo Antão,25/05/2026,Sem prioridade,35
5ª CC,0008260-88.2018.8.17.3590,2ª Vara Cível da Comarca Vitória Santo Antão,19/06/2026,Prioridade Legal,10
5ª CC,0000063-13.2019.8.17.3590,3ª Vara Cível da Comarca Vitória Santo Antão,08/06/2026,Sem prioridade,21
5ª CC,0000151-46.2022.8.17.3590,3ª Vara Cível da Comarca Vitória Santo Antão,04/06/2026,Sem prioridade,25
4ª CCJ,0000485-85.2019.8.17.3590,3ª Vara Cível da Comarca Vitória Santo Antão,22/05/2026,Prioridade Legal,38
4ª CCJ,0000594-70.2017.8.17.3590,3ª Vara Cível da Comarca Vitória Santo Antão,12/06/2026,Prioridade Legal,17
4ª CCJ,0000796-76.2019.8.17.3590,3ª Vara Cível da Comarca Vitória Santo Antão,03/06/2026,Prioridade Legal,26
4ª CCJ,0000806-23.2019.8.17.3590,3ª Vara Cível da Comarca Vitória Santo Antão,03/06/2026,Prioridade Legal,26
4ª CCJ,0000845-20.2019.8.17.3590,3ª Vara Cível da Comarca Vitória Santo Antão,03/06/2026,Prioridade Legal,26
5ª CC,0000849-82.2015.8.17.1590,3ª Vara Cível da Comarca Vitória Santo Antão,18/06/2026,Prioridade Legal,12
5ª CC,0001049-65.2010.8.17.1590,3ª Vara Cível da Comarca Vitória Santo Antão,18/06/2026,Sem prioridade,11
5ª CC,0001091-06.2025.8.17.3590,3ª Vara Cível da Comarca Vitória Santo Antão,19/06/2026,Prioridade Legal,10
5ª CC,0001223-97.2024.8.17.3590,3ª Vara Cível da Comarca Vitória Santo Antão,04/06/2026,Prioridade Legal,25
5ª CC,0001254-25.2021.8.17.3590,3ª Vara Cível da Comarca Vitória Santo Antão,18/06/2026,Prioridade Legal,12
5ª CC,0001716-17.2011.8.17.1590,3ª Vara Cível da Comarca Vitória Santo Antão,18/06/2026,Sem prioridade,11
5ª CC,0001807-34.2016.8.17.1590,3ª Vara Cível da Comarca Vitória Santo Antão,04/06/2026,Prioridade Legal,25
4ª CCJ,0002376-05.2023.8.17.3590,3ª Vara Cível da Comarca Vitória Santo Antão,11/06/2026,Prioridade Legal,18
5ª CC,0002491-36.2017.8.17.3590,3ª Vara Cível da Comarca Vitória Santo Antão,29/05/2026,Prioridade Legal,31
5ª CC,0002660-42.2025.8.17.3590,3ª Vara Cível da Comarca Vitória Santo Antão,29/05/2026,Prioridade Legal,31
5ª CC,0002722-82.2025.8.17.3590,3ª Vara Cível da Comarca Vitória Santo Antão,29/05/2026,Prioridade Legal,31
5ª CC,0003329-95.2025.8.17.3590,3ª Vara Cível da Comarca Vitória Santo Antão,29/05/2026,Prioridade Legal,31
5ª CC,0003412-87.2020.8.17.3590,3ª Vara Cível da Comarca Vitória Santo Antão,08/06/2026,Prioridade Legal,21
5ª CC,0003605-05.2020.8.17.3590,3ª Vara Cível da Comarca Vitória Santo Antão,05/06/2026,Super prioridade,24
5ª CC,0004206-06.2023.8.17.3590,3ª Vara Cível da Comarca Vitória Santo Antão,09/06/2026,Prioridade Legal,20
5ª CC,0004303-40.2022.8.17.3590,3ª Vara Cível da Comarca Vitória Santo Antão,08/06/2026,Prioridade Legal,21
4ª CCJ,0004376-17.2019.8.17.3590,3ª Vara Cível da Comarca Vitória Santo Antão,03/06/2026,Prioridade Legal,26
4ª CCJ,0004532-97.2022.8.17.3590,3ª Vara Cível da Comarca Vitória Santo Antão,03/06/2026,Prioridade Legal,26
5ª CC,0004936-80.2024.8.17.3590,3ª Vara Cível da Comarca Vitória Santo Antão,29/05/2026,Prioridade Legal,31
4ª CCJ,0004977-86.2020.8.17.3590,3ª Vara Cível da Comarca Vitória Santo Antão,03/06/2026,Sem prioridade,26
5ª CC,0005194-61.2022.8.17.3590,3ª Vara Cível da Comarca Vitória Santo Antão,12/06/2026,Prioridade Legal,17
5ª CC,0005909-98.2025.8.17.3590,3ª Vara Cível da Comarca Vitória Santo Antão,08/06/2026,Sem prioridade,21
5ª CC,0006530-95.2025.8.17.3590,3ª Vara Cível da Comarca Vitória Santo Antão,29/05/2026,Prioridade Legal,32
4ª CCJ,0006558-73.2019.8.17.3590,3ª Vara Cível da Comarca Vitória Santo Antão,09/06/2026,Prioridade Legal,20
5ª CC,0006880-20.2024.8.17.3590,3ª Vara Cível da Comarca Vitória Santo Antão,29/05/2026,Prioridade Legal,31
5ª CC,0006889-89.2018.8.17.3590,3ª Vara Cível da Comarca Vitória Santo Antão,05/06/2026,Sem prioridade,24
5ª CC,0007589-26.2022.8.17.3590,3ª Vara Cível da Comarca Vitória Santo Antão,04/06/2026,Prioridade Legal,25
5ª CC,0008076-59.2023.8.17.3590,3ª Vara Cível da Comarca Vitória Santo Antão,29/05/2026,Prioridade Legal,31
4ª CCJ,0008492-27.2023.8.17.3590,3ª Vara Cível da Comarca Vitória Santo Antão,07/06/2026,Sem prioridade,22
4ª CCJ,0010792-59.2023.8.17.3590,3ª Vara Cível da Comarca Vitória Santo Antão,10/06/2026,Sem prioridade,19
5ª CC,0011681-13.2023.8.17.3590,3ª Vara Cível da Comarca Vitória Santo Antão,03/06/2026,Prioridade Legal,26
4ª CCJ,0017915-83.2022.8.17.8201,3ª Vara Cível da Comarca Vitória Santo Antão,26/05/2026,Prioridade Legal,34
1ª CCJ,0000016-71.2025.8.17.8232,Juizado Especial Cível e das Relações de Consumo de Vitória de Santo Antão - Turno Manhã - 08:00h às 14:00h,11/06/2026,Prioridade Legal,18
1ª CCJ,0000090-91.2026.8.17.8232,Juizado Especial Cível e das Relações de Consumo de Vitória de Santo Antão - Turno Manhã - 08:00h às 14:00h,30/04/2026,Prioridade Legal,60
1ª CCJ,0000217-63.2025.8.17.8232,Juizado Especial Cível e das Relações de Consumo de Vitória de Santo Antão - Turno Manhã - 08:00h às 14:00h,11/06/2026,Prioridade Legal,18
1ª CCJ,0001003-15.2022.8.17.8232,Juizado Especial Cível e das Relações de Consumo de Vitória de Santo Antão - Turno Manhã - 08:00h às 14:00h,19/06/2026,Prioridade Legal,10
1ª CCJ,0001166-58.2023.8.17.8232,Juizado Especial Cível e das Relações de Consumo de Vitória de Santo Antão - Turno Manhã - 08:00h às 14:00h,30/04/2026,Prioridade Legal,60
1ª CCJ,0001197-10.2025.8.17.8232,Juizado Especial Cível e das Relações de Consumo de Vitória de Santo Antão - Turno Manhã - 08:00h às 14:00h,12/06/2026,Prioridade Legal,17
1ª CCJ,0001198-92.2025.8.17.8232,Juizado Especial Cível e das Relações de Consumo de Vitória de Santo Antão - Turno Manhã - 08:00h às 14:00h,30/04/2026,Prioridade Legal,60
1ª CCJ,0001216-16.2025.8.17.8232,Juizado Especial Cível e das Relações de Consumo de Vitória de Santo Antão - Turno Manhã - 08:00h às 14:00h,11/06/2026,Prioridade Legal,18
1ª CCJ,0001498-88.2024.8.17.8232,Juizado Especial Cível e das Relações de Consumo de Vitória de Santo Antão - Turno Manhã - 08:00h às 14:00h,20/05/2026,Prioridade Legal,40
1ª CCJ,0001583-45.2022.8.17.8232,Juizado Especial Cível e das Relações de Consumo de Vitória de Santo Antão - Turno Manhã - 08:00h às 14:00h,30/04/2026,Prioridade Legal,60
1ª CCJ,0001596-39.2025.8.17.8232,Juizado Especial Cível e das Relações de Consumo de Vitória de Santo Antão - Turno Manhã - 08:00h às 14:00h,30/04/2026,Prioridade Legal,60
1ª CCJ,0001689-36.2024.8.17.8232,Juizado Especial Cível e das Relações de Consumo de Vitória de Santo Antão - Turno Manhã - 08:00h às 14:00h,30/04/2026,Prioridade Legal,60
1ª CCJ,0001768-15.2024.8.17.8232,Juizado Especial Cível e das Relações de Consumo de Vitória de Santo Antão - Turno Manhã - 08:00h às 14:00h,18/06/2026,Prioridade Legal,11
1ª CCJ,0002099-60.2025.8.17.8232,Juizado Especial Cível e das Relações de Consumo de Vitória de Santo Antão - Turno Manhã - 08:00h às 14:00h,15/06/2026,Prioridade Legal,14
1ª CCJ,0002246-86.2025.8.17.8232,Juizado Especial Cível e das Relações de Consumo de Vitória de Santo Antão - Turno Manhã - 08:00h às 14:00h,02/06/2026,Prioridade Legal,27
5ª CC,0000026-24.2026.8.17.2140,1ª Vara da Comarca de Água Preta,04/06/2026,Sem prioridade,0
4ª CCJ,0000218-88.2025.8.17.2140,1ª Vara da Comarca de Água Preta,17/06/2026,Prioridade Legal,12
5ª CC,0000260-40.2025.8.17.2140,1ª Vara da Comarca de Água Preta,03/06/2026,Prioridade Legal,26
5ª CC,0000297-67.2025.8.17.2140,1ª Vara da Comarca de Água Preta,09/06/2026,Prioridade Legal,20
5ª CC,0000300-22.2025.8.17.2140,1ª Vara da Comarca de Água Preta,09/06/2026,Prioridade Legal,20
5ª CC,0000581-17.2021.8.17.2140,1ª Vara da Comarca de Água Preta,17/06/2026,Prioridade Legal,12
4ª CCJ,0000844-10.2025.8.17.2140,1ª Vara da Comarca de Água Preta,03/06/2026,Prioridade Legal,26
5ª CC,0001157-45.2011.8.17.0140,1ª Vara da Comarca de Água Preta,11/06/2026,Prioridade Legal,0
4ª CCJ,0001505-86.2025.8.17.2140,1ª Vara da Comarca de Água Preta,18/06/2026,Prioridade Legal,12
4ª CCJ,0001861-18.2024.8.17.2140,1ª Vara da Comarca de Água Preta,03/06/2026,Sem prioridade,26
4ª CCJ,0001889-83.2024.8.17.2140,1ª Vara da Comarca de Água Preta,03/06/2026,Prioridade Legal,26
5ª CC,0000080-92.2023.8.17.2140,2ª Vara da Comarca de Água Preta,09/06/2026,Super prioridade,20
5ª CC,0000109-16.2021.8.17.2140,2ª Vara da Comarca de Água Preta,04/06/2026,Sem prioridade,25
4ª CCJ,0000136-96.2021.8.17.2140,2ª Vara da Comarca de Água Preta,11/06/2026,Prioridade Legal,18
5ª CC,0000198-34.2024.8.17.2140,2ª Vara da Comarca de Água Preta,10/06/2026,Prioridade Legal,19
5ª CC,0000289-27.2024.8.17.2140,2ª Vara da Comarca de Água Preta,10/06/2026,Prioridade Legal,19
4ª CCJ,0000543-63.2025.8.17.2140,2ª Vara da Comarca de Água Preta,10/06/2026,Sem prioridade,19
5ª CC,0000610-63.2015.8.17.0140,2ª Vara da Comarca de Água Preta,05/06/2026,Sem prioridade,24
5ª CC,0000647-55.2025.8.17.2140,2ª Vara da Comarca de Água Preta,18/06/2026,Prioridade Legal,11
5ª CC,0000798-52.2023.8.17.5030,2ª Vara da Comarca de Água Preta,05/06/2026,Prioridade Legal,0
5ª CC,0001031-86.2023.8.17.2140,2ª Vara da Comarca de Água Preta,29/05/2026,Prioridade Legal,31
5ª CC,0001040-77.2025.8.17.2140,2ª Vara da Comarca de Água Preta,11/06/2026,Prioridade Legal,18
5ª CC,0001104-87.2025.8.17.2140,2ª Vara da Comarca de Água Preta,04/06/2026,Prioridade Legal,25
5ª CC,0001109-12.2025.8.17.2140,2ª Vara da Comarca de Água Preta,10/06/2026,Prioridade Legal,19
5ª CC,0001228-70.2025.8.17.2140,2ª Vara da Comarca de Água Preta,01/06/2026,Prioridade Legal,28
4ª CCJ,0001229-55.2025.8.17.2140,2ª Vara da Comarca de Água Preta,25/05/2026,Prioridade Legal,35
5ª CC,0001266-82.2025.8.17.2140,2ª Vara da Comarca de Água Preta,03/06/2026,Prioridade Legal,26
5ª CC,0001404-49.2025.8.17.2140,2ª Vara da Comarca de Água Preta,31/05/2026,Prioridade Legal,29
5ª CC,0001426-10.2025.8.17.2140,2ª Vara da Comarca de Água Preta,15/06/2026,Prioridade Legal,0
4ª CCJ,0001531-84.2025.8.17.2140,2ª Vara da Comarca de Água Preta,28/05/2026,Sem prioridade,32
5ª CC,0001532-06.2024.8.17.2140,2ª Vara da Comarca de Água Preta,19/06/2026,Sem prioridade,10
6ª CC,0000816-22.2019.8.17.2150,Vara Única da Comarca de Águas Belas,12/06/2026,Prioridade Legal,17
6ª CC,0001606-98.2022.8.17.2150,Vara Única da Comarca de Águas Belas,18/06/2026,Prioridade Legal,11
6ª CC,0001706-25.2023.8.17.5640,Vara Única da Comarca de Águas Belas,18/06/2026,Prioridade Legal,0
6ª CC,0001708-23.2022.8.17.2150,Vara Única da Comarca de Águas Belas,17/06/2026,Prioridade Legal,12
6ª CC,0001882-04.2023.8.17.5640,Vara Única da Comarca de Águas Belas,18/06/2026,Prioridade Legal,0
6ª CC,0002037-07.2023.8.17.5640,Vara Única da Comarca de Águas Belas,19/06/2026,Prioridade Legal,0
