processo,data,vara,nucleo,prioridades
0000010-30.2025.8.17.2100,02/06/2026,1ª Vara Cível da Comarca de Abreu e Lima,5ª CC,Prioridade Legal
0000191-94.2026.8.17.2100,04/06/2026,1ª Vara Cível da Comarca de Abreu e Lima,5ª CC,Prioridade Legal
0000257-74.2026.8.17.2100,04/06/2026,1ª Vara Cível da Comarca de Abreu e Lima,5ª CC,Prioridade Legal
0000320-36.2025.8.17.2100,05/06/2026,1ª Vara Cível da Comarca de Abreu e Lima,5ª CC,Prioridade Legal
0000364-21.2026.8.17.2100,04/06/2026,1ª Vara Cível da Comarca de Abreu e Lima,5ª CC,Prioridade Legal
0000469-32.2025.8.17.2100,12/06/2026,1ª Vara Cível da Comarca de Abreu e Lima,5ª CC,Sem prioridade
0000888-62.2019.8.17.2100,17/06/2026,1ª Vara Cível da Comarca de Abreu e Lima,4ª CCJ,Sem prioridade
0000939-29.2026.8.17.2100,04/06/2026,1ª Vara Cível da Comarca de Abreu e Lima,5ª CC,Prioridade Legal
0001126-81.2019.8.17.2100,18/06/2026,1ª Vara Cível da Comarca de Abreu e Lima,5ª CC,Prioridade Legal
0001187-63.2024.8.17.2100,01/06/2026,1ª Vara Cível da Comarca de Abreu e Lima,5ª CC,Prioridade Legal
0001469-04.2024.8.17.2100,04/06/2026,1ª Vara Cível da Comarca de Abreu e Lima,5ª CC,Prioridade Legal
0001723-40.2025.8.17.2100,04/06/2026,1ª Vara Cível da Comarca de Abreu e Lima,5ª CC,Prioridade Legal
0002029-53.2018.8.17.2100,18/06/2026,1ª Vara Cível da Comarca de Abreu e Lima,5ª CC,Super prioridade
0002305-11.2023.8.17.2100,04/06/2026,1ª Vara Cível da Comarca de Abreu e Lima,5ª CC,Prioridade Legal
0002736-45.2023.8.17.2100,02/06/2026,1ª Vara Cível da Comarca de Abreu e Lima,5ª CC,Prioridade Legal
0002768-50.2023.8.17.2100,04/06/2026,1ª Vara Cível da Comarca de Abreu e Lima,5ª CC,Prioridade Legal
0002934-48.2024.8.17.2100,04/06/2026,1ª Vara Cível da Comarca de Abreu e Lima,5ª CC,Prioridade Legal
0004099-96.2025.8.17.2100,04/06/2026,1ª Vara Cível da Comarca de Abreu e Lima,5ª CC,Prioridade Legal
0005075-74.2023.8.17.2100,12/06/2026,1ª Vara Cível da Comarca de Abreu e Lima,5ª CC,Prioridade Legal
0000234-31.2026.8.17.2100,28/05/2026,2ª Vara Cível da Comarca de Abreu e Lima,5ª CC,Prioridade Legal
0000633-60.2026.8.17.2100,17/06/2026,2ª Vara Cível da Comarca de Abreu e Lima,5ª CC,Prioridade Legal
0001463-60.2025.8.17.2100,13/06/2026,2ª Vara Cível da Comarca de Abreu e Lima,5ª CC,Sem prioridade
0000152-73.2021.8.17.2100,05/06/2026,3ª Vara Cível da Comarca de Abreu e Lima,5ª CC,Sem prioridade
0000260-34.2023.8.17.2100,10/06/2026,3ª Vara Cível da Comarca de Abreu e Lima,5ª CC,Prioridade Legal
0000642-61.2022.8.17.2100,04/06/2026,3ª Vara Cível da Comarca de Abreu e Lima,4ª CCJ,Prioridade Legal
0000695-37.2025.8.17.2100,18/06/2026,3ª Vara Cível da Comarca de Abreu e Lima,5ª CC,Prioridade Legal
0000850-40.2025.8.17.2100,05/06/2026,3ª Vara Cível da Comarca de Abreu e Lima,5ª CC,Sem prioridade
0002309-14.2024.8.17.2100,12/06/2026,3ª Vara Cível da Comarca de Abreu e Lima,5ª CC,Prioridade Legal
0002424-79.2017.8.17.2100,18/06/2026,3ª Vara Cível da Comarca de Abreu e Lima,5ª CC,Sem prioridade
0002900-73.2024.8.17.2100,05/06/2026,3ª Vara Cível da Comarca de Abreu e Lima,5ª CC,Sem prioridade
0004103-76.2012.8.17.0100,19/06/2026,3ª Vara Cível da Comarca de Abreu e Lima,5ª CC,Sem prioridade
0002319-91.2025.8.17.5990,18/06/2026,Vara Criminal da Comarca de Abreu e Lima,2ª CC,Prioridade Legal
0000158-03.2023.8.17.5110,17/06/2026,1ª Vara Criminal da Comarca de Afogados da Ingazeira,2ª CC,Prioridade Legal
0000233-75.2021.8.17.0110,17/06/2026,1ª Vara Criminal da Comarca de Afogados da Ingazeira,2ª CC,Sem prioridade
0000489-07.2025.8.17.4110,16/06/2026,1ª Vara Criminal da Comarca de Afogados da Ingazeira,2ª CC,Sem prioridade
0000600-88.2025.8.17.4110,17/06/2026,1ª Vara Criminal da Comarca de Afogados da Ingazeira,2ª CC,Prioridade Legal
0000029-06.2025.8.17.2110,03/06/2026,1ª Vara Cível da Comarca de Afogados da Ingazeira,6ª CCJ,Prioridade Legal
0000061-11.2025.8.17.2110,10/06/2026,1ª Vara Cível da Comarca de Afogados da Ingazeira,6ª CCJ,Prioridade Legal
0000355-68.2022.8.17.2110,16/06/2026,1ª Vara Cível da Comarca de Afogados da Ingazeira,7ª CC,Prioridade Legal
0000373-60.2020.8.17.2110,17/06/2026,1ª Vara Cível da Comarca de Afogados da Ingazeira,6ª CCJ,Prioridade Legal
0000486-14.2020.8.17.2110,15/06/2026,1ª Vara Cível da Comarca de Afogados da Ingazeira,7ª CC,Prioridade Legal
0000512-36.2025.8.17.2110,01/06/2026,1ª Vara Cível da Comarca de Afogados da Ingazeira,6ª CCJ,Prioridade Legal
0000573-91.2025.8.17.2110,03/06/2026,1ª Vara Cível da Comarca de Afogados da Ingazeira,6ª CCJ,Prioridade Legal
0000595-91.2021.8.17.2110,10/06/2026,1ª Vara Cível da Comarca de Afogados da Ingazeira,6ª CCJ,Prioridade Legal
0000607-66.2025.8.17.2110,15/06/2026,1ª Vara Cível da Comarca de Afogados da Ingazeira,6ª CCJ,Prioridade Legal
0000933-27.2016.8.17.0110,03/06/2026,1ª Vara Cível da Comarca de Afogados da Ingazeira,6ª CCJ,Prioridade Legal
0001100-19.2020.8.17.2110,04/06/2026,1ª Vara Cível da Comarca de Afogados da Ingazeira,6ª CCJ,Sem prioridade
0001170-07.2018.8.17.2110,15/06/2026,1ª Vara Cível da Comarca de Afogados da Ingazeira,6ª CCJ,Sem prioridade
0001175-29.2018.8.17.2110,15/06/2026,1ª Vara Cível da Comarca de Afogados da Ingazeira,6ª CCJ,Sem prioridade
0001331-46.2020.8.17.2110,09/06/2026,1ª Vara Cível da Comarca de Afogados da Ingazeira,6ª CCJ,Sem prioridade
0001400-39.2024.8.17.2110,01/06/2026,1ª Vara Cível da Comarca de Afogados da Ingazeira,6ª CCJ,Prioridade Legal
0001419-21.2019.8.17.2110,18/06/2026,1ª Vara Cível da Comarca de Afogados da Ingazeira,7ª CC,Prioridade Legal
0001478-43.2018.8.17.2110,16/06/2026,1ª Vara Cível da Comarca de Afogados da Ingazeira,6ª CCJ,Prioridade Legal
0001680-73.2025.8.17.2110,01/06/2026,1ª Vara Cível da Comarca de Afogados da Ingazeira,6ª CCJ,Prioridade Legal
0001695-76.2024.8.17.2110,16/06/2026,1ª Vara Cível da Comarca de Afogados da Ingazeira,6ª CCJ,Prioridade Legal
0001700-64.2025.8.17.2110,15/06/2026,1ª Vara Cível da Comarca de Afogados da Ingazeira,6ª CCJ,Prioridade Legal
0001729-51.2024.8.17.2110,05/06/2026,1ª Vara Cível da Comarca de Afogados da Ingazeira,6ª CCJ,Prioridade Legal
0001763-94.2022.8.17.2110,16/06/2026,1ª Vara Cível da Comarca de Afogados da Ingazeira,7ª CC,Prioridade Legal
0001784-65.2025.8.17.2110,15/06/2026,1ª Vara Cível da Comarca de Afogados da Ingazeira,6ª CCJ,Prioridade Legal
0001788-39.2024.8.17.2110,12/06/2026,1ª Vara Cível da Comarca de Afogados da Ingazeira,6ª CCJ,Prioridade Legal
0001864-63.2024.8.17.2110,15/06/2026,1ª Vara Cível da Comarca de Afogados da Ingazeira,6ª CCJ,Prioridade Legal
0002006-34.2016.8.17.0110,11/06/2026,1ª Vara Cível da Comarca de Afogados da Ingazeira,6ª CCJ,Sem prioridade
0002248-60.2023.8.17.2110,16/06/2026,1ª Vara Cível da Comarca de Afogados da Ingazeira,7ª CC,Prioridade Legal
0002255-18.2024.8.17.2110,01/06/2026,1ª Vara Cível da Comarca de Afogados da Ingazeira,6ª CCJ,Sem prioridade
0002707-91.2025.8.17.2110,18/06/2026,1ª Vara Cível da Comarca de Afogados da Ingazeira,7ª CC,Prioridade Legal
0003002-36.2022.8.17.2110,16/06/2026,1ª Vara Cível da Comarca de Afogados da Ingazeira,6ª CCJ,Prioridade Legal
0003053-42.2025.8.17.2110,15/06/2026,1ª Vara Cível da Comarca de Afogados da Ingazeira,6ª CCJ,Prioridade Legal
0003120-08.2016.8.17.0110,18/06/2026,1ª Vara Cível da Comarca de Afogados da Ingazeira,7ª CC,Prioridade Legal
0003145-25.2022.8.17.2110,01/06/2026,1ª Vara Cível da Comarca de Afogados da Ingazeira,6ª CCJ,Prioridade Legal
0003156-54.2022.8.17.2110,18/06/2026,1ª Vara Cível da Comarca de Afogados da Ingazeira,6ª CCJ,Prioridade Legal
0003346-46.2024.8.17.2110,11/06/2026,1ª Vara Cível da Comarca de Afogados da Ingazeira,6ª CCJ,Prioridade Legal
0003388-95.2024.8.17.2110,01/06/2026,1ª Vara Cível da Comarca de Afogados da Ingazeira,6ª CCJ,Prioridade Legal
0003389-80.2024.8.17.2110,10/06/2026,1ª Vara Cível da Comarca de Afogados da Ingazeira,6ª CCJ,Prioridade Legal
0003551-75.2024.8.17.2110,15/06/2026,1ª Vara Cível da Comarca de Afogados da Ingazeira,7ª CC,Prioridade Legal
0000609-70.2024.8.17.2110,05/06/2026,2ª Vara Cível e Regional da Infância e Juventude da Comarca de Afogados da Ingazeira,6ª CCJ,Sem prioridade
0000856-27.2019.8.17.2110,10/06/2026,2ª Vara Cível e Regional da Infância e Juventude da Comarca de Afogados da Ingazeira,6ª CCJ,Prioridade Legal
0001287-95.2018.8.17.2110,18/06/2026,2ª Vara Cível e Regional da Infância e Juventude da Comarca de Afogados da Ingazeira,6ª CCJ,Prioridade Legal
0001411-68.2024.8.17.2110,01/06/2026,2ª Vara Cível e Regional da Infância e Juventude da Comarca de Afogados da Ingazeira,6ª CCJ,Prioridade Legal
0001570-55.2017.8.17.2110,29/06/2026,2ª Vara Cível e Regional da Infância e Juventude da Comarca de Afogados da Ingazeira,3ª CC,Prioridade Legal
0001652-76.2023.8.17.2110,18/06/2026,2ª Vara Cível e Regional da Infância e Juventude da Comarca de Afogados da Ingazeira,7ª CC,Prioridade Legal
0001729-85.2023.8.17.2110,16/06/2026,2ª Vara Cível e Regional da Infância e Juventude da Comarca de Afogados da Ingazeira,6ª CCJ,Sem prioridade
0002119-21.2024.8.17.2110,05/06/2026,2ª Vara Cível e Regional da Infância e Juventude da Comarca de Afogados da Ingazeira,6ª CCJ,Sem prioridade
0002149-56.2024.8.17.2110,16/06/2026,2ª Vara Cível e Regional da Infância e Juventude da Comarca de Afogados da Ingazeira,6ª CCJ,Prioridade Legal
0002261-25.2024.8.17.2110,05/06/2026,2ª Vara Cível e Regional da Infância e Juventude da Comarca de Afogados da Ingazeira,6ª CCJ,Sem prioridade
0002273-39.2024.8.17.2110,17/06/2026,2ª Vara Cível e Regional da Infância e Juventude da Comarca de Afogados da Ingazeira,6ª CCJ,Sem prioridade
0002277-76.2024.8.17.2110,16/06/2026,2ª Vara Cível e Regional da Infância e Juventude da Comarca de Afogados da Ingazeira,6ª CCJ,Sem prioridade
0002279-46.2024.8.17.2110,18/06/2026,2ª Vara Cível e Regional da Infância e Juventude da Comarca de Afogados da Ingazeira,6ª CCJ,Sem prioridade
0003269-37.2024.8.17.2110,27/05/2026,2ª Vara Cível e Regional da Infância e Juventude da Comarca de Afogados da Ingazeira,6ª CCJ,Prioridade Legal
0003517-03.2024.8.17.2110,29/06/2026,2ª Vara Cível e Regional da Infância e Juventude da Comarca de Afogados da Ingazeira,3ª CC,Prioridade Legal
0000002-90.2025.8.17.2120,16/06/2026,Vara Única da Comarca de Afrânio,7ª CC,Sem prioridade
0000037-16.2026.8.17.2120,16/06/2026,Vara Única da Comarca de Afrânio,7ª CC,Prioridade Legal
0000065-57.2021.8.17.2120,24/06/2026,Vara Única da Comarca de Afrânio,7ª CC,Prioridade Legal
0000083-39.2025.8.17.2120,16/06/2026,Vara Única da Comarca de Afrânio,7ª CC,Sem prioridade
0000121-90.2021.8.17.2120,12/06/2026,Vara Única da Comarca de Afrânio,6ª CCJ,Prioridade Legal
0000148-44.2019.8.17.2120,05/06/2026,Vara Única da Comarca de Afrânio,6ª CCJ,Prioridade Legal
0000178-45.2020.8.17.2120,15/06/2026,Vara Única da Comarca de Afrânio,7ª CC,Prioridade Legal
0000189-11.2019.8.17.2120,15/06/2026,Vara Única da Comarca de Afrânio,7ª CC,Prioridade Legal
0000194-57.2024.8.17.2120,16/06/2026,Vara Única da Comarca de Afrânio,7ª CC,Prioridade Legal
0000243-36.2014.8.17.0120,19/06/2026,Vara Única da Comarca de Afrânio,7ª CC,Prioridade Legal
0000267-92.2025.8.17.2120,15/06/2026,Vara Única da Comarca de Afrânio,7ª CC,Prioridade Legal
0000269-38.2020.8.17.2120,18/06/2026,Vara Única da Comarca de Afrânio,7ª CC,Sem prioridade
0000368-67.2015.8.17.0120,15/06/2026,Vara Única da Comarca de Afrânio,PARTIDOR,Sem prioridade
0000389-08.2025.8.17.2120,15/06/2026,Vara Única da Comarca de Afrânio,7ª CC,Prioridade Legal
0000404-45.2023.8.17.2120,02/06/2026,Vara Única da Comarca de Afrânio,6ª CCJ,Prioridade Legal
0000412-28.2011.8.17.0120,16/06/2026,Vara Única da Comarca de Afrânio,7ª CC,Sem prioridade
0000421-13.2025.8.17.2120,15/06/2026,Vara Única da Comarca de Afrânio,7ª CC,Prioridade Legal
0000435-94.2025.8.17.2120,23/06/2026,Vara Única da Comarca de Afrânio,7ª CC,Prioridade Legal
0000492-15.2025.8.17.2120,16/06/2026,Vara Única da Comarca de Afrânio,6ª CCJ,Prioridade Legal
0000499-46.2021.8.17.2120,12/06/2026,Vara Única da Comarca de Afrânio,7ª CC,Prioridade Legal
0000571-97.2013.8.17.0120,23/06/2026,Vara Única da Comarca de Afrânio,7ª CC,Super prioridade
0000583-13.2022.8.17.2120,18/06/2026,Vara Única da Comarca de Afrânio,7ª CC,Prioridade Legal
0000724-32.2022.8.17.2120,15/06/2026,Vara Única da Comarca de Afrânio,7ª CC,Prioridade Legal
0001180-11.2024.8.17.2120,15/06/2026,Vara Única da Comarca de Afrânio,6ª CCJ,Prioridade Legal
0001324-82.2024.8.17.2120,16/06/2026,Vara Única da Comarca de Afrânio,7ª CC,Prioridade Legal
0001502-31.2024.8.17.2120,16/06/2026,Vara Única da Comarca de Afrânio,7ª CC,Prioridade Legal
0001558-64.2024.8.17.2120,18/06/2026,Vara Única da Comarca de Afrânio,7ª CC,Prioridade Legal
0001788-09.2024.8.17.2120,05/06/2026,Vara Única da Comarca de Afrânio,6ª CCJ,Prioridade Legal
0012937-76.2024.8.17.3130,16/06/2026,Vara Única da Comarca de Afrânio,7ª CC,Prioridade Legal
0000052-29.2012.8.17.0130,12/06/2026,Vara Única da Comarca de Agrestina,5ª CCJ,Sem prioridade
0000332-39.2008.8.17.0130,05/06/2026,Vara Única da Comarca de Agrestina,6ª CC,Prioridade Legal
0000350-44.2026.8.17.2130,15/06/2026,Vara Única da Comarca de Agrestina,6ª CC,Prioridade Legal
0000387-38.2018.8.17.0130,18/06/2026,Vara Única da Comarca de Agrestina,6ª CC,Prioridade Legal
0000497-42.2015.8.17.0130,21/05/2026,Vara Única da Comarca de Agrestina,5ª CCJ,Prioridade Legal
0000626-51.2021.8.17.2130,17/06/2026,Vara Única da Comarca de Agrestina,6ª CC,Prioridade Legal
0000813-25.2022.8.17.2130,12/06/2026,Vara Única da Comarca de Agrestina,6ª CC,Prioridade Legal
0000856-25.2023.8.17.2130,17/06/2026,Vara Única da Comarca de Agrestina,6ª CC,Prioridade Legal
0000008-45.2023.8.17.2160,15/06/2026,Vara Única da Comarca de Alagoinha,5ª CCJ,Prioridade Legal
0000055-82.2024.8.17.2160,03/06/2026,Vara Única da Comarca de Alagoinha,5ª CCJ,Prioridade Legal
0000085-54.2023.8.17.2160,10/06/2026,Vara Única da Comarca de Alagoinha,5ª CCJ,Prioridade Legal
0000117-93.2022.8.17.2160,08/06/2026,Vara Única da Comarca de Alagoinha,5ª CCJ,Prioridade Legal
0000126-84.2024.8.17.2160,16/06/2026,Vara Única da Comarca de Alagoinha,6ª CC,Sem prioridade
0000145-90.2024.8.17.2160,16/06/2026,Vara Única da Comarca de Alagoinha,6ª CC,Prioridade Legal
0000148-21.2019.8.17.2160,16/06/2026,Vara Única da Comarca de Alagoinha,6ª CC,Sem prioridade
0000162-29.2024.8.17.2160,19/06/2026,Vara Única da Comarca de Alagoinha,6ª CC,Prioridade Legal
0000180-55.2021.8.17.2160,09/06/2026,Vara Única da Comarca de Alagoinha,6ª CC,Sem prioridade
0000182-59.2020.8.17.2160,19/06/2026,Vara Única da Comarca de Alagoinha,5ª CCJ,Prioridade Legal
0000209-42.2020.8.17.2160,20/06/2026,Vara Única da Comarca de Alagoinha,6ª CC,Prioridade Legal
0000215-20.2018.8.17.2160,11/06/2026,Vara Única da Comarca de Alagoinha,5ª CCJ,Prioridade Legal
0000258-15.2022.8.17.2160,16/06/2026,Vara Única da Comarca de Alagoinha,5ª CCJ,Prioridade Legal
0000268-54.2025.8.17.2160,14/05/2026,Vara Única da Comarca de Alagoinha,5ª CCJ,Sem prioridade
0000275-17.2023.8.17.2160,29/05/2026,Vara Única da Comarca de Alagoinha,5ª CCJ,Prioridade Legal
0000293-43.2020.8.17.2160,18/06/2026,Vara Única da Comarca de Alagoinha,5ª CCJ,Prioridade Legal
0000293-67.2025.8.17.2160,22/05/2026,Vara Única da Comarca de Alagoinha,5ª CCJ,Prioridade Legal
0000340-41.2025.8.17.2160,16/06/2026,Vara Única da Comarca de Alagoinha,6ª CC,Sem prioridade
0000365-30.2020.8.17.2160,15/06/2026,Vara Única da Comarca de Alagoinha,6ª CC,Prioridade Legal
0000402-81.2025.8.17.2160,07/05/2026,Vara Única da Comarca de Alagoinha,5ª CCJ,Sem prioridade
0000463-20.2017.8.17.2160,15/06/2026,Vara Única da Comarca de Alagoinha,6ª CC,Prioridade Legal
0000496-10.2017.8.17.2160,11/06/2026,Vara Única da Comarca de Alagoinha,5ª CCJ,Prioridade Legal
0000521-76.2024.8.17.2160,16/06/2026,Vara Única da Comarca de Alagoinha,6ª CC,Prioridade Legal
0000571-05.2024.8.17.2160,19/06/2026,Vara Única da Comarca de Alagoinha,6ª CC,Prioridade Legal
0000659-43.2024.8.17.2160,19/05/2026,Vara Única da Comarca de Alagoinha,5ª CCJ,Sem prioridade
0000695-56.2022.8.17.2160,09/06/2026,Vara Única da Comarca de Alagoinha,5ª CCJ,Prioridade Legal
0000720-64.2025.8.17.2160,19/06/2026,Vara Única da Comarca de Alagoinha,6ª CC,Prioridade Legal
0000737-37.2024.8.17.2160,16/06/2026,Vara Única da Comarca de Alagoinha,6ª CC,Prioridade Legal
0000743-78.2023.8.17.2160,10/06/2026,Vara Única da Comarca de Alagoinha,5ª CCJ,Prioridade Legal
0000830-97.2024.8.17.2160,16/06/2026,Vara Única da Comarca de Alagoinha,6ª CC,Prioridade Legal
0000960-87.2024.8.17.2160,16/06/2026,Vara Única da Comarca de Alagoinha,6ª CC,Prioridade Legal
0000961-09.2023.8.17.2160,18/06/2026,Vara Única da Comarca de Alagoinha,6ª CC,Prioridade Legal
0001097-69.2024.8.17.2160,16/06/2026,Vara Única da Comarca de Alagoinha,6ª CC,Sem prioridade
0001172-11.2024.8.17.2160,18/06/2026,Vara Única da Comarca de Alagoinha,6ª CC,Sem prioridade
0001390-73.2023.8.17.2160,08/06/2026,Vara Única da Comarca de Alagoinha,5ª CCJ,Prioridade Legal
0001399-35.2023.8.17.2160,22/05/2026,Vara Única da Comarca de Alagoinha,5ª CCJ,Prioridade Legal
0000060-74.2024.8.17.2170,19/05/2026,Vara Única da Comarca de Aliança,5ª CC,Prioridade Legal
0000092-32.2005.8.17.0170,16/06/2026,Vara Única da Comarca de Aliança,4ª CCJ,Sem prioridade
0000133-12.2025.8.17.2170,13/06/2026,Vara Única da Comarca de Aliança,5ª CC,Prioridade Legal
0000144-12.2023.8.17.2170,08/06/2026,Vara Única da Comarca de Aliança,4ª CCJ,Sem prioridade
0000277-88.2022.8.17.2170,27/05/2026,Vara Única da Comarca de Aliança,4ª CCJ,Prioridade Legal
0000308-84.2017.8.17.2170,04/06/2026,Vara Única da Comarca de Aliança,4ª CCJ,Prioridade Legal
0000372-76.2019.8.17.2218,16/06/2026,Vara Única da Comarca de Aliança,4ª CCJ,Prioridade Legal
0000383-45.2025.8.17.2170,30/05/2026,Vara Única da Comarca de Aliança,5ª CC,Prioridade Legal
0000411-13.2025.8.17.2170,15/06/2026,Vara Única da Comarca de Aliança,4ª CCJ,Sem prioridade
0000470-74.2020.8.17.2170,09/06/2026,Vara Única da Comarca de Aliança,5ª CC,Sem prioridade
0000476-86.2017.8.17.2170,18/06/2026,Vara Única da Comarca de Aliança,PARTIDOR,Prioridade Legal
0000665-21.2015.8.17.0170,26/05/2026,Vara Única da Comarca de Aliança,4ª CCJ,Sem prioridade
0000712-96.2021.8.17.2170,15/06/2026,Vara Única da Comarca de Aliança,4ª CCJ,Prioridade Legal
0000805-20.2025.8.17.2170,25/05/2026,Vara Única da Comarca de Aliança,4ª CCJ,Sem prioridade
0000805-26.2013.8.17.0170,15/06/2026,Vara Única da Comarca de Aliança,4ª CCJ,Sem prioridade
0000862-38.2025.8.17.2170,03/06/2026,Vara Única da Comarca de Aliança,5ª CC,Prioridade Legal
0000950-76.2025.8.17.2170,28/05/2026,Vara Única da Comarca de Aliança,4ª CCJ,Sem prioridade
0001110-09.2022.8.17.2170,03/06/2026,Vara Única da Comarca de Aliança,5ª CC,Sem prioridade
0001159-84.2021.8.17.2170,04/06/2026,Vara Única da Comarca de Aliança,4ª CCJ,Prioridade Legal
0001163-24.2021.8.17.2170,18/06/2026,Vara Única da Comarca de Aliança,4ª CCJ,Prioridade Legal
0001475-29.2023.8.17.2170,09/06/2026,Vara Única da Comarca de Aliança,5ª CC,Sem prioridade
0000015-69.2026.8.17.2180,16/06/2026,Vara Única da Comarca de Altinho,5ª CCJ,Prioridade Legal
0000048-47.2020.8.17.0700,15/06/2026,Vara Única da Comarca de Altinho,6ª CC,Sem prioridade
0000116-43.2025.8.17.2180,16/06/2026,Vara Única da Comarca de Altinho,6ª CC,Prioridade Legal
0000148-20.2014.8.17.0180,21/05/2026,Vara Única da Comarca de Altinho,5ª CCJ,Prioridade Legal
0000181-43.2022.8.17.2180,05/06/2026,Vara Única da Comarca de Altinho,5ª CCJ,Prioridade Legal
0000218-36.2023.8.17.2180,01/06/2026,Vara Única da Comarca de Altinho,5ª CCJ,Prioridade Legal
0000220-41.2013.8.17.0180,18/06/2026,Vara Única da Comarca de Altinho,6ª CC,Sem prioridade
0000239-41.2025.8.17.2180,16/06/2026,Vara Única da Comarca de Altinho,6ª CC,Prioridade Legal
0000246-77.2018.8.17.2180,15/06/2026,Vara Única da Comarca de Altinho,6ª CC,Prioridade Legal
0000327-26.2018.8.17.2180,20/05/2026,Vara Única da Comarca de Altinho,5ª CCJ,Prioridade Legal
0000347-07.2024.8.17.2180,15/06/2026,Vara Única da Comarca de Altinho,6ª CC,Prioridade Legal
0000364-09.2025.8.17.2180,11/06/2026,Vara Única da Comarca de Altinho,6ª CC,Prioridade Legal
0000418-48.2020.8.17.2180,12/06/2026,Vara Única da Comarca de Altinho,6ª CC,Sem prioridade
0000471-58.2022.8.17.2180,03/06/2026,Vara Única da Comarca de Altinho,5ª CCJ,Sem prioridade
0000481-35.2015.8.17.0180,18/06/2026,Vara Única da Comarca de Altinho,6ª CC,Sem prioridade
0000608-35.2025.8.17.2180,15/06/2026,Vara Única da Comarca de Altinho,6ª CC,Prioridade Legal
0000620-59.2019.8.17.2180,15/06/2026,Vara Única da Comarca de Altinho,6ª CC,Sem prioridade
0001036-85.2023.8.17.2180,12/06/2026,Vara Única da Comarca de Altinho,6ª CC,Prioridade Legal
0001299-20.2023.8.17.2180,11/06/2026,Vara Única da Comarca de Altinho,5ª CCJ,Prioridade Legal
0001309-30.2024.8.17.2180,27/05/2026,Vara Única da Comarca de Altinho,5ª CCJ,Sem prioridade
0000091-93.2019.8.17.1160,19/06/2026,Vara Única da Comarca de Amaraji,5ª CC,Prioridade Legal
0000145-10.2018.8.17.2190,17/06/2026,Vara Única da Comarca de Amaraji,5ª CC,Sem prioridade
0000146-58.2019.8.17.3160,03/06/2026,Vara Única da Comarca de Amaraji,4ª CCJ,Prioridade Legal
0000206-02.2017.8.17.3160,17/06/2026,Vara Única da Comarca de Amaraji,5ª CC,Sem prioridade
0000477-31.2016.8.17.0190,03/06/2026,Vara Única da Comarca de Amaraji,5ª CC,Sem prioridade
0000568-58.2015.8.17.0190,19/06/2026,Vara Única da Comarca de Amaraji,4ª CCJ,Sem prioridade
0000663-59.2013.8.17.0190,17/06/2026,Vara Única da Comarca de Amaraji,5ª CC,Prioridade Legal
0000956-91.2023.8.17.2190,03/06/2026,Vara Única da Comarca de Amaraji,4ª CCJ,Sem prioridade
0001940-63.2025.8.17.4370,04/06/2026,Vara Única da Comarca de Amaraji,5ª CC,Prioridade Legal
0000218-48.2020.8.17.2210,19/06/2026,1ª Vara Cível da Comarca de Araripina,7ª CC,Prioridade Legal
0000279-02.2014.8.17.0210,27/06/2026,1ª Vara Cível da Comarca de Araripina,7ª CC,Prioridade Legal
0000548-35.2026.8.17.2210,19/06/2026,1ª Vara Cível da Comarca de Araripina,7ª CC,Prioridade Legal
0000692-98.2003.8.17.0210,17/06/2026,1ª Vara Cível da Comarca de Araripina,7ª CC,Prioridade Legal
0000703-19.2018.8.17.2210,12/06/2026,1ª Vara Cível da Comarca de Araripina,7ª CC,Prioridade Legal
0000780-86.2022.8.17.2210,26/06/2026,1ª Vara Cível da Comarca de Araripina,7ª CC,Prioridade Legal
0000827-26.2023.8.17.2210,19/06/2026,1ª Vara Cível da Comarca de Araripina,7ª CC,Prioridade Legal
0000929-15.2015.8.17.0210,17/06/2026,1ª Vara Cível da Comarca de Araripina,7ª CC,Sem prioridade
0001345-84.2021.8.17.2210,08/06/2026,1ª Vara Cível da Comarca de Araripina,6ª CCJ,Prioridade Legal
0001391-39.2022.8.17.2210,19/06/2026,1ª Vara Cível da Comarca de Araripina,7ª CC,Prioridade Legal
0002106-47.2023.8.17.2210,17/06/2026,1ª Vara Cível da Comarca de Araripina,7ª CC,Prioridade Legal
0002649-84.2022.8.17.2210,19/06/2026,1ª Vara Cível da Comarca de Araripina,7ª CC,Prioridade Legal
0000094-28.1995.8.17.0210,14/06/2026,2ª Vara Cível da Comarca de Araripina,7ª CC,Prioridade Legal
0000727-37.2024.8.17.2210,21/06/2026,2ª Vara Cível da Comarca de Araripina,7ª CC,Prioridade Legal
0000804-51.2021.8.17.2210,21/06/2026,2ª Vara Cível da Comarca de Araripina,7ª CC,Prioridade Legal
0002131-61.2014.8.17.0210,09/06/2026,2ª Vara Cível da Comarca de Araripina,6ª CCJ,Sem prioridade
0002529-75.2021.8.17.2210,24/06/2026,2ª Vara Cível da Comarca de Araripina,7ª CC,Sem prioridade
0000444-77.2025.8.17.2210,19/06/2026,Vara Criminal da Comarca de Araripina,2ª CC,Prioridade Legal
0001700-94.2021.8.17.2210,19/06/2026,Vara Criminal da Comarca de Araripina,2ª CC,Sem prioridade
0000844-75.2025.8.17.4220,18/06/2026,1ª Vara Criminal da Comarca de Arcoverde,2ª CC,Prioridade Legal
0003628-51.2012.8.17.0220,16/06/2026,1ª Vara Criminal da Comarca de Arcoverde,2ª CC,Sem prioridade
0004084-98.2012.8.17.0220,15/06/2026,1ª Vara Criminal da Comarca de Arcoverde,2ª CC,Sem prioridade
0000065-72.2026.8.17.2220,18/06/2026,1ª Vara Cível da Comarca de Arcoverde,6ª CCJ,Prioridade Legal
0000119-38.2026.8.17.2220,16/06/2026,1ª Vara Cível da Comarca de Arcoverde,7ª CC,Prioridade Legal
0000276-45.2025.8.17.2220,10/06/2026,1ª Vara Cível da Comarca de Arcoverde,6ª CCJ,Prioridade Legal
0000383-89.2025.8.17.2220,12/06/2026,1ª Vara Cível da Comarca de Arcoverde,7ª CC,Prioridade Legal
0000440-10.2025.8.17.2220,04/06/2026,1ª Vara Cível da Comarca de Arcoverde,6ª CCJ,Prioridade Legal
0000761-11.2026.8.17.2220,20/06/2026,1ª Vara Cível da Comarca de Arcoverde,7ª CC,Prioridade Legal
0001187-23.2026.8.17.2220,14/06/2026,1ª Vara Cível da Comarca de Arcoverde,7ª CC,Prioridade Legal
0001194-15.2026.8.17.2220,18/06/2026,1ª Vara Cível da Comarca de Arcoverde,7ª CC,Prioridade Legal
0001386-84.2022.8.17.2220,20/06/2026,1ª Vara Cível da Comarca de Arcoverde,7ª CC,Prioridade Legal
0001435-67.2018.8.17.2220,25/05/2026,1ª Vara Cível da Comarca de Arcoverde,6ª CCJ,Prioridade Legal
0001442-15.2025.8.17.2220,27/06/2026,1ª Vara Cível da Comarca de Arcoverde,7ª CC,Prioridade Legal
0001454-92.2026.8.17.2220,19/06/2026,1ª Vara Cível da Comarca de Arcoverde,6ª CCJ,Prioridade Legal
0001536-02.2021.8.17.2220,15/06/2026,1ª Vara Cível da Comarca de Arcoverde,6ª CCJ,Prioridade Legal
0001664-46.2026.8.17.2220,19/06/2026,1ª Vara Cível da Comarca de Arcoverde,6ª CCJ,Prioridade Legal
0001951-09.2026.8.17.2220,12/06/2026,1ª Vara Cível da Comarca de Arcoverde,7ª CC,Prioridade Legal
0002193-07.2022.8.17.2220,20/06/2026,1ª Vara Cível da Comarca de Arcoverde,7ª CC,Prioridade Legal
0002672-92.2025.8.17.2220,16/06/2026,1ª Vara Cível da Comarca de Arcoverde,7ª CC,Prioridade Legal
0002725-10.2024.8.17.2220,19/06/2026,1ª Vara Cível da Comarca de Arcoverde,7ª CC,Sem prioridade
0002885-98.2025.8.17.2220,15/06/2026,1ª Vara Cível da Comarca de Arcoverde,7ª CC,Prioridade Legal
0003072-77.2023.8.17.2220,20/06/2026,1ª Vara Cível da Comarca de Arcoverde,7ª CC,Prioridade Legal
0003221-39.2024.8.17.2220,17/06/2026,1ª Vara Cível da Comarca de Arcoverde,7ª CC,Prioridade Legal
0003231-49.2025.8.17.2220,15/06/2026,1ª Vara Cível da Comarca de Arcoverde,7ª CC,Prioridade Legal
0003305-40.2024.8.17.2220,16/06/2026,1ª Vara Cível da Comarca de Arcoverde,7ª CC,Prioridade Legal
0003352-82.2022.8.17.2220,26/06/2026,1ª Vara Cível da Comarca de Arcoverde,7ª CC,Prioridade Legal
0004085-43.2025.8.17.2220,12/06/2026,1ª Vara Cível da Comarca de Arcoverde,6ª CCJ,Prioridade Legal
0004154-12.2024.8.17.2220,17/06/2026,1ª Vara Cível da Comarca de Arcoverde,6ª CCJ,Prioridade Legal
0004600-79.2016.8.17.0220,12/06/2026,1ª Vara Cível da Comarca de Arcoverde,6ª CCJ,Sem prioridade
0004947-14.2025.8.17.2220,22/06/2026,1ª Vara Cível da Comarca de Arcoverde,6ª CCJ,Prioridade Legal
0005639-47.2024.8.17.2220,17/06/2026,1ª Vara Cível da Comarca de Arcoverde,7ª CC,Sem prioridade
0005866-37.2024.8.17.2220,01/06/2026,1ª Vara Cível da Comarca de Arcoverde,6ª CCJ,Prioridade Legal
0007351-09.2023.8.17.2220,14/06/2026,1ª Vara Cível da Comarca de Arcoverde,7ª CC,Prioridade Legal
0001726-86.2026.8.17.2220,22/06/2026,2ª Vara Cível da Comarca de Arcoverde,7ª CC,Prioridade Legal
0001978-89.2026.8.17.2220,16/06/2026,2ª Vara Cível da Comarca de Arcoverde,7ª CC,Prioridade Legal
0004066-37.2025.8.17.2220,09/06/2026,2ª Vara Cível da Comarca de Arcoverde,6ª CCJ,Prioridade Legal
0004224-92.2025.8.17.2220,10/06/2026,2ª Vara Cível da Comarca de Arcoverde,6ª CCJ,Prioridade Legal
0005738-17.2024.8.17.2220,29/06/2026,2ª Vara Cível da Comarca de Arcoverde,7ª CC,Prioridade Legal
0000391-02.2026.8.17.2230,03/06/2026,Vara Única da Comarca de Barreiros,5ª CC,Prioridade Legal
0000447-86.2023.8.17.6030,12/06/2026,Vara Única da Comarca de Barreiros,5ª CC,Prioridade Legal
0000881-97.2021.8.17.2230,19/06/2026,Vara Única da Comarca de Barreiros,5ª CC,Prioridade Legal
0001136-21.2022.8.17.2230,04/06/2026,Vara Única da Comarca de Barreiros,5ª CC,Prioridade Legal
0000108-54.2024.8.17.2260,17/06/2026,1ª Vara Cível da Comarca de Belo Jardim,6ª CC,Prioridade Legal
0000324-49.2023.8.17.2260,05/06/2026,1ª Vara Cível da Comarca de Belo Jardim,5ª CCJ,Prioridade Legal
0000894-17.2006.8.17.0260,18/06/2026,1ª Vara Cível da Comarca de Belo Jardim,6ª CC,Sem prioridade
0001095-61.2022.8.17.2260,20/05/2026,1ª Vara Cível da Comarca de Belo Jardim,5ª CCJ,Prioridade Legal
0001545-67.2023.8.17.2260,15/05/2026,1ª Vara Cível da Comarca de Belo Jardim,5ª CCJ,Prioridade Legal
0001620-38.2025.8.17.2260,16/06/2026,1ª Vara Cível da Comarca de Belo Jardim,6ª CC,Sem prioridade
0001800-98.2018.8.17.2260,22/05/2026,1ª Vara Cível da Comarca de Belo Jardim,5ª CCJ,Sem prioridade
0001896-70.2016.8.17.0260,03/06/2026,1ª Vara Cível da Comarca de Belo Jardim,5ª CCJ,Prioridade Legal
0002368-41.2023.8.17.2260,08/06/2026,1ª Vara Cível da Comarca de Belo Jardim,5ª CCJ,Prioridade Legal
0003621-98.2022.8.17.2260,15/05/2026,1ª Vara Cível da Comarca de Belo Jardim,5ª CCJ,Prioridade Legal
0004585-58.2014.8.17.0260,15/05/2026,1ª Vara Cível da Comarca de Belo Jardim,5ª CCJ,Prioridade Legal
0000142-97.2022.8.17.2260,14/05/2026,2ª Vara Cível da Comarca de Belo Jardim,5ª CCJ,Prioridade Legal
0000384-84.2023.8.17.2110,11/06/2026,2ª Vara Cível da Comarca de Belo Jardim,5ª CCJ,Prioridade Legal
0000415-71.2025.8.17.2260,15/06/2026,2ª Vara Cível da Comarca de Belo Jardim,6ª CC,Prioridade Legal
0000417-85.2018.8.17.2260,19/06/2026,2ª Vara Cível da Comarca de Belo Jardim,6ª CC,Prioridade Legal
0000698-76.2008.8.17.0260,18/06/2026,2ª Vara Cível da Comarca de Belo Jardim,6ª CC,Sem prioridade
0000874-49.2020.8.17.2260,03/06/2026,2ª Vara Cível da Comarca de Belo Jardim,5ª CCJ,Sem prioridade
0001008-76.2020.8.17.2260,18/06/2026,2ª Vara Cível da Comarca de Belo Jardim,5ª CCJ,Prioridade Legal
0001054-02.2019.8.17.2260,15/06/2026,2ª Vara Cível da Comarca de Belo Jardim,5ª CCJ,Prioridade Legal
0001477-93.2018.8.17.2260,25/05/2026,2ª Vara Cível da Comarca de Belo Jardim,5ª CCJ,Prioridade Legal
0001516-46.2025.8.17.2260,12/06/2026,2ª Vara Cível da Comarca de Belo Jardim,6ª CC,Prioridade Legal
0001555-14.2023.8.17.2260,26/05/2026,2ª Vara Cível da Comarca de Belo Jardim,5ª CCJ,Prioridade Legal
0001588-10.2011.8.17.0260,12/06/2026,2ª Vara Cível da Comarca de Belo Jardim,5ª CCJ,Prioridade Legal
0001835-14.2025.8.17.2260,19/06/2026,2ª Vara Cível da Comarca de Belo Jardim,6ª CC,Prioridade Legal
0001949-21.2023.8.17.2260,27/05/2026,2ª Vara Cível da Comarca de Belo Jardim,5ª CCJ,Prioridade Legal
0001982-74.2024.8.17.2260,02/06/2026,2ª Vara Cível da Comarca de Belo Jardim,5ª CCJ,Prioridade Legal
0002002-02.2023.8.17.2260,27/05/2026,2ª Vara Cível da Comarca de Belo Jardim,5ª CCJ,Prioridade Legal
0002099-31.2025.8.17.2260,19/06/2026,2ª Vara Cível da Comarca de Belo Jardim,6ª CC,Prioridade Legal
0002446-64.2025.8.17.2260,17/06/2026,2ª Vara Cível da Comarca de Belo Jardim,5ª CCJ,Prioridade Legal
0002517-66.2025.8.17.2260,17/06/2026,2ª Vara Cível da Comarca de Belo Jardim,6ª CC,Prioridade Legal
0002818-47.2024.8.17.2260,11/06/2026,2ª Vara Cível da Comarca de Belo Jardim,5ª CCJ,Prioridade Legal
0004510-18.2023.8.17.2260,19/06/2026,2ª Vara Cível da Comarca de Belo Jardim,5ª CCJ,Prioridade Legal
0004754-44.2023.8.17.2260,11/06/2026,2ª Vara Cível da Comarca de Belo Jardim,6ª CC,Prioridade Legal
0002153-98.2023.8.17.4480,19/06/2026,Vara Criminal da Comarca de Belo Jardim,2ª CC,Sem prioridade
0000014-78.2020.8.17.2250,16/06/2026,Vara Única da Comarca de Belém São Francisco,7ª CC,Prioridade Legal
0000110-25.2022.8.17.2250,10/06/2026,Vara Única da Comarca de Belém São Francisco,6ª CCJ,Prioridade Legal
0000360-88.2015.8.17.0250,08/06/2026,Vara Única da Comarca de Belém São Francisco,6ª CCJ,Prioridade Legal
0000398-36.2023.8.17.2250,16/06/2026,Vara Única da Comarca de Belém São Francisco,6ª CCJ,Prioridade Legal
0000525-73.2026.8.17.2280,05/06/2026,1ª Vara da Comarca de Bezerros,5ª CCJ,Prioridade Legal
0000740-86.2025.8.17.5480,15/06/2026,1ª Vara da Comarca de Bezerros,6ª CC,Prioridade Legal
0001166-37.2021.8.17.2280,15/06/2026,1ª Vara da Comarca de Bezerros,6ª CC,Prioridade Legal
0001478-76.2022.8.17.2280,18/06/2026,1ª Vara da Comarca de Bezerros,6ª CC,Prioridade Legal
0001793-07.2022.8.17.2280,19/06/2026,1ª Vara da Comarca de Bezerros,6ª CC,Sem prioridade
0003014-54.2024.8.17.2280,15/06/2026,1ª Vara da Comarca de Bezerros,6ª CC,Prioridade Legal
0004195-34.2019.8.17.0480,17/06/2026,1ª Vara da Comarca de Bezerros,6ª CC,Prioridade Legal
0000014-75.2026.8.17.2280,20/05/2026,2ª Vara da Comarca de Bezerros,5ª CCJ,Sem prioridade
0000398-72.2025.8.17.2280,18/06/2026,2ª Vara da Comarca de Bezerros,6ª CC,Prioridade Legal
0000525-10.2025.8.17.2280,18/06/2026,2ª Vara da Comarca de Bezerros,6ª CC,Sem prioridade
0000889-79.2025.8.17.2280,19/06/2026,2ª Vara da Comarca de Bezerros,6ª CC,Prioridade Legal
0001656-54.2024.8.17.2280,11/06/2026,2ª Vara da Comarca de Bezerros,6ª CC,Prioridade Legal
0001682-18.2025.8.17.2280,05/06/2026,2ª Vara da Comarca de Bezerros,5ª CCJ,Prioridade Legal
0003041-37.2024.8.17.2280,19/06/2026,2ª Vara da Comarca de Bezerros,6ª CC,Prioridade Legal
0000288-53.2019.8.17.2290,15/06/2026,Vara Única da Comarca de Bodocó,7ª CC,Sem prioridade
0000401-65.2023.8.17.2290,14/06/2026,Vara Única da Comarca de Bodocó,7ª CC,Prioridade Legal
0000596-50.2023.8.17.2290,18/06/2026,Vara Única da Comarca de Bodocó,7ª CC,Prioridade Legal
0000646-08.2025.8.17.2290,17/06/2026,Vara Única da Comarca de Bodocó,7ª CC,Prioridade Legal
0000751-88.2013.8.17.0290,01/06/2026,Vara Única da Comarca de Bodocó,6ª CCJ,Prioridade Legal
0001108-67.2022.8.17.2290,18/06/2026,Vara Única da Comarca de Bodocó,7ª CC,Prioridade Legal
0001147-93.2024.8.17.2290,15/06/2026,Vara Única da Comarca de Bodocó,7ª CC,Sem prioridade
0001316-51.2022.8.17.2290,10/06/2026,Vara Única da Comarca de Bodocó,6ª CCJ,Sem prioridade
0001373-35.2023.8.17.2290,08/06/2026,Vara Única da Comarca de Bodocó,6ª CCJ,Prioridade Legal
0001402-56.2021.8.17.2290,18/06/2026,Vara Única da Comarca de Bodocó,7ª CC,Prioridade Legal
0000052-42.2017.8.17.2300,17/06/2026,1ª Vara da Comarca de Bom Conselho,5ª CCJ,Prioridade Legal
0000113-92.2020.8.17.2300,20/05/2026,1ª Vara da Comarca de Bom Conselho,5ª CCJ,Prioridade Legal
0000471-47.2026.8.17.2300,15/06/2026,1ª Vara da Comarca de Bom Conselho,6ª CC,Prioridade Legal
0000497-50.2023.8.17.2300,20/05/2026,1ª Vara da Comarca de Bom Conselho,5ª CCJ,Prioridade Legal
0000542-88.2022.8.17.2300,12/06/2026,1ª Vara da Comarca de Bom Conselho,6ª CC,Sem prioridade
0000598-19.2025.8.17.2300,17/06/2026,1ª Vara da Comarca de Bom Conselho,6ª CC,Prioridade Legal
0000634-61.2025.8.17.2300,17/06/2026,1ª Vara da Comarca de Bom Conselho,6ª CC,Sem prioridade
0000770-58.2025.8.17.2300,16/06/2026,1ª Vara da Comarca de Bom Conselho,6ª CC,Prioridade Legal
0000990-90.2024.8.17.2300,16/06/2026,1ª Vara da Comarca de Bom Conselho,6ª CC,Sem prioridade
0001003-89.2024.8.17.2300,12/06/2026,1ª Vara da Comarca de Bom Conselho,6ª CC,Prioridade Legal
0001068-21.2023.8.17.2300,17/06/2026,1ª Vara da Comarca de Bom Conselho,6ª CC,Prioridade Legal
0001172-76.2024.8.17.2300,08/06/2026,1ª Vara da Comarca de Bom Conselho,5ª CCJ,Sem prioridade
0001714-94.2024.8.17.2300,17/06/2026,1ª Vara da Comarca de Bom Conselho,6ª CC,Prioridade Legal
0001788-17.2025.8.17.2300,26/05/2026,1ª Vara da Comarca de Bom Conselho,5ª CCJ,Sem prioridade
0002738-94.2023.8.17.2300,12/06/2026,1ª Vara da Comarca de Bom Conselho,5ª CCJ,Prioridade Legal
0000143-36.2008.8.17.0300,10/06/2026,2ª Vara da Comarca de Bom Conselho,6ª CC,Sem prioridade
0000365-56.2024.8.17.2300,15/06/2026,2ª Vara da Comarca de Bom Conselho,6ª CC,Prioridade Legal
0000426-10.2018.8.17.0300,10/06/2026,2ª Vara da Comarca de Bom Conselho,6ª CC,Prioridade Legal
0001212-97.2020.8.17.2300,10/06/2026,2ª Vara da Comarca de Bom Conselho,5ª CCJ,Prioridade Legal
0001373-10.2022.8.17.5640,18/06/2026,2ª Vara da Comarca de Bom Conselho,6ª CC,Prioridade Legal
0000087-69.2017.8.17.2310,28/05/2026,Vara Única da Comarca de Bom Jardim,5ª CCJ,Prioridade Legal
0000093-37.2021.8.17.2310,19/06/2026,Vara Única da Comarca de Bom Jardim,5ª CCJ,Prioridade Legal
0000097-70.2015.8.17.0310,17/06/2026,Vara Única da Comarca de Bom Jardim,6ª CC,Prioridade Legal
0000134-10.2009.8.17.0310,11/06/2026,Vara Única da Comarca de Bom Jardim,6ª CC,Prioridade Legal
0000152-93.2019.8.17.2310,19/06/2026,Vara Única da Comarca de Bom Jardim,5ª CCJ,Prioridade Legal
0000173-69.2019.8.17.2310,19/06/2026,Vara Única da Comarca de Bom Jardim,5ª CCJ,Prioridade Legal
0000225-36.2017.8.17.2310,19/06/2026,Vara Única da Comarca de Bom Jardim,5ª CCJ,Sem prioridade
0000258-21.2020.8.17.2310,18/06/2026,Vara Única da Comarca de Bom Jardim,6ª CC,Prioridade Legal
0000273-87.2020.8.17.2310,22/05/2026,Vara Única da Comarca de Bom Jardim,5ª CCJ,Prioridade Legal
0000274-43.2018.8.17.2310,28/05/2026,Vara Única da Comarca de Bom Jardim,5ª CCJ,Prioridade Legal
0000276-13.2018.8.17.2310,28/05/2026,Vara Única da Comarca de Bom Jardim,5ª CCJ,Prioridade Legal
0000304-35.2016.8.17.0310,27/05/2026,Vara Única da Comarca de Bom Jardim,5ª CCJ,Prioridade Legal
0000335-60.2013.8.17.0310,19/06/2026,Vara Única da Comarca de Bom Jardim,6ª CC,Sem prioridade
0000562-83.2021.8.17.2310,18/06/2026,Vara Única da Comarca de Bom Jardim,5ª CCJ,Prioridade Legal
0000984-25.2013.8.17.0310,29/05/2026,Vara Única da Comarca de Bom Jardim,5ª CCJ,Prioridade Legal
0001206-21.2024.8.17.2310,20/06/2026,Vara Única da Comarca de Bom Jardim,6ª CC,Prioridade Legal
0000031-37.1990.8.17.0320,18/05/2026,Vara Única da Comarca de Bonito,5ª CCJ,Prioridade Legal
0000287-07.2021.8.17.2320,10/06/2026,Vara Única da Comarca de Bonito,6ª CC,Prioridade Legal
0000675-61.2019.8.17.0320,19/06/2026,Vara Única da Comarca de Bonito,6ª CC,Sem prioridade
0000728-51.2022.8.17.2320,18/06/2026,Vara Única da Comarca de Bonito,5ª CCJ,Sem prioridade
0000746-72.2022.8.17.2320,17/06/2026,Vara Única da Comarca de Bonito,6ª CC,Prioridade Legal
0000763-16.2019.8.17.2320,17/06/2026,Vara Única da Comarca de Bonito,PARTIDOR,Prioridade Legal
0000782-80.2023.8.17.2320,17/06/2026,Vara Única da Comarca de Bonito,6ª CC,Prioridade Legal
0000870-89.2021.8.17.2320,15/06/2026,Vara Única da Comarca de Bonito,5ª CCJ,Prioridade Legal
0001146-86.2022.8.17.2320,26/05/2026,Vara Única da Comarca de Bonito,5ª CCJ,Sem prioridade
0001520-05.2022.8.17.2320,18/06/2026,Vara Única da Comarca de Bonito,6ª CC,Prioridade Legal
0000002-46.2024.8.17.5250,19/06/2026,Vara Única da Comarca de Brejo da Madre de Deus,6ª CC,Prioridade Legal
0000015-70.2020.8.17.0340,19/06/2026,Vara Única da Comarca de Brejo da Madre de Deus,6ª CC,Sem prioridade
0000108-08.2024.8.17.2340,17/06/2026,Vara Única da Comarca de Brejo da Madre de Deus,6ª CC,Prioridade Legal
0000192-09.2024.8.17.5250,19/06/2026,Vara Única da Comarca de Brejo da Madre de Deus,6ª CC,Prioridade Legal
0000262-31.2021.8.17.2340,15/06/2026,Vara Única da Comarca de Brejo da Madre de Deus,5ª CCJ,Prioridade Legal
0000264-08.2025.8.17.7110,19/06/2026,Vara Única da Comarca de Brejo da Madre de Deus,6ª CC,Prioridade Legal
0000299-19.2025.8.17.2340,15/06/2026,Vara Única da Comarca de Brejo da Madre de Deus,5ª CCJ,Prioridade Legal
0000396-87.2023.8.17.5250,19/06/2026,Vara Única da Comarca de Brejo da Madre de Deus,6ª CC,Prioridade Legal
0000606-46.2020.8.17.2340,19/06/2026,Vara Única da Comarca de Brejo da Madre de Deus,6ª CC,Prioridade Legal
0000968-72.2025.8.17.2340,19/06/2026,Vara Única da Comarca de Brejo da Madre de Deus,6ª CC,Prioridade Legal
0001304-13.2024.8.17.2340,15/06/2026,Vara Única da Comarca de Brejo da Madre de Deus,6ª CC,Prioridade Legal
0001774-89.2025.8.17.4480,12/06/2026,Vara Única da Comarca de Brejo da Madre de Deus,6ª CC,Prioridade Legal
0000001-59.2021.8.17.5220,17/06/2026,Vara Única da Comarca de Buíque,6ª CC,Prioridade Legal
0000034-25.2023.8.17.2360,15/06/2026,Vara Única da Comarca de Buíque,6ª CC,Prioridade Legal
0000242-30.2002.8.17.0360,17/06/2026,Vara Única da Comarca de Buíque,6ª CC,Sem prioridade
0000447-33.2026.8.17.2360,15/06/2026,Vara Única da Comarca de Buíque,6ª CC,Prioridade Legal
0000706-43.2017.8.17.2360,10/06/2026,Vara Única da Comarca de Buíque,6ª CC,Prioridade Legal
0000712-50.2017.8.17.2360,08/06/2026,Vara Única da Comarca de Buíque,6ª CC,Prioridade Legal
0001297-63.2021.8.17.2360,17/06/2026,Vara Única da Comarca de Buíque,6ª CC,Prioridade Legal
0001414-15.2025.8.17.2360,19/06/2026,Vara Única da Comarca de Buíque,6ª CC,Prioridade Legal
0001838-39.2008.8.17.0360,05/06/2026,Vara Única da Comarca de Buíque,5ª CCJ,Sem prioridade
0001983-16.2025.8.17.2360,19/06/2026,Vara Única da Comarca de Buíque,6ª CC,Prioridade Legal
0002143-41.2025.8.17.2360,17/06/2026,Vara Única da Comarca de Buíque,6ª CC,Prioridade Legal
0003347-62.2014.8.17.0370,15/06/2026,1ª Vara Criminal da Comarca do Cabo de Santo Agostinho,2ª CC,Sem prioridade
0000011-56.1991.8.17.0370,12/06/2026,1ª Vara Cível da Comarca do Cabo de Santo Agostinho,4ª CCJ,Sem prioridade
0000325-29.2022.8.17.2370,19/05/2026,1ª Vara Cível da Comarca do Cabo de Santo Agostinho,5ª CC,Prioridade Legal
0002009-18.2024.8.17.2370,03/06/2026,1ª Vara Cível da Comarca do Cabo de Santo Agostinho,4ª CCJ,Sem prioridade
0002042-76.2022.8.17.2370,16/06/2026,1ª Vara Cível da Comarca do Cabo de Santo Agostinho,4ª CCJ,Sem prioridade
0002822-22.2010.8.17.0370,10/06/2026,1ª Vara Cível da Comarca do Cabo de Santo Agostinho,4ª CCJ,Sem prioridade
0032803-56.2023.8.17.2370,17/06/2026,1ª Vara Cível da Comarca do Cabo de Santo Agostinho,5ª CC,Sem prioridade
0001211-87.2022.8.17.5810,19/06/2026,2ª Vara Criminal da Comarca do Cabo de Santo Agostinho,2ª CC,Prioridade Legal
0001355-61.2022.8.17.5810,19/06/2026,2ª Vara Criminal da Comarca do Cabo de Santo Agostinho,2ª CC,Prioridade Legal
0041833-18.2018.8.17.0810,19/06/2026,2ª Vara Criminal da Comarca do Cabo de Santo Agostinho,2ª CC,Sem prioridade
0000339-71.2026.8.17.2370,07/06/2026,2ª Vara Cível da Comarca do Cabo de Santo Agostinho,5ª CC,Prioridade Legal
0000900-03.2023.8.17.2370,18/06/2026,2ª Vara Cível da Comarca do Cabo de Santo Agostinho,5ª CC,Sem prioridade
0000901-22.2022.8.17.2370,03/06/2026,2ª Vara Cível da Comarca do Cabo de Santo Agostinho,5ª CC,Prioridade Legal
0001432-06.2025.8.17.2370,03/06/2026,2ª Vara Cível da Comarca do Cabo de Santo Agostinho,5ª CC,Prioridade Legal
0001539-16.2026.8.17.2370,08/06/2026,2ª Vara Cível da Comarca do Cabo de Santo Agostinho,5ª CC,Prioridade Legal
0001735-83.2026.8.17.2370,10/06/2026,2ª Vara Cível da Comarca do Cabo de Santo Agostinho,5ª CC,Prioridade Legal
0001941-97.2026.8.17.2370,28/05/2026,2ª Vara Cível da Comarca do Cabo de Santo Agostinho,5ª CC,Prioridade Legal
0003098-42.2025.8.17.2370,05/06/2026,2ª Vara Cível da Comarca do Cabo de Santo Agostinho,5ª CC,Sem prioridade
0004848-20.2025.8.17.2810,14/06/2026,2ª Vara Cível da Comarca do Cabo de Santo Agostinho,5ª CC,Sem prioridade
0005370-09.2025.8.17.2370,04/06/2026,2ª Vara Cível da Comarca do Cabo de Santo Agostinho,5ª CC,Sem prioridade
0005580-60.2025.8.17.2370,16/06/2026,2ª Vara Cível da Comarca do Cabo de Santo Agostinho,5ª CC,Prioridade Legal
0006899-63.2025.8.17.2370,18/06/2026,2ª Vara Cível da Comarca do Cabo de Santo Agostinho,5ª CC,Prioridade Legal
0008612-45.2014.8.17.0370,18/06/2026,2ª Vara Cível da Comarca do Cabo de Santo Agostinho,5ª CC,Sem prioridade
0008789-37.2025.8.17.2370,08/06/2026,2ª Vara Cível da Comarca do Cabo de Santo Agostinho,5ª CC,Prioridade Legal
0013701-82.2022.8.17.2370,26/05/2026,2ª Vara Cível da Comarca do Cabo de Santo Agostinho,4ª CCJ,Prioridade Legal
0000108-15.2024.8.17.2370,19/06/2026,3ª Vara Criminal da Comarca do Cabo de Santo Agostinho,2ª CC,Prioridade Legal
0000215-25.2025.8.17.2370,08/06/2026,3ª Vara Cível da Comarca do Cabo de Santo Agostinho,5ª CC,Prioridade Legal
0000379-87.2025.8.17.2370,11/06/2026,3ª Vara Cível da Comarca do Cabo de Santo Agostinho,5ª CC,Prioridade Legal
0000911-27.2026.8.17.2370,10/06/2026,3ª Vara Cível da Comarca do Cabo de Santo Agostinho,5ª CC,Prioridade Legal
0000980-59.2026.8.17.2370,11/06/2026,3ª Vara Cível da Comarca do Cabo de Santo Agostinho,5ª CC,Prioridade Legal
0001304-98.2016.8.17.2370,13/06/2026,3ª Vara Cível da Comarca do Cabo de Santo Agostinho,5ª CC,Prioridade Legal
0001473-07.2024.8.17.2370,27/05/2026,3ª Vara Cível da Comarca do Cabo de Santo Agostinho,5ª CC,Prioridade Legal
0001666-85.2025.8.17.2370,03/06/2026,3ª Vara Cível da Comarca do Cabo de Santo Agostinho,5ª CC,Sem prioridade
0002476-60.2025.8.17.2370,08/06/2026,3ª Vara Cível da Comarca do Cabo de Santo Agostinho,5ª CC,Prioridade Legal
0002763-23.2025.8.17.2370,15/06/2026,3ª Vara Cível da Comarca do Cabo de Santo Agostinho,5ª CC,Prioridade Legal
0003413-70.2025.8.17.2370,03/06/2026,3ª Vara Cível da Comarca do Cabo de Santo Agostinho,5ª CC,Prioridade Legal
0004156-56.2020.8.17.2370,11/06/2026,3ª Vara Cível da Comarca do Cabo de Santo Agostinho,5ª CC,Sem prioridade
0005475-20.2024.8.17.2370,19/06/2026,3ª Vara Cível da Comarca do Cabo de Santo Agostinho,5ª CC,Prioridade Legal
0005719-18.2013.8.17.0370,13/06/2026,3ª Vara Cível da Comarca do Cabo de Santo Agostinho,5ª CC,Sem prioridade
0008186-61.2025.8.17.2370,08/06/2026,3ª Vara Cível da Comarca do Cabo de Santo Agostinho,5ª CC,Prioridade Legal
0009163-87.2024.8.17.2370,03/06/2026,3ª Vara Cível da Comarca do Cabo de Santo Agostinho,5ª CC,Prioridade Legal
0009661-52.2025.8.17.2370,09/06/2026,3ª Vara Cível da Comarca do Cabo de Santo Agostinho,5ª CC,Prioridade Legal
0009781-32.2024.8.17.2370,18/06/2026,3ª Vara Cível da Comarca do Cabo de Santo Agostinho,5ª CC,Prioridade Legal
0015275-43.2022.8.17.2370,13/06/2026,3ª Vara Cível da Comarca do Cabo de Santo Agostinho,5ª CC,Sem prioridade
0026497-42.2021.8.17.2370,18/06/2026,3ª Vara Cível da Comarca do Cabo de Santo Agostinho,5ª CC,Prioridade Legal
0000315-92.2016.8.17.2370,12/06/2026,4ª Vara Cível da Comarca do Cabo de Santo Agostinho,5ª CC,Prioridade Legal
0000585-38.2024.8.17.2370,04/06/2026,4ª Vara Cível da Comarca do Cabo de Santo Agostinho,5ª CC,Prioridade Legal
0001559-75.2024.8.17.2370,14/06/2026,4ª Vara Cível da Comarca do Cabo de Santo Agostinho,5ª CC,Prioridade Legal
0003076-96.2016.8.17.2370,02/06/2026,4ª Vara Cível da Comarca do Cabo de Santo Agostinho,4ª CCJ,Sem prioridade
0003258-04.2024.8.17.2370,04/06/2026,4ª Vara Cível da Comarca do Cabo de Santo Agostinho,5ª CC,Prioridade Legal
0003274-27.2013.8.17.0370,27/05/2026,4ª Vara Cível da Comarca do Cabo de Santo Agostinho,5ª CC,Super prioridade
0004060-65.2025.8.17.2370,26/05/2026,4ª Vara Cível da Comarca do Cabo de Santo Agostinho,5ª CC,Prioridade Legal
0010928-40.2017.8.17.2370,14/06/2026,4ª Vara Cível da Comarca do Cabo de Santo Agostinho,5ª CC,Prioridade Legal
0010962-73.2021.8.17.2370,09/06/2026,4ª Vara Cível da Comarca do Cabo de Santo Agostinho,5ª CC,Prioridade Legal
0012889-40.2022.8.17.2370,14/06/2026,4ª Vara Cível da Comarca do Cabo de Santo Agostinho,5ª CC,Prioridade Legal
0018705-37.2021.8.17.2370,08/06/2026,4ª Vara Cível da Comarca do Cabo de Santo Agostinho,5ª CC,Sem prioridade
0018985-37.2023.8.17.2370,09/06/2026,4ª Vara Cível da Comarca do Cabo de Santo Agostinho,5ª CC,Prioridade Legal
0021034-51.2023.8.17.2370,04/06/2026,4ª Vara Cível da Comarca do Cabo de Santo Agostinho,5ª CC,Prioridade Legal
0032433-77.2023.8.17.2370,10/06/2026,4ª Vara Cível da Comarca do Cabo de Santo Agostinho,4ª CCJ,Prioridade Legal
0039304-26.2023.8.17.2370,14/06/2026,4ª Vara Cível da Comarca do Cabo de Santo Agostinho,5ª CC,Prioridade Legal
0000047-23.2025.8.17.2370,09/06/2026,5ª Vara Cível da Comarca do Cabo de Santo Agostinho,5ª CC,Sem prioridade
0000286-42.2016.8.17.2370,11/06/2026,5ª Vara Cível da Comarca do Cabo de Santo Agostinho,5ª CC,Prioridade Legal
0001064-75.2017.8.17.2370,02/06/2026,5ª Vara Cível da Comarca do Cabo de Santo Agostinho,5ª CC,Sem prioridade
0001805-08.2023.8.17.2370,16/06/2026,5ª Vara Cível da Comarca do Cabo de Santo Agostinho,5ª CC,Prioridade Legal
0001828-51.2023.8.17.2370,16/06/2026,5ª Vara Cível da Comarca do Cabo de Santo Agostinho,5ª CC,Sem prioridade
0002116-28.2025.8.17.2370,16/06/2026,5ª Vara Cível da Comarca do Cabo de Santo Agostinho,5ª CC,Prioridade Legal
0004024-38.2016.8.17.2370,17/06/2026,5ª Vara Cível da Comarca do Cabo de Santo Agostinho,5ª CC,Prioridade Legal
0004067-57.2025.8.17.2370,05/06/2026,5ª Vara Cível da Comarca do Cabo de Santo Agostinho,5ª CC,Prioridade Legal
0004617-28.2020.8.17.2370,04/06/2026,5ª Vara Cível da Comarca do Cabo de Santo Agostinho,5ª CC,Sem prioridade
0006556-67.2025.8.17.2370,17/06/2026,5ª Vara Cível da Comarca do Cabo de Santo Agostinho,5ª CC,Prioridade Legal
0008843-37.2024.8.17.2370,15/06/2026,5ª Vara Cível da Comarca do Cabo de Santo Agostinho,5ª CC,Sem prioridade
0008916-72.2025.8.17.2370,03/06/2026,5ª Vara Cível da Comarca do Cabo de Santo Agostinho,5ª CC,Prioridade Legal
0011661-64.2021.8.17.2370,26/05/2026,5ª Vara Cível da Comarca do Cabo de Santo Agostinho,4ª CCJ,Prioridade Legal
0013706-46.2018.8.17.2370,29/05/2026,5ª Vara Cível da Comarca do Cabo de Santo Agostinho,4ª CCJ,Prioridade Legal
0014554-28.2021.8.17.2370,09/06/2026,5ª Vara Cível da Comarca do Cabo de Santo Agostinho,5ª CC,Sem prioridade
0022871-44.2023.8.17.2370,17/06/2026,5ª Vara Cível da Comarca do Cabo de Santo Agostinho,5ª CC,Prioridade Legal
0064538-79.2025.8.17.2001,20/06/2026,5ª Vara Cível da Comarca do Cabo de Santo Agostinho,5ª CC,Prioridade Legal
0000022-48.2024.8.17.8221,25/05/2026,Juizado Especial Cível e das Relações de Consumo do Cabo de Santo Agostinho - Turno Manhã - 08:00h às 14:00h,1ª CCJ,Prioridade Legal
0000061-74.2026.8.17.8221,26/06/2026,Juizado Especial Cível e das Relações de Consumo do Cabo de Santo Agostinho - Turno Manhã - 08:00h às 14:00h,1ª CCJ,Prioridade Legal
0000184-09.2025.8.17.8221,30/05/2026,Juizado Especial Cível e das Relações de Consumo do Cabo de Santo Agostinho - Turno Manhã - 08:00h às 14:00h,1ª CCJ,Prioridade Legal
0000188-12.2026.8.17.8221,26/06/2026,Juizado Especial Cível e das Relações de Consumo do Cabo de Santo Agostinho - Turno Manhã - 08:00h às 14:00h,1ª CCJ,Prioridade Legal
0000273-66.2024.8.17.8221,01/06/2026,Juizado Especial Cível e das Relações de Consumo do Cabo de Santo Agostinho - Turno Manhã - 08:00h às 14:00h,1ª CCJ,Prioridade Legal
0000390-91.2023.8.17.8221,28/05/2026,Juizado Especial Cível e das Relações de Consumo do Cabo de Santo Agostinho - Turno Manhã - 08:00h às 14:00h,1ª CCJ,Prioridade Legal
0000391-42.2024.8.17.8221,09/06/2026,Juizado Especial Cível e das Relações de Consumo do Cabo de Santo Agostinho - Turno Manhã - 08:00h às 14:00h,1ª CCJ,Prioridade Legal
0000412-47.2026.8.17.8221,28/05/2026,Juizado Especial Cível e das Relações de Consumo do Cabo de Santo Agostinho - Turno Manhã - 08:00h às 14:00h,1ª CCJ,Prioridade Legal
0000466-47.2025.8.17.8221,29/04/2026,Juizado Especial Cível e das Relações de Consumo do Cabo de Santo Agostinho - Turno Manhã - 08:00h às 14:00h,1ª CCJ,Prioridade Legal
0000511-51.2025.8.17.8221,02/06/2026,Juizado Especial Cível e das Relações de Consumo do Cabo de Santo Agostinho - Turno Manhã - 08:00h às 14:00h,1ª CCJ,Prioridade Legal
0000702-09.2019.8.17.8221,05/05/2026,Juizado Especial Cível e das Relações de Consumo do Cabo de Santo Agostinho - Turno Manhã - 08:00h às 14:00h,1ª CCJ,Prioridade Legal
0000892-98.2021.8.17.8221,19/06/2026,Juizado Especial Cível e das Relações de Consumo do Cabo de Santo Agostinho - Turno Manhã - 08:00h às 14:00h,1ª CCJ,Prioridade Legal
0001263-62.2021.8.17.8221,05/06/2026,Juizado Especial Cível e das Relações de Consumo do Cabo de Santo Agostinho - Turno Manhã - 08:00h às 14:00h,1ª CCJ,Prioridade Legal
0001423-82.2024.8.17.8221,27/05/2026,Juizado Especial Cível e das Relações de Consumo do Cabo de Santo Agostinho - Turno Manhã - 08:00h às 14:00h,1ª CCJ,Sem prioridade
0001451-84.2023.8.17.8221,09/06/2026,Juizado Especial Cível e das Relações de Consumo do Cabo de Santo Agostinho - Turno Manhã - 08:00h às 14:00h,1ª CCJ,Prioridade Legal
0001522-18.2025.8.17.8221,29/04/2026,Juizado Especial Cível e das Relações de Consumo do Cabo de Santo Agostinho - Turno Manhã - 08:00h às 14:00h,1ª CCJ,Prioridade Legal
0001642-61.2025.8.17.8221,21/05/2026,Juizado Especial Cível e das Relações de Consumo do Cabo de Santo Agostinho - Turno Manhã - 08:00h às 14:00h,1ª CCJ,Prioridade Legal
0001701-20.2023.8.17.8221,17/06/2026,Juizado Especial Cível e das Relações de Consumo do Cabo de Santo Agostinho - Turno Manhã - 08:00h às 14:00h,1ª CCJ,Prioridade Legal
0001747-72.2024.8.17.8221,21/05/2026,Juizado Especial Cível e das Relações de Consumo do Cabo de Santo Agostinho - Turno Manhã - 08:00h às 14:00h,1ª CCJ,Prioridade Legal
0001758-04.2024.8.17.8221,19/06/2026,Juizado Especial Cível e das Relações de Consumo do Cabo de Santo Agostinho - Turno Manhã - 08:00h às 14:00h,1ª CCJ,Prioridade Legal
0001802-86.2025.8.17.8221,18/06/2026,Juizado Especial Cível e das Relações de Consumo do Cabo de Santo Agostinho - Turno Manhã - 08:00h às 14:00h,1ª CCJ,Prioridade Legal
0001880-80.2025.8.17.8221,09/06/2026,Juizado Especial Cível e das Relações de Consumo do Cabo de Santo Agostinho - Turno Manhã - 08:00h às 14:00h,1ª CCJ,Prioridade Legal
0001886-87.2025.8.17.8221,04/05/2026,Juizado Especial Cível e das Relações de Consumo do Cabo de Santo Agostinho - Turno Manhã - 08:00h às 14:00h,1ª CCJ,Prioridade Legal
0002519-98.2025.8.17.8221,28/04/2026,Juizado Especial Cível e das Relações de Consumo do Cabo de Santo Agostinho - Turno Manhã - 08:00h às 14:00h,1ª CCJ,Prioridade Legal
0002521-68.2025.8.17.8221,28/05/2026,Juizado Especial Cível e das Relações de Consumo do Cabo de Santo Agostinho - Turno Manhã - 08:00h às 14:00h,1ª CCJ,Prioridade Legal
0000541-27.2003.8.17.0730,15/06/2026,Vara Regional do Tribunal do Júri do Cabo de Santo Agostinho e Ipojuca,2ª CC,Prioridade Legal
0000160-55.2017.8.17.2370,08/06/2026,Vara da Fazenda Pública da Comarca do Cabo de Santo Agostinho,4ª CC,Prioridade Legal
0000736-44.2011.8.17.0370,11/06/2026,Vara da Fazenda Pública da Comarca do Cabo de Santo Agostinho,4ª CC,Prioridade Legal
0000949-73.2025.8.17.2370,07/06/2026,Vara da Fazenda Pública da Comarca do Cabo de Santo Agostinho,4ª CC,Sem prioridade
0001242-24.2017.8.17.2370,30/05/2026,Vara da Fazenda Pública da Comarca do Cabo de Santo Agostinho,2ª CCJ,Prioridade Legal
0001797-75.2016.8.17.2370,21/05/2026,Vara da Fazenda Pública da Comarca do Cabo de Santo Agostinho,2ª CCJ,Prioridade Legal
0002191-09.2021.8.17.2370,10/06/2026,Vara da Fazenda Pública da Comarca do Cabo de Santo Agostinho,4ª CC,Sem prioridade
0002352-58.2017.8.17.2370,11/06/2026,Vara da Fazenda Pública da Comarca do Cabo de Santo Agostinho,4ª CC,Prioridade Legal
0003189-79.2018.8.17.2370,10/06/2026,Vara da Fazenda Pública da Comarca do Cabo de Santo Agostinho,4ª CC,Sem prioridade
0004055-14.2023.8.17.2370,10/06/2026,Vara da Fazenda Pública da Comarca do Cabo de Santo Agostinho,4ª CC,Sem prioridade
0004233-95.2013.8.17.0370,10/06/2026,Vara da Fazenda Pública da Comarca do Cabo de Santo Agostinho,2ª CCJ,Prioridade Legal
0004289-41.2007.8.17.0370,18/06/2026,Vara da Fazenda Pública da Comarca do Cabo de Santo Agostinho,4ª CC,Prioridade Legal
0004342-22.2007.8.17.0370,27/05/2026,Vara da Fazenda Pública da Comarca do Cabo de Santo Agostinho,2ª CCJ,Sem prioridade
0005509-58.2025.8.17.2370,09/06/2026,Vara da Fazenda Pública da Comarca do Cabo de Santo Agostinho,4ª CC,Prioridade Legal
0005625-12.2009.8.17.0370,02/06/2026,Vara da Fazenda Pública da Comarca do Cabo de Santo Agostinho,2ª CCJ,Prioridade Legal
0008194-44.2013.8.17.0370,08/06/2026,Vara da Fazenda Pública da Comarca do Cabo de Santo Agostinho,2ª CCJ,Sem prioridade
0009675-12.2020.8.17.2370,29/05/2026,Vara da Fazenda Pública da Comarca do Cabo de Santo Agostinho,2ª CCJ,Prioridade Legal
0010002-59.2017.8.17.2370,16/06/2026,Vara da Fazenda Pública da Comarca do Cabo de Santo Agostinho,2ª CCJ,Prioridade Legal
0014190-61.2018.8.17.2370,30/04/2026,Vara da Fazenda Pública da Comarca do Cabo de Santo Agostinho,2ª CCJ,Prioridade Legal
0018982-82.2023.8.17.2370,25/05/2026,Vara da Fazenda Pública da Comarca do Cabo de Santo Agostinho,2ª CCJ,Prioridade Legal
0019030-80.2019.8.17.2370,09/06/2026,Vara da Fazenda Pública da Comarca do Cabo de Santo Agostinho,4ª CC,Sem prioridade
0020502-19.2019.8.17.2370,11/06/2026,Vara da Fazenda Pública da Comarca do Cabo de Santo Agostinho,4ª CC,Sem prioridade
0020517-17.2021.8.17.2370,02/06/2026,Vara da Fazenda Pública da Comarca do Cabo de Santo Agostinho,4ª CC,Prioridade Legal
0020746-06.2023.8.17.2370,05/06/2026,Vara da Fazenda Pública da Comarca do Cabo de Santo Agostinho,2ª CCJ,Prioridade Legal
0026110-95.2019.8.17.2370,11/06/2026,Vara da Fazenda Pública da Comarca do Cabo de Santo Agostinho,4ª CC,Prioridade Legal
0029619-34.2019.8.17.2370,28/05/2026,Vara da Fazenda Pública da Comarca do Cabo de Santo Agostinho,2ª CCJ,Prioridade Legal
0029620-19.2019.8.17.2370,29/05/2026,Vara da Fazenda Pública da Comarca do Cabo de Santo Agostinho,2ª CCJ,Prioridade Legal
0036627-28.2020.8.17.2370,16/06/2026,Vara da Fazenda Pública da Comarca do Cabo de Santo Agostinho,4ª CC,Prioridade Legal
0036982-38.2020.8.17.2370,10/06/2026,Vara da Fazenda Pública da Comarca do Cabo de Santo Agostinho,4ª CC,Prioridade Legal
0001284-43.2024.8.17.4370,15/06/2026,Vara de Violência Doméstica e Familiar Contra Mulher do Cabo de Santo Agostinho,2ª CC,Prioridade Legal
0001295-54.2023.8.17.5810,18/06/2026,Vara de Violência Doméstica e Familiar Contra Mulher do Cabo de Santo Agostinho,2ª CC,Sem prioridade
0000110-19.2016.8.17.0380,17/06/2026,1ª Vara da Comarca de Cabrobó,7ª CC,Prioridade Legal
0000120-38.2020.8.17.2380,17/06/2026,1ª Vara da Comarca de Cabrobó,6ª CCJ,Sem prioridade
0000212-67.2024.8.17.5260,12/06/2026,1ª Vara da Comarca de Cabrobó,7ª CC,Sem prioridade
0000296-34.2025.8.17.5260,19/06/2026,1ª Vara da Comarca de Cabrobó,7ª CC,Prioridade Legal
0000585-04.2018.8.17.0380,19/06/2026,1ª Vara da Comarca de Cabrobó,7ª CC,Sem prioridade
0000687-40.2018.8.17.2380,18/06/2026,1ª Vara da Comarca de Cabrobó,7ª CC,Prioridade Legal
0000925-49.2024.8.17.2380,19/06/2026,1ª Vara da Comarca de Cabrobó,7ª CC,Prioridade Legal
0000983-63.2009.8.17.0380,16/06/2026,1ª Vara da Comarca de Cabrobó,7ª CC,Sem prioridade
0001177-86.2023.8.17.2380,16/06/2026,1ª Vara da Comarca de Cabrobó,7ª CC,Sem prioridade
0001581-80.2010.8.17.0380,15/06/2026,1ª Vara da Comarca de Cabrobó,7ª CC,Prioridade Legal
0002062-03.2023.8.17.2380,18/06/2026,1ª Vara da Comarca de Cabrobó,7ª CC,Sem prioridade
0000088-57.2025.8.17.2380,18/06/2026,2ª Vara da Comarca de Cabrobó,7ª CC,Prioridade Legal
0000194-53.2024.8.17.2380,15/06/2026,2ª Vara da Comarca de Cabrobó,7ª CC,Prioridade Legal
0000231-86.2012.8.17.0380,02/06/2026,2ª Vara da Comarca de Cabrobó,6ª CCJ,Prioridade Legal
0000467-95.2025.8.17.2380,17/06/2026,2ª Vara da Comarca de Cabrobó,7ª CC,Prioridade Legal
0000667-39.2024.8.17.2380,01/06/2026,2ª Vara da Comarca de Cabrobó,6ª CCJ,Prioridade Legal
0000781-46.2022.8.17.2380,01/06/2026,2ª Vara da Comarca de Cabrobó,6ª CCJ,Prioridade Legal
0001582-89.2015.8.17.0380,12/06/2026,2ª Vara da Comarca de Cabrobó,7ª CC,Prioridade Legal
0001694-57.2024.8.17.2380,19/06/2026,2ª Vara da Comarca de Cabrobó,7ª CC,Prioridade Legal
0002222-62.2022.8.17.2380,28/05/2026,2ª Vara da Comarca de Cabrobó,6ª CCJ,Prioridade Legal
0000064-54.2003.8.17.0390,01/06/2026,Vara Única da Comarca de Cachoeirinha,5ª CCJ,Sem prioridade
0000065-91.2019.8.17.2390,16/06/2026,Vara Única da Comarca de Cachoeirinha,5ª CCJ,Prioridade Legal
0000082-93.2020.8.17.2390,16/06/2026,Vara Única da Comarca de Cachoeirinha,5ª CCJ,Sem prioridade
0000174-66.2023.8.17.2390,17/06/2026,Vara Única da Comarca de Cachoeirinha,6ª CC,Prioridade Legal
0000268-82.2021.8.17.2390,17/06/2026,Vara Única da Comarca de Cachoeirinha,5ª CCJ,Prioridade Legal
0000270-13.2025.8.17.2390,12/06/2026,Vara Única da Comarca de Cachoeirinha,6ª CC,Prioridade Legal
0000327-02.2023.8.17.2390,19/06/2026,Vara Única da Comarca de Cachoeirinha,6ª CC,Prioridade Legal
0000356-81.2025.8.17.2390,16/06/2026,Vara Única da Comarca de Cachoeirinha,6ª CC,Prioridade Legal
0000444-62.2012.8.17.0390,17/06/2026,Vara Única da Comarca de Cachoeirinha,6ª CC,Sem prioridade
0000448-02.2012.8.17.0390,17/06/2026,Vara Única da Comarca de Cachoeirinha,6ª CC,Sem prioridade
0000500-90.2025.8.17.4480,19/06/2026,Vara Única da Comarca de Cachoeirinha,6ª CC,Sem prioridade
0000580-19.2025.8.17.2390,16/06/2026,Vara Única da Comarca de Cachoeirinha,6ª CC,Prioridade Legal
0000621-88.2022.8.17.2390,18/06/2026,Vara Única da Comarca de Cachoeirinha,6ª CC,Prioridade Legal
0000724-63.2023.8.17.2260,11/06/2026,Vara Única da Comarca de Cachoeirinha,6ª CC,Prioridade Legal
0005391-82.2021.8.17.2480,17/06/2026,Vara Única da Comarca de Cachoeirinha,6ª CC,Sem prioridade
0000004-35.2021.8.17.2400,09/06/2026,Vara Única da Comarca de Caetés,5ª CCJ,Prioridade Legal
0000006-68.2022.8.17.2400,15/06/2026,Vara Única da Comarca de Caetés,6ª CC,Prioridade Legal
0000105-38.2022.8.17.2400,04/06/2026,Vara Única da Comarca de Caetés,5ª CCJ,Prioridade Legal
0000153-89.2025.8.17.2400,16/06/2026,Vara Única da Comarca de Caetés,6ª CC,Sem prioridade
0000165-45.2021.8.17.2400,08/06/2026,Vara Única da Comarca de Caetés,5ª CCJ,Prioridade Legal
0000216-80.2026.8.17.2400,16/06/2026,Vara Única da Comarca de Caetés,6ª CC,Prioridade Legal
0000296-20.2021.8.17.2400,04/06/2026,Vara Única da Comarca de Caetés,5ª CCJ,Prioridade Legal
0000310-62.2025.8.17.2400,16/06/2026,Vara Única da Comarca de Caetés,6ª CC,Prioridade Legal
0000321-33.2021.8.17.2400,02/06/2026,Vara Única da Comarca de Caetés,5ª CCJ,Prioridade Legal
0000421-46.2025.8.17.2400,18/06/2026,Vara Única da Comarca de Caetés,6ª CC,Prioridade Legal
0000505-82.2015.8.17.0400,18/06/2026,Vara Única da Comarca de Caetés,6ª CC,Sem prioridade
0000508-12.2019.8.17.2400,17/06/2026,Vara Única da Comarca de Caetés,6ª CC,Sem prioridade
0000519-41.2019.8.17.2400,17/06/2026,Vara Única da Comarca de Caetés,6ª CC,Sem prioridade
0000520-26.2019.8.17.2400,17/06/2026,Vara Única da Comarca de Caetés,6ª CC,Sem prioridade
0000524-63.2019.8.17.2400,17/06/2026,Vara Única da Comarca de Caetés,6ª CC,Sem prioridade
0000580-96.2019.8.17.2400,17/06/2026,Vara Única da Comarca de Caetés,6ª CC,Sem prioridade
0000582-03.2018.8.17.2400,17/06/2026,Vara Única da Comarca de Caetés,6ª CC,Sem prioridade
0000582-66.2019.8.17.2400,17/06/2026,Vara Única da Comarca de Caetés,6ª CC,Sem prioridade
0000583-51.2019.8.17.2400,17/06/2026,Vara Única da Comarca de Caetés,6ª CC,Sem prioridade
0000589-58.2019.8.17.2400,17/06/2026,Vara Única da Comarca de Caetés,6ª CC,Sem prioridade
0000591-28.2019.8.17.2400,17/06/2026,Vara Única da Comarca de Caetés,6ª CC,Sem prioridade
0000615-17.2023.8.17.2400,18/06/2026,Vara Única da Comarca de Caetés,5ª CCJ,Super prioridade
0000719-43.2022.8.17.2400,25/05/2026,Vara Única da Comarca de Caetés,5ª CCJ,Prioridade Legal
0000780-30.2024.8.17.2400,17/06/2026,Vara Única da Comarca de Caetés,5ª CCJ,Sem prioridade
0000781-15.2024.8.17.2400,17/06/2026,Vara Única da Comarca de Caetés,6ª CC,Sem prioridade
0000950-20.2025.8.17.5810,17/06/2026,1ª Vara Criminal da Comarca de Camaragibe,2ª CC,Prioridade Legal
0002023-20.2025.8.17.4810,15/06/2026,1ª Vara Criminal da Comarca de Camaragibe,2ª CC,Prioridade Legal
0002051-92.2025.8.17.5810,16/06/2026,1ª Vara Criminal da Comarca de Camaragibe,2ª CC,Prioridade Legal
0004323-44.2025.8.17.2420,19/06/2026,1ª Vara Criminal da Comarca de Camaragibe,2ª CC,Prioridade Legal
0001363-15.1999.8.17.0420,17/06/2026,1ª Vara Cível da Comarca de Camaragibe,4ª CCJ,Sem prioridade
0001814-83.2012.8.17.0420,08/06/2026,1ª Vara Cível da Comarca de Camaragibe,5ª CC,Sem prioridade
0002336-46.2020.8.17.2420,15/06/2026,1ª Vara Cível da Comarca de Camaragibe,5ª CC,Sem prioridade
0002550-04.2012.8.17.0420,05/06/2026,1ª Vara Cível da Comarca de Camaragibe,5ª CC,Prioridade Legal
0004419-35.2020.8.17.2420,11/06/2026,1ª Vara Cível da Comarca de Camaragibe,5ª CC,Sem prioridade
0004501-90.2025.8.17.2420,08/06/2026,1ª Vara Cível da Comarca de Camaragibe,5ª CC,Prioridade Legal
0005549-84.2025.8.17.2420,09/06/2026,1ª Vara Cível da Comarca de Camaragibe,4ª CCJ,Prioridade Legal
0008783-84.2019.8.17.2420,03/06/2026,1ª Vara Cível da Comarca de Camaragibe,4ª CCJ,Prioridade Legal
0009607-14.2017.8.17.2420,30/05/2026,1ª Vara Cível da Comarca de Camaragibe,5ª CC,Sem prioridade
0013183-44.2019.8.17.2420,26/05/2026,1ª Vara Cível da Comarca de Camaragibe,4ª CCJ,Sem prioridade
0014027-62.2017.8.17.2420,01/06/2026,1ª Vara Cível da Comarca de Camaragibe,4ª CCJ,Prioridade Legal
0026209-07.2022.8.17.2420,19/06/2026,1ª Vara Cível da Comarca de Camaragibe,5ª CC,Prioridade Legal
0001458-56.2025.8.17.4810,15/06/2026,2ª Vara Criminal da Comarca de Camaragibe,2ª CC,Prioridade Legal
0001914-13.2025.8.17.5810,19/06/2026,2ª Vara Criminal da Comarca de Camaragibe,2ª CC,Prioridade Legal
0013276-31.2024.8.17.2420,15/06/2026,2ª Vara Criminal da Comarca de Camaragibe,2ª CC,Prioridade Legal
0000213-36.2024.8.17.2420,05/06/2026,2ª Vara Cível da Comarca de Camaragibe,5ª CC,Prioridade Legal
0000287-56.2025.8.17.2420,08/06/2026,2ª Vara Cível da Comarca de Camaragibe,5ª CC,Prioridade Legal
0000454-79.2013.8.17.0420,16/06/2026,2ª Vara Cível da Comarca de Camaragibe,5ª CC,Sem prioridade
0000831-41.1999.8.17.0420,11/06/2026,2ª Vara Cível da Comarca de Camaragibe,5ª CC,Sem prioridade
0000921-92.2012.8.17.0420,04/06/2026,2ª Vara Cível da Comarca de Camaragibe,5ª CC,Sem prioridade
0001145-87.2025.8.17.2420,09/06/2026,2ª Vara Cível da Comarca de Camaragibe,5ª CC,Prioridade Legal
0001285-24.2025.8.17.2420,12/06/2026,2ª Vara Cível da Comarca de Camaragibe,5ª CC,Prioridade Legal
0001352-68.2008.8.17.0420,25/05/2026,2ª Vara Cível da Comarca de Camaragibe,4ª CCJ,Sem prioridade
0001812-54.2017.8.17.2420,11/06/2026,2ª Vara Cível da Comarca de Camaragibe,5ª CC,Prioridade Legal
0001816-53.2012.8.17.0420,09/06/2026,2ª Vara Cível da Comarca de Camaragibe,5ª CC,Prioridade Legal
0002253-54.2025.8.17.2420,18/06/2026,2ª Vara Cível da Comarca de Camaragibe,5ª CC,Prioridade Legal
0002414-64.2025.8.17.2420,04/06/2026,2ª Vara Cível da Comarca de Camaragibe,5ª CC,Prioridade Legal
0002449-74.2006.8.17.0420,05/06/2026,2ª Vara Cível da Comarca de Camaragibe,5ª CC,Sem prioridade
0002949-37.2018.8.17.2420,09/06/2026,2ª Vara Cível da Comarca de Camaragibe,5ª CC,Prioridade Legal
0003257-39.2019.8.17.2420,11/06/2026,2ª Vara Cível da Comarca de Camaragibe,5ª CC,Prioridade Legal
0004032-16.2014.8.17.0420,04/06/2026,2ª Vara Cível da Comarca de Camaragibe,5ª CC,Sem prioridade
0004096-94.2012.8.17.0420,04/06/2026,2ª Vara Cível da Comarca de Camaragibe,5ª CC,Prioridade Legal
0004788-59.2013.8.17.0420,04/06/2026,2ª Vara Cível da Comarca de Camaragibe,5ª CC,Sem prioridade
0005089-97.2025.8.17.2420,09/06/2026,2ª Vara Cível da Comarca de Camaragibe,5ª CC,Prioridade Legal
0005188-67.2025.8.17.2420,08/06/2026,2ª Vara Cível da Comarca de Camaragibe,4ª CCJ,Prioridade Legal
0006184-65.2025.8.17.2420,09/06/2026,2ª Vara Cível da Comarca de Camaragibe,5ª CC,Prioridade Legal
0006829-61.2023.8.17.2420,18/06/2026,2ª Vara Cível da Comarca de Camaragibe,5ª CC,Prioridade Legal
0007379-22.2024.8.17.2420,15/06/2026,2ª Vara Cível da Comarca de Camaragibe,4ª CCJ,Prioridade Legal
0008115-84.2017.8.17.2420,09/06/2026,2ª Vara Cível da Comarca de Camaragibe,5ª CC,Prioridade Legal
0008611-45.2019.8.17.2420,09/06/2026,2ª Vara Cível da Comarca de Camaragibe,5ª CC,Prioridade Legal
0012060-79.2017.8.17.2420,05/06/2026,2ª Vara Cível da Comarca de Camaragibe,5ª CC,Sem prioridade
0014004-72.2024.8.17.2420,04/06/2026,2ª Vara Cível da Comarca de Camaragibe,5ª CC,Prioridade Legal
0016646-28.2018.8.17.2420,11/06/2026,2ª Vara Cível da Comarca de Camaragibe,5ª CC,Prioridade Legal
0018508-92.2022.8.17.2420,16/06/2026,2ª Vara Cível da Comarca de Camaragibe,5ª CC,Sem prioridade
0019833-68.2023.8.17.2420,16/06/2026,2ª Vara Cível da Comarca de Camaragibe,5ª CC,Prioridade Legal
0002597-06.2023.8.17.2420,10/06/2026,3ª Vara Cível da Comarca de Camaragibe,5ª CC,Sem prioridade
0002952-89.2018.8.17.2420,12/06/2026,3ª Vara Cível da Comarca de Camaragibe,5ª CC,Sem prioridade
0003171-34.2020.8.17.2420,19/06/2026,3ª Vara Cível da Comarca de Camaragibe,5ª CC,Sem prioridade
0003956-20.2025.8.17.2420,28/05/2026,3ª Vara Cível da Comarca de Camaragibe,5ª CC,Prioridade Legal
0006804-24.2018.8.17.2420,12/06/2026,3ª Vara Cível da Comarca de Camaragibe,5ª CC,Sem prioridade
0007390-95.2017.8.17.2420,12/06/2026,3ª Vara Cível da Comarca de Camaragibe,5ª CC,Sem prioridade
0008287-16.2023.8.17.2420,10/06/2026,3ª Vara Cível da Comarca de Camaragibe,5ª CC,Sem prioridade
0008614-34.2018.8.17.2420,10/06/2026,3ª Vara Cível da Comarca de Camaragibe,5ª CC,Sem prioridade
0008683-66.2018.8.17.2420,10/06/2026,3ª Vara Cível da Comarca de Camaragibe,5ª CC,Sem prioridade
0010097-02.2018.8.17.2420,10/06/2026,3ª Vara Cível da Comarca de Camaragibe,5ª CC,Sem prioridade
0010390-35.2019.8.17.2420,12/06/2026,3ª Vara Cível da Comarca de Camaragibe,5ª CC,Sem prioridade
0010781-87.2019.8.17.2420,10/06/2026,3ª Vara Cível da Comarca de Camaragibe,5ª CC,Sem prioridade
0011254-73.2019.8.17.2420,26/05/2026,3ª Vara Cível da Comarca de Camaragibe,4ª CCJ,Prioridade Legal
0011555-54.2018.8.17.2420,10/06/2026,3ª Vara Cível da Comarca de Camaragibe,5ª CC,Sem prioridade
0012264-89.2018.8.17.2420,10/06/2026,3ª Vara Cível da Comarca de Camaragibe,5ª CC,Sem prioridade
0013349-37.2023.8.17.2420,12/06/2026,3ª Vara Cível da Comarca de Camaragibe,5ª CC,Sem prioridade
0013453-29.2023.8.17.2420,12/06/2026,3ª Vara Cível da Comarca de Camaragibe,5ª CC,Sem prioridade
0013974-81.2017.8.17.2420,12/06/2026,3ª Vara Cível da Comarca de Camaragibe,5ª CC,Sem prioridade
0014022-40.2017.8.17.2420,12/06/2026,3ª Vara Cível da Comarca de Camaragibe,5ª CC,Sem prioridade
0022501-85.2018.8.17.2420,05/06/2026,3ª Vara Cível da Comarca de Camaragibe,5ª CC,Sem prioridade
0024946-76.2018.8.17.2420,12/06/2026,3ª Vara Cível da Comarca de Camaragibe,5ª CC,Sem prioridade
0000396-43.2024.8.17.8228,03/06/2026,Juizado Especial Cível e das Relações de Consumo de Camaragibe - Turno Manhã - 07:00h às 13:00h,1ª CCJ,Prioridade Legal
0000414-30.2025.8.17.8228,29/06/2026,Juizado Especial Cível e das Relações de Consumo de Camaragibe - Turno Manhã - 07:00h às 13:00h,1ª CCJ,Prioridade Legal
0000533-93.2022.8.17.8228,18/06/2026,Juizado Especial Cível e das Relações de Consumo de Camaragibe - Turno Manhã - 07:00h às 13:00h,1ª CCJ,Prioridade Legal
0000606-26.2026.8.17.8228,21/05/2026,Juizado Especial Cível e das Relações de Consumo de Camaragibe - Turno Manhã - 07:00h às 13:00h,1ª CCJ,Sem prioridade
0000691-46.2025.8.17.8228,17/06/2026,Juizado Especial Cível e das Relações de Consumo de Camaragibe - Turno Manhã - 07:00h às 13:00h,1ª CCJ,Prioridade Legal
0000823-40.2024.8.17.8228,10/06/2026,Juizado Especial Cível e das Relações de Consumo de Camaragibe - Turno Manhã - 07:00h às 13:00h,1ª CCJ,Prioridade Legal
0000878-54.2025.8.17.8228,19/05/2026,Juizado Especial Cível e das Relações de Consumo de Camaragibe - Turno Manhã - 07:00h às 13:00h,1ª CCJ,Prioridade Legal
0001055-57.2021.8.17.8228,28/05/2026,Juizado Especial Cível e das Relações de Consumo de Camaragibe - Turno Manhã - 07:00h às 13:00h,1ª CCJ,Prioridade Legal
0001097-67.2025.8.17.8228,16/06/2026,Juizado Especial Cível e das Relações de Consumo de Camaragibe - Turno Manhã - 07:00h às 13:00h,1ª CCJ,Prioridade Legal
0001118-77.2024.8.17.8228,28/06/2026,Juizado Especial Cível e das Relações de Consumo de Camaragibe - Turno Manhã - 07:00h às 13:00h,1ª CCJ,Prioridade Legal
0001148-78.2025.8.17.8228,30/04/2026,Juizado Especial Cível e das Relações de Consumo de Camaragibe - Turno Manhã - 07:00h às 13:00h,1ª CCJ,Prioridade Legal
0001148-83.2022.8.17.8228,04/05/2026,Juizado Especial Cível e das Relações de Consumo de Camaragibe - Turno Manhã - 07:00h às 13:00h,1ª CCJ,Prioridade Legal
0001149-63.2025.8.17.8228,29/04/2026,Juizado Especial Cível e das Relações de Consumo de Camaragibe - Turno Manhã - 07:00h às 13:00h,1ª CCJ,Prioridade Legal
0001316-80.2025.8.17.8228,29/04/2026,Juizado Especial Cível e das Relações de Consumo de Camaragibe - Turno Manhã - 07:00h às 13:00h,1ª CCJ,Prioridade Legal
0001335-57.2023.8.17.8228,19/06/2026,Juizado Especial Cível e das Relações de Consumo de Camaragibe - Turno Manhã - 07:00h às 13:00h,1ª CCJ,Prioridade Legal
0001387-53.2023.8.17.8228,30/04/2026,Juizado Especial Cível e das Relações de Consumo de Camaragibe - Turno Manhã - 07:00h às 13:00h,1ª CCJ,Prioridade Legal
0001446-70.2025.8.17.8228,04/06/2026,Juizado Especial Cível e das Relações de Consumo de Camaragibe - Turno Manhã - 07:00h às 13:00h,1ª CCJ,Prioridade Legal
0001603-77.2024.8.17.8228,29/04/2026,Juizado Especial Cível e das Relações de Consumo de Camaragibe - Turno Manhã - 07:00h às 13:00h,1ª CCJ,Prioridade Legal
0001714-61.2024.8.17.8228,19/06/2026,Juizado Especial Cível e das Relações de Consumo de Camaragibe - Turno Manhã - 07:00h às 13:00h,1ª CCJ,Prioridade Legal
0001794-88.2025.8.17.8228,13/06/2026,Juizado Especial Cível e das Relações de Consumo de Camaragibe - Turno Manhã - 07:00h às 13:00h,1ª CCJ,Prioridade Legal
0001936-92.2025.8.17.8228,29/06/2026,Juizado Especial Cível e das Relações de Consumo de Camaragibe - Turno Manhã - 07:00h às 13:00h,1ª CCJ,Prioridade Legal
0001942-70.2023.8.17.8228,19/06/2026,Juizado Especial Cível e das Relações de Consumo de Camaragibe - Turno Manhã - 07:00h às 13:00h,1ª CCJ,Prioridade Legal
0001982-18.2024.8.17.8228,16/06/2026,Juizado Especial Cível e das Relações de Consumo de Camaragibe - Turno Manhã - 07:00h às 13:00h,1ª CCJ,Prioridade Legal
0002020-93.2025.8.17.8228,03/06/2026,Juizado Especial Cível e das Relações de Consumo de Camaragibe - Turno Manhã - 07:00h às 13:00h,1ª CCJ,Prioridade Legal
0002182-25.2024.8.17.8228,12/06/2026,Juizado Especial Cível e das Relações de Consumo de Camaragibe - Turno Manhã - 07:00h às 13:00h,1ª CCJ,Prioridade Legal
0002208-23.2024.8.17.8228,29/06/2026,Juizado Especial Cível e das Relações de Consumo de Camaragibe - Turno Manhã - 07:00h às 13:00h,1ª CCJ,Prioridade Legal
0002214-98.2022.8.17.8228,11/06/2026,Juizado Especial Cível e das Relações de Consumo de Camaragibe - Turno Manhã - 07:00h às 13:00h,1ª CCJ,Prioridade Legal
0002796-64.2023.8.17.8228,30/04/2026,Juizado Especial Cível e das Relações de Consumo de Camaragibe - Turno Manhã - 07:00h às 13:00h,1ª CCJ,Prioridade Legal
0002807-93.2023.8.17.8228,29/06/2026,Juizado Especial Cível e das Relações de Consumo de Camaragibe - Turno Manhã - 07:00h às 13:00h,1ª CCJ,Prioridade Legal
0002919-96.2022.8.17.8228,05/06/2026,Juizado Especial Cível e das Relações de Consumo de Camaragibe - Turno Manhã - 07:00h às 13:00h,1ª CCJ,Prioridade Legal
0000650-29.2023.8.17.5810,18/06/2026,Vara de Violência Doméstica e Familiar Contra Mulher de Camaragibe,2ª CC,Prioridade Legal
0001802-44.2025.8.17.5810,15/06/2026,Vara de Violência Doméstica e Familiar Contra Mulher de Camaragibe,2ª CC,Prioridade Legal
0007258-91.2024.8.17.2420,15/06/2026,Vara de Violência Doméstica e Familiar Contra Mulher de Camaragibe,2ª CC,Prioridade Legal
0011677-57.2024.8.17.2420,18/06/2026,Vara de Violência Doméstica e Familiar Contra Mulher de Camaragibe,2ª CC,Prioridade Legal
0000093-31.2022.8.17.2430,19/06/2026,Vara Única da Comarca de Camocim de São Félix,6ª CC,Prioridade Legal
0000495-15.2022.8.17.2430,18/06/2026,Vara Única da Comarca de Camocim de São Félix,6ª CC,Prioridade Legal
0000499-86.2021.8.17.2430,19/06/2026,Vara Única da Comarca de Camocim de São Félix,5ª CCJ,Sem prioridade
0000755-24.2024.8.17.2430,19/06/2026,Vara Única da Comarca de Camocim de São Félix,6ª CC,Prioridade Legal
0001555-13.2024.8.17.4480,19/06/2026,Vara Única da Comarca de Camocim de São Félix,6ª CC,Prioridade Legal
0000158-19.2005.8.17.0200,09/06/2026,Vara Única da Comarca de Canhotinho,5ª CCJ,Sem prioridade
0000162-67.2021.8.17.2440,19/06/2026,Vara Única da Comarca de Canhotinho,6ª CC,Prioridade Legal
0000319-98.2025.8.17.2440,19/06/2026,Vara Única da Comarca de Canhotinho,6ª CC,Prioridade Legal
0000470-06.2021.8.17.2440,20/05/2026,Vara Única da Comarca de Canhotinho,5ª CCJ,Sem prioridade
0000583-21.2025.8.17.5640,12/06/2026,Vara Única da Comarca de Canhotinho,6ª CC,Prioridade Legal
0000071-73.2023.8.17.2450,20/06/2026,Vara Única da Comarca de Capoeiras,6ª CC,Prioridade Legal
0000098-27.2021.8.17.2450,04/06/2026,Vara Única da Comarca de Capoeiras,5ª CCJ,Prioridade Legal
0000116-19.2019.8.17.2450,26/05/2026,Vara Única da Comarca de Capoeiras,5ª CCJ,Sem prioridade
0000126-29.2020.8.17.2450,16/06/2026,Vara Única da Comarca de Capoeiras,6ª CC,Prioridade Legal
0000130-66.2020.8.17.2450,16/06/2026,Vara Única da Comarca de Capoeiras,6ª CC,Sem prioridade
0000213-48.2021.8.17.2450,29/05/2026,Vara Única da Comarca de Capoeiras,5ª CCJ,Prioridade Legal
0000383-15.2024.8.17.2450,16/06/2026,Vara Única da Comarca de Capoeiras,6ª CC,Prioridade Legal
0000424-85.2012.8.17.0450,27/05/2026,Vara Única da Comarca de Capoeiras,5ª CCJ,Sem prioridade
0000475-61.2022.8.17.2450,11/06/2026,Vara Única da Comarca de Capoeiras,6ª CC,Prioridade Legal
0000031-56.2026.8.17.2460,25/06/2026,Vara Única da Comarca de Carnaíba,7ª CC,Prioridade Legal
0000106-42.2019.8.17.2460,11/06/2026,Vara Única da Comarca de Carnaíba,6ª CCJ,Prioridade Legal
0000120-79.2026.8.17.2460,15/06/2026,Vara Única da Comarca de Carnaíba,7ª CC,Prioridade Legal
0000257-95.2025.8.17.2460,17/06/2026,Vara Única da Comarca de Carnaíba,7ª CC,Prioridade Legal
0000361-92.2022.8.17.2460,18/06/2026,Vara Única da Comarca de Carnaíba,7ª CC,Sem prioridade
0000460-57.2025.8.17.2460,15/06/2026,Vara Única da Comarca de Carnaíba,7ª CC,Prioridade Legal
0000489-10.2025.8.17.2460,15/06/2026,Vara Única da Comarca de Carnaíba,7ª CC,Prioridade Legal
0000494-13.2017.8.17.2460,15/06/2026,Vara Única da Comarca de Carnaíba,7ª CC,Sem prioridade
0000559-32.2022.8.17.2460,17/06/2026,Vara Única da Comarca de Carnaíba,7ª CC,Prioridade Legal
0000647-36.2023.8.17.2460,15/06/2026,Vara Única da Comarca de Carnaíba,7ª CC,Prioridade Legal
0000755-64.2025.8.17.2470,10/06/2026,1ª Vara Cível da Comarca de Carpina,5ª CC,Prioridade Legal
0001061-49.2007.8.17.0470,12/06/2026,1ª Vara Cível da Comarca de Carpina,5ª CC,Prioridade Legal
0001154-30.2024.8.17.2470,12/06/2026,1ª Vara Cível da Comarca de Carpina,5ª CC,Super prioridade
0001159-81.2026.8.17.2470,01/06/2026,1ª Vara Cível da Comarca de Carpina,5ª CC,Prioridade Legal
0001343-47.2020.8.17.2470,10/06/2026,1ª Vara Cível da Comarca de Carpina,5ª CC,Prioridade Legal
0001380-35.2024.8.17.2470,09/06/2026,1ª Vara Cível da Comarca de Carpina,5ª CC,Prioridade Legal
0001414-49.2020.8.17.2470,03/06/2026,1ª Vara Cível da Comarca de Carpina,4ª CCJ,Prioridade Legal
0001518-07.2021.8.17.2470,16/06/2026,1ª Vara Cível da Comarca de Carpina,5ª CC,Sem prioridade
0001746-45.2022.8.17.2470,04/06/2026,1ª Vara Cível da Comarca de Carpina,5ª CC,Prioridade Legal
0002259-81.2020.8.17.2470,18/06/2026,1ª Vara Cível da Comarca de Carpina,4ª CCJ,Prioridade Legal
0002313-71.2025.8.17.2470,07/06/2026,1ª Vara Cível da Comarca de Carpina,4ª CCJ,Sem prioridade
0002356-52.2018.8.17.2470,09/06/2026,1ª Vara Cível da Comarca de Carpina,5ª CC,Sem prioridade
0002374-68.2021.8.17.2470,15/06/2026,1ª Vara Cível da Comarca de Carpina,5ª CC,Prioridade Legal
0002428-29.2024.8.17.2470,12/06/2026,1ª Vara Cível da Comarca de Carpina,5ª CC,Prioridade Legal
0002435-21.2024.8.17.2470,09/06/2026,1ª Vara Cível da Comarca de Carpina,5ª CC,Sem prioridade
0003100-03.2025.8.17.2470,19/06/2026,1ª Vara Cível da Comarca de Carpina,5ª CC,Sem prioridade
0003330-89.2018.8.17.2470,12/06/2026,1ª Vara Cível da Comarca de Carpina,5ª CC,Prioridade Legal
0003471-98.2024.8.17.2470,16/06/2026,1ª Vara Cível da Comarca de Carpina,5ª CC,Sem prioridade
0003610-50.2024.8.17.2470,16/06/2026,1ª Vara Cível da Comarca de Carpina,5ª CC,Prioridade Legal
0003895-09.2025.8.17.2470,09/06/2026,1ª Vara Cível da Comarca de Carpina,5ª CC,Super prioridade
0003896-28.2024.8.17.2470,12/06/2026,1ª Vara Cível da Comarca de Carpina,5ª CC,Sem prioridade
0003901-50.2024.8.17.2470,12/06/2026,1ª Vara Cível da Comarca de Carpina,5ª CC,Prioridade Legal
0005123-58.2021.8.17.2470,25/05/2026,1ª Vara Cível da Comarca de Carpina,4ª CCJ,Prioridade Legal
0006423-84.2023.8.17.2470,09/06/2026,1ª Vara Cível da Comarca de Carpina,5ª CC,Sem prioridade
0000007-71.2021.8.17.2470,18/06/2026,2ª Vara Cível da Comarca de Carpina,5ª CC,Sem prioridade
0000176-92.2020.8.17.2470,18/06/2026,2ª Vara Cível da Comarca de Carpina,4ª CCJ,Sem prioridade
0000319-43.2015.8.17.0470,12/06/2026,2ª Vara Cível da Comarca de Carpina,5ª CC,Sem prioridade
0000546-95.2025.8.17.2470,19/06/2026,2ª Vara Cível da Comarca de Carpina,5ª CC,Prioridade Legal
0001081-63.2021.8.17.2470,12/06/2026,2ª Vara Cível da Comarca de Carpina,5ª CC,Prioridade Legal
0001113-29.2025.8.17.2470,04/06/2026,2ª Vara Cível da Comarca de Carpina,5ª CC,Prioridade Legal
0001197-35.2022.8.17.2470,29/05/2026,2ª Vara Cível da Comarca de Carpina,4ª CCJ,Prioridade Legal
0001268-32.2025.8.17.2470,04/06/2026,2ª Vara Cível da Comarca de Carpina,5ª CC,Prioridade Legal
0001413-64.2020.8.17.2470,12/06/2026,2ª Vara Cível da Comarca de Carpina,5ª CC,Sem prioridade
0002077-61.2021.8.17.2470,17/06/2026,2ª Vara Cível da Comarca de Carpina,4ª CCJ,Sem prioridade
0002594-03.2020.8.17.2470,18/06/2026,2ª Vara Cível da Comarca de Carpina,5ª CC,Sem prioridade
0002640-16.2025.8.17.2470,19/06/2026,2ª Vara Cível da Comarca de Carpina,5ª CC,Prioridade Legal
0002747-70.2019.8.17.2470,27/05/2026,2ª Vara Cível da Comarca de Carpina,4ª CCJ,Prioridade Legal
0002929-81.2015.8.17.0470,03/06/2026,2ª Vara Cível da Comarca de Carpina,5ª CC,Sem prioridade
0003422-23.2025.8.17.2470,18/06/2026,2ª Vara Cível da Comarca de Carpina,5ª CC,Prioridade Legal
0003452-92.2024.8.17.2470,19/06/2026,2ª Vara Cível da Comarca de Carpina,5ª CC,Prioridade Legal
0003534-32.2012.8.17.0470,16/06/2026,2ª Vara Cível da Comarca de Carpina,5ª CC,Sem prioridade
0003595-19.2014.8.17.0470,09/06/2026,2ª Vara Cível da Comarca de Carpina,5ª CC,Sem prioridade
0003796-44.2022.8.17.2470,18/06/2026,2ª Vara Cível da Comarca de Carpina,5ª CC,Sem prioridade
0004233-17.2024.8.17.2470,12/06/2026,2ª Vara Cível da Comarca de Carpina,5ª CC,Prioridade Legal
0004307-42.2022.8.17.2470,18/06/2026,2ª Vara Cível da Comarca de Carpina,5ª CC,Sem prioridade
0004649-87.2021.8.17.2470,12/06/2026,2ª Vara Cível da Comarca de Carpina,5ª CC,Sem prioridade
0005596-10.2022.8.17.2470,01/06/2026,2ª Vara Cível da Comarca de Carpina,5ª CC,Prioridade Legal
0000083-27.2023.8.17.2470,12/06/2026,3ª Vara Cível da Comarca de Carpina,5ª CC,Prioridade Legal
0000151-11.2022.8.17.2470,05/06/2026,3ª Vara Cível da Comarca de Carpina,5ª CC,Prioridade Legal
0000304-20.2017.8.17.2470,04/06/2026,3ª Vara Cível da Comarca de Carpina,4ª CCJ,Prioridade Legal
0000380-97.2024.8.17.2470,03/06/2026,3ª Vara Cível da Comarca de Carpina,4ª CCJ,Prioridade Legal
0000578-66.2026.8.17.2470,04/06/2026,3ª Vara Cível da Comarca de Carpina,5ª CC,Prioridade Legal
0000727-38.2021.8.17.2470,04/06/2026,3ª Vara Cível da Comarca de Carpina,4ª CCJ,Prioridade Legal
0000768-63.2025.8.17.2470,26/05/2026,3ª Vara Cível da Comarca de Carpina,4ª CCJ,Prioridade Legal
0000915-70.2017.8.17.2470,09/06/2026,3ª Vara Cível da Comarca de Carpina,4ª CCJ,Prioridade Legal
0001117-08.2021.8.17.2470,18/06/2026,3ª Vara Cível da Comarca de Carpina,5ª CC,Prioridade Legal
0001255-33.2025.8.17.2470,19/06/2026,3ª Vara Cível da Comarca de Carpina,5ª CC,Prioridade Legal
0001393-05.2022.8.17.2470,04/06/2026,3ª Vara Cível da Comarca de Carpina,4ª CCJ,Prioridade Legal
0001761-09.2025.8.17.2470,27/05/2026,3ª Vara Cível da Comarca de Carpina,4ª CCJ,Prioridade Legal
0001832-50.2021.8.17.2470,03/06/2026,3ª Vara Cível da Comarca de Carpina,5ª CC,Prioridade Legal
0001864-16.2025.8.17.2470,18/06/2026,3ª Vara Cível da Comarca de Carpina,4ª CCJ,Prioridade Legal
0001867-78.2019.8.17.2470,07/06/2026,3ª Vara Cível da Comarca de Carpina,5ª CC,Prioridade Legal
0001906-02.2024.8.17.2470,10/06/2026,3ª Vara Cível da Comarca de Carpina,5ª CC,Prioridade Legal
0002072-73.2020.8.17.2470,18/06/2026,3ª Vara Cível da Comarca de Carpina,5ª CC,Sem prioridade
0002225-09.2020.8.17.2470,28/05/2026,3ª Vara Cível da Comarca de Carpina,5ª CC,Sem prioridade
0002392-50.2025.8.17.2470,03/06/2026,3ª Vara Cível da Comarca de Carpina,5ª CC,Prioridade Legal
0002444-90.2018.8.17.2470,18/06/2026,3ª Vara Cível da Comarca de Carpina,4ª CCJ,Prioridade Legal
0002479-45.2021.8.17.2470,09/06/2026,3ª Vara Cível da Comarca de Carpina,5ª CC,Prioridade Legal
0002729-39.2025.8.17.2470,07/06/2026,3ª Vara Cível da Comarca de Carpina,5ª CC,Prioridade Legal
0003940-18.2022.8.17.2470,03/06/2026,3ª Vara Cível da Comarca de Carpina,4ª CCJ,Prioridade Legal
0003997-65.2024.8.17.2470,28/05/2026,3ª Vara Cível da Comarca de Carpina,5ª CC,Sem prioridade
0004427-80.2025.8.17.2470,12/06/2026,3ª Vara Cível da Comarca de Carpina,5ª CC,Prioridade Legal
0004650-04.2023.8.17.2470,03/06/2026,3ª Vara Cível da Comarca de Carpina,4ª CCJ,Sem prioridade
0004698-26.2024.8.17.2470,04/06/2026,3ª Vara Cível da Comarca de Carpina,5ª CC,Prioridade Legal
0004703-53.2021.8.17.2470,03/06/2026,3ª Vara Cível da Comarca de Carpina,4ª CCJ,Sem prioridade
0004720-89.2021.8.17.2470,03/06/2026,3ª Vara Cível da Comarca de Carpina,4ª CCJ,Prioridade Legal
0004743-35.2021.8.17.2470,02/06/2026,3ª Vara Cível da Comarca de Carpina,4ª CCJ,Prioridade Legal
0004813-18.2022.8.17.2470,10/06/2026,3ª Vara Cível da Comarca de Carpina,5ª CC,Prioridade Legal
0005193-36.2025.8.17.2470,19/06/2026,3ª Vara Cível da Comarca de Carpina,5ª CC,Prioridade Legal
0005206-35.2025.8.17.2470,19/06/2026,3ª Vara Cível da Comarca de Carpina,5ª CC,Prioridade Legal
0005953-53.2023.8.17.2470,02/06/2026,3ª Vara Cível da Comarca de Carpina,4ª CCJ,Prioridade Legal
0006390-94.2023.8.17.2470,18/06/2026,3ª Vara Cível da Comarca de Carpina,5ª CC,Prioridade Legal
0000078-77.2025.8.17.5980,17/06/2026,Vara Criminal da Comarca de Carpina,2ª CC,Prioridade Legal
0000125-67.2020.8.17.0470,19/06/2026,Vara Criminal da Comarca de Carpina,2ª CC,Sem prioridade
0000212-34.2024.8.17.4980,19/06/2026,Vara Criminal da Comarca de Carpina,2ª CC,Prioridade Legal
0000240-72.2025.8.17.5980,17/06/2026,Vara Criminal da Comarca de Carpina,2ª CC,Prioridade Legal
0000479-74.2022.8.17.4980,19/06/2026,Vara Criminal da Comarca de Carpina,2ª CC,Prioridade Legal
0000640-79.2025.8.17.4980,15/06/2026,Vara Criminal da Comarca de Carpina,2ª CC,Prioridade Legal
0002466-46.2021.8.17.2470,16/06/2026,Vara Criminal da Comarca de Carpina,2ª CC,Sem prioridade
0002515-49.2016.8.17.0470,19/06/2026,Vara Criminal da Comarca de Carpina,2ª CC,Prioridade Legal
0001013-06.2020.8.17.0480,16/06/2026,1ª Vara Criminal da Comarca de Caruaru,2ª CC,Sem prioridade
0002257-04.2019.8.17.0480,16/06/2026,1ª Vara Criminal da Comarca de Caruaru,2ª CC,Prioridade Legal
0005356-21.2015.8.17.0480,16/06/2026,1ª Vara Criminal da Comarca de Caruaru,2ª CC,Sem prioridade
0006326-79.2019.8.17.0480,17/06/2026,1ª Vara Criminal da Comarca de Caruaru,2ª CC,Sem prioridade
0015074-12.2022.8.17.2480,17/06/2026,1ª Vara Criminal da Comarca de Caruaru,2ª CC,Prioridade Legal
0000353-90.2013.8.17.1180,06/05/2026,1ª Vara Cível da Comarca de Caruaru,1ª CCJ,Sem prioridade
0000915-59.2025.8.17.2480,26/05/2026,1ª Vara Cível da Comarca de Caruaru,3ª CC,Prioridade Legal
0001055-98.2022.8.17.2480,08/06/2026,1ª Vara Cível da Comarca de Caruaru,3ª CC,Sem prioridade
0001576-72.2024.8.17.2480,16/06/2026,1ª Vara Cível da Comarca de Caruaru,3ª CC,Sem prioridade
0002116-86.2025.8.17.2480,19/06/2026,1ª Vara Cível da Comarca de Caruaru,3ª CC,Prioridade Legal
0002139-42.2019.8.17.2480,05/05/2026,1ª Vara Cível da Comarca de Caruaru,1ª CCJ,Prioridade Legal
0002619-49.2021.8.17.2480,12/06/2026,1ª Vara Cível da Comarca de Caruaru,3ª CC,Prioridade Legal
0002671-11.2022.8.17.2480,09/06/2026,1ª Vara Cível da Comarca de Caruaru,1ª CCJ,Sem prioridade
0002790-06.2021.8.17.2480,27/05/2026,1ª Vara Cível da Comarca de Caruaru,1ª CCJ,Prioridade Legal
0003215-29.2015.8.17.0480,15/06/2026,1ª Vara Cível da Comarca de Caruaru,PARTIDOR,Sem prioridade
0003563-56.2018.8.17.2480,31/05/2026,1ª Vara Cível da Comarca de Caruaru,1ª CCJ,Prioridade Legal
0003963-41.2016.8.17.2480,10/06/2026,1ª Vara Cível da Comarca de Caruaru,1ª CCJ,Prioridade Legal
0004845-95.2019.8.17.2480,08/05/2026,1ª Vara Cível da Comarca de Caruaru,1ª CCJ,Prioridade Legal
0004980-97.2025.8.17.2480,18/06/2026,1ª Vara Cível da Comarca de Caruaru,3ª CC,Prioridade Legal
0005445-19.2019.8.17.2480,12/06/2026,1ª Vara Cível da Comarca de Caruaru,3ª CC,Prioridade Legal
0005530-10.2016.8.17.2480,27/05/2026,1ª Vara Cível da Comarca de Caruaru,1ª CCJ,Sem prioridade
0007765-37.2022.8.17.2480,16/06/2026,1ª Vara Cível da Comarca de Caruaru,3ª CC,Prioridade Legal
0008354-93.2014.8.17.0480,10/06/2026,1ª Vara Cível da Comarca de Caruaru,3ª CC,Prioridade Legal
0012611-29.2024.8.17.2480,09/06/2026,1ª Vara Cível da Comarca de Caruaru,3ª CC,Sem prioridade
0013507-09.2023.8.17.2480,09/06/2026,1ª Vara Cível da Comarca de Caruaru,3ª CC,Prioridade Legal
0014570-98.2025.8.17.2480,19/06/2026,1ª Vara Cível da Comarca de Caruaru,3ª CC,Sem prioridade
0014977-46.2021.8.17.2480,16/06/2026,1ª Vara Cível da Comarca de Caruaru,3ª CC,Sem prioridade
0016431-57.2015.8.17.0480,16/06/2026,1ª Vara Cível da Comarca de Caruaru,3ª CC,Sem prioridade
0023274-71.2023.8.17.2480,12/06/2026,1ª Vara Cível da Comarca de Caruaru,3ª CC,Prioridade Legal
0000658-34.2025.8.17.2480,22/05/2026,1ª Vara da Fazenda Pública da Comarca de Caruaru,2ª CCJ,Sem prioridade
0000838-27.2011.8.17.0480,04/06/2026,1ª Vara da Fazenda Pública da Comarca de Caruaru,2ª CCJ,Sem prioridade
0000939-34.2018.8.17.2480,09/06/2026,1ª Vara da Fazenda Pública da Comarca de Caruaru,4ª CC,Prioridade Legal
0001083-08.2018.8.17.2480,08/06/2026,1ª Vara da Fazenda Pública da Comarca de Caruaru,4ª CC,Sem prioridade
0001174-35.2017.8.17.2480,10/06/2026,1ª Vara da Fazenda Pública da Comarca de Caruaru,4ª CC,Prioridade Legal
0001423-15.2019.8.17.2480,21/05/2026,1ª Vara da Fazenda Pública da Comarca de Caruaru,2ª CCJ,Prioridade Legal
0001563-49.2019.8.17.2480,30/04/2026,1ª Vara da Fazenda Pública da Comarca de Caruaru,2ª CCJ,Prioridade Legal
0002684-44.2021.8.17.2480,10/06/2026,1ª Vara da Fazenda Pública da Comarca de Caruaru,2ª CCJ,Prioridade Legal
0003534-94.2015.8.17.0480,06/05/2026,1ª Vara da Fazenda Pública da Comarca de Caruaru,2ª CCJ,Sem prioridade
0003620-69.2021.8.17.2480,05/06/2026,1ª Vara da Fazenda Pública da Comarca de Caruaru,2ª CCJ,Prioridade Legal
0003880-20.2019.8.17.2480,12/05/2026,1ª Vara da Fazenda Pública da Comarca de Caruaru,2ª CCJ,Prioridade Legal
0004102-75.2025.8.17.2480,08/06/2026,1ª Vara da Fazenda Pública da Comarca de Caruaru,2ª CCJ,Prioridade Legal
0004213-98.2021.8.17.2480,04/06/2026,1ª Vara da Fazenda Pública da Comarca de Caruaru,4ª CC,Prioridade Legal
0004476-72.2017.8.17.2480,04/06/2026,1ª Vara da Fazenda Pública da Comarca de Caruaru,2ª CCJ,Prioridade Legal
0004623-98.2017.8.17.2480,20/05/2026,1ª Vara da Fazenda Pública da Comarca de Caruaru,2ª CCJ,Prioridade Legal
0004950-62.2025.8.17.2480,12/06/2026,1ª Vara da Fazenda Pública da Comarca de Caruaru,4ª CC,Prioridade Legal
0005190-51.2025.8.17.2480,11/06/2026,1ª Vara da Fazenda Pública da Comarca de Caruaru,4ª CC,Prioridade Legal
0005368-39.2021.8.17.2480,18/06/2026,1ª Vara da Fazenda Pública da Comarca de Caruaru,4ª CC,Prioridade Legal
0006021-37.2015.8.17.0480,18/06/2026,1ª Vara da Fazenda Pública da Comarca de Caruaru,4ª CC,Sem prioridade
0006534-09.2021.8.17.2480,12/06/2026,1ª Vara da Fazenda Pública da Comarca de Caruaru,4ª CC,Prioridade Legal
0007490-26.2012.8.17.0480,12/06/2026,1ª Vara da Fazenda Pública da Comarca de Caruaru,4ª CC,Prioridade Legal
0007795-67.2025.8.17.2480,12/06/2026,1ª Vara da Fazenda Pública da Comarca de Caruaru,4ª CC,Sem prioridade
0008227-58.2014.8.17.0480,04/06/2026,1ª Vara da Fazenda Pública da Comarca de Caruaru,4ª CC,Prioridade Legal
0008478-47.2012.8.17.0480,15/05/2026,1ª Vara da Fazenda Pública da Comarca de Caruaru,2ª CCJ,Sem prioridade
0009228-88.2008.8.17.0480,15/05/2026,1ª Vara da Fazenda Pública da Comarca de Caruaru,2ª CCJ,Sem prioridade
0010193-02.2016.8.17.2480,14/06/2026,1ª Vara da Fazenda Pública da Comarca de Caruaru,4ª CC,Sem prioridade
0010508-20.2022.8.17.2480,06/05/2026,1ª Vara da Fazenda Pública da Comarca de Caruaru,2ª CCJ,Prioridade Legal
0010849-75.2024.8.17.2480,17/06/2026,1ª Vara da Fazenda Pública da Comarca de Caruaru,2ª CCJ,Prioridade Legal
0011230-49.2025.8.17.2480,17/06/2026,1ª Vara da Fazenda Pública da Comarca de Caruaru,2ª CCJ,Sem prioridade
0011422-84.2022.8.17.2480,18/06/2026,1ª Vara da Fazenda Pública da Comarca de Caruaru,4ª CC,Prioridade Legal
0011465-55.2021.8.17.2480,12/06/2026,1ª Vara da Fazenda Pública da Comarca de Caruaru,2ª CCJ,Prioridade Legal
0011871-42.2022.8.17.2480,12/06/2026,1ª Vara da Fazenda Pública da Comarca de Caruaru,2ª CCJ,Prioridade Legal
0012525-92.2023.8.17.2480,15/06/2026,1ª Vara da Fazenda Pública da Comarca de Caruaru,4ª CC,Prioridade Legal
0012926-23.2025.8.17.2480,21/05/2026,1ª Vara da Fazenda Pública da Comarca de Caruaru,2ª CCJ,Prioridade Legal
0013278-20.2021.8.17.2480,12/05/2026,1ª Vara da Fazenda Pública da Comarca de Caruaru,2ª CCJ,Prioridade Legal
0014784-60.2023.8.17.2480,14/06/2026,1ª Vara da Fazenda Pública da Comarca de Caruaru,4ª CC,Prioridade Legal
0015816-66.2024.8.17.2480,12/06/2026,1ª Vara da Fazenda Pública da Comarca de Caruaru,4ª CC,Prioridade Legal
0017844-75.2022.8.17.2480,17/06/2026,1ª Vara da Fazenda Pública da Comarca de Caruaru,4ª CC,Prioridade Legal
0018869-26.2022.8.17.2480,18/06/2026,1ª Vara da Fazenda Pública da Comarca de Caruaru,4ª CC,Prioridade Legal
0021002-07.2023.8.17.2480,03/06/2026,1ª Vara da Fazenda Pública da Comarca de Caruaru,2ª CCJ,Prioridade Legal
0022278-73.2023.8.17.2480,05/06/2026,1ª Vara da Fazenda Pública da Comarca de Caruaru,4ª CC,Prioridade Legal
0000949-05.2023.8.17.2480,14/05/2026,1ª Vara de Família e Registro Civil da Comarca de Caruaru,3ª CCJ,Sem prioridade
0001155-19.2023.8.17.2480,05/06/2026,1ª Vara de Família e Registro Civil da Comarca de Caruaru,3ª CCJ,Sem prioridade
0003814-30.2025.8.17.2480,04/06/2026,1ª Vara de Família e Registro Civil da Comarca de Caruaru,3ª CCJ,Sem prioridade
0004033-48.2022.8.17.2480,05/06/2026,1ª Vara de Família e Registro Civil da Comarca de Caruaru,3ª CCJ,Prioridade Legal
0004852-48.2023.8.17.2480,01/06/2026,1ª Vara de Família e Registro Civil da Comarca de Caruaru,3ª CC,Sem prioridade
0005096-06.2025.8.17.2480,04/06/2026,1ª Vara de Família e Registro Civil da Comarca de Caruaru,3ª CCJ,Prioridade Legal
0005251-09.2025.8.17.2480,28/05/2026,1ª Vara de Família e Registro Civil da Comarca de Caruaru,3ª CCJ,Prioridade Legal
0006918-30.2025.8.17.2480,19/06/2026,1ª Vara de Família e Registro Civil da Comarca de Caruaru,3ª CCJ,Sem prioridade
0008254-50.2017.8.17.2480,27/05/2026,1ª Vara de Família e Registro Civil da Comarca de Caruaru,3ª CCJ,Prioridade Legal
0008855-75.2025.8.17.2480,11/06/2026,1ª Vara de Família e Registro Civil da Comarca de Caruaru,3ª CCJ,Prioridade Legal
0011282-45.2025.8.17.2480,03/06/2026,1ª Vara de Família e Registro Civil da Comarca de Caruaru,3ª CCJ,Sem prioridade
0013085-97.2024.8.17.2480,11/06/2026,1ª Vara de Família e Registro Civil da Comarca de Caruaru,3ª CCJ,Sem prioridade
0014149-79.2023.8.17.2480,10/06/2026,1ª Vara de Família e Registro Civil da Comarca de Caruaru,3ª CCJ,Sem prioridade
0014476-87.2024.8.17.2480,11/06/2026,1ª Vara de Família e Registro Civil da Comarca de Caruaru,3ª CC,Prioridade Legal
0015083-03.2024.8.17.2480,11/06/2026,1ª Vara de Família e Registro Civil da Comarca de Caruaru,3ª CCJ,Sem prioridade
0015158-08.2025.8.17.2480,19/06/2026,1ª Vara de Família e Registro Civil da Comarca de Caruaru,3ª CCJ,Sem prioridade
0016451-82.2014.8.17.0480,08/06/2026,1ª Vara de Família e Registro Civil da Comarca de Caruaru,3ª CCJ,Sem prioridade
0000693-20.2022.8.17.5480,19/06/2026,2ª Vara Criminal da Comarca de Caruaru,2ª CC,Sem prioridade
0000017-22.2021.8.17.3180,18/06/2026,2ª Vara Cível da Comarca de Caruaru,1ª CCJ,Prioridade Legal
0000067-77.2022.8.17.2480,03/06/2026,2ª Vara Cível da Comarca de Caruaru,1ª CCJ,Prioridade Legal
0000635-06.2016.8.17.2480,29/05/2026,2ª Vara Cível da Comarca de Caruaru,3ª CC,Prioridade Legal
0001908-44.2021.8.17.2480,18/06/2026,2ª Vara Cível da Comarca de Caruaru,1ª CCJ,Prioridade Legal
0002067-55.2019.8.17.2480,19/06/2026,2ª Vara Cível da Comarca de Caruaru,1ª CCJ,Sem prioridade
0002079-40.2017.8.17.2480,18/06/2026,2ª Vara Cível da Comarca de Caruaru,1ª CCJ,Prioridade Legal
0002891-38.2024.8.17.2480,11/06/2026,2ª Vara Cível da Comarca de Caruaru,3ª CC,Prioridade Legal
0003056-85.2024.8.17.2480,11/06/2026,2ª Vara Cível da Comarca de Caruaru,3ª CC,Sem prioridade
0006056-89.2018.8.17.0480,17/06/2026,2ª Vara Cível da Comarca de Caruaru,3ª CC,Sem prioridade
0006173-65.2016.8.17.2480,18/06/2026,2ª Vara Cível da Comarca de Caruaru,1ª CCJ,Prioridade Legal
0007678-13.2024.8.17.2480,05/06/2026,2ª Vara Cível da Comarca de Caruaru,3ª CC,Prioridade Legal
0008124-55.2020.8.17.2480,25/05/2026,2ª Vara Cível da Comarca de Caruaru,1ª CCJ,Prioridade Legal
0009117-59.2024.8.17.2480,11/06/2026,2ª Vara Cível da Comarca de Caruaru,3ª CC,Sem prioridade
0009409-88.2017.8.17.2480,03/06/2026,2ª Vara Cível da Comarca de Caruaru,1ª CCJ,Prioridade Legal
0009830-39.2021.8.17.2480,25/05/2026,2ª Vara Cível da Comarca de Caruaru,1ª CCJ,Prioridade Legal
0009979-06.2019.8.17.2480,09/06/2026,2ª Vara Cível da Comarca de Caruaru,3ª CC,Prioridade Legal
0010244-72.2011.8.17.0480,05/06/2026,2ª Vara Cível da Comarca de Caruaru,3ª CC,Prioridade Legal
0010721-21.2025.8.17.2480,17/06/2026,2ª Vara Cível da Comarca de Caruaru,3ª CC,Prioridade Legal
0016964-49.2023.8.17.2480,09/06/2026,2ª Vara Cível da Comarca de Caruaru,3ª CC,Prioridade Legal
0018132-52.2024.8.17.2480,19/06/2026,2ª Vara Cível da Comarca de Caruaru,3ª CC,Sem prioridade
0018322-83.2022.8.17.2480,19/06/2026,2ª Vara Cível da Comarca de Caruaru,1ª CCJ,Sem prioridade
0000244-17.2018.8.17.3180,19/06/2026,2ª Vara da Fazenda Pública da Comarca de Caruaru,2ª CCJ,Sem prioridade
0000821-82.2023.8.17.2480,18/06/2026,2ª Vara da Fazenda Pública da Comarca de Caruaru,4ª CC,Sem prioridade
0001111-44.2016.8.17.2480,17/06/2026,2ª Vara da Fazenda Pública da Comarca de Caruaru,2ª CCJ,Prioridade Legal
0001122-34.2020.8.17.2480,04/05/2026,2ª Vara da Fazenda Pública da Comarca de Caruaru,2ª CCJ,Prioridade Legal
0001183-21.2022.8.17.2480,18/06/2026,2ª Vara da Fazenda Pública da Comarca de Caruaru,4ª CC,Prioridade Legal
0001475-06.2022.8.17.2480,09/06/2026,2ª Vara da Fazenda Pública da Comarca de Caruaru,4ª CC,Prioridade Legal
0001802-25.2008.8.17.0480,25/05/2026,2ª Vara da Fazenda Pública da Comarca de Caruaru,2ª CCJ,Sem prioridade
0001863-79.2017.8.17.2480,18/06/2026,2ª Vara da Fazenda Pública da Comarca de Caruaru,4ª CC,Prioridade Legal
0002189-39.2017.8.17.2480,04/06/2026,2ª Vara da Fazenda Pública da Comarca de Caruaru,2ª CCJ,Prioridade Legal
0003051-63.2024.8.17.2480,17/06/2026,2ª Vara da Fazenda Pública da Comarca de Caruaru,4ª CC,Sem prioridade
0003226-62.2021.8.17.2480,11/06/2026,2ª Vara da Fazenda Pública da Comarca de Caruaru,4ª CC,Prioridade Legal
0003363-73.2023.8.17.2480,19/05/2026,2ª Vara da Fazenda Pública da Comarca de Caruaru,2ª CCJ,Prioridade Legal
0003673-84.2020.8.17.2480,04/06/2026,2ª Vara da Fazenda Pública da Comarca de Caruaru,2ª CCJ,Prioridade Legal
0003740-78.2022.8.17.2480,08/06/2026,2ª Vara da Fazenda Pública da Comarca de Caruaru,4ª CC,Sem prioridade
0003939-32.2024.8.17.2480,18/06/2026,2ª Vara da Fazenda Pública da Comarca de Caruaru,4ª CC,Sem prioridade
0004167-91.2004.8.17.0480,09/06/2026,2ª Vara da Fazenda Pública da Comarca de Caruaru,2ª CCJ,Sem prioridade
0004677-98.2016.8.17.2480,15/05/2026,2ª Vara da Fazenda Pública da Comarca de Caruaru,2ª CCJ,Prioridade Legal
0004886-62.2019.8.17.2480,19/06/2026,2ª Vara da Fazenda Pública da Comarca de Caruaru,4ª CC,Sem prioridade
0004975-90.2016.8.17.2480,19/06/2026,2ª Vara da Fazenda Pública da Comarca de Caruaru,4ª CC,Sem prioridade
0005066-83.2016.8.17.2480,19/06/2026,2ª Vara da Fazenda Pública da Comarca de Caruaru,4ª CC,Sem prioridade
0005460-17.2021.8.17.2480,19/06/2026,2ª Vara da Fazenda Pública da Comarca de Caruaru,2ª CCJ,Sem prioridade
0005691-73.2023.8.17.2480,11/06/2026,2ª Vara da Fazenda Pública da Comarca de Caruaru,2ª CCJ,Prioridade Legal
0006230-73.2022.8.17.2480,18/06/2026,2ª Vara da Fazenda Pública da Comarca de Caruaru,2ª CCJ,Prioridade Legal
0006358-59.2023.8.17.2480,17/06/2026,2ª Vara da Fazenda Pública da Comarca de Caruaru,2ª CCJ,Prioridade Legal
0006533-19.2024.8.17.2480,15/05/2026,2ª Vara da Fazenda Pública da Comarca de Caruaru,2ª CCJ,Prioridade Legal
0006562-45.2019.8.17.2480,01/06/2026,2ª Vara da Fazenda Pública da Comarca de Caruaru,2ª CCJ,Prioridade Legal
0007127-67.2023.8.17.2480,17/06/2026,2ª Vara da Fazenda Pública da Comarca de Caruaru,2ª CCJ,Sem prioridade
0007954-78.2023.8.17.2480,17/06/2026,2ª Vara da Fazenda Pública da Comarca de Caruaru,4ª CC,Prioridade Legal
0008077-18.2019.8.17.2480,19/06/2026,2ª Vara da Fazenda Pública da Comarca de Caruaru,4ª CC,Prioridade Legal
0008281-28.2020.8.17.2480,19/06/2026,2ª Vara da Fazenda Pública da Comarca de Caruaru,2ª CCJ,Prioridade Legal
0008398-14.2023.8.17.2480,12/06/2026,2ª Vara da Fazenda Pública da Comarca de Caruaru,4ª CC,Sem prioridade
0008648-81.2022.8.17.2480,21/05/2026,2ª Vara da Fazenda Pública da Comarca de Caruaru,2ª CCJ,Prioridade Legal
0008787-72.2018.8.17.2480,04/06/2026,2ª Vara da Fazenda Pública da Comarca de Caruaru,2ª CCJ,Sem prioridade
0009047-08.2025.8.17.2480,11/06/2026,2ª Vara da Fazenda Pública da Comarca de Caruaru,2ª CCJ,Sem prioridade
0009080-32.2024.8.17.2480,18/06/2026,2ª Vara da Fazenda Pública da Comarca de Caruaru,4ª CC,Prioridade Legal
0009528-39.2023.8.17.2480,03/06/2026,2ª Vara da Fazenda Pública da Comarca de Caruaru,2ª CCJ,Prioridade Legal
0009626-53.2025.8.17.2480,04/06/2026,2ª Vara da Fazenda Pública da Comarca de Caruaru,2ª CCJ,Prioridade Legal
0009671-72.2016.8.17.2480,15/05/2026,2ª Vara da Fazenda Pública da Comarca de Caruaru,2ª CCJ,Prioridade Legal
0009698-55.2016.8.17.2480,17/06/2026,2ª Vara da Fazenda Pública da Comarca de Caruaru,2ª CCJ,Prioridade Legal
0010390-49.2019.8.17.2480,22/05/2026,2ª Vara da Fazenda Pública da Comarca de Caruaru,2ª CCJ,Prioridade Legal
0011220-39.2024.8.17.2480,17/06/2026,2ª Vara da Fazenda Pública da Comarca de Caruaru,4ª CC,Sem prioridade
0011317-73.2023.8.17.2480,09/06/2026,2ª Vara da Fazenda Pública da Comarca de Caruaru,4ª CC,Sem prioridade
0011320-91.2024.8.17.2480,19/06/2026,2ª Vara da Fazenda Pública da Comarca de Caruaru,4ª CC,Sem prioridade
0011419-66.2021.8.17.2480,25/05/2026,2ª Vara da Fazenda Pública da Comarca de Caruaru,2ª CCJ,Sem prioridade
0012469-30.2021.8.17.2480,12/06/2026,2ª Vara da Fazenda Pública da Comarca de Caruaru,4ª CC,Prioridade Legal
0012676-58.2023.8.17.2480,18/06/2026,2ª Vara da Fazenda Pública da Comarca de Caruaru,4ª CC,Sem prioridade
0013120-57.2024.8.17.2480,17/06/2026,2ª Vara da Fazenda Pública da Comarca de Caruaru,2ª CCJ,Prioridade Legal
0013157-56.2013.8.17.0480,08/06/2026,2ª Vara da Fazenda Pública da Comarca de Caruaru,4ª CC,Sem prioridade
0013664-85.2011.8.17.0480,19/06/2026,2ª Vara da Fazenda Pública da Comarca de Caruaru,4ª CC,Sem prioridade
0013953-75.2024.8.17.2480,17/06/2026,2ª Vara da Fazenda Pública da Comarca de Caruaru,4ª CC,Prioridade Legal
0014086-83.2025.8.17.2480,12/06/2026,2ª Vara da Fazenda Pública da Comarca de Caruaru,2ª CCJ,Sem prioridade
0014988-36.2025.8.17.2480,17/06/2026,2ª Vara da Fazenda Pública da Comarca de Caruaru,4ª CC,Prioridade Legal
0015511-53.2022.8.17.2480,12/06/2026,2ª Vara da Fazenda Pública da Comarca de Caruaru,4ª CC,Sem prioridade
0016190-53.2022.8.17.2480,03/06/2026,2ª Vara da Fazenda Pública da Comarca de Caruaru,2ª CCJ,Prioridade Legal
0016384-19.2023.8.17.2480,12/06/2026,2ª Vara da Fazenda Pública da Comarca de Caruaru,4ª CC,Prioridade Legal
0016582-90.2022.8.17.2480,10/06/2026,2ª Vara da Fazenda Pública da Comarca de Caruaru,4ª CC,Sem prioridade
0060179-67.2000.8.17.0480,29/05/2026,2ª Vara da Fazenda Pública da Comarca de Caruaru,2ª CCJ,Sem prioridade
0069931-92.2002.8.17.0480,09/06/2026,2ª Vara da Fazenda Pública da Comarca de Caruaru,2ª CCJ,Sem prioridade
0000055-24.2026.8.17.2480,16/06/2026,2ª Vara de Família e Registro Civil da Comarca de Caruaru,3ª CCJ,Prioridade Legal
0001074-65.2026.8.17.2480,16/06/2026,2ª Vara de Família e Registro Civil da Comarca de Caruaru,3ª CCJ,Prioridade Legal
0001633-22.2026.8.17.2480,17/06/2026,2ª Vara de Família e Registro Civil da Comarca de Caruaru,3ª CCJ,Prioridade Legal
0001826-42.2023.8.17.2480,21/05/2026,2ª Vara de Família e Registro Civil da Comarca de Caruaru,3ª CCJ,Prioridade Legal
0002607-59.2026.8.17.2480,18/06/2026,2ª Vara de Família e Registro Civil da Comarca de Caruaru,3ª CCJ,Prioridade Legal
0003657-23.2026.8.17.2480,17/06/2026,2ª Vara de Família e Registro Civil da Comarca de Caruaru,3ª CCJ,Prioridade Legal
0009334-68.2025.8.17.2480,08/06/2026,2ª Vara de Família e Registro Civil da Comarca de Caruaru,3ª CCJ,Prioridade Legal
0010168-71.2025.8.17.2480,03/06/2026,2ª Vara de Família e Registro Civil da Comarca de Caruaru,3ª CCJ,Prioridade Legal
0012893-33.2025.8.17.2480,29/05/2026,2ª Vara de Família e Registro Civil da Comarca de Caruaru,3ª CCJ,Sem prioridade
0015471-03.2024.8.17.2480,29/05/2026,2ª Vara de Família e Registro Civil da Comarca de Caruaru,3ª CCJ,Prioridade Legal
0015756-59.2025.8.17.2480,11/06/2026,2ª Vara de Família e Registro Civil da Comarca de Caruaru,3ª CCJ,Prioridade Legal
0016273-64.2025.8.17.2480,14/06/2026,2ª Vara de Família e Registro Civil da Comarca de Caruaru,3ª CCJ,Prioridade Legal
0016829-66.2025.8.17.2480,19/06/2026,2ª Vara de Família e Registro Civil da Comarca de Caruaru,3ª CCJ,Prioridade Legal
0021677-67.2023.8.17.2480,09/06/2026,2ª Vara de Família e Registro Civil da Comarca de Caruaru,3ª CC,Sem prioridade
0000566-14.2024.8.17.5480,15/06/2026,3ª Vara Criminal da Comarca de Caruaru,2ª CC,Sem prioridade
0000960-21.2024.8.17.5480,19/06/2026,3ª Vara Criminal da Comarca de Caruaru,2ª CC,Prioridade Legal
0011684-69.2012.8.17.0480,19/06/2026,3ª Vara Criminal da Comarca de Caruaru,2ª CC,Sem prioridade
0000332-40.2026.8.17.2480,11/06/2026,3ª Vara Cível da Comarca de Caruaru,3ª CC,Prioridade Legal
0001026-87.2018.8.17.2480,18/06/2026,3ª Vara Cível da Comarca de Caruaru,3ª CC,Prioridade Legal
0001974-93.2010.8.17.0480,29/05/2026,3ª Vara Cível da Comarca de Caruaru,1ª CCJ,Prioridade Legal
0001983-10.2026.8.17.2480,11/06/2026,3ª Vara Cível da Comarca de Caruaru,1ª CCJ,Sem prioridade
0003245-44.2016.8.17.2480,18/06/2026,3ª Vara Cível da Comarca de Caruaru,3ª CC,Prioridade Legal
0003303-72.2012.8.17.0480,25/05/2026,3ª Vara Cível da Comarca de Caruaru,3ª CC,Sem prioridade
0004133-66.2023.8.17.2480,12/06/2026,3ª Vara Cível da Comarca de Caruaru,3ª CC,Prioridade Legal
0004405-70.2017.8.17.2480,14/06/2026,3ª Vara Cível da Comarca de Caruaru,3ª CC,Prioridade Legal
0004430-78.2020.8.17.2480,12/06/2026,3ª Vara Cível da Comarca de Caruaru,1ª CCJ,Prioridade Legal
0005238-65.2003.8.17.0480,21/05/2026,3ª Vara Cível da Comarca de Caruaru,1ª CCJ,Sem prioridade
0005241-04.2021.8.17.2480,18/06/2026,3ª Vara Cível da Comarca de Caruaru,1ª CCJ,Prioridade Legal
0005324-44.2026.8.17.2480,11/06/2026,3ª Vara Cível da Comarca de Caruaru,3ª CC,Prioridade Legal
0005714-63.2016.8.17.2480,02/06/2026,3ª Vara Cível da Comarca de Caruaru,1ª CCJ,Prioridade Legal
0006285-82.2026.8.17.2480,19/06/2026,3ª Vara Cível da Comarca de Caruaru,3ª CC,Prioridade Legal
0006287-96.2019.8.17.2480,18/06/2026,3ª Vara Cível da Comarca de Caruaru,3ª CC,Prioridade Legal
0006414-34.2019.8.17.2480,14/05/2026,3ª Vara Cível da Comarca de Caruaru,1ª CCJ,Prioridade Legal
0007807-62.2017.8.17.2480,18/06/2026,3ª Vara Cível da Comarca de Caruaru,3ª CC,Prioridade Legal
0008340-55.2016.8.17.2480,11/06/2026,3ª Vara Cível da Comarca de Caruaru,3ª CC,Prioridade Legal
0008429-97.2024.8.17.2480,18/06/2026,3ª Vara Cível da Comarca de Caruaru,3ª CC,Prioridade Legal
0008795-44.2021.8.17.2480,09/06/2026,3ª Vara Cível da Comarca de Caruaru,1ª CCJ,Prioridade Legal
0009561-58.2025.8.17.2480,11/06/2026,3ª Vara Cível da Comarca de Caruaru,1ª CCJ,Sem prioridade
0012495-86.2025.8.17.2480,16/06/2026,3ª Vara Cível da Comarca de Caruaru,3ª CC,Sem prioridade
0012606-42.2014.8.17.0480,26/05/2026,3ª Vara Cível da Comarca de Caruaru,1ª CCJ,Prioridade Legal
0014226-26.2013.8.17.0480,10/06/2026,3ª Vara Cível da Comarca de Caruaru,1ª CCJ,Sem prioridade
0014408-45.2021.8.17.2480,18/06/2026,3ª Vara Cível da Comarca de Caruaru,1ª CCJ,Prioridade Legal
0014721-35.2023.8.17.2480,09/06/2026,3ª Vara Cível da Comarca de Caruaru,3ª CC,Prioridade Legal
0018295-03.2022.8.17.2480,14/06/2026,3ª Vara Cível da Comarca de Caruaru,3ª CC,Sem prioridade
0066716-84.1997.8.17.0480,22/05/2026,3ª Vara Cível da Comarca de Caruaru,1ª CCJ,Sem prioridade
0000172-36.2026.8.17.5480,17/06/2026,4ª Vara Criminal da Comarca de Caruaru,2ª CC,Prioridade Legal
0000879-81.2017.8.17.0480,19/06/2026,4ª Vara Criminal da Comarca de Caruaru,2ª CC,Sem prioridade
0001231-23.2024.8.17.4480,18/06/2026,4ª Vara Criminal da Comarca de Caruaru,2ª CC,Prioridade Legal
0002416-49.2016.8.17.0480,16/06/2026,4ª Vara Criminal da Comarca de Caruaru,2ª CC,Prioridade Legal
0000223-02.2022.8.17.3180,14/06/2026,4ª Vara Cível da Comarca de Caruaru,3ª CC,Sem prioridade
0000270-53.2022.8.17.4480,28/06/2026,4ª Vara Cível da Comarca de Caruaru,3ª CC,Super prioridade
0002407-28.2021.8.17.2480,28/06/2026,4ª Vara Cível da Comarca de Caruaru,3ª CC,Prioridade Legal
0002644-23.2025.8.17.2480,14/06/2026,4ª Vara Cível da Comarca de Caruaru,3ª CC,Sem prioridade
0002685-87.2025.8.17.2480,14/06/2026,4ª Vara Cível da Comarca de Caruaru,3ª CC,Sem prioridade
0002873-22.2021.8.17.2480,24/06/2026,4ª Vara Cível da Comarca de Caruaru,3ª CC,Prioridade Legal
0003193-33.2025.8.17.2480,14/06/2026,4ª Vara Cível da Comarca de Caruaru,3ª CC,Sem prioridade
0003472-19.2025.8.17.2480,14/06/2026,4ª Vara Cível da Comarca de Caruaru,3ª CC,Sem prioridade
0003833-02.2026.8.17.2480,11/06/2026,4ª Vara Cível da Comarca de Caruaru,3ª CC,Sem prioridade
0004344-44.2019.8.17.2480,28/06/2026,4ª Vara Cível da Comarca de Caruaru,3ª CC,Prioridade Legal
0004630-12.2025.8.17.2480,14/06/2026,4ª Vara Cível da Comarca de Caruaru,3ª CC,Prioridade Legal
0004648-33.2025.8.17.2480,11/06/2026,4ª Vara Cível da Comarca de Caruaru,3ª CC,Prioridade Legal
0008216-57.2025.8.17.2480,25/05/2026,4ª Vara Cível da Comarca de Caruaru,3ª CC,Prioridade Legal
0009149-35.2022.8.17.2480,04/05/2026,4ª Vara Cível da Comarca de Caruaru,1ª CCJ,Prioridade Legal
0009171-59.2023.8.17.2480,14/06/2026,4ª Vara Cível da Comarca de Caruaru,3ª CC,Prioridade Legal
0009425-96.2015.8.17.0480,18/06/2026,4ª Vara Cível da Comarca de Caruaru,3ª CC,Sem prioridade
0011800-69.2024.8.17.2480,14/06/2026,4ª Vara Cível da Comarca de Caruaru,3ª CC,Sem prioridade
0012595-80.2021.8.17.2480,25/05/2026,4ª Vara Cível da Comarca de Caruaru,3ª CC,Sem prioridade
0012609-93.2023.8.17.2480,28/06/2026,4ª Vara Cível da Comarca de Caruaru,3ª CC,Prioridade Legal
0012641-64.2024.8.17.2480,16/06/2026,4ª Vara Cível da Comarca de Caruaru,1ª CCJ,Prioridade Legal
0013324-04.2024.8.17.2480,28/06/2026,4ª Vara Cível da Comarca de Caruaru,3ª CC,Prioridade Legal
0014510-67.2021.8.17.2480,24/06/2026,4ª Vara Cível da Comarca de Caruaru,3ª CC,Prioridade Legal
0014857-66.2022.8.17.2480,14/06/2026,4ª Vara Cível da Comarca de Caruaru,3ª CC,Sem prioridade
0019819-98.2023.8.17.2480,02/06/2026,4ª Vara Cível da Comarca de Caruaru,3ª CC,Prioridade Legal
0044920-76.1993.8.17.0480,11/06/2026,4ª Vara Cível da Comarca de Caruaru,PARTIDOR,Sem prioridade
0071911-74.2002.8.17.0480,01/06/2026,4ª Vara Cível da Comarca de Caruaru,3ª CC,Sem prioridade
0001563-10.2023.8.17.2480,16/06/2026,5ª Vara Cível da Comarca de Caruaru,3ª CC,Prioridade Legal
0001701-16.2019.8.17.2480,06/05/2026,5ª Vara Cível da Comarca de Caruaru,1ª CCJ,Prioridade Legal
0002877-59.2021.8.17.2480,19/06/2026,5ª Vara Cível da Comarca de Caruaru,3ª CC,Prioridade Legal
0002954-74.2009.8.17.0480,11/06/2026,5ª Vara Cível da Comarca de Caruaru,1ª CCJ,Sem prioridade
0003381-36.2019.8.17.2480,09/06/2026,5ª Vara Cível da Comarca de Caruaru,1ª CCJ,Prioridade Legal
0003943-40.2022.8.17.2480,19/06/2026,5ª Vara Cível da Comarca de Caruaru,3ª CC,Prioridade Legal
0004218-86.2022.8.17.2480,15/05/2026,5ª Vara Cível da Comarca de Caruaru,1ª CCJ,Prioridade Legal
0005894-40.2020.8.17.2480,19/05/2026,5ª Vara Cível da Comarca de Caruaru,1ª CCJ,Sem prioridade
0007173-03.2016.8.17.2480,17/06/2026,5ª Vara Cível da Comarca de Caruaru,1ª CCJ,Prioridade Legal
0009844-96.2016.8.17.2480,06/05/2026,5ª Vara Cível da Comarca de Caruaru,1ª CCJ,Prioridade Legal
0010398-55.2021.8.17.2480,27/05/2026,5ª Vara Cível da Comarca de Caruaru,3ª CC,Prioridade Legal
0011009-03.2024.8.17.2480,27/05/2026,5ª Vara Cível da Comarca de Caruaru,1ª CCJ,Prioridade Legal
0011314-21.2023.8.17.2480,20/05/2026,5ª Vara Cível da Comarca de Caruaru,1ª CCJ,Prioridade Legal
0015529-11.2021.8.17.2480,18/06/2026,5ª Vara Cível da Comarca de Caruaru,1ª CCJ,Prioridade Legal
0017563-51.2024.8.17.2480,17/06/2026,5ª Vara Cível da Comarca de Caruaru,1ª CCJ,Prioridade Legal
0017795-34.2022.8.17.2480,29/05/2026,5ª Vara Cível da Comarca de Caruaru,1ª CCJ,Prioridade Legal
0020789-98.2023.8.17.2480,15/06/2026,5ª Vara Cível da Comarca de Caruaru,3ª CC,Prioridade Legal
0024652-62.2023.8.17.2480,13/06/2026,5ª Vara Cível da Comarca de Caruaru,3ª CC,Prioridade Legal
0072980-44.2002.8.17.0480,26/04/2026,5ª Vara Cível da Comarca de Caruaru,1ª CCJ,Sem prioridade
0002421-70.2025.8.17.2480,07/06/2026,6ª Vara Cível da Comarca de Caruaru,3ª CC,Prioridade Legal
0006293-59.2026.8.17.2480,10/06/2026,6ª Vara Cível da Comarca de Caruaru,3ª CC,Prioridade Legal
0008078-90.2025.8.17.2480,16/06/2026,6ª Vara Cível da Comarca de Caruaru,3ª CC,Sem prioridade
0009474-05.2025.8.17.2480,19/06/2026,6ª Vara Cível da Comarca de Caruaru,3ª CC,Sem prioridade
0011700-80.2025.8.17.2480,17/06/2026,6ª Vara Cível da Comarca de Caruaru,3ª CC,Prioridade Legal
0014597-81.2025.8.17.2480,05/05/2026,6ª Vara Cível da Comarca de Caruaru,1ª CCJ,Sem prioridade
0014676-60.2025.8.17.2480,10/06/2026,6ª Vara Cível da Comarca de Caruaru,3ª CC,Prioridade Legal
0000521-15.2018.8.17.8230,18/05/2026,Juizado Especial Cível e das Relações de Consumo de Caruaru - Turno Manhã - 08:00h às 14:00h,1ª CCJ,Prioridade Legal
0000765-94.2025.8.17.8230,16/05/2026,Juizado Especial Cível e das Relações de Consumo de Caruaru - Turno Manhã - 08:00h às 14:00h,1ª CCJ,Prioridade Legal
0001136-58.2025.8.17.8230,17/06/2026,Juizado Especial Cível e das Relações de Consumo de Caruaru - Turno Manhã - 08:00h às 14:00h,1ª CCJ,Prioridade Legal
0001250-31.2024.8.17.8230,18/05/2026,Juizado Especial Cível e das Relações de Consumo de Caruaru - Turno Manhã - 08:00h às 14:00h,1ª CCJ,Prioridade Legal
0001330-58.2025.8.17.8230,20/05/2026,Juizado Especial Cível e das Relações de Consumo de Caruaru - Turno Manhã - 08:00h às 14:00h,1ª CCJ,Prioridade Legal
0001648-41.2025.8.17.8230,30/06/2026,Juizado Especial Cível e das Relações de Consumo de Caruaru - Turno Manhã - 08:00h às 14:00h,1ª CCJ,Prioridade Legal
0002272-90.2025.8.17.8230,29/04/2026,Juizado Especial Cível e das Relações de Consumo de Caruaru - Turno Manhã - 08:00h às 14:00h,1ª CCJ,Prioridade Legal
0002370-12.2024.8.17.8230,28/05/2026,Juizado Especial Cível e das Relações de Consumo de Caruaru - Turno Manhã - 08:00h às 14:00h,1ª CCJ,Prioridade Legal
0002379-08.2023.8.17.8230,18/06/2026,Juizado Especial Cível e das Relações de Consumo de Caruaru - Turno Manhã - 08:00h às 14:00h,1ª CCJ,Prioridade Legal
0004435-48.2022.8.17.8230,11/06/2026,Juizado Especial Cível e das Relações de Consumo de Caruaru - Turno Manhã - 08:00h às 14:00h,1ª CCJ,Sem prioridade
0004599-13.2022.8.17.8230,19/06/2026,Juizado Especial Cível e das Relações de Consumo de Caruaru - Turno Manhã - 08:00h às 14:00h,1ª CCJ,Prioridade Legal
0000275-82.2022.8.17.5480,18/06/2026,Vara de Violência Doméstica e Familiar Contra Mulher de Caruaru,2ª CC,Sem prioridade
0000368-19.2025.8.17.2480,18/06/2026,Vara de Violência Doméstica e Familiar Contra Mulher de Caruaru,2ª CC,Prioridade Legal
0001413-84.2022.8.17.5480,18/06/2026,Vara de Violência Doméstica e Familiar Contra Mulher de Caruaru,2ª CC,Prioridade Legal
0002153-08.2023.8.17.5480,18/06/2026,Vara do Tribunal do Júri da Comarca de Caruaru,2ª CC,Prioridade Legal
0009865-29.2014.8.17.0480,18/06/2026,Vara do Tribunal do Júri da Comarca de Caruaru,2ª CC,Prioridade Legal
0000102-45.2025.8.17.5030,25/05/2026,Vara Única da Comarca de Catende,5ª CC,Prioridade Legal
0000133-95.2020.8.17.2490,18/06/2026,Vara Única da Comarca de Catende,5ª CC,Sem prioridade
0000467-56.2025.8.17.2490,20/06/2026,Vara Única da Comarca de Catende,4ª CCJ,Prioridade Legal
0000599-03.2024.8.17.6030,05/06/2026,Vara Única da Comarca de Catende,5ª CC,Prioridade Legal
0000602-73.2022.8.17.2490,01/06/2026,Vara Única da Comarca de Catende,5ª CC,Sem prioridade
0000669-77.2018.8.17.2490,28/05/2026,Vara Única da Comarca de Catende,5ª CC,Sem prioridade
0000818-39.2019.8.17.2490,08/06/2026,Vara Única da Comarca de Catende,4ª CCJ,Prioridade Legal
0001012-63.2024.8.17.2490,11/06/2026,Vara Única da Comarca de Catende,5ª CC,Sem prioridade
0001206-97.2023.8.17.2490,28/05/2026,Vara Única da Comarca de Catende,5ª CC,Sem prioridade
0001337-72.2023.8.17.2490,01/06/2026,Vara Única da Comarca de Catende,5ª CC,Sem prioridade
0000094-33.2023.8.17.2510,05/06/2026,Vara Única da Comarca de Condado,4ª CCJ,Prioridade Legal
0000099-94.2019.8.17.2510,15/06/2026,Vara Única da Comarca de Condado,4ª CCJ,Prioridade Legal
0000239-42.2004.8.17.0510,15/06/2026,Vara Única da Comarca de Condado,4ª CCJ,Sem prioridade
0000266-04.2025.8.17.2510,12/06/2026,Vara Única da Comarca de Condado,5ª CC,Prioridade Legal
0000301-03.2021.8.17.2510,18/05/2026,Vara Única da Comarca de Condado,4ª CCJ,Prioridade Legal
0000505-18.2019.8.17.2510,15/06/2026,Vara Única da Comarca de Condado,4ª CCJ,Prioridade Legal
0000608-49.2024.8.17.2510,19/06/2026,Vara Única da Comarca de Condado,4ª CCJ,Prioridade Legal
0000737-31.2010.8.17.0510,15/06/2026,Vara Única da Comarca de Condado,4ª CCJ,Sem prioridade
0000907-31.2021.8.17.2510,11/06/2026,Vara Única da Comarca de Condado,5ª CC,Prioridade Legal
0000019-90.2025.8.17.2520,16/06/2026,Vara Única da Comarca de Correntes,6ª CC,Prioridade Legal
0000037-27.2001.8.17.0880,16/06/2026,Vara Única da Comarca de Correntes,6ª CC,Prioridade Legal
0000067-62.2001.8.17.0880,19/06/2026,Vara Única da Comarca de Correntes,6ª CC,Prioridade Legal
0000123-41.2014.8.17.0880,15/06/2026,Vara Única da Comarca de Correntes,5ª CCJ,Sem prioridade
0000129-48.2014.8.17.0880,16/06/2026,Vara Única da Comarca de Correntes,6ª CC,Sem prioridade
0000340-96.2023.8.17.2520,29/05/2026,Vara Única da Comarca de Correntes,5ª CCJ,Prioridade Legal
0000437-04.2020.8.17.2520,16/06/2026,Vara Única da Comarca de Correntes,5ª CCJ,Prioridade Legal
0000453-51.2014.8.17.0520,01/06/2026,Vara Única da Comarca de Correntes,5ª CCJ,Sem prioridade
0000506-60.2025.8.17.2520,19/06/2026,Vara Única da Comarca de Correntes,6ª CC,Prioridade Legal
0000567-52.2024.8.17.2520,12/06/2026,Vara Única da Comarca de Correntes,6ª CC,Prioridade Legal
0000121-24.2021.8.17.2530,20/05/2026,Vara Única da Comarca de Cortês,4ª CCJ,Prioridade Legal
0000122-09.2021.8.17.2530,27/05/2026,Vara Única da Comarca de Cortês,4ª CCJ,Prioridade Legal
0000130-15.2023.8.17.2530,11/06/2026,Vara Única da Comarca de Cortês,5ª CC,Sem prioridade
0000168-27.2023.8.17.2530,17/06/2026,Vara Única da Comarca de Cortês,5ª CC,Sem prioridade
0000297-61.2025.8.17.2530,09/06/2026,Vara Única da Comarca de Cortês,5ª CC,Prioridade Legal
0000323-59.2025.8.17.2530,09/06/2026,Vara Única da Comarca de Cortês,5ª CC,Prioridade Legal
0000367-16.2015.8.17.0530,04/06/2026,Vara Única da Comarca de Cortês,4ª CCJ,Sem prioridade
0000390-24.2025.8.17.2530,28/05/2026,Vara Única da Comarca de Cortês,5ª CC,Prioridade Legal
0000063-59.2019.8.17.2540,28/05/2026,Vara Única da Comarca de Cumaru,5ª CCJ,Prioridade Legal
0000069-37.2017.8.17.2540,19/06/2026,Vara Única da Comarca de Cumaru,6ª CC,Prioridade Legal
0000080-32.2018.8.17.2540,16/06/2026,Vara Única da Comarca de Cumaru,5ª CCJ,Prioridade Legal
0000089-87.2012.8.17.0540,25/05/2026,Vara Única da Comarca de Cumaru,5ª CCJ,Sem prioridade
0000105-60.2020.8.17.0540,18/06/2026,Vara Única da Comarca de Cumaru,6ª CC,Prioridade Legal
0000583-77.2023.8.17.2540,12/06/2026,Vara Única da Comarca de Cumaru,6ª CC,Sem prioridade
0000022-33.2017.8.17.2550,04/06/2026,Vara Única da Comarca de Cupira,5ª CCJ,Prioridade Legal
0000034-81.2016.8.17.2550,19/06/2026,Vara Única da Comarca de Cupira,6ª CC,Prioridade Legal
0000044-18.2022.8.17.2550,16/06/2026,Vara Única da Comarca de Cupira,6ª CC,Prioridade Legal
0000087-18.2023.8.17.2550,18/06/2026,Vara Única da Comarca de Cupira,6ª CC,Prioridade Legal
0000304-03.2019.8.17.2550,04/06/2026,Vara Única da Comarca de Cupira,5ª CCJ,Prioridade Legal
0000325-08.2021.8.17.2550,15/06/2026,Vara Única da Comarca de Cupira,6ª CC,Prioridade Legal
0000415-45.2023.8.17.2550,22/05/2026,Vara Única da Comarca de Cupira,5ª CCJ,Prioridade Legal
0000824-51.2016.8.17.0550,19/06/2026,Vara Única da Comarca de Cupira,6ª CC,Prioridade Legal
0001294-59.2020.8.17.0480,16/06/2026,Vara Única da Comarca de Cupira,6ª CC,Prioridade Legal
0002375-73.2023.8.17.5480,19/06/2026,Vara Única da Comarca de Cupira,6ª CC,Prioridade Legal
0000001-08.2020.8.17.0560,19/06/2026,1ª Vara da Comarca de Custódia,7ª CC,Prioridade Legal
0000004-98.2025.8.17.2560,18/06/2026,1ª Vara da Comarca de Custódia,7ª CC,Sem prioridade
0000070-79.2016.8.17.0560,16/06/2026,1ª Vara da Comarca de Custódia,7ª CC,Sem prioridade
0000084-63.2016.8.17.0560,18/06/2026,1ª Vara da Comarca de Custódia,6ª CCJ,Prioridade Legal
0000180-43.2026.8.17.2560,11/06/2026,1ª Vara da Comarca de Custódia,6ª CCJ,Sem prioridade
0000268-89.2025.8.17.5220,18/06/2026,1ª Vara da Comarca de Custódia,7ª CC,Prioridade Legal
0000366-66.2026.8.17.2560,11/06/2026,1ª Vara da Comarca de Custódia,6ª CCJ,Sem prioridade
0000410-96.2011.8.17.0560,02/06/2026,1ª Vara da Comarca de Custódia,7ª CC,Super prioridade
0000543-06.2021.8.17.2560,16/06/2026,1ª Vara da Comarca de Custódia,7ª CC,Prioridade Legal
0000708-77.2026.8.17.2560,15/06/2026,1ª Vara da Comarca de Custódia,7ª CC,Sem prioridade
0000938-57.2016.8.17.0560,04/06/2026,1ª Vara da Comarca de Custódia,6ª CCJ,Sem prioridade
0001057-17.2025.8.17.2560,12/06/2026,1ª Vara da Comarca de Custódia,7ª CC,Prioridade Legal
0000180-77.2025.8.17.2560,16/06/2026,2ª Vara da Comarca de Custódia,7ª CC,Prioridade Legal
0000351-42.2010.8.17.0270,19/06/2026,2ª Vara da Comarca de Custódia,6ª CCJ,Sem prioridade
0000371-98.2020.8.17.2560,16/06/2026,2ª Vara da Comarca de Custódia,7ª CC,Prioridade Legal
0000680-46.2025.8.17.2560,04/06/2026,2ª Vara da Comarca de Custódia,6ª CCJ,Prioridade Legal
0001560-43.2022.8.17.2560,29/06/2026,2ª Vara da Comarca de Custódia,7ª CC,Prioridade Legal
0000131-69.2026.8.17.2570,05/06/2026,1ª Vara da Comarca de Escada,5ª CC,Prioridade Legal
0000179-04.2021.8.17.2570,10/06/2026,1ª Vara da Comarca de Escada,4ª CCJ,Sem prioridade
0000181-71.2021.8.17.2570,11/06/2026,1ª Vara da Comarca de Escada,5ª CC,Sem prioridade
0000205-65.2022.8.17.2570,11/06/2026,1ª Vara da Comarca de Escada,5ª CC,Sem prioridade
0000209-92.2024.8.17.5590,07/06/2026,1ª Vara da Comarca de Escada,5ª CC,Prioridade Legal
0000219-10.2026.8.17.2570,18/06/2026,1ª Vara da Comarca de Escada,5ª CC,Prioridade Legal
0000311-27.2022.8.17.2570,18/06/2026,1ª Vara da Comarca de Escada,5ª CC,Sem prioridade
0000335-89.2021.8.17.2570,18/06/2026,1ª Vara da Comarca de Escada,5ª CC,Sem prioridade
0000357-74.2026.8.17.2570,16/06/2026,1ª Vara da Comarca de Escada,5ª CC,Prioridade Legal
0000421-66.2009.8.17.0570,12/06/2026,1ª Vara da Comarca de Escada,5ª CC,Prioridade Legal
0000461-42.2021.8.17.2570,19/06/2026,1ª Vara da Comarca de Escada,5ª CC,Sem prioridade
0000466-64.2021.8.17.2570,15/06/2026,1ª Vara da Comarca de Escada,5ª CC,Prioridade Legal
0000476-69.2025.8.17.2570,08/06/2026,1ª Vara da Comarca de Escada,5ª CC,Prioridade Legal
0000534-05.2018.8.17.0570,08/06/2026,1ª Vara da Comarca de Escada,5ª CC,Prioridade Legal
0000558-77.2011.8.17.0570,18/06/2026,1ª Vara da Comarca de Escada,4ª CCJ,Prioridade Legal
0000638-64.2025.8.17.2570,17/06/2026,1ª Vara da Comarca de Escada,5ª CC,Prioridade Legal
0000663-43.2022.8.17.5590,07/06/2026,1ª Vara da Comarca de Escada,5ª CC,Prioridade Legal
0000777-55.2021.8.17.2570,18/06/2026,1ª Vara da Comarca de Escada,5ª CC,Prioridade Legal
0000861-51.2024.8.17.2570,05/06/2026,1ª Vara da Comarca de Escada,5ª CC,Prioridade Legal
0000967-76.2025.8.17.2570,16/06/2026,1ª Vara da Comarca de Escada,5ª CC,Prioridade Legal
0000982-74.2023.8.17.5590,04/06/2026,1ª Vara da Comarca de Escada,5ª CC,Prioridade Legal
0000999-29.2009.8.17.0570,18/06/2026,1ª Vara da Comarca de Escada,5ª CC,Prioridade Legal
0001046-90.2015.8.17.0570,18/06/2026,1ª Vara da Comarca de Escada,5ª CC,Sem prioridade
0001138-33.2025.8.17.2570,12/06/2026,1ª Vara da Comarca de Escada,5ª CC,Prioridade Legal
0001245-14.2024.8.17.2570,17/06/2026,1ª Vara da Comarca de Escada,5ª CC,Sem prioridade
0001278-67.2025.8.17.2570,18/06/2026,1ª Vara da Comarca de Escada,5ª CC,Prioridade Legal
0001443-51.2024.8.17.2570,02/06/2026,1ª Vara da Comarca de Escada,4ª CCJ,Prioridade Legal
0001837-58.2024.8.17.2570,17/06/2026,1ª Vara da Comarca de Escada,5ª CC,Prioridade Legal
0001845-98.2025.8.17.2570,16/06/2026,1ª Vara da Comarca de Escada,5ª CC,Prioridade Legal
0001982-52.2014.8.17.0570,19/06/2026,1ª Vara da Comarca de Escada,5ª CC,Sem prioridade
0002152-86.2024.8.17.2570,18/06/2026,1ª Vara da Comarca de Escada,5ª CC,Prioridade Legal
0002311-63.2023.8.17.2570,03/06/2026,1ª Vara da Comarca de Escada,5ª CC,Prioridade Legal
0002368-47.2024.8.17.2570,05/06/2026,1ª Vara da Comarca de Escada,5ª CC,Prioridade Legal
0002723-28.2022.8.17.2570,10/06/2026,1ª Vara da Comarca de Escada,5ª CC,Super prioridade
0060025-10.2021.8.17.2001,18/06/2026,1ª Vara da Comarca de Escada,4ª CCJ,Prioridade Legal
0000060-93.2002.8.17.0570,07/06/2026,2ª Vara da Comarca de Escada,4ª CCJ,Sem prioridade
0000103-09.2023.8.17.2570,15/06/2026,2ª Vara da Comarca de Escada,5ª CC,Prioridade Legal
0000240-20.2025.8.17.2570,10/06/2026,2ª Vara da Comarca de Escada,5ª CC,Prioridade Legal
0000295-35.2017.8.17.0570,02/06/2026,2ª Vara da Comarca de Escada,5ª CC,Sem prioridade
0000403-15.2016.8.17.2570,19/06/2026,2ª Vara da Comarca de Escada,4ª CCJ,Sem prioridade
0000545-04.2025.8.17.2570,05/06/2026,2ª Vara da Comarca de Escada,4ª CCJ,Prioridade Legal
0000725-50.2018.8.17.0570,21/06/2026,2ª Vara da Comarca de Escada,5ª CC,Prioridade Legal
0000727-63.2020.8.17.2570,15/06/2026,2ª Vara da Comarca de Escada,5ª CC,Prioridade Legal
0000737-16.2008.8.17.0570,01/06/2026,2ª Vara da Comarca de Escada,4ª CCJ,Sem prioridade
0000796-90.2023.8.17.2570,03/06/2026,2ª Vara da Comarca de Escada,4ª CCJ,Prioridade Legal
0001040-48.2025.8.17.2570,11/06/2026,2ª Vara da Comarca de Escada,5ª CC,Prioridade Legal
0001451-29.2015.8.17.0570,18/06/2026,2ª Vara da Comarca de Escada,4ª CCJ,Sem prioridade
0002217-18.2023.8.17.2570,03/06/2026,2ª Vara da Comarca de Escada,4ª CCJ,Prioridade Legal
0000013-34.2024.8.17.2580,15/06/2026,Vara Única da Comarca de Exu,7ª CC,Prioridade Legal
0000060-87.2007.8.17.0580,18/06/2026,Vara Única da Comarca de Exu,7ª CC,Sem prioridade
0000098-54.2023.8.17.2580,18/06/2026,Vara Única da Comarca de Exu,7ª CC,Prioridade Legal
0000109-15.2025.8.17.2580,17/06/2026,Vara Única da Comarca de Exu,7ª CC,Prioridade Legal
0000127-70.2024.8.17.2580,01/06/2026,Vara Única da Comarca de Exu,6ª CCJ,Sem prioridade
0000130-25.2024.8.17.2580,04/06/2026,Vara Única da Comarca de Exu,6ª CCJ,Sem prioridade
0000220-68.2014.8.17.0580,15/06/2026,Vara Única da Comarca de Exu,7ª CC,Prioridade Legal
0000275-43.2014.8.17.0960,26/05/2026,Vara Única da Comarca de Exu,6ª CCJ,Sem prioridade
0000404-48.2014.8.17.0960,08/06/2026,Vara Única da Comarca de Exu,6ª CCJ,Sem prioridade
0000432-77.2022.8.17.5020,04/06/2026,Vara Única da Comarca de Exu,6ª CCJ,Sem prioridade
0000570-84.2025.8.17.2580,15/06/2026,Vara Única da Comarca de Exu,7ª CC,Prioridade Legal
0000849-70.2025.8.17.2580,18/06/2026,Vara Única da Comarca de Exu,7ª CC,Prioridade Legal
0001163-50.2024.8.17.2580,14/06/2026,Vara Única da Comarca de Exu,7ª CC,Prioridade Legal
0001392-78.2022.8.17.2580,03/06/2026,Vara Única da Comarca de Exu,6ª CCJ,Sem prioridade
0001419-61.2017.8.17.1020,18/06/2026,Vara Única da Comarca de Exu,7ª CC,Sem prioridade
0000111-62.2019.8.17.2590,09/06/2026,Vara Única da Comarca de Feira Nova,6ª CC,Prioridade Legal
0000284-92.2007.8.17.0590,16/06/2026,Vara Única da Comarca de Feira Nova,6ª CC,Prioridade Legal
0000330-03.2015.8.17.0590,15/06/2026,Vara Única da Comarca de Feira Nova,6ª CC,Prioridade Legal
0000356-44.2017.8.17.2590,27/05/2026,Vara Única da Comarca de Feira Nova,5ª CCJ,Sem prioridade
0000410-63.2024.8.17.2590,15/06/2026,Vara Única da Comarca de Feira Nova,5ª CCJ,Sem prioridade
0000526-12.2011.8.17.0590,07/05/2026,Vara Única da Comarca de Feira Nova,5ª CCJ,Sem prioridade
0001000-74.2023.8.17.2590,11/06/2026,Vara Única da Comarca de Feira Nova,6ª CC,Prioridade Legal
0000039-08.2026.8.17.3600,19/06/2026,Vara Única do Arquipélago de Fernando de Noronha,5ª CC,Prioridade Legal
0000179-76.2025.8.17.3600,17/06/2026,Vara Única do Arquipélago de Fernando de Noronha,5ª CC,Prioridade Legal
0019044-90.2019.8.17.0001,18/06/2026,Vara Única do Arquipélago de Fernando de Noronha,5ª CC,Prioridade Legal
0000138-77.2022.8.17.2610,17/06/2026,Vara Única da Comarca de Flores,6ª CCJ,Prioridade Legal
0000175-80.2017.8.17.2610,03/06/2026,Vara Única da Comarca de Flores,6ª CCJ,Prioridade Legal
0000206-03.2017.8.17.2610,03/06/2026,Vara Única da Comarca de Flores,6ª CCJ,Prioridade Legal
0000511-75.2014.8.17.0610,02/06/2026,Vara Única da Comarca de Flores,6ª CCJ,Sem prioridade
0000544-64.2023.8.17.2610,29/06/2026,Vara Única da Comarca de Flores,7ª CC,Prioridade Legal
0000603-81.2025.8.17.2610,29/06/2026,Vara Única da Comarca de Flores,7ª CC,Prioridade Legal
0001788-81.2020.8.17.3370,15/06/2026,Vara Única da Comarca de Flores,6ª CCJ,Prioridade Legal
0000025-50.2020.8.17.0620,17/06/2026,Vara Única da Comarca de Floresta,7ª CC,Prioridade Legal
0000104-29.2020.8.17.0620,17/06/2026,Vara Única da Comarca de Floresta,7ª CC,Prioridade Legal
0000105-18.2026.8.17.2620,17/06/2026,Vara Única da Comarca de Floresta,7ª CC,Prioridade Legal
0000147-05.2016.8.17.0620,10/06/2026,Vara Única da Comarca de Floresta,6ª CCJ,Sem prioridade
0000204-81.2020.8.17.0620,17/06/2026,Vara Única da Comarca de Floresta,7ª CC,Prioridade Legal
0000218-75.2014.8.17.0620,18/06/2026,Vara Única da Comarca de Floresta,7ª CC,Prioridade Legal
0000465-27.2012.8.17.0620,17/06/2026,Vara Única da Comarca de Floresta,7ª CC,Prioridade Legal
0000468-39.2025.8.17.2620,15/06/2026,Vara Única da Comarca de Floresta,7ª CC,Prioridade Legal
0000484-95.2022.8.17.2620,19/06/2026,Vara Única da Comarca de Floresta,6ª CCJ,Super prioridade
0000626-71.2011.8.17.0620,15/06/2026,Vara Única da Comarca de Floresta,7ª CC,Sem prioridade
0000685-53.2023.8.17.2620,17/06/2026,Vara Única da Comarca de Floresta,7ª CC,Prioridade Legal
0000741-18.2025.8.17.2620,17/06/2026,Vara Única da Comarca de Floresta,7ª CC,Prioridade Legal
0000741-52.2024.8.17.2620,15/06/2026,Vara Única da Comarca de Floresta,7ª CC,Prioridade Legal
0001265-71.2023.8.17.4370,16/06/2026,Vara Única da Comarca de Floresta,7ª CC,Prioridade Legal
0002388-36.2025.8.17.4370,16/06/2026,Vara Única da Comarca de Floresta,7ª CC,Prioridade Legal
0000123-43.2025.8.17.2630,26/05/2026,Vara Única da Comarca de Gameleira,5ª CC,Prioridade Legal
0000223-76.2017.8.17.2630,09/06/2026,Vara Única da Comarca de Gameleira,4ª CCJ,Prioridade Legal
0000259-11.2023.8.17.2630,16/06/2026,Vara Única da Comarca de Gameleira,4ª CCJ,Sem prioridade
0000265-91.2018.8.17.2630,25/05/2026,Vara Única da Comarca de Gameleira,4ª CCJ,Prioridade Legal
0000268-70.2023.8.17.2630,16/06/2026,Vara Única da Comarca de Gameleira,4ª CCJ,Prioridade Legal
0000867-15.2011.8.17.0630,01/06/2026,Vara Única da Comarca de Gameleira,5ª CC,Prioridade Legal
0000002-58.2007.8.17.0330,17/06/2026,1ª Vara Criminal da Comarca de Garanhuns,2ª CC,Sem prioridade
0000095-08.2021.8.17.5640,19/06/2026,1ª Vara Criminal da Comarca de Garanhuns,2ª CC,Sem prioridade
0000140-70.2025.8.17.5640,15/06/2026,1ª Vara Criminal da Comarca de Garanhuns,2ª CC,Prioridade Legal
0000449-55.2023.8.17.4640,19/06/2026,1ª Vara Criminal da Comarca de Garanhuns,2ª CC,Sem prioridade
0000589-28.2025.8.17.5640,17/06/2026,1ª Vara Criminal da Comarca de Garanhuns,2ª CC,Prioridade Legal
0008321-44.2022.8.17.2640,17/06/2026,1ª Vara Criminal da Comarca de Garanhuns,2ª CC,Prioridade Legal
0000017-22.2023.8.17.2640,12/06/2026,1ª Vara Cível da Comarca de Garanhuns,3ª CC,Sem prioridade
0000142-18.2021.8.17.2330,04/06/2026,1ª Vara Cível da Comarca de Garanhuns,3ª CC,Prioridade Legal
0000692-19.2022.8.17.2640,09/06/2026,1ª Vara Cível da Comarca de Garanhuns,3ª CC,Prioridade Legal
0001264-72.2022.8.17.2640,17/06/2026,1ª Vara Cível da Comarca de Garanhuns,1ª CCJ,Prioridade Legal
0001670-64.2020.8.17.2640,12/06/2026,1ª Vara Cível da Comarca de Garanhuns,3ª CC,Prioridade Legal
0001742-80.2022.8.17.2640,12/06/2026,1ª Vara Cível da Comarca de Garanhuns,3ª CC,Prioridade Legal
0001959-89.2023.8.17.2640,12/06/2026,1ª Vara Cível da Comarca de Garanhuns,3ª CC,Prioridade Legal
0002235-52.2025.8.17.2640,04/06/2026,1ª Vara Cível da Comarca de Garanhuns,3ª CC,Sem prioridade
0002333-71.2024.8.17.2640,03/06/2026,1ª Vara Cível da Comarca de Garanhuns,3ª CC,Prioridade Legal
0002834-30.2021.8.17.2640,04/06/2026,1ª Vara Cível da Comarca de Garanhuns,1ª CCJ,Prioridade Legal
0003073-63.2023.8.17.2640,04/06/2026,1ª Vara Cível da Comarca de Garanhuns,3ª CC,Prioridade Legal
0003098-42.2024.8.17.2640,04/06/2026,1ª Vara Cível da Comarca de Garanhuns,3ª CC,Prioridade Legal
0003668-04.2019.8.17.2640,20/05/2026,1ª Vara Cível da Comarca de Garanhuns,1ª CCJ,Prioridade Legal
0003707-59.2023.8.17.2640,22/05/2026,1ª Vara Cível da Comarca de Garanhuns,1ª CCJ,Prioridade Legal
0003711-28.2025.8.17.2640,05/06/2026,1ª Vara Cível da Comarca de Garanhuns,3ª CC,Prioridade Legal
0003815-54.2024.8.17.2640,12/06/2026,1ª Vara Cível da Comarca de Garanhuns,3ª CC,Prioridade Legal
0003984-17.2019.8.17.2640,07/05/2026,1ª Vara Cível da Comarca de Garanhuns,1ª CCJ,Prioridade Legal
0004006-36.2023.8.17.2640,29/06/2026,1ª Vara Cível da Comarca de Garanhuns,3ª CC,Prioridade Legal
0004323-97.2024.8.17.2640,20/05/2026,1ª Vara Cível da Comarca de Garanhuns,1ª CCJ,Prioridade Legal
0004329-46.2020.8.17.2640,25/05/2026,1ª Vara Cível da Comarca de Garanhuns,1ª CCJ,Prioridade Legal
0004467-13.2020.8.17.2640,15/06/2026,1ª Vara Cível da Comarca de Garanhuns,1ª CCJ,Prioridade Legal
0005372-53.2010.8.17.0640,03/06/2026,1ª Vara Cível da Comarca de Garanhuns,1ª CCJ,Prioridade Legal
0005557-80.2025.8.17.2640,25/05/2026,1ª Vara Cível da Comarca de Garanhuns,3ª CC,Prioridade Legal
0006095-33.2014.8.17.0640,07/05/2026,1ª Vara Cível da Comarca de Garanhuns,1ª CCJ,Prioridade Legal
0006106-32.2021.8.17.2640,08/06/2026,1ª Vara Cível da Comarca de Garanhuns,1ª CCJ,Prioridade Legal
0006908-59.2023.8.17.2640,04/06/2026,1ª Vara Cível da Comarca de Garanhuns,1ª CCJ,Prioridade Legal
0007497-17.2024.8.17.2640,05/06/2026,1ª Vara Cível da Comarca de Garanhuns,3ª CC,Prioridade Legal
0007745-46.2025.8.17.2640,05/06/2026,1ª Vara Cível da Comarca de Garanhuns,3ª CC,Prioridade Legal
0007782-78.2022.8.17.2640,17/06/2026,1ª Vara Cível da Comarca de Garanhuns,1ª CCJ,Prioridade Legal
0008522-02.2023.8.17.2640,13/06/2026,1ª Vara Cível da Comarca de Garanhuns,1ª CCJ,Sem prioridade
0008977-93.2025.8.17.2640,18/05/2026,1ª Vara Cível da Comarca de Garanhuns,1ª CCJ,Sem prioridade
0010661-24.2023.8.17.2640,15/06/2026,1ª Vara Cível da Comarca de Garanhuns,3ª CC,Prioridade Legal
0010782-52.2023.8.17.2640,23/05/2026,1ª Vara Cível da Comarca de Garanhuns,1ª CCJ,Prioridade Legal
0000743-25.2025.8.17.2640,09/06/2026,1ª Vara de Família e Reg. Civil da Comarca de Garanhuns,3ª CC,Prioridade Legal
0000964-71.2026.8.17.2640,19/06/2026,1ª Vara de Família e Reg. Civil da Comarca de Garanhuns,3ª CC,Prioridade Legal
0001332-80.2026.8.17.2640,18/06/2026,1ª Vara de Família e Reg. Civil da Comarca de Garanhuns,3ª CC,Prioridade Legal
0002020-76.2025.8.17.2640,17/06/2026,1ª Vara de Família e Reg. Civil da Comarca de Garanhuns,3ª CCJ,Sem prioridade
0002435-25.2026.8.17.2640,19/06/2026,1ª Vara de Família e Reg. Civil da Comarca de Garanhuns,3ª CC,Prioridade Legal
0005655-65.2025.8.17.2640,05/06/2026,1ª Vara de Família e Reg. Civil da Comarca de Garanhuns,3ª CC,Prioridade Legal
0005747-43.2025.8.17.2640,18/06/2026,1ª Vara de Família e Reg. Civil da Comarca de Garanhuns,3ª CC,Prioridade Legal
0007361-20.2024.8.17.2640,16/06/2026,1ª Vara de Família e Reg. Civil da Comarca de Garanhuns,3ª CC,Prioridade Legal
0000168-38.2025.8.17.5640,19/06/2026,2ª Vara Criminal da Comarca de Garanhuns,2ª CC,Prioridade Legal
0001107-94.2025.8.17.2640,19/06/2026,2ª Vara Criminal da Comarca de Garanhuns,2ª CC,Prioridade Legal
0002143-79.2022.8.17.2640,18/06/2026,2ª Vara Criminal da Comarca de Garanhuns,2ª CC,Prioridade Legal
0003560-92.2018.8.17.0640,18/06/2026,2ª Vara Criminal da Comarca de Garanhuns,2ª CC,Prioridade Legal
0006839-61.2022.8.17.2640,18/06/2026,2ª Vara Criminal da Comarca de Garanhuns,2ª CC,Prioridade Legal
0000032-53.2020.8.17.2330,19/05/2026,2ª Vara Cível da Comarca de Garanhuns,1ª CCJ,Prioridade Legal
0000432-05.2023.8.17.2640,24/05/2026,2ª Vara Cível da Comarca de Garanhuns,3ª CC,Prioridade Legal
0000473-35.2024.8.17.2640,19/06/2026,2ª Vara Cível da Comarca de Garanhuns,3ª CC,Super prioridade
0000750-85.2023.8.17.2640,03/06/2026,2ª Vara Cível da Comarca de Garanhuns,1ª CCJ,Prioridade Legal
0001204-07.2019.8.17.2640,09/06/2026,2ª Vara Cível da Comarca de Garanhuns,3ª CC,Prioridade Legal
0001229-45.2015.8.17.0640,19/05/2026,2ª Vara Cível da Comarca de Garanhuns,1ª CCJ,Sem prioridade
0001256-90.2025.8.17.2640,29/05/2026,2ª Vara Cível da Comarca de Garanhuns,1ª CCJ,Prioridade Legal
0001332-56.2021.8.17.2640,09/06/2026,2ª Vara Cível da Comarca de Garanhuns,3ª CC,Prioridade Legal
0001769-68.2019.8.17.2640,06/06/2026,2ª Vara Cível da Comarca de Garanhuns,1ª CCJ,Prioridade Legal
0002168-34.2018.8.17.2640,09/06/2026,2ª Vara Cível da Comarca de Garanhuns,1ª CCJ,Sem prioridade
0002348-16.2019.8.17.2640,24/05/2026,2ª Vara Cível da Comarca de Garanhuns,1ª CCJ,Prioridade Legal
0003195-82.2011.8.17.0640,01/06/2026,2ª Vara Cível da Comarca de Garanhuns,3ª CC,Super prioridade
0003304-27.2022.8.17.2640,25/05/2026,2ª Vara Cível da Comarca de Garanhuns,1ª CCJ,Prioridade Legal
0003324-81.2023.8.17.2640,16/06/2026,2ª Vara Cível da Comarca de Garanhuns,3ª CC,Prioridade Legal
0004038-41.2023.8.17.2640,16/06/2026,2ª Vara Cível da Comarca de Garanhuns,3ª CC,Sem prioridade
0005031-89.2020.8.17.2640,11/06/2026,2ª Vara Cível da Comarca de Garanhuns,3ª CC,Prioridade Legal
0005161-11.2022.8.17.2640,11/06/2026,2ª Vara Cível da Comarca de Garanhuns,3ª CC,Sem prioridade
0005667-16.2024.8.17.2640,03/05/2026,2ª Vara Cível da Comarca de Garanhuns,1ª CCJ,Prioridade Legal
0005966-28.2014.8.17.0640,19/06/2026,2ª Vara Cível da Comarca de Garanhuns,1ª CCJ,Prioridade Legal
0006036-78.2022.8.17.2640,19/06/2026,2ª Vara Cível da Comarca de Garanhuns,3ª CC,Prioridade Legal
0007219-16.2024.8.17.2640,11/06/2026,2ª Vara Cível da Comarca de Garanhuns,3ª CC,Prioridade Legal
0010275-91.2023.8.17.2640,09/06/2026,2ª Vara Cível da Comarca de Garanhuns,3ª CC,Prioridade Legal
0011394-87.2023.8.17.2640,19/06/2026,2ª Vara Cível da Comarca de Garanhuns,3ª CC,Prioridade Legal
0001882-51.2021.8.17.2640,18/06/2026,2ª Vara de Família e Reg. Civil da Comarca de Garanhuns,3ª CC,Prioridade Legal
0002189-10.2018.8.17.2640,05/06/2026,2ª Vara de Família e Reg. Civil da Comarca de Garanhuns,3ª CC,Prioridade Legal
0002255-53.2019.8.17.2640,08/06/2026,2ª Vara de Família e Reg. Civil da Comarca de Garanhuns,3ª CC,Prioridade Legal
0003129-33.2022.8.17.2640,03/06/2026,2ª Vara de Família e Reg. Civil da Comarca de Garanhuns,3ª CC,Prioridade Legal
0004079-03.2026.8.17.2640,09/06/2026,2ª Vara de Família e Reg. Civil da Comarca de Garanhuns,3ª CC,Sem prioridade
0005444-63.2024.8.17.2640,17/06/2026,2ª Vara de Família e Reg. Civil da Comarca de Garanhuns,3ª CC,Prioridade Legal
0006197-20.2024.8.17.2640,05/06/2026,2ª Vara de Família e Reg. Civil da Comarca de Garanhuns,3ª CC,Prioridade Legal
0006798-94.2022.8.17.2640,26/05/2026,2ª Vara de Família e Reg. Civil da Comarca de Garanhuns,3ª CCJ,Prioridade Legal
0007158-92.2023.8.17.2640,05/06/2026,2ª Vara de Família e Reg. Civil da Comarca de Garanhuns,3ª CC,Prioridade Legal
0007600-92.2022.8.17.2640,19/06/2026,2ª Vara de Família e Reg. Civil da Comarca de Garanhuns,3ª CC,Prioridade Legal
0000161-88.2026.8.17.2640,19/06/2026,3ª Vara Cível da Comarca de Garanhuns,3ª CC,Prioridade Legal
0001442-89.2020.8.17.2640,06/06/2026,3ª Vara Cível da Comarca de Garanhuns,3ª CC,Prioridade Legal
0001623-56.2021.8.17.2640,22/05/2026,3ª Vara Cível da Comarca de Garanhuns,1ª CCJ,Prioridade Legal
0001998-28.2019.8.17.2640,12/06/2026,3ª Vara Cível da Comarca de Garanhuns,3ª CC,Prioridade Legal
0002984-11.2021.8.17.2640,15/06/2026,3ª Vara Cível da Comarca de Garanhuns,3ª CC,Prioridade Legal
0003205-52.2025.8.17.2640,08/06/2026,3ª Vara Cível da Comarca de Garanhuns,3ª CC,Prioridade Legal
0003256-98.2015.8.17.0640,21/05/2026,3ª Vara Cível da Comarca de Garanhuns,1ª CCJ,Sem prioridade
0003697-44.2025.8.17.2640,08/06/2026,3ª Vara Cível da Comarca de Garanhuns,3ª CC,Prioridade Legal
0004686-94.2018.8.17.2640,01/06/2026,3ª Vara Cível da Comarca de Garanhuns,1ª CCJ,Sem prioridade
0004717-70.2025.8.17.2640,18/06/2026,3ª Vara Cível da Comarca de Garanhuns,3ª CC,Prioridade Legal
0006075-07.2024.8.17.2640,06/06/2026,3ª Vara Cível da Comarca de Garanhuns,3ª CC,Prioridade Legal
0006172-07.2024.8.17.2640,11/06/2026,3ª Vara Cível da Comarca de Garanhuns,3ª CC,Prioridade Legal
0000318-06.2025.8.17.8231,19/06/2026,Juizado Especial Cível e das Relações de Consumo de Garanhuns - Turno Manhã - 08:00h às 14:00h,1ª CCJ,Prioridade Legal
0000651-55.2025.8.17.8231,28/05/2026,Juizado Especial Cível e das Relações de Consumo de Garanhuns - Turno Manhã - 08:00h às 14:00h,1ª CCJ,Prioridade Legal
0000654-83.2020.8.17.8231,08/06/2026,Juizado Especial Cível e das Relações de Consumo de Garanhuns - Turno Manhã - 08:00h às 14:00h,1ª CCJ,Prioridade Legal
0000777-13.2022.8.17.8231,06/05/2026,Juizado Especial Cível e das Relações de Consumo de Garanhuns - Turno Manhã - 08:00h às 14:00h,1ª CCJ,Prioridade Legal
0000957-24.2025.8.17.8231,05/05/2026,Juizado Especial Cível e das Relações de Consumo de Garanhuns - Turno Manhã - 08:00h às 14:00h,1ª CCJ,Prioridade Legal
0000983-22.2025.8.17.8231,14/05/2026,Juizado Especial Cível e das Relações de Consumo de Garanhuns - Turno Manhã - 08:00h às 14:00h,1ª CCJ,Prioridade Legal
0001154-18.2021.8.17.8231,08/05/2026,Juizado Especial Cível e das Relações de Consumo de Garanhuns - Turno Manhã - 08:00h às 14:00h,1ª CCJ,Prioridade Legal
0001336-62.2025.8.17.8231,19/06/2026,Juizado Especial Cível e das Relações de Consumo de Garanhuns - Turno Manhã - 08:00h às 14:00h,1ª CC,Prioridade Legal
0001355-10.2021.8.17.8231,05/06/2026,Juizado Especial Cível e das Relações de Consumo de Garanhuns - Turno Manhã - 08:00h às 14:00h,1ª CCJ,Prioridade Legal
0001394-07.2021.8.17.8231,08/05/2026,Juizado Especial Cível e das Relações de Consumo de Garanhuns - Turno Manhã - 08:00h às 14:00h,1ª CCJ,Prioridade Legal
0001451-83.2025.8.17.8231,11/06/2026,Juizado Especial Cível e das Relações de Consumo de Garanhuns - Turno Manhã - 08:00h às 14:00h,1ª CCJ,Prioridade Legal
0001520-52.2024.8.17.8231,09/06/2026,Juizado Especial Cível e das Relações de Consumo de Garanhuns - Turno Manhã - 08:00h às 14:00h,1ª CCJ,Prioridade Legal
0001612-93.2025.8.17.8231,17/06/2026,Juizado Especial Cível e das Relações de Consumo de Garanhuns - Turno Manhã - 08:00h às 14:00h,1ª CCJ,Prioridade Legal
0001660-57.2022.8.17.8231,29/04/2026,Juizado Especial Cível e das Relações de Consumo de Garanhuns - Turno Manhã - 08:00h às 14:00h,1ª CCJ,Prioridade Legal
0001724-62.2025.8.17.8231,29/04/2026,Juizado Especial Cível e das Relações de Consumo de Garanhuns - Turno Manhã - 08:00h às 14:00h,1ª CCJ,Prioridade Legal
0001739-36.2022.8.17.8231,29/04/2026,Juizado Especial Cível e das Relações de Consumo de Garanhuns - Turno Manhã - 08:00h às 14:00h,1ª CCJ,Prioridade Legal
0001794-79.2025.8.17.8231,27/05/2026,Juizado Especial Cível e das Relações de Consumo de Garanhuns - Turno Manhã - 08:00h às 14:00h,1ª CCJ,Sem prioridade
0001824-95.2017.8.17.8231,15/06/2026,Juizado Especial Cível e das Relações de Consumo de Garanhuns - Turno Manhã - 08:00h às 14:00h,1ª CCJ,Prioridade Legal
0001844-08.2025.8.17.8231,18/05/2026,Juizado Especial Cível e das Relações de Consumo de Garanhuns - Turno Manhã - 08:00h às 14:00h,1ª CCJ,Prioridade Legal
0001872-73.2025.8.17.8231,16/06/2026,Juizado Especial Cível e das Relações de Consumo de Garanhuns - Turno Manhã - 08:00h às 14:00h,1ª CCJ,Prioridade Legal
0002047-67.2025.8.17.8231,16/06/2026,Juizado Especial Cível e das Relações de Consumo de Garanhuns - Turno Manhã - 08:00h às 14:00h,1ª CCJ,Prioridade Legal
0002072-17.2024.8.17.8231,29/04/2026,Juizado Especial Cível e das Relações de Consumo de Garanhuns - Turno Manhã - 08:00h às 14:00h,1ª CCJ,Prioridade Legal
0002093-90.2024.8.17.8231,20/05/2026,Juizado Especial Cível e das Relações de Consumo de Garanhuns - Turno Manhã - 08:00h às 14:00h,1ª CCJ,Prioridade Legal
0002206-49.2021.8.17.8231,12/06/2026,Juizado Especial Cível e das Relações de Consumo de Garanhuns - Turno Manhã - 08:00h às 14:00h,1ª CCJ,Prioridade Legal
0002257-55.2024.8.17.8231,01/06/2026,Juizado Especial Cível e das Relações de Consumo de Garanhuns - Turno Manhã - 08:00h às 14:00h,1ª CCJ,Prioridade Legal
0002299-70.2025.8.17.8231,29/04/2026,Juizado Especial Cível e das Relações de Consumo de Garanhuns - Turno Manhã - 08:00h às 14:00h,1ª CCJ,Prioridade Legal
0002374-12.2025.8.17.8231,29/04/2026,Juizado Especial Cível e das Relações de Consumo de Garanhuns - Turno Manhã - 08:00h às 14:00h,1ª CCJ,Prioridade Legal
0002436-52.2025.8.17.8231,18/06/2026,Juizado Especial Cível e das Relações de Consumo de Garanhuns - Turno Manhã - 08:00h às 14:00h,1ª CCJ,Prioridade Legal
0002459-66.2023.8.17.8231,12/05/2026,Juizado Especial Cível e das Relações de Consumo de Garanhuns - Turno Manhã - 08:00h às 14:00h,1ª CCJ,Prioridade Legal
0002466-87.2025.8.17.8231,20/05/2026,Juizado Especial Cível e das Relações de Consumo de Garanhuns - Turno Manhã - 08:00h às 14:00h,1ª CCJ,Sem prioridade
0002478-04.2025.8.17.8231,16/06/2026,Juizado Especial Cível e das Relações de Consumo de Garanhuns - Turno Manhã - 08:00h às 14:00h,1ª CCJ,Prioridade Legal
0002517-98.2025.8.17.8231,19/06/2026,Juizado Especial Cível e das Relações de Consumo de Garanhuns - Turno Manhã - 08:00h às 14:00h,1ª CCJ,Prioridade Legal
0002565-57.2025.8.17.8231,19/06/2026,Juizado Especial Cível e das Relações de Consumo de Garanhuns - Turno Manhã - 08:00h às 14:00h,1ª CCJ,Prioridade Legal
0000547-90.2015.8.17.0640,01/06/2026,Vara da Fazenda Pública da Comarca de Garanhuns,2ª CCJ,Prioridade Legal
0000644-31.2020.8.17.2640,11/06/2026,Vara da Fazenda Pública da Comarca de Garanhuns,4ª CC,Prioridade Legal
0001488-78.2020.8.17.2640,15/06/2026,Vara da Fazenda Pública da Comarca de Garanhuns,4ª CC,Prioridade Legal
0001821-84.2018.8.17.0640,21/05/2026,Vara da Fazenda Pública da Comarca de Garanhuns,2ª CCJ,Sem prioridade
0002128-42.2024.8.17.2640,11/06/2026,Vara da Fazenda Pública da Comarca de Garanhuns,4ª CC,Prioridade Legal
0002400-78.2023.8.17.8231,17/06/2026,Vara da Fazenda Pública da Comarca de Garanhuns,4ª CC,Prioridade Legal
0002553-45.2019.8.17.2640,11/06/2026,Vara da Fazenda Pública da Comarca de Garanhuns,4ª CC,Prioridade Legal
0004620-07.2024.8.17.2640,09/06/2026,Vara da Fazenda Pública da Comarca de Garanhuns,4ª CC,Prioridade Legal
0005057-48.2024.8.17.2640,18/06/2026,Vara da Fazenda Pública da Comarca de Garanhuns,2ª CCJ,Prioridade Legal
0005212-51.2024.8.17.2640,10/06/2026,Vara da Fazenda Pública da Comarca de Garanhuns,4ª CC,Prioridade Legal
0000011-14.2025.8.17.2650,26/05/2026,Vara Única da Comarca de Glória do Goitá,4ª CCJ,Sem prioridade
0000096-73.2020.8.17.2650,16/06/2026,Vara Única da Comarca de Glória do Goitá,5ª CC,Sem prioridade
0000106-85.2024.8.17.5590,18/06/2026,Vara Única da Comarca de Glória do Goitá,5ª CC,Prioridade Legal
0000127-64.2018.8.17.2650,07/06/2026,Vara Única da Comarca de Glória do Goitá,5ª CC,Prioridade Legal
0000149-54.2020.8.17.2650,10/06/2026,Vara Única da Comarca de Glória do Goitá,4ª CCJ,Prioridade Legal
0000167-36.2024.8.17.2650,05/06/2026,Vara Única da Comarca de Glória do Goitá,5ª CC,Prioridade Legal
0000231-71.2020.8.17.0650,08/06/2026,Vara Única da Comarca de Glória do Goitá,5ª CC,Prioridade Legal
0000260-10.2009.8.17.0650,02/06/2026,Vara Única da Comarca de Glória do Goitá,5ª CC,Sem prioridade
0000335-04.2025.8.17.2650,03/06/2026,Vara Única da Comarca de Glória do Goitá,5ª CC,Prioridade Legal
0000419-44.2021.8.17.2650,29/05/2026,Vara Única da Comarca de Glória do Goitá,4ª CCJ,Prioridade Legal
0000523-36.2021.8.17.2650,07/06/2026,Vara Única da Comarca de Glória do Goitá,5ª CC,Prioridade Legal
0000564-95.2024.8.17.2650,01/06/2026,Vara Única da Comarca de Glória do Goitá,5ª CC,Prioridade Legal
0000618-95.2023.8.17.2650,16/06/2026,Vara Única da Comarca de Glória do Goitá,5ª CC,Sem prioridade
0000731-83.2022.8.17.2650,11/06/2026,Vara Única da Comarca de Glória do Goitá,5ª CC,Prioridade Legal
0000787-49.2015.8.17.0650,16/06/2026,Vara Única da Comarca de Glória do Goitá,5ª CC,Sem prioridade
0001018-18.2011.8.17.0650,11/06/2026,Vara Única da Comarca de Glória do Goitá,5ª CC,Sem prioridade
0001054-20.2024.8.17.2650,11/06/2026,Vara Única da Comarca de Glória do Goitá,5ª CC,Prioridade Legal
0001064-30.2025.8.17.2650,09/06/2026,Vara Única da Comarca de Glória do Goitá,5ª CC,Prioridade Legal
0001064-64.2024.8.17.2650,03/06/2026,Vara Única da Comarca de Glória do Goitá,4ª CCJ,Prioridade Legal
0001145-47.2023.8.17.2650,08/06/2026,Vara Única da Comarca de Glória do Goitá,5ª CC,Super prioridade
0000129-88.2026.8.17.2218,10/06/2026,1ª Vara Cível da Comarca de Goiana,5ª CC,Prioridade Legal
0000369-77.2026.8.17.2218,08/06/2026,1ª Vara Cível da Comarca de Goiana,5ª CC,Prioridade Legal
0000627-87.2026.8.17.2218,17/06/2026,1ª Vara Cível da Comarca de Goiana,5ª CC,Prioridade Legal
0001017-57.2026.8.17.2218,09/06/2026,1ª Vara Cível da Comarca de Goiana,5ª CC,Prioridade Legal
0001616-30.2025.8.17.2218,29/05/2026,1ª Vara Cível da Comarca de Goiana,5ª CC,Prioridade Legal
0001884-55.2023.8.17.2218,18/05/2026,1ª Vara Cível da Comarca de Goiana,5ª CC,Prioridade Legal
0002593-22.2025.8.17.2218,17/06/2026,1ª Vara Cível da Comarca de Goiana,5ª CC,Sem prioridade
0002628-50.2023.8.17.2218,08/06/2026,1ª Vara Cível da Comarca de Goiana,5ª CC,Prioridade Legal
0002871-23.2025.8.17.2218,08/06/2026,1ª Vara Cível da Comarca de Goiana,5ª CC,Prioridade Legal
0003366-72.2022.8.17.2218,27/05/2026,1ª Vara Cível da Comarca de Goiana,5ª CC,Sem prioridade
0003709-34.2023.8.17.2218,05/06/2026,1ª Vara Cível da Comarca de Goiana,5ª CC,Prioridade Legal
0003773-73.2025.8.17.2218,08/06/2026,1ª Vara Cível da Comarca de Goiana,5ª CC,Prioridade Legal
0003787-91.2024.8.17.2218,29/05/2026,1ª Vara Cível da Comarca de Goiana,5ª CC,Prioridade Legal
0004212-21.2024.8.17.2218,18/06/2026,1ª Vara Cível da Comarca de Goiana,5ª CC,Prioridade Legal
0000391-67.2000.8.17.0660,09/06/2026,2ª Vara Cível da Comarca de Goiana,5ª CC,Prioridade Legal
0000444-19.2026.8.17.2218,19/06/2026,2ª Vara Cível da Comarca de Goiana,5ª CC,Prioridade Legal
0000991-59.2026.8.17.2218,15/06/2026,2ª Vara Cível da Comarca de Goiana,5ª CC,Sem prioridade
0002258-71.2023.8.17.2218,01/06/2026,2ª Vara Cível da Comarca de Goiana,4ª CCJ,Prioridade Legal
0004087-19.2025.8.17.2218,09/06/2026,2ª Vara Cível da Comarca de Goiana,5ª CC,Prioridade Legal
0000138-52.2023.8.17.8233,19/06/2026,Juizado Especial Cível e das Relações de Consumo e Criminal de Goiana - Turno Manhã - 08:00h às 14:00h,1ª CCJ,Prioridade Legal
0000271-94.2023.8.17.8233,19/06/2026,Juizado Especial Cível e das Relações de Consumo e Criminal de Goiana - Turno Manhã - 08:00h às 14:00h,1ª CCJ,Prioridade Legal
0000501-68.2025.8.17.8233,19/06/2026,Juizado Especial Cível e das Relações de Consumo e Criminal de Goiana - Turno Manhã - 08:00h às 14:00h,1ª CCJ,Prioridade Legal
0000586-54.2025.8.17.8233,28/05/2026,Juizado Especial Cível e das Relações de Consumo e Criminal de Goiana - Turno Manhã - 08:00h às 14:00h,1ª CCJ,Prioridade Legal
0000858-82.2024.8.17.8233,19/06/2026,Juizado Especial Cível e das Relações de Consumo e Criminal de Goiana - Turno Manhã - 08:00h às 14:00h,1ª CCJ,Sem prioridade
0000865-74.2024.8.17.8233,19/06/2026,Juizado Especial Cível e das Relações de Consumo e Criminal de Goiana - Turno Manhã - 08:00h às 14:00h,1ª CCJ,Prioridade Legal
0001192-24.2021.8.17.8233,19/06/2026,Juizado Especial Cível e das Relações de Consumo e Criminal de Goiana - Turno Manhã - 08:00h às 14:00h,1ª CCJ,Prioridade Legal
0001216-47.2024.8.17.8233,19/06/2026,Juizado Especial Cível e das Relações de Consumo e Criminal de Goiana - Turno Manhã - 08:00h às 14:00h,1ª CCJ,Super prioridade
0001217-95.2025.8.17.8233,28/05/2026,Juizado Especial Cível e das Relações de Consumo e Criminal de Goiana - Turno Manhã - 08:00h às 14:00h,1ª CCJ,Prioridade Legal
0001236-04.2025.8.17.8233,19/06/2026,Juizado Especial Cível e das Relações de Consumo e Criminal de Goiana - Turno Manhã - 08:00h às 14:00h,1ª CCJ,Prioridade Legal
0001339-45.2024.8.17.8233,28/05/2026,Juizado Especial Cível e das Relações de Consumo e Criminal de Goiana - Turno Manhã - 08:00h às 14:00h,1ª CCJ,Prioridade Legal
0001531-75.2024.8.17.8233,29/04/2026,Juizado Especial Cível e das Relações de Consumo e Criminal de Goiana - Turno Manhã - 08:00h às 14:00h,1ª CCJ,Prioridade Legal
0001820-08.2024.8.17.8233,09/06/2026,Juizado Especial Cível e das Relações de Consumo e Criminal de Goiana - Turno Manhã - 08:00h às 14:00h,1ª CCJ,Prioridade Legal
0001822-41.2025.8.17.8233,30/04/2026,Juizado Especial Cível e das Relações de Consumo e Criminal de Goiana - Turno Manhã - 08:00h às 14:00h,1ª CCJ,Prioridade Legal
0001845-21.2024.8.17.8233,04/05/2026,Juizado Especial Cível e das Relações de Consumo e Criminal de Goiana - Turno Manhã - 08:00h às 14:00h,1ª CCJ,Prioridade Legal
0002067-86.2024.8.17.8233,28/05/2026,Juizado Especial Cível e das Relações de Consumo e Criminal de Goiana - Turno Manhã - 08:00h às 14:00h,1ª CCJ,Prioridade Legal
0002126-74.2024.8.17.8233,04/05/2026,Juizado Especial Cível e das Relações de Consumo e Criminal de Goiana - Turno Manhã - 08:00h às 14:00h,1ª CCJ,Prioridade Legal
0003078-24.2022.8.17.8233,19/06/2026,Juizado Especial Cível e das Relações de Consumo e Criminal de Goiana - Turno Manhã - 08:00h às 14:00h,1ª CCJ,Prioridade Legal
0003769-04.2023.8.17.8233,09/06/2026,Juizado Especial Cível e das Relações de Consumo e Criminal de Goiana - Turno Manhã - 08:00h às 14:00h,1ª CCJ,Prioridade Legal
0003874-78.2023.8.17.8233,19/06/2026,Juizado Especial Cível e das Relações de Consumo e Criminal de Goiana - Turno Manhã - 08:00h às 14:00h,1ª CCJ,Prioridade Legal
0003941-43.2023.8.17.8233,19/06/2026,Juizado Especial Cível e das Relações de Consumo e Criminal de Goiana - Turno Manhã - 08:00h às 14:00h,1ª CCJ,Prioridade Legal
0000900-31.2019.8.17.0660,18/06/2026,Vara Criminal da Comarca de Goiana,2ª CC,Prioridade Legal
0001044-04.2023.8.17.4980,18/06/2026,Vara Criminal da Comarca de Goiana,2ª CC,Prioridade Legal
0002382-20.2024.8.17.2218,18/06/2026,Vara Criminal da Comarca de Goiana,2ª CC,Prioridade Legal
0002987-97.2023.8.17.2218,18/06/2026,Vara Criminal da Comarca de Goiana,2ª CC,Prioridade Legal
0000038-41.1993.8.17.0670,19/06/2026,1ª Vara Criminal da Comarca de Gravatá,2ª CC,Sem prioridade
0001815-26.2014.8.17.0670,19/06/2026,1ª Vara Criminal da Comarca de Gravatá,2ª CC,Sem prioridade
0001975-17.2015.8.17.0670,19/06/2026,1ª Vara Criminal da Comarca de Gravatá,2ª CC,Sem prioridade
0000199-59.2016.8.17.2670,14/05/2026,1ª Vara Cível da Comarca de Gravatá,5ª CCJ,Prioridade Legal
0000235-57.2023.8.17.2670,19/06/2026,1ª Vara Cível da Comarca de Gravatá,6ª CC,Sem prioridade
0000321-88.2013.8.17.0500,19/06/2026,1ª Vara Cível da Comarca de Gravatá,6ª CC,Sem prioridade
0000655-97.2013.8.17.0670,19/06/2026,1ª Vara Cível da Comarca de Gravatá,6ª CC,Sem prioridade
0000715-65.2016.8.17.0670,09/06/2026,1ª Vara Cível da Comarca de Gravatá,5ª CCJ,Prioridade Legal
0000724-07.2017.8.17.2670,19/06/2026,1ª Vara Cível da Comarca de Gravatá,6ª CC,Sem prioridade
0000724-13.2005.8.17.0670,18/06/2026,1ª Vara Cível da Comarca de Gravatá,5ª CCJ,Sem prioridade
0001199-21.2021.8.17.2670,15/06/2026,1ª Vara Cível da Comarca de Gravatá,6ª CC,Prioridade Legal
0001244-89.2013.8.17.0670,10/06/2026,1ª Vara Cível da Comarca de Gravatá,5ª CCJ,Sem prioridade
0001309-78.2025.8.17.2670,19/06/2026,1ª Vara Cível da Comarca de Gravatá,6ª CC,Super prioridade
0002009-31.2011.8.17.0670,11/06/2026,1ª Vara Cível da Comarca de Gravatá,5ª CCJ,Sem prioridade
0002086-98.2015.8.17.0670,09/06/2026,1ª Vara Cível da Comarca de Gravatá,5ª CCJ,Prioridade Legal
0002170-30.2026.8.17.2670,19/06/2026,1ª Vara Cível da Comarca de Gravatá,6ª CC,Prioridade Legal
0002174-09.2022.8.17.2670,19/06/2026,1ª Vara Cível da Comarca de Gravatá,6ª CC,Sem prioridade
0002432-53.2021.8.17.2670,19/06/2026,1ª Vara Cível da Comarca de Gravatá,6ª CC,Prioridade Legal
0003053-11.2025.8.17.2670,15/06/2026,1ª Vara Cível da Comarca de Gravatá,6ª CC,Prioridade Legal
0004300-61.2024.8.17.2670,16/06/2026,1ª Vara Cível da Comarca de Gravatá,6ª CC,Prioridade Legal
0006843-71.2023.8.17.2670,11/06/2026,1ª Vara Cível da Comarca de Gravatá,5ª CCJ,Prioridade Legal
0007669-69.2012.8.17.0670,10/06/2026,1ª Vara Cível da Comarca de Gravatá,6ª CC,Prioridade Legal
0007776-44.2023.8.17.2670,19/06/2026,1ª Vara Cível da Comarca de Gravatá,6ª CC,Sem prioridade
0009125-19.2022.8.17.2670,19/06/2026,1ª Vara Cível da Comarca de Gravatá,6ª CC,Prioridade Legal
0000015-75.2020.8.17.0500,18/06/2026,2ª Vara Criminal da Comarca de Gravatá,2ª CC,Sem prioridade
0001784-06.2014.8.17.0670,15/06/2026,2ª Vara Criminal da Comarca de Gravatá,2ª CC,Sem prioridade
0000902-88.2007.8.17.0670,03/06/2026,2ª Vara Cível da Comarca de Gravatá,5ª CCJ,Sem prioridade
0001047-32.2016.8.17.0670,08/06/2026,2ª Vara Cível da Comarca de Gravatá,5ª CCJ,Sem prioridade
0001222-17.2002.8.17.0670,03/06/2026,2ª Vara Cível da Comarca de Gravatá,5ª CCJ,Sem prioridade
0001490-16.2024.8.17.2670,09/06/2026,2ª Vara Cível da Comarca de Gravatá,6ª CC,Prioridade Legal
0001710-43.2026.8.17.2670,17/06/2026,2ª Vara Cível da Comarca de Gravatá,6ª CC,Prioridade Legal
0001764-43.2025.8.17.2670,15/06/2026,2ª Vara Cível da Comarca de Gravatá,6ª CC,Prioridade Legal
0002105-35.2026.8.17.2670,16/06/2026,2ª Vara Cível da Comarca de Gravatá,6ª CC,Sem prioridade
0002713-44.2011.8.17.0670,02/06/2026,2ª Vara Cível da Comarca de Gravatá,5ª CCJ,Sem prioridade
0000137-89.2026.8.17.8224,02/06/2026,Juizado Especial Cível e das Relações de Consumo e Criminal da Comarca de Gravatá,1ª CCJ,Prioridade Legal
0000316-23.2026.8.17.8224,26/05/2026,Juizado Especial Cível e das Relações de Consumo e Criminal da Comarca de Gravatá,1ª CCJ,Prioridade Legal
0000775-59.2025.8.17.8224,19/05/2026,Juizado Especial Cível e das Relações de Consumo e Criminal da Comarca de Gravatá,1ª CCJ,Prioridade Legal
0000781-03.2024.8.17.8224,27/05/2026,Juizado Especial Cível e das Relações de Consumo e Criminal da Comarca de Gravatá,1ª CCJ,Prioridade Legal
0000917-63.2025.8.17.8224,29/04/2026,Juizado Especial Cível e das Relações de Consumo e Criminal da Comarca de Gravatá,1ª CCJ,Prioridade Legal
0000942-47.2023.8.17.8224,26/05/2026,Juizado Especial Cível e das Relações de Consumo e Criminal da Comarca de Gravatá,1ª CCJ,Prioridade Legal
0001044-98.2025.8.17.8224,20/05/2026,Juizado Especial Cível e das Relações de Consumo e Criminal da Comarca de Gravatá,1ª CCJ,Prioridade Legal
0001254-52.2025.8.17.8224,11/06/2026,Juizado Especial Cível e das Relações de Consumo e Criminal da Comarca de Gravatá,1ª CCJ,Prioridade Legal
0001422-54.2025.8.17.8224,30/04/2026,Juizado Especial Cível e das Relações de Consumo e Criminal da Comarca de Gravatá,1ª CCJ,Prioridade Legal
0001566-28.2025.8.17.8224,07/05/2026,Juizado Especial Cível e das Relações de Consumo e Criminal da Comarca de Gravatá,1ª CCJ,Prioridade Legal
0000004-39.2019.8.17.2680,18/06/2026,Vara Única da Comarca de Iati,6ª CC,Prioridade Legal
0000025-73.2023.8.17.2680,18/06/2026,Vara Única da Comarca de Iati,6ª CC,Prioridade Legal
0000037-53.2024.8.17.2680,18/06/2026,Vara Única da Comarca de Iati,6ª CC,Prioridade Legal
0000049-67.2024.8.17.2680,18/06/2026,Vara Única da Comarca de Iati,6ª CC,Prioridade Legal
0000081-38.2025.8.17.2680,15/06/2026,Vara Única da Comarca de Iati,6ª CC,Prioridade Legal
0000082-04.2017.8.17.2680,19/06/2026,Vara Única da Comarca de Iati,5ª CCJ,Prioridade Legal
0000158-95.2021.8.17.0640,18/06/2026,Vara Única da Comarca de Iati,6ª CC,Prioridade Legal
0000169-76.2025.8.17.2680,16/06/2026,Vara Única da Comarca de Iati,6ª CC,Prioridade Legal
0000258-07.2022.8.17.2680,19/06/2026,Vara Única da Comarca de Iati,6ª CC,Sem prioridade
0000378-79.2024.8.17.2680,19/06/2026,Vara Única da Comarca de Iati,6ª CC,Sem prioridade
0000447-14.2024.8.17.2680,19/06/2026,Vara Única da Comarca de Iati,6ª CC,Prioridade Legal
0000642-04.2021.8.17.2680,17/06/2026,Vara Única da Comarca de Iati,5ª CCJ,Prioridade Legal
0000788-11.2022.8.17.2680,10/06/2026,Vara Única da Comarca de Iati,5ª CCJ,Prioridade Legal
0000872-75.2023.8.17.2680,18/06/2026,Vara Única da Comarca de Iati,5ª CCJ,Prioridade Legal
0000932-48.2023.8.17.2680,29/05/2026,Vara Única da Comarca de Iati,5ª CCJ,Prioridade Legal
0000937-70.2023.8.17.2680,19/05/2026,Vara Única da Comarca de Iati,5ª CCJ,Prioridade Legal
0000108-55.2017.8.17.0690,15/06/2026,Vara Única da Comarca de Ibimirim,7ª CC,Prioridade Legal
0000206-83.2019.8.17.2690,16/06/2026,Vara Única da Comarca de Ibimirim,6ª CCJ,Prioridade Legal
0000271-73.2022.8.17.2690,19/06/2026,Vara Única da Comarca de Ibimirim,7ª CC,Sem prioridade
0000285-58.2013.8.17.0690,17/06/2026,Vara Única da Comarca de Ibimirim,6ª CCJ,Sem prioridade
0000303-16.2012.8.17.0690,11/06/2026,Vara Única da Comarca de Ibimirim,6ª CCJ,Sem prioridade
0000305-87.2018.8.17.2690,16/06/2026,Vara Única da Comarca de Ibimirim,7ª CC,Prioridade Legal
0000375-07.2018.8.17.2690,17/06/2026,Vara Única da Comarca de Ibimirim,6ª CCJ,Prioridade Legal
0000504-02.2024.8.17.2690,16/06/2026,Vara Única da Comarca de Ibimirim,7ª CC,Prioridade Legal
0000512-52.2019.8.17.2690,16/06/2026,Vara Única da Comarca de Ibimirim,7ª CC,Sem prioridade
0000684-81.2025.8.17.2690,16/06/2026,Vara Única da Comarca de Ibimirim,7ª CC,Prioridade Legal
0000776-59.2025.8.17.2690,19/06/2026,Vara Única da Comarca de Ibimirim,7ª CC,Sem prioridade
0000001-69.1985.8.17.0710,05/06/2026,1ª Vara Cível da Comarca de Igarassu,5ª CC,Sem prioridade
0000082-06.2020.8.17.2710,05/06/2026,1ª Vara Cível da Comarca de Igarassu,5ª CC,Sem prioridade
0000386-44.2016.8.17.2710,11/06/2026,1ª Vara Cível da Comarca de Igarassu,4ª CCJ,Prioridade Legal
0000431-72.2021.8.17.2710,15/06/2026,1ª Vara Cível da Comarca de Igarassu,4ª CCJ,Prioridade Legal
0000685-50.2018.8.17.2710,18/06/2026,1ª Vara Cível da Comarca de Igarassu,5ª CC,Sem prioridade
0000688-97.2021.8.17.2710,18/05/2026,1ª Vara Cível da Comarca de Igarassu,5ª CC,Prioridade Legal
0000827-12.1996.8.17.0710,18/06/2026,1ª Vara Cível da Comarca de Igarassu,5ª CC,Sem prioridade
0000872-87.2020.8.17.2710,18/06/2026,1ª Vara Cível da Comarca de Igarassu,5ª CC,Sem prioridade
0001240-96.2020.8.17.2710,17/06/2026,1ª Vara Cível da Comarca de Igarassu,5ª CC,Prioridade Legal
0001328-66.2022.8.17.2710,18/06/2026,1ª Vara Cível da Comarca de Igarassu,5ª CC,Prioridade Legal
0001526-98.2025.8.17.2710,12/06/2026,1ª Vara Cível da Comarca de Igarassu,5ª CC,Prioridade Legal
0001668-49.2018.8.17.2710,18/06/2026,1ª Vara Cível da Comarca de Igarassu,5ª CC,Prioridade Legal
0001860-41.2013.8.17.0710,19/06/2026,1ª Vara Cível da Comarca de Igarassu,5ª CC,Prioridade Legal
0001871-30.2026.8.17.2710,05/06/2026,1ª Vara Cível da Comarca de Igarassu,5ª CC,Prioridade Legal
0002117-02.2021.8.17.2710,29/05/2026,1ª Vara Cível da Comarca de Igarassu,5ª CC,Prioridade Legal
0002134-33.2024.8.17.2710,18/06/2026,1ª Vara Cível da Comarca de Igarassu,5ª CC,Prioridade Legal
0002860-81.2010.8.17.0710,29/05/2026,1ª Vara Cível da Comarca de Igarassu,4ª CCJ,Prioridade Legal
0004706-64.2021.8.17.2710,11/06/2026,1ª Vara Cível da Comarca de Igarassu,5ª CC,Prioridade Legal
0006944-22.2022.8.17.2710,18/06/2026,1ª Vara Cível da Comarca de Igarassu,4ª CCJ,Prioridade Legal
0012681-93.2023.8.17.3090,02/06/2026,1ª Vara Cível da Comarca de Igarassu,4ª CCJ,Prioridade Legal
0001857-22.2021.8.17.2710,03/06/2026,2ª Vara Cível da Comarca de Igarassu,4ª CCJ,Prioridade Legal
0001969-83.2024.8.17.2710,18/06/2026,2ª Vara Cível da Comarca de Igarassu,5ª CC,Sem prioridade
0001993-53.2020.8.17.2710,04/06/2026,2ª Vara Cível da Comarca de Igarassu,5ª CC,Sem prioridade
0003026-39.2024.8.17.2710,08/06/2026,2ª Vara Cível da Comarca de Igarassu,4ª CCJ,Sem prioridade
0003641-92.2025.8.17.2710,11/06/2026,2ª Vara Cível da Comarca de Igarassu,4ª CCJ,Prioridade Legal
0004068-60.2023.8.17.2710,11/06/2026,2ª Vara Cível da Comarca de Igarassu,5ª CC,Super prioridade
0004597-50.2021.8.17.2710,03/06/2026,2ª Vara Cível da Comarca de Igarassu,4ª CCJ,Sem prioridade
0007016-09.2022.8.17.2710,08/06/2026,2ª Vara Cível da Comarca de Igarassu,5ª CC,Prioridade Legal
0009408-82.2023.8.17.2710,18/06/2026,2ª Vara Cível da Comarca de Igarassu,5ª CC,Sem prioridade
0000304-57.2022.8.17.5990,16/06/2026,Vara Criminal da Comarca de Igarassu,2ª CC,Prioridade Legal
0000962-57.2015.8.17.0710,19/06/2026,Vara Criminal da Comarca de Igarassu,2ª CC,Sem prioridade
0003331-18.2019.8.17.0990,16/06/2026,Vara Criminal da Comarca de Igarassu,2ª CC,Prioridade Legal
0000240-88.2026.8.17.2730,19/06/2026,1ª Vara Cível da Comarca de Ipojuca,5ª CC,Prioridade Legal
0000280-17.2019.8.17.2730,09/06/2026,1ª Vara Cível da Comarca de Ipojuca,5ª CC,Sem prioridade
0000452-85.2021.8.17.2730,04/06/2026,1ª Vara Cível da Comarca de Ipojuca,5ª CC,Prioridade Legal
0000616-50.2021.8.17.2730,04/06/2026,1ª Vara Cível da Comarca de Ipojuca,5ª CC,Sem prioridade
0001589-63.2025.8.17.2730,11/06/2026,1ª Vara Cível da Comarca de Ipojuca,5ª CC,Prioridade Legal
0002303-23.2025.8.17.2730,11/06/2026,1ª Vara Cível da Comarca de Ipojuca,5ª CC,Prioridade Legal
0002535-35.2025.8.17.2730,02/06/2026,1ª Vara Cível da Comarca de Ipojuca,5ª CC,Prioridade Legal
0002623-73.2025.8.17.2730,12/06/2026,1ª Vara Cível da Comarca de Ipojuca,5ª CC,Prioridade Legal
0002710-68.2021.8.17.2730,11/06/2026,1ª Vara Cível da Comarca de Ipojuca,5ª CC,Prioridade Legal
0003818-93.2025.8.17.2730,03/06/2026,1ª Vara Cível da Comarca de Ipojuca,5ª CC,Prioridade Legal
0062129-72.2021.8.17.2001,04/06/2026,1ª Vara Cível da Comarca de Ipojuca,5ª CC,Sem prioridade
0000017-87.2016.8.17.2730,02/06/2026,2ª Vara Cível da Comarca de Ipojuca,5ª CC,Sem prioridade
0000067-79.2017.8.17.2730,16/06/2026,2ª Vara Cível da Comarca de Ipojuca,4ª CCJ,Prioridade Legal
0000082-19.2015.8.17.2730,08/06/2026,2ª Vara Cível da Comarca de Ipojuca,5ª CC,Sem prioridade
0000560-46.2023.8.17.2730,08/06/2026,2ª Vara Cível da Comarca de Ipojuca,5ª CC,Sem prioridade
0000906-26.2025.8.17.2730,01/06/2026,2ª Vara Cível da Comarca de Ipojuca,5ª CC,Prioridade Legal
0000966-38.2021.8.17.2730,18/06/2026,2ª Vara Cível da Comarca de Ipojuca,5ª CC,Sem prioridade
0001480-59.2019.8.17.2730,18/06/2026,2ª Vara Cível da Comarca de Ipojuca,4ª CCJ,Prioridade Legal
0001557-58.2025.8.17.2730,12/06/2026,2ª Vara Cível da Comarca de Ipojuca,5ª CC,Prioridade Legal
0001892-77.2025.8.17.2730,08/06/2026,2ª Vara Cível da Comarca de Ipojuca,5ª CC,Prioridade Legal
0002234-69.2017.8.17.2730,12/06/2026,2ª Vara Cível da Comarca de Ipojuca,5ª CC,Prioridade Legal
0002284-95.2017.8.17.2730,04/06/2026,2ª Vara Cível da Comarca de Ipojuca,4ª CCJ,Prioridade Legal
0002459-11.2025.8.17.2730,29/05/2026,2ª Vara Cível da Comarca de Ipojuca,5ª CC,Prioridade Legal
0002612-44.2025.8.17.2730,02/06/2026,2ª Vara Cível da Comarca de Ipojuca,5ª CC,Prioridade Legal
0002655-78.2025.8.17.2730,08/06/2026,2ª Vara Cível da Comarca de Ipojuca,5ª CC,Prioridade Legal
0002662-70.2025.8.17.2730,28/05/2026,2ª Vara Cível da Comarca de Ipojuca,5ª CC,Prioridade Legal
0002714-66.2025.8.17.2730,01/06/2026,2ª Vara Cível da Comarca de Ipojuca,5ª CC,Prioridade Legal
0002715-51.2025.8.17.2730,01/06/2026,2ª Vara Cível da Comarca de Ipojuca,5ª CC,Prioridade Legal
0002769-57.2012.8.17.0730,05/06/2026,2ª Vara Cível da Comarca de Ipojuca,5ª CC,Sem prioridade
0002821-13.2025.8.17.2730,16/06/2026,2ª Vara Cível da Comarca de Ipojuca,5ª CC,Prioridade Legal
0002910-36.2025.8.17.2730,14/06/2026,2ª Vara Cível da Comarca de Ipojuca,5ª CC,Prioridade Legal
0002913-88.2025.8.17.2730,16/06/2026,2ª Vara Cível da Comarca de Ipojuca,5ª CC,Prioridade Legal
0002915-58.2025.8.17.2730,04/06/2026,2ª Vara Cível da Comarca de Ipojuca,5ª CC,Prioridade Legal
0002936-34.2025.8.17.2730,06/06/2026,2ª Vara Cível da Comarca de Ipojuca,5ª CC,Prioridade Legal
0002938-04.2025.8.17.2730,16/06/2026,2ª Vara Cível da Comarca de Ipojuca,5ª CC,Prioridade Legal
0002942-41.2025.8.17.2730,04/06/2026,2ª Vara Cível da Comarca de Ipojuca,5ª CC,Prioridade Legal
0002951-03.2025.8.17.2730,16/06/2026,2ª Vara Cível da Comarca de Ipojuca,5ª CC,Prioridade Legal
0002994-37.2025.8.17.2730,06/06/2026,2ª Vara Cível da Comarca de Ipojuca,5ª CC,Prioridade Legal
0003024-09.2024.8.17.2730,11/06/2026,2ª Vara Cível da Comarca de Ipojuca,5ª CC,Prioridade Legal
0003036-86.2025.8.17.2730,06/06/2026,2ª Vara Cível da Comarca de Ipojuca,5ª CC,Prioridade Legal
0003039-41.2025.8.17.2730,14/06/2026,2ª Vara Cível da Comarca de Ipojuca,5ª CC,Prioridade Legal
0003120-87.2025.8.17.2730,06/06/2026,2ª Vara Cível da Comarca de Ipojuca,5ª CC,Prioridade Legal
0003131-19.2025.8.17.2730,09/06/2026,2ª Vara Cível da Comarca de Ipojuca,5ª CC,Prioridade Legal
0003170-16.2025.8.17.2730,06/06/2026,2ª Vara Cível da Comarca de Ipojuca,5ª CC,Prioridade Legal
0003183-83.2023.8.17.2730,08/06/2026,2ª Vara Cível da Comarca de Ipojuca,5ª CC,Sem prioridade
0003218-72.2025.8.17.2730,04/06/2026,2ª Vara Cível da Comarca de Ipojuca,5ª CC,Prioridade Legal
0003274-08.2025.8.17.2730,04/06/2026,2ª Vara Cível da Comarca de Ipojuca,5ª CC,Prioridade Legal
0003321-79.2025.8.17.2730,04/06/2026,2ª Vara Cível da Comarca de Ipojuca,5ª CC,Prioridade Legal
0003731-74.2024.8.17.2730,19/05/2026,2ª Vara Cível da Comarca de Ipojuca,5ª CC,Prioridade Legal
0003844-28.2024.8.17.2730,08/06/2026,2ª Vara Cível da Comarca de Ipojuca,5ª CC,Prioridade Legal
0004120-25.2025.8.17.2730,12/06/2026,2ª Vara Cível da Comarca de Ipojuca,5ª CC,Prioridade Legal
0000152-19.2022.8.17.4370,18/06/2026,Vara Criminal da Comarca de Ipojuca,2ª CC,Prioridade Legal
0000001-48.1981.8.17.0730,09/06/2026,Vara da Fazenda Pública da Comarca de Ipojuca,4ª CC,Sem prioridade
0000046-06.2017.8.17.2730,24/05/2026,Vara da Fazenda Pública da Comarca de Ipojuca,2ª CCJ,Prioridade Legal
0000135-20.2014.8.17.0730,04/06/2026,Vara da Fazenda Pública da Comarca de Ipojuca,2ª CCJ,Sem prioridade
0000398-22.2021.8.17.2730,18/06/2026,Vara da Fazenda Pública da Comarca de Ipojuca,4ª CC,Prioridade Legal
0000485-80.2018.8.17.2730,18/05/2026,Vara da Fazenda Pública da Comarca de Ipojuca,2ª CCJ,Sem prioridade
0000525-91.2020.8.17.2730,19/06/2026,Vara da Fazenda Pública da Comarca de Ipojuca,4ª CC,Sem prioridade
0001010-57.2021.8.17.2730,02/06/2026,Vara da Fazenda Pública da Comarca de Ipojuca,2ª CCJ,Prioridade Legal
0001168-15.2021.8.17.2730,03/06/2026,Vara da Fazenda Pública da Comarca de Ipojuca,2ª CCJ,Prioridade Legal
0001317-45.2020.8.17.2730,18/06/2026,Vara da Fazenda Pública da Comarca de Ipojuca,2ª CCJ,Prioridade Legal
0001362-49.2020.8.17.2730,04/06/2026,Vara da Fazenda Pública da Comarca de Ipojuca,2ª CCJ,Prioridade Legal
0001745-22.2023.8.17.2730,10/06/2026,Vara da Fazenda Pública da Comarca de Ipojuca,2ª CCJ,Prioridade Legal
0001900-88.2024.8.17.2730,03/06/2026,Vara da Fazenda Pública da Comarca de Ipojuca,2ª CCJ,Prioridade Legal
0001992-32.2025.8.17.2730,25/05/2026,Vara da Fazenda Pública da Comarca de Ipojuca,2ª CCJ,Sem prioridade
0002082-79.2021.8.17.2730,12/06/2026,Vara da Fazenda Pública da Comarca de Ipojuca,2ª CCJ,Prioridade Legal
0002083-64.2021.8.17.2730,02/06/2026,Vara da Fazenda Pública da Comarca de Ipojuca,2ª CCJ,Prioridade Legal
0002195-67.2020.8.17.2730,18/06/2026,Vara da Fazenda Pública da Comarca de Ipojuca,2ª CCJ,Sem prioridade
0002278-25.2016.8.17.2730,16/06/2026,Vara da Fazenda Pública da Comarca de Ipojuca,4ª CC,Prioridade Legal
0002625-77.2024.8.17.2730,10/06/2026,Vara da Fazenda Pública da Comarca de Ipojuca,4ª CC,Prioridade Legal
0002720-10.2024.8.17.2730,02/06/2026,Vara da Fazenda Pública da Comarca de Ipojuca,2ª CCJ,Prioridade Legal
0002725-37.2021.8.17.2730,16/06/2026,Vara da Fazenda Pública da Comarca de Ipojuca,2ª CCJ,Prioridade Legal
0003084-45.2025.8.17.2730,18/06/2026,Vara da Fazenda Pública da Comarca de Ipojuca,4ª CC,Sem prioridade
0003102-37.2023.8.17.2730,11/06/2026,Vara da Fazenda Pública da Comarca de Ipojuca,2ª CCJ,Prioridade Legal
0003198-23.2021.8.17.2730,28/05/2026,Vara da Fazenda Pública da Comarca de Ipojuca,2ª CCJ,Prioridade Legal
0003207-43.2025.8.17.2730,16/06/2026,Vara da Fazenda Pública da Comarca de Ipojuca,4ª CC,Sem prioridade
0003310-50.2025.8.17.2730,25/05/2026,Vara da Fazenda Pública da Comarca de Ipojuca,2ª CCJ,Prioridade Legal
0003334-20.2021.8.17.2730,03/06/2026,Vara da Fazenda Pública da Comarca de Ipojuca,2ª CCJ,Prioridade Legal
0003489-23.2021.8.17.2730,02/06/2026,Vara da Fazenda Pública da Comarca de Ipojuca,2ª CCJ,Prioridade Legal
0004089-10.2022.8.17.2730,19/06/2026,Vara da Fazenda Pública da Comarca de Ipojuca,4ª CC,Sem prioridade
0004237-84.2023.8.17.2730,11/06/2026,Vara da Fazenda Pública da Comarca de Ipojuca,4ª CC,Prioridade Legal
0004547-56.2024.8.17.2730,05/06/2026,Vara da Fazenda Pública da Comarca de Ipojuca,2ª CCJ,Prioridade Legal
0004562-59.2023.8.17.2730,02/06/2026,Vara da Fazenda Pública da Comarca de Ipojuca,2ª CCJ,Prioridade Legal
0065726-78.2023.8.17.2001,15/06/2026,Vara da Fazenda Pública da Comarca de Ipojuca,2ª CCJ,Prioridade Legal
0000009-70.2022.8.17.2740,15/06/2026,Vara Única da Comarca de Ipubi,6ª CCJ,Sem prioridade
0000025-53.2024.8.17.2740,18/06/2026,Vara Única da Comarca de Ipubi,7ª CC,Prioridade Legal
0000071-52.2018.8.17.2740,08/06/2026,Vara Única da Comarca de Ipubi,6ª CCJ,Prioridade Legal
0000128-31.2022.8.17.2740,16/06/2026,Vara Única da Comarca de Ipubi,6ª CCJ,Prioridade Legal
0000198-24.2017.8.17.2740,16/06/2026,Vara Única da Comarca de Ipubi,6ª CCJ,Prioridade Legal
0000203-36.2023.8.17.2740,18/06/2026,Vara Única da Comarca de Ipubi,7ª CC,Prioridade Legal
0000268-32.2014.8.17.0740,16/06/2026,Vara Única da Comarca de Ipubi,6ª CCJ,Sem prioridade
0000318-33.2018.8.17.2740,18/06/2026,Vara Única da Comarca de Ipubi,7ª CC,Prioridade Legal
0000518-93.2025.8.17.2740,16/06/2026,Vara Única da Comarca de Ipubi,7ª CC,Prioridade Legal
0000557-95.2022.8.17.2740,12/06/2026,Vara Única da Comarca de Ipubi,6ª CCJ,Prioridade Legal
0000609-86.2025.8.17.2740,10/06/2026,Vara Única da Comarca de Ipubi,6ª CCJ,Sem prioridade
0000636-40.2023.8.17.2740,11/06/2026,Vara Única da Comarca de Ipubi,6ª CCJ,Prioridade Legal
0000638-10.2023.8.17.2740,11/06/2026,Vara Única da Comarca de Ipubi,6ª CCJ,Prioridade Legal
0000722-45.2022.8.17.2740,16/06/2026,Vara Única da Comarca de Ipubi,7ª CC,Prioridade Legal
0001076-02.2024.8.17.2740,01/06/2026,Vara Única da Comarca de Ipubi,6ª CCJ,Sem prioridade
0001087-65.2023.8.17.2740,16/06/2026,Vara Única da Comarca de Ipubi,6ª CCJ,Prioridade Legal
0001114-87.2019.8.17.2740,15/06/2026,Vara Única da Comarca de Ipubi,7ª CC,Prioridade Legal
0001225-32.2023.8.17.2740,18/06/2026,Vara Única da Comarca de Ipubi,7ª CC,Prioridade Legal
0000013-10.1997.8.17.0760,29/05/2026,Vara Única da Comarca de Itamaracá,5ª CC,Prioridade Legal
0000156-07.2020.8.17.2760,04/06/2026,Vara Única da Comarca de Itamaracá,4ª CCJ,Prioridade Legal
0000445-09.2009.8.17.0760,04/06/2026,Vara Única da Comarca de Itamaracá,5ª CC,Sem prioridade
0000497-57.2025.8.17.2760,15/06/2026,Vara Única da Comarca de Itamaracá,5ª CC,Prioridade Legal
0000940-48.2012.8.17.0760,09/06/2026,Vara Única da Comarca de Itamaracá,5ª CC,Sem prioridade
0000062-19.2026.8.17.2770,15/06/2026,Vara Única da Comarca de Itambé,5ª CC,Prioridade Legal
0000062-92.2021.8.17.2770,16/06/2026,Vara Única da Comarca de Itambé,5ª CC,Prioridade Legal
0000147-49.2019.8.17.2770,28/05/2026,Vara Única da Comarca de Itambé,4ª CCJ,Prioridade Legal
0000380-36.2025.8.17.2770,15/06/2026,Vara Única da Comarca de Itambé,5ª CC,Prioridade Legal
0000583-95.2025.8.17.2770,03/06/2026,Vara Única da Comarca de Itambé,5ª CC,Sem prioridade
0000642-83.2024.8.17.4980,12/06/2026,Vara Única da Comarca de Itambé,5ª CC,Prioridade Legal
0000968-49.2013.8.17.0770,02/06/2026,Vara Única da Comarca de Itambé,4ª CCJ,Sem prioridade
0001042-39.2021.8.17.2770,17/06/2026,Vara Única da Comarca de Itambé,5ª CC,Prioridade Legal
0023525-08.2022.8.17.2001,04/06/2026,Vara Única da Comarca de Itambé,5ª CC,Prioridade Legal
0000016-30.2019.8.17.0780,15/06/2026,Vara Única da Comarca de Itapetim,7ª CC,Sem prioridade
0000124-68.2022.8.17.2780,18/06/2026,Vara Única da Comarca de Itapetim,7ª CC,Prioridade Legal
0000389-12.2018.8.17.2780,18/06/2026,Vara Única da Comarca de Itapetim,7ª CC,Prioridade Legal
0000413-80.2025.8.17.4110,19/06/2026,Vara Única da Comarca de Itapetim,7ª CC,Prioridade Legal
0000221-09.2020.8.17.2790,04/06/2026,Vara Única da Comarca de Itapissuma,4ª CCJ,Prioridade Legal
0000246-28.2008.8.17.0790,19/06/2026,Vara Única da Comarca de Itapissuma,5ª CC,Prioridade Legal
0001197-36.2025.8.17.4990,05/06/2026,Vara Única da Comarca de Itapissuma,5ª CC,Prioridade Legal
0001475-37.2025.8.17.4990,16/06/2026,Vara Única da Comarca de Itapissuma,5ª CC,Prioridade Legal
0000526-55.2023.8.17.2800,16/06/2026,Vara Única da Comarca de Itaquitinga,5ª CC,Prioridade Legal
0000006-38.2003.8.17.0750,09/06/2026,Vara Única da Comarca de Itaíba,5ª CCJ,Sem prioridade
0000022-34.2025.8.17.2750,28/05/2026,Vara Única da Comarca de Itaíba,5ª CCJ,Prioridade Legal
0000028-41.2025.8.17.2750,16/06/2026,Vara Única da Comarca de Itaíba,5ª CCJ,Sem prioridade
0000072-65.2022.8.17.2750,16/06/2026,Vara Única da Comarca de Itaíba,5ª CCJ,Prioridade Legal
0000074-40.2019.8.17.2750,22/05/2026,Vara Única da Comarca de Itaíba,5ª CCJ,Prioridade Legal
0000136-12.2021.8.17.2750,18/06/2026,Vara Única da Comarca de Itaíba,5ª CCJ,Prioridade Legal
0000165-33.2019.8.17.2750,17/06/2026,Vara Única da Comarca de Itaíba,5ª CCJ,Prioridade Legal
0000183-88.2018.8.17.2750,17/06/2026,Vara Única da Comarca de Itaíba,6ª CC,Prioridade Legal
0000202-21.2023.8.17.2750,18/06/2026,Vara Única da Comarca de Itaíba,5ª CCJ,Prioridade Legal
0000209-42.2025.8.17.2750,19/06/2026,Vara Única da Comarca de Itaíba,6ª CC,Prioridade Legal
0000219-91.2022.8.17.2750,17/06/2026,Vara Única da Comarca de Itaíba,5ª CCJ,Prioridade Legal
0000222-12.2023.8.17.2750,20/06/2026,Vara Única da Comarca de Itaíba,6ª CC,Super prioridade
0000265-75.2025.8.17.2750,05/06/2026,Vara Única da Comarca de Itaíba,5ª CCJ,Sem prioridade
0000288-94.2020.8.17.2750,11/06/2026,Vara Única da Comarca de Itaíba,5ª CCJ,Prioridade Legal
0000290-64.2020.8.17.2750,16/06/2026,Vara Única da Comarca de Itaíba,5ª CCJ,Prioridade Legal
0000313-73.2021.8.17.2750,28/05/2026,Vara Única da Comarca de Itaíba,5ª CCJ,Prioridade Legal
0000320-07.2017.8.17.2750,17/06/2026,Vara Única da Comarca de Itaíba,5ª CCJ,Prioridade Legal
0000334-88.2017.8.17.2750,04/06/2026,Vara Única da Comarca de Itaíba,5ª CCJ,Prioridade Legal
0000338-81.2024.8.17.2750,15/06/2026,Vara Única da Comarca de Itaíba,5ª CCJ,Prioridade Legal
0000371-71.2024.8.17.2750,20/05/2026,Vara Única da Comarca de Itaíba,5ª CCJ,Prioridade Legal
0000406-94.2025.8.17.2750,18/06/2026,Vara Única da Comarca de Itaíba,6ª CC,Prioridade Legal
0000433-48.2023.8.17.2750,20/06/2026,Vara Única da Comarca de Itaíba,6ª CC,Prioridade Legal
0000460-60.2025.8.17.2750,17/06/2026,Vara Única da Comarca de Itaíba,6ª CC,Prioridade Legal
0000888-13.2023.8.17.2750,18/06/2026,Vara Única da Comarca de Itaíba,6ª CC,Prioridade Legal
0000903-79.2023.8.17.2750,03/06/2026,Vara Única da Comarca de Itaíba,5ª CCJ,Prioridade Legal
0000182-65.2023.8.17.5810,16/06/2026,1ª Vara Criminal da Comarca de Jaboatão dos Guararapes,2ª CC,Sem prioridade
0000345-78.2021.8.17.0810,17/06/2026,1ª Vara Criminal da Comarca de Jaboatão dos Guararapes,2ª CC,Sem prioridade
0000585-63.2025.8.17.5810,18/06/2026,1ª Vara Criminal da Comarca de Jaboatão dos Guararapes,2ª CC,Prioridade Legal
0000658-40.2022.8.17.5810,18/06/2026,1ª Vara Criminal da Comarca de Jaboatão dos Guararapes,2ª CC,Sem prioridade
0000687-22.2024.8.17.5810,15/06/2026,1ª Vara Criminal da Comarca de Jaboatão dos Guararapes,2ª CC,Prioridade Legal
0000825-56.2021.8.17.0810,18/06/2026,1ª Vara Criminal da Comarca de Jaboatão dos Guararapes,2ª CC,Prioridade Legal
0001378-06.2021.8.17.0810,17/06/2026,1ª Vara Criminal da Comarca de Jaboatão dos Guararapes,2ª CC,Sem prioridade
0001451-98.2024.8.17.4810,16/06/2026,1ª Vara Criminal da Comarca de Jaboatão dos Guararapes,2ª CC,Prioridade Legal
0001463-56.2023.8.17.5810,16/06/2026,1ª Vara Criminal da Comarca de Jaboatão dos Guararapes,2ª CC,Sem prioridade
0001630-95.2025.8.17.4810,19/06/2026,1ª Vara Criminal da Comarca de Jaboatão dos Guararapes,2ª CC,Prioridade Legal
0003124-40.2020.8.17.0810,17/06/2026,1ª Vara Criminal da Comarca de Jaboatão dos Guararapes,2ª CC,Sem prioridade
0003244-83.2020.8.17.0810,16/06/2026,1ª Vara Criminal da Comarca de Jaboatão dos Guararapes,2ª CC,Sem prioridade
0003576-50.2020.8.17.0810,17/06/2026,1ª Vara Criminal da Comarca de Jaboatão dos Guararapes,2ª CC,Sem prioridade
0003696-93.2020.8.17.0810,19/06/2026,1ª Vara Criminal da Comarca de Jaboatão dos Guararapes,2ª CC,Prioridade Legal
0003798-57.2016.8.17.0810,15/06/2026,1ª Vara Criminal da Comarca de Jaboatão dos Guararapes,2ª CC,Sem prioridade
0004019-98.2020.8.17.0810,19/06/2026,1ª Vara Criminal da Comarca de Jaboatão dos Guararapes,2ª CC,Prioridade Legal
0004410-53.2020.8.17.0810,15/06/2026,1ª Vara Criminal da Comarca de Jaboatão dos Guararapes,2ª CC,Sem prioridade
0011950-64.2023.8.17.2810,17/06/2026,1ª Vara Criminal da Comarca de Jaboatão dos Guararapes,2ª CC,Sem prioridade
0018592-53.2023.8.17.2810,16/06/2026,1ª Vara Criminal da Comarca de Jaboatão dos Guararapes,2ª CC,Sem prioridade
0030182-27.2023.8.17.2810,18/06/2026,1ª Vara Criminal da Comarca de Jaboatão dos Guararapes,2ª CC,Sem prioridade
0034001-40.2021.8.17.2810,19/06/2026,1ª Vara Criminal da Comarca de Jaboatão dos Guararapes,2ª CC,Prioridade Legal
0001610-08.2016.8.17.2810,27/05/2026,1ª Vara Cível da Comarca de Jaboatão dos Guararapes,3ª CC,Prioridade Legal
0003222-48.2023.8.17.4810,19/06/2026,1ª Vara Cível da Comarca de Jaboatão dos Guararapes,3ª CC,Sem prioridade
0004637-28.2018.8.17.2810,19/06/2026,1ª Vara Cível da Comarca de Jaboatão dos Guararapes,3ª CC,Sem prioridade
0007428-86.2026.8.17.2810,09/06/2026,1ª Vara Cível da Comarca de Jaboatão dos Guararapes,3ª CC,Prioridade Legal
0008436-74.2021.8.17.2810,10/06/2026,1ª Vara Cível da Comarca de Jaboatão dos Guararapes,3ª CC,Prioridade Legal
0008660-70.2025.8.17.2810,16/06/2026,1ª Vara Cível da Comarca de Jaboatão dos Guararapes,3ª CC,Prioridade Legal
0011144-58.2025.8.17.2810,12/06/2026,1ª Vara Cível da Comarca de Jaboatão dos Guararapes,3ª CC,Prioridade Legal
0012560-42.2017.8.17.2810,09/06/2026,1ª Vara Cível da Comarca de Jaboatão dos Guararapes,3ª CC,Sem prioridade
0016843-64.2024.8.17.2810,28/05/2026,1ª Vara Cível da Comarca de Jaboatão dos Guararapes,1ª CCJ,Prioridade Legal
0017708-87.2024.8.17.2810,11/06/2026,1ª Vara Cível da Comarca de Jaboatão dos Guararapes,3ª CC,Prioridade Legal
0018677-68.2025.8.17.2810,18/06/2026,1ª Vara Cível da Comarca de Jaboatão dos Guararapes,3ª CC,Prioridade Legal
0021029-96.2025.8.17.2810,11/06/2026,1ª Vara Cível da Comarca de Jaboatão dos Guararapes,3ª CC,Prioridade Legal
0021246-47.2022.8.17.2810,19/06/2026,1ª Vara Cível da Comarca de Jaboatão dos Guararapes,3ª CC,Prioridade Legal
0023065-31.2016.8.17.2001,18/06/2026,1ª Vara Cível da Comarca de Jaboatão dos Guararapes,3ª CC,Prioridade Legal
0025902-76.2024.8.17.2810,19/06/2026,1ª Vara Cível da Comarca de Jaboatão dos Guararapes,3ª CC,Prioridade Legal
0027967-10.2025.8.17.2810,27/05/2026,1ª Vara Cível da Comarca de Jaboatão dos Guararapes,3ª CC,Prioridade Legal
0034713-93.2022.8.17.2810,11/06/2026,1ª Vara Cível da Comarca de Jaboatão dos Guararapes,3ª CC,Prioridade Legal
0044112-49.2022.8.17.2810,25/05/2026,1ª Vara Cível da Comarca de Jaboatão dos Guararapes,3ª CC,Prioridade Legal
0044541-23.2019.8.17.2001,05/06/2026,1ª Vara Cível da Comarca de Jaboatão dos Guararapes,1ª CCJ,Prioridade Legal
0048707-91.2022.8.17.2810,04/06/2026,1ª Vara Cível da Comarca de Jaboatão dos Guararapes,3ª CC,Prioridade Legal
0049257-23.2021.8.17.2810,11/06/2026,1ª Vara Cível da Comarca de Jaboatão dos Guararapes,3ª CC,Prioridade Legal
0061770-88.2022.8.17.2001,19/06/2026,1ª Vara Cível da Comarca de Jaboatão dos Guararapes,3ª CC,Super prioridade
0008516-33.2024.8.17.2810,15/06/2026,1ª Vara de Família e Registro Civil da Comarca de Jaboatão dos Guararapes,3ª CCJ,Prioridade Legal
0012912-63.2018.8.17.2810,27/05/2026,1ª Vara de Família e Registro Civil da Comarca de Jaboatão dos Guararapes,3ª CCJ,Prioridade Legal
0021290-37.2020.8.17.2810,27/05/2026,1ª Vara de Família e Registro Civil da Comarca de Jaboatão dos Guararapes,3ª CCJ,Prioridade Legal
0027992-23.2025.8.17.2810,27/05/2026,1ª Vara de Família e Registro Civil da Comarca de Jaboatão dos Guararapes,3ª CC,Prioridade Legal
0036236-09.2023.8.17.2810,10/06/2026,1ª Vara de Família e Registro Civil da Comarca de Jaboatão dos Guararapes,3ª CC,Prioridade Legal
0052443-83.2023.8.17.2810,09/06/2026,1ª Vara de Família e Registro Civil da Comarca de Jaboatão dos Guararapes,3ª CC,Prioridade Legal
0052900-18.2023.8.17.2810,18/06/2026,1ª Vara de Família e Registro Civil da Comarca de Jaboatão dos Guararapes,3ª CCJ,Sem prioridade
0000230-77.2025.8.17.8227,26/05/2026,1º Juizado Especial Cível e das Relações de Consumo de Jaboatão dos Guararapes - Turno Manhã - 08:00h às 14:00h,1ª CCJ,Prioridade Legal
0000392-72.2025.8.17.8227,19/06/2026,1º Juizado Especial Cível e das Relações de Consumo de Jaboatão dos Guararapes - Turno Manhã - 08:00h às 14:00h,1ª CCJ,Prioridade Legal
0000485-35.2025.8.17.8227,10/06/2026,1º Juizado Especial Cível e das Relações de Consumo de Jaboatão dos Guararapes - Turno Manhã - 08:00h às 14:00h,1ª CCJ,Prioridade Legal
0001572-26.2025.8.17.8227,04/05/2026,1º Juizado Especial Cível e das Relações de Consumo de Jaboatão dos Guararapes - Turno Manhã - 08:00h às 14:00h,1ª CCJ,Prioridade Legal
0002829-86.2025.8.17.8227,12/06/2026,1º Juizado Especial Cível e das Relações de Consumo de Jaboatão dos Guararapes - Turno Manhã - 08:00h às 14:00h,1ª CCJ,Prioridade Legal
0002935-48.2025.8.17.8227,06/05/2026,1º Juizado Especial Cível e das Relações de Consumo de Jaboatão dos Guararapes - Turno Manhã - 08:00h às 14:00h,1ª CCJ,Prioridade Legal
0003604-04.2025.8.17.8227,28/05/2026,1º Juizado Especial Cível e das Relações de Consumo de Jaboatão dos Guararapes - Turno Manhã - 08:00h às 14:00h,1ª CCJ,Prioridade Legal
0004873-78.2025.8.17.8227,19/06/2026,1º Juizado Especial Cível e das Relações de Consumo de Jaboatão dos Guararapes - Turno Manhã - 08:00h às 14:00h,1ª CCJ,Prioridade Legal
0004966-12.2023.8.17.8227,28/04/2026,1º Juizado Especial Cível e das Relações de Consumo de Jaboatão dos Guararapes - Turno Manhã - 08:00h às 14:00h,1ª CCJ,Prioridade Legal
0005422-88.2025.8.17.8227,18/05/2026,1º Juizado Especial Cível e das Relações de Consumo de Jaboatão dos Guararapes - Turno Manhã - 08:00h às 14:00h,1ª CCJ,Prioridade Legal
0005780-53.2025.8.17.8227,09/06/2026,1º Juizado Especial Cível e das Relações de Consumo de Jaboatão dos Guararapes - Turno Manhã - 08:00h às 14:00h,1ª CCJ,Prioridade Legal
0008343-20.2025.8.17.8227,26/05/2026,1º Juizado Especial Cível e das Relações de Consumo de Jaboatão dos Guararapes - Turno Manhã - 08:00h às 14:00h,1ª CCJ,Prioridade Legal
0002755-69.2023.8.17.4810,18/06/2026,2ª Vara Criminal da Comarca de Jaboatão dos Guararapes,2ª CC,Sem prioridade
0003611-10.2020.8.17.0810,15/06/2026,2ª Vara Criminal da Comarca de Jaboatão dos Guararapes,2ª CC,Prioridade Legal
0005460-51.2019.8.17.0810,15/06/2026,2ª Vara Criminal da Comarca de Jaboatão dos Guararapes,2ª CC,Sem prioridade
0006642-72.2019.8.17.0810,16/06/2026,2ª Vara Criminal da Comarca de Jaboatão dos Guararapes,2ª CC,Sem prioridade
0040506-38.2018.8.17.0810,17/06/2026,2ª Vara Criminal da Comarca de Jaboatão dos Guararapes,2ª CC,Sem prioridade
0041452-82.2022.8.17.2810,15/06/2026,2ª Vara Criminal da Comarca de Jaboatão dos Guararapes,2ª CC,Sem prioridade
0049006-05.2021.8.17.2810,24/06/2026,2ª Vara Criminal da Comarca de Jaboatão dos Guararapes,2ª CC,Sem prioridade
0000697-26.2016.8.17.2810,18/06/2026,2ª Vara Cível da Comarca de Jaboatão dos Guararapes,3ª CC,Prioridade Legal
0000737-42.2015.8.17.2810,04/06/2026,2ª Vara Cível da Comarca de Jaboatão dos Guararapes,1ª CCJ,Prioridade Legal
0000841-87.2022.8.17.2810,17/06/2026,2ª Vara Cível da Comarca de Jaboatão dos Guararapes,3ª CC,Sem prioridade
0000967-40.2022.8.17.2810,26/05/2026,2ª Vara Cível da Comarca de Jaboatão dos Guararapes,1ª CCJ,Prioridade Legal
0003183-47.2017.8.17.2810,05/06/2026,2ª Vara Cível da Comarca de Jaboatão dos Guararapes,3ª CC,Prioridade Legal
0003475-51.2025.8.17.2810,15/06/2026,2ª Vara Cível da Comarca de Jaboatão dos Guararapes,3ª CC,Prioridade Legal
0005383-27.2017.8.17.2810,09/06/2026,2ª Vara Cível da Comarca de Jaboatão dos Guararapes,3ª CC,Prioridade Legal
0009944-79.2026.8.17.2810,11/06/2026,2ª Vara Cível da Comarca de Jaboatão dos Guararapes,3ª CC,Sem prioridade
0017196-80.2019.8.17.2810,15/06/2026,2ª Vara Cível da Comarca de Jaboatão dos Guararapes,1ª CCJ,Prioridade Legal
0017241-16.2021.8.17.2810,04/06/2026,2ª Vara Cível da Comarca de Jaboatão dos Guararapes,3ª CC,Sem prioridade
0021481-48.2021.8.17.2810,16/06/2026,2ª Vara Cível da Comarca de Jaboatão dos Guararapes,3ª CC,Prioridade Legal
0023577-03.2013.8.17.0810,10/06/2026,2ª Vara Cível da Comarca de Jaboatão dos Guararapes,3ª CC,Prioridade Legal
0023973-76.2022.8.17.2810,08/06/2026,2ª Vara Cível da Comarca de Jaboatão dos Guararapes,1ª CCJ,Prioridade Legal
0025025-44.2021.8.17.2810,17/06/2026,2ª Vara Cível da Comarca de Jaboatão dos Guararapes,3ª CC,Sem prioridade
0026320-77.2025.8.17.2810,18/06/2026,2ª Vara Cível da Comarca de Jaboatão dos Guararapes,3ª CC,Prioridade Legal
0028809-92.2022.8.17.2810,12/06/2026,2ª Vara Cível da Comarca de Jaboatão dos Guararapes,3ª CC,Prioridade Legal
0030098-89.2024.8.17.2810,18/06/2026,2ª Vara Cível da Comarca de Jaboatão dos Guararapes,3ª CC,Super prioridade
0034218-83.2021.8.17.2810,17/06/2026,2ª Vara Cível da Comarca de Jaboatão dos Guararapes,1ª CCJ,Prioridade Legal
0034928-74.2019.8.17.2810,09/06/2026,2ª Vara Cível da Comarca de Jaboatão dos Guararapes,3ª CC,Sem prioridade
0034933-57.2023.8.17.2810,19/06/2026,2ª Vara Cível da Comarca de Jaboatão dos Guararapes,1ª CCJ,Prioridade Legal
0035349-25.2023.8.17.2810,03/06/2026,2ª Vara Cível da Comarca de Jaboatão dos Guararapes,1ª CCJ,Prioridade Legal
0016222-67.2024.8.17.2810,12/06/2026,2ª Vara de Família e Registro Civil da Comarca de Jaboatão dos Guararapes,3ª CC,Prioridade Legal
0017841-32.2024.8.17.2810,25/05/2026,2ª Vara de Família e Registro Civil da Comarca de Jaboatão dos Guararapes,3ª CCJ,Prioridade Legal
0018690-67.2025.8.17.2810,19/06/2026,2ª Vara de Família e Registro Civil da Comarca de Jaboatão dos Guararapes,3ª CC,Prioridade Legal
0000331-51.2024.8.17.8227,15/06/2026,2º Juizado Especial Cível e das Relações de Consumo de Jaboatão dos Guararapes - Turno Manhã - 08:00h às 14:00h,1ª CCJ,Prioridade Legal
0001417-33.2019.8.17.8227,19/06/2026,2º Juizado Especial Cível e das Relações de Consumo de Jaboatão dos Guararapes - Turno Manhã - 08:00h às 14:00h,1ª CCJ,Prioridade Legal
0001462-95.2023.8.17.8227,20/05/2026,2º Juizado Especial Cível e das Relações de Consumo de Jaboatão dos Guararapes - Turno Manhã - 08:00h às 14:00h,1ª CCJ,Prioridade Legal
0001619-68.2023.8.17.8227,04/05/2026,2º Juizado Especial Cível e das Relações de Consumo de Jaboatão dos Guararapes - Turno Manhã - 08:00h às 14:00h,1ª CCJ,Prioridade Legal
0003979-73.2023.8.17.8227,05/06/2026,2º Juizado Especial Cível e das Relações de Consumo de Jaboatão dos Guararapes - Turno Manhã - 08:00h às 14:00h,1ª CCJ,Prioridade Legal
0004611-07.2020.8.17.8227,28/05/2026,2º Juizado Especial Cível e das Relações de Consumo de Jaboatão dos Guararapes - Turno Manhã - 08:00h às 14:00h,1ª CCJ,Prioridade Legal
0005973-05.2024.8.17.8227,19/06/2026,2º Juizado Especial Cível e das Relações de Consumo de Jaboatão dos Guararapes - Turno Manhã - 08:00h às 14:00h,1ª CCJ,Prioridade Legal
0006385-38.2021.8.17.8227,03/06/2026,2º Juizado Especial Cível e das Relações de Consumo de Jaboatão dos Guararapes - Turno Manhã - 08:00h às 14:00h,1ª CCJ,Prioridade Legal
0007361-40.2024.8.17.8227,08/06/2026,2º Juizado Especial Cível e das Relações de Consumo de Jaboatão dos Guararapes - Turno Manhã - 08:00h às 14:00h,1ª CCJ,Prioridade Legal
0000999-54.2025.8.17.4810,19/06/2026,3ª Vara Criminal da Comarca de Jaboatão dos Guararapes,2ª CC,Prioridade Legal
0001399-75.2025.8.17.5810,15/06/2026,3ª Vara Criminal da Comarca de Jaboatão dos Guararapes,2ª CC,Prioridade Legal
0001418-81.2025.8.17.5810,15/06/2026,3ª Vara Criminal da Comarca de Jaboatão dos Guararapes,2ª CC,Prioridade Legal
0002844-02.2023.8.17.5810,15/06/2026,3ª Vara Criminal da Comarca de Jaboatão dos Guararapes,2ª CC,Prioridade Legal
0003107-34.2023.8.17.5810,15/06/2026,3ª Vara Criminal da Comarca de Jaboatão dos Guararapes,2ª CC,Prioridade Legal
0010791-53.2015.8.17.0810,23/06/2026,3ª Vara Criminal da Comarca de Jaboatão dos Guararapes,2ª CC,Sem prioridade
0021572-07.2022.8.17.2810,18/06/2026,3ª Vara Criminal da Comarca de Jaboatão dos Guararapes,2ª CC,Sem prioridade
0042295-72.2018.8.17.0810,19/06/2026,3ª Vara Criminal da Comarca de Jaboatão dos Guararapes,2ª CC,Sem prioridade
0000242-85.2021.8.17.2810,07/05/2026,3ª Vara Cível da Comarca de Jaboatão dos Guararapes,1ª CCJ,Prioridade Legal
0001578-85.2025.8.17.2810,18/06/2026,3ª Vara Cível da Comarca de Jaboatão dos Guararapes,1ª CCJ,Prioridade Legal
0006746-83.2016.8.17.2810,09/06/2026,3ª Vara Cível da Comarca de Jaboatão dos Guararapes,3ª CC,Sem prioridade
0007295-78.2025.8.17.2810,15/06/2026,3ª Vara Cível da Comarca de Jaboatão dos Guararapes,3ª CC,Prioridade Legal
0007804-53.2018.8.17.2810,02/06/2026,3ª Vara Cível da Comarca de Jaboatão dos Guararapes,1ª CCJ,Prioridade Legal
0008669-08.2020.8.17.2810,10/06/2026,3ª Vara Cível da Comarca de Jaboatão dos Guararapes,3ª CC,Sem prioridade
0012071-74.2006.8.17.0810,12/06/2026,3ª Vara Cível da Comarca de Jaboatão dos Guararapes,3ª CC,Prioridade Legal
0022764-72.2022.8.17.2810,22/05/2026,3ª Vara Cível da Comarca de Jaboatão dos Guararapes,1ª CCJ,Sem prioridade
0023526-25.2021.8.17.2810,19/06/2026,3ª Vara Cível da Comarca de Jaboatão dos Guararapes,3ª CC,Prioridade Legal
0050679-68.2011.8.17.0810,01/06/2026,3ª Vara Cível da Comarca de Jaboatão dos Guararapes,3ª CC,Sem prioridade
0064219-80.2023.8.17.2810,16/06/2026,3ª Vara Cível da Comarca de Jaboatão dos Guararapes,3ª CC,Prioridade Legal
0007052-71.2024.8.17.2810,15/06/2026,3ª Vara de Família e Registro Civil da Comarca de Jaboatão dos Guararapes,3ª CCJ,Prioridade Legal
0012282-60.2025.8.17.2810,11/06/2026,3ª Vara de Família e Registro Civil da Comarca de Jaboatão dos Guararapes,3ª CCJ,Prioridade Legal
0018363-25.2025.8.17.2810,17/06/2026,3ª Vara de Família e Registro Civil da Comarca de Jaboatão dos Guararapes,3ª CC,Prioridade Legal
0026153-60.2025.8.17.2810,10/06/2026,3ª Vara de Família e Registro Civil da Comarca de Jaboatão dos Guararapes,3ª CC,Prioridade Legal
0026313-85.2025.8.17.2810,05/06/2026,3ª Vara de Família e Registro Civil da Comarca de Jaboatão dos Guararapes,3ª CC,Prioridade Legal
0026529-46.2025.8.17.2810,18/06/2026,3ª Vara de Família e Registro Civil da Comarca de Jaboatão dos Guararapes,3ª CC,Prioridade Legal
0027029-15.2025.8.17.2810,15/06/2026,3ª Vara de Família e Registro Civil da Comarca de Jaboatão dos Guararapes,3ª CC,Prioridade Legal
0064178-16.2023.8.17.2810,08/06/2026,3ª Vara de Família e Registro Civil da Comarca de Jaboatão dos Guararapes,3ª CC,Prioridade Legal
0000040-80.2026.8.17.8227,22/05/2026,3º Juizado Especial Cível e das Relações de Consumo de Jaboatão dos Guararapes - Turno Manhã - 08:00h às 14:00h,1ª CCJ,Prioridade Legal
0000659-10.2026.8.17.8227,28/05/2026,3º Juizado Especial Cível e das Relações de Consumo de Jaboatão dos Guararapes - Turno Manhã - 08:00h às 14:00h,1ª CCJ,Sem prioridade
0001021-46.2025.8.17.8227,29/05/2026,3º Juizado Especial Cível e das Relações de Consumo de Jaboatão dos Guararapes - Turno Manhã - 08:00h às 14:00h,1ª CCJ,Prioridade Legal
0001273-46.2025.8.17.8228,28/05/2026,3º Juizado Especial Cível e das Relações de Consumo de Jaboatão dos Guararapes - Turno Manhã - 08:00h às 14:00h,1ª CCJ,Prioridade Legal
0001751-91.2024.8.17.8227,26/05/2026,3º Juizado Especial Cível e das Relações de Consumo de Jaboatão dos Guararapes - Turno Manhã - 08:00h às 14:00h,1ª CCJ,Prioridade Legal
0001784-13.2026.8.17.8227,01/06/2026,3º Juizado Especial Cível e das Relações de Consumo de Jaboatão dos Guararapes - Turno Manhã - 08:00h às 14:00h,1ª CCJ,Sem prioridade
0001954-19.2025.8.17.8227,28/05/2026,3º Juizado Especial Cível e das Relações de Consumo de Jaboatão dos Guararapes - Turno Manhã - 08:00h às 14:00h,1ª CCJ,Prioridade Legal
0002514-24.2026.8.17.8227,06/05/2026,3º Juizado Especial Cível e das Relações de Consumo de Jaboatão dos Guararapes - Turno Manhã - 08:00h às 14:00h,1ª CCJ,Prioridade Legal
0002516-28.2025.8.17.8227,16/06/2026,3º Juizado Especial Cível e das Relações de Consumo de Jaboatão dos Guararapes - Turno Manhã - 08:00h às 14:00h,1ª CCJ,Prioridade Legal
0002730-82.2026.8.17.8227,06/05/2026,3º Juizado Especial Cível e das Relações de Consumo de Jaboatão dos Guararapes - Turno Manhã - 08:00h às 14:00h,1ª CCJ,Sem prioridade
0002748-06.2026.8.17.8227,05/05/2026,3º Juizado Especial Cível e das Relações de Consumo de Jaboatão dos Guararapes - Turno Manhã - 08:00h às 14:00h,1ª CCJ,Sem prioridade
0002844-21.2026.8.17.8227,06/05/2026,3º Juizado Especial Cível e das Relações de Consumo de Jaboatão dos Guararapes - Turno Manhã - 08:00h às 14:00h,1ª CCJ,Sem prioridade
0003024-37.2026.8.17.8227,28/05/2026,3º Juizado Especial Cível e das Relações de Consumo de Jaboatão dos Guararapes - Turno Manhã - 08:00h às 14:00h,1ª CCJ,Sem prioridade
0003032-14.2026.8.17.8227,28/05/2026,3º Juizado Especial Cível e das Relações de Consumo de Jaboatão dos Guararapes - Turno Manhã - 08:00h às 14:00h,1ª CCJ,Sem prioridade
0003054-72.2026.8.17.8227,25/05/2026,3º Juizado Especial Cível e das Relações de Consumo de Jaboatão dos Guararapes - Turno Manhã - 08:00h às 14:00h,1ª CCJ,Sem prioridade
0003147-35.2026.8.17.8227,28/05/2026,3º Juizado Especial Cível e das Relações de Consumo de Jaboatão dos Guararapes - Turno Manhã - 08:00h às 14:00h,1ª CCJ,Sem prioridade
0003203-68.2026.8.17.8227,21/05/2026,3º Juizado Especial Cível e das Relações de Consumo de Jaboatão dos Guararapes - Turno Manhã - 08:00h às 14:00h,1ª CCJ,Sem prioridade
0003360-41.2026.8.17.8227,01/06/2026,3º Juizado Especial Cível e das Relações de Consumo de Jaboatão dos Guararapes - Turno Manhã - 08:00h às 14:00h,1ª CCJ,Sem prioridade
0003431-43.2026.8.17.8227,01/06/2026,3º Juizado Especial Cível e das Relações de Consumo de Jaboatão dos Guararapes - Turno Manhã - 08:00h às 14:00h,1ª CCJ,Sem prioridade
0004179-46.2024.8.17.8227,02/06/2026,3º Juizado Especial Cível e das Relações de Consumo de Jaboatão dos Guararapes - Turno Manhã - 08:00h às 14:00h,1ª CCJ,Prioridade Legal
0004197-33.2025.8.17.8227,15/06/2026,3º Juizado Especial Cível e das Relações de Consumo de Jaboatão dos Guararapes - Turno Manhã - 08:00h às 14:00h,1ª CCJ,Prioridade Legal
0004473-50.2014.8.17.8227,26/05/2026,3º Juizado Especial Cível e das Relações de Consumo de Jaboatão dos Guararapes - Turno Manhã - 08:00h às 14:00h,1ª CCJ,Prioridade Legal
0004765-88.2021.8.17.8227,08/06/2026,3º Juizado Especial Cível e das Relações de Consumo de Jaboatão dos Guararapes - Turno Manhã - 08:00h às 14:00h,1ª CCJ,Prioridade Legal
0005571-26.2021.8.17.8227,26/05/2026,3º Juizado Especial Cível e das Relações de Consumo de Jaboatão dos Guararapes - Turno Manhã - 08:00h às 14:00h,1ª CCJ,Sem prioridade
0005801-63.2024.8.17.8227,15/06/2026,3º Juizado Especial Cível e das Relações de Consumo de Jaboatão dos Guararapes - Turno Manhã - 08:00h às 14:00h,1ª CCJ,Prioridade Legal
0006937-61.2025.8.17.8227,04/05/2026,3º Juizado Especial Cível e das Relações de Consumo de Jaboatão dos Guararapes - Turno Manhã - 08:00h às 14:00h,1ª CCJ,Prioridade Legal
0007014-17.2018.8.17.8227,11/06/2026,3º Juizado Especial Cível e das Relações de Consumo de Jaboatão dos Guararapes - Turno Manhã - 08:00h às 14:00h,1ª CCJ,Prioridade Legal
0007648-66.2025.8.17.8227,30/04/2026,3º Juizado Especial Cível e das Relações de Consumo de Jaboatão dos Guararapes - Turno Manhã - 08:00h às 14:00h,1ª CCJ,Prioridade Legal
0007722-57.2024.8.17.8227,19/06/2026,3º Juizado Especial Cível e das Relações de Consumo de Jaboatão dos Guararapes - Turno Manhã - 08:00h às 14:00h,1ª CCJ,Prioridade Legal
0009909-72.2023.8.17.8227,19/05/2026,3º Juizado Especial Cível e das Relações de Consumo de Jaboatão dos Guararapes - Turno Manhã - 08:00h às 14:00h,1ª CCJ,Prioridade Legal
0009995-72.2025.8.17.8227,24/05/2026,3º Juizado Especial Cível e das Relações de Consumo de Jaboatão dos Guararapes - Turno Manhã - 08:00h às 14:00h,1ª CCJ,Prioridade Legal
0010005-19.2025.8.17.8227,29/05/2026,3º Juizado Especial Cível e das Relações de Consumo de Jaboatão dos Guararapes - Turno Manhã - 08:00h às 14:00h,1ª CCJ,Prioridade Legal
0010730-76.2023.8.17.8227,12/06/2026,3º Juizado Especial Cível e das Relações de Consumo de Jaboatão dos Guararapes - Turno Manhã - 08:00h às 14:00h,1ª CCJ,Prioridade Legal
0012726-46.2022.8.17.8227,08/06/2026,3º Juizado Especial Cível e das Relações de Consumo de Jaboatão dos Guararapes - Turno Manhã - 08:00h às 14:00h,1ª CCJ,Prioridade Legal
0013038-85.2023.8.17.8227,30/04/2026,3º Juizado Especial Cível e das Relações de Consumo de Jaboatão dos Guararapes - Turno Manhã - 08:00h às 14:00h,1ª CCJ,Prioridade Legal
0002305-29.2023.8.17.4810,10/06/2026,4ª Vara Cível da Comarca de Jaboatão dos Guararapes,3ª CC,Prioridade Legal
0002588-05.2015.8.17.0810,04/06/2026,4ª Vara Cível da Comarca de Jaboatão dos Guararapes,3ª CC,Sem prioridade
0003005-25.2022.8.17.2810,10/06/2026,4ª Vara Cível da Comarca de Jaboatão dos Guararapes,3ª CC,Prioridade Legal
0003141-17.2025.8.17.2810,08/06/2026,4ª Vara Cível da Comarca de Jaboatão dos Guararapes,3ª CC,Prioridade Legal
0004751-64.2018.8.17.2810,10/06/2026,4ª Vara Cível da Comarca de Jaboatão dos Guararapes,3ª CC,Prioridade Legal
0005595-38.2023.8.17.2810,29/04/2026,4ª Vara Cível da Comarca de Jaboatão dos Guararapes,1ª CCJ,Sem prioridade
0011388-60.2020.8.17.2810,10/06/2026,4ª Vara Cível da Comarca de Jaboatão dos Guararapes,3ª CC,Sem prioridade
0013821-61.2025.8.17.2810,09/06/2026,4ª Vara Cível da Comarca de Jaboatão dos Guararapes,3ª CC,Prioridade Legal
0014064-78.2020.8.17.2810,29/06/2026,4ª Vara Cível da Comarca de Jaboatão dos Guararapes,3ª CC,Prioridade Legal
0016005-63.2020.8.17.2810,17/06/2026,4ª Vara Cível da Comarca de Jaboatão dos Guararapes,1ª CCJ,Sem prioridade
0017332-67.2025.8.17.2810,08/06/2026,4ª Vara Cível da Comarca de Jaboatão dos Guararapes,3ª CC,Prioridade Legal
0019098-97.2021.8.17.2810,14/06/2026,4ª Vara Cível da Comarca de Jaboatão dos Guararapes,3ª CC,Prioridade Legal
0022066-32.2023.8.17.2810,10/06/2026,4ª Vara Cível da Comarca de Jaboatão dos Guararapes,3ª CC,Prioridade Legal
0028604-68.2019.8.17.2810,18/06/2026,4ª Vara Cível da Comarca de Jaboatão dos Guararapes,1ª CCJ,Sem prioridade
0029300-65.2023.8.17.2810,07/06/2026,4ª Vara Cível da Comarca de Jaboatão dos Guararapes,3ª CC,Sem prioridade
0142117-74.2023.8.17.2001,22/06/2026,4ª Vara Cível da Comarca de Jaboatão dos Guararapes,3ª CC,Super prioridade
0001309-80.2024.8.17.2810,09/06/2026,4ª Vara de Família e Registro Civil da Comarca de Jaboatão dos Guararapes,3ª CC,Prioridade Legal
0004132-90.2025.8.17.2810,19/06/2026,4ª Vara de Família e Registro Civil da Comarca de Jaboatão dos Guararapes,3ª CC,Prioridade Legal
0005143-57.2025.8.17.2810,05/06/2026,4ª Vara de Família e Registro Civil da Comarca de Jaboatão dos Guararapes,3ª CC,Prioridade Legal
0005570-25.2023.8.17.2810,15/06/2026,4ª Vara de Família e Registro Civil da Comarca de Jaboatão dos Guararapes,3ª CCJ,Prioridade Legal
0005881-45.2025.8.17.2810,08/06/2026,4ª Vara de Família e Registro Civil da Comarca de Jaboatão dos Guararapes,3ª CC,Prioridade Legal
0006221-23.2024.8.17.2810,05/06/2026,4ª Vara de Família e Registro Civil da Comarca de Jaboatão dos Guararapes,3ª CC,Prioridade Legal
0008228-51.2025.8.17.2810,18/06/2026,4ª Vara de Família e Registro Civil da Comarca de Jaboatão dos Guararapes,3ª CC,Prioridade Legal
0008404-30.2025.8.17.2810,12/06/2026,4ª Vara de Família e Registro Civil da Comarca de Jaboatão dos Guararapes,3ª CC,Prioridade Legal
0013876-12.2025.8.17.2810,08/06/2026,4ª Vara de Família e Registro Civil da Comarca de Jaboatão dos Guararapes,3ª CC,Prioridade Legal
0016981-94.2025.8.17.2810,25/05/2026,4ª Vara de Família e Registro Civil da Comarca de Jaboatão dos Guararapes,3ª CC,Prioridade Legal
0020284-19.2025.8.17.2810,08/06/2026,4ª Vara de Família e Registro Civil da Comarca de Jaboatão dos Guararapes,3ª CC,Prioridade Legal
0021054-12.2025.8.17.2810,10/06/2026,4ª Vara de Família e Registro Civil da Comarca de Jaboatão dos Guararapes,3ª CC,Prioridade Legal
0022785-15.2014.8.17.0810,19/06/2026,4ª Vara de Família e Registro Civil da Comarca de Jaboatão dos Guararapes,3ª CCJ,Sem prioridade
0025665-08.2025.8.17.2810,12/06/2026,4ª Vara de Família e Registro Civil da Comarca de Jaboatão dos Guararapes,3ª CC,Prioridade Legal
0026352-58.2020.8.17.2810,19/06/2026,4ª Vara de Família e Registro Civil da Comarca de Jaboatão dos Guararapes,3ª CC,Prioridade Legal
0029142-10.2023.8.17.2810,08/06/2026,4ª Vara de Família e Registro Civil da Comarca de Jaboatão dos Guararapes,3ª CC,Prioridade Legal
0041486-57.2022.8.17.2810,11/06/2026,4ª Vara de Família e Registro Civil da Comarca de Jaboatão dos Guararapes,3ª CC,Prioridade Legal
0049122-40.2023.8.17.2810,19/06/2026,4ª Vara de Família e Registro Civil da Comarca de Jaboatão dos Guararapes,3ª CC,Prioridade Legal
0053650-20.2023.8.17.2810,19/06/2026,4ª Vara de Família e Registro Civil da Comarca de Jaboatão dos Guararapes,3ª CC,Prioridade Legal
0000217-78.2025.8.17.8227,27/05/2026,4º Juizado Especial Cível e das Relações de Consumo da Comarca de Jaboatão dos Guararapes,1ª CCJ,Prioridade Legal
0000360-33.2026.8.17.8227,19/06/2026,4º Juizado Especial Cível e das Relações de Consumo da Comarca de Jaboatão dos Guararapes,1ª CCJ,Prioridade Legal
0000384-95.2025.8.17.8227,27/05/2026,4º Juizado Especial Cível e das Relações de Consumo da Comarca de Jaboatão dos Guararapes,1ª CCJ,Prioridade Legal
0000514-85.2025.8.17.8227,17/06/2026,4º Juizado Especial Cível e das Relações de Consumo da Comarca de Jaboatão dos Guararapes,1ª CCJ,Prioridade Legal
0003133-85.2025.8.17.8227,27/05/2026,4º Juizado Especial Cível e das Relações de Consumo da Comarca de Jaboatão dos Guararapes,1ª CCJ,Prioridade Legal
0003804-79.2023.8.17.8227,28/05/2026,4º Juizado Especial Cível e das Relações de Consumo da Comarca de Jaboatão dos Guararapes,1ª CCJ,Prioridade Legal
0005636-55.2020.8.17.8227,28/05/2026,4º Juizado Especial Cível e das Relações de Consumo da Comarca de Jaboatão dos Guararapes,1ª CCJ,Prioridade Legal
0006259-80.2024.8.17.8227,18/06/2026,4º Juizado Especial Cível e das Relações de Consumo da Comarca de Jaboatão dos Guararapes,1ª CCJ,Prioridade Legal
0006737-30.2020.8.17.8227,19/06/2026,4º Juizado Especial Cível e das Relações de Consumo da Comarca de Jaboatão dos Guararapes,1ª CCJ,Sem prioridade
0008162-24.2022.8.17.8227,17/06/2026,4º Juizado Especial Cível e das Relações de Consumo da Comarca de Jaboatão dos Guararapes,1ª CCJ,Prioridade Legal
0008315-23.2023.8.17.8227,27/05/2026,4º Juizado Especial Cível e das Relações de Consumo da Comarca de Jaboatão dos Guararapes,1ª CCJ,Prioridade Legal
0000284-32.2024.8.17.2810,08/06/2026,5ª Vara Cível da Comarca de Jaboatão dos Guararapes,1ª CCJ,Prioridade Legal
0004931-36.2025.8.17.2810,14/06/2026,5ª Vara Cível da Comarca de Jaboatão dos Guararapes,3ª CC,Prioridade Legal
0009499-95.2025.8.17.2810,10/06/2026,5ª Vara Cível da Comarca de Jaboatão dos Guararapes,3ª CC,Prioridade Legal
0014907-67.2025.8.17.2810,17/06/2026,5ª Vara Cível da Comarca de Jaboatão dos Guararapes,3ª CC,Prioridade Legal
0015313-88.2025.8.17.2810,01/06/2026,5ª Vara Cível da Comarca de Jaboatão dos Guararapes,1ª CCJ,Prioridade Legal
0024332-55.2024.8.17.2810,15/06/2026,5ª Vara Cível da Comarca de Jaboatão dos Guararapes,3ª CC,Prioridade Legal
0031488-02.2021.8.17.2810,08/06/2026,5ª Vara Cível da Comarca de Jaboatão dos Guararapes,1ª CCJ,Prioridade Legal
0032787-43.2023.8.17.2810,10/06/2026,5ª Vara Cível da Comarca de Jaboatão dos Guararapes,1ª CCJ,Prioridade Legal
0001326-97.2016.8.17.2810,08/06/2026,6ª Vara Cível da Comarca de Jaboatão dos Guararapes,3ª CC,Prioridade Legal
0005210-67.2009.8.17.0810,19/06/2026,6ª Vara Cível da Comarca de Jaboatão dos Guararapes,3ª CC,Super prioridade
0007182-71.2018.8.17.2810,18/06/2026,6ª Vara Cível da Comarca de Jaboatão dos Guararapes,1ª CCJ,Prioridade Legal
0008948-81.2026.8.17.2810,11/06/2026,6ª Vara Cível da Comarca de Jaboatão dos Guararapes,3ª CC,Prioridade Legal
0012922-39.2020.8.17.2810,18/06/2026,6ª Vara Cível da Comarca de Jaboatão dos Guararapes,3ª CC,Prioridade Legal
0014383-70.2025.8.17.2810,15/06/2026,6ª Vara Cível da Comarca de Jaboatão dos Guararapes,3ª CC,Prioridade Legal
0028138-64.2025.8.17.2810,11/06/2026,6ª Vara Cível da Comarca de Jaboatão dos Guararapes,3ª CC,Prioridade Legal
0030786-51.2024.8.17.2810,18/06/2026,6ª Vara Cível da Comarca de Jaboatão dos Guararapes,3ª CC,Prioridade Legal
0031356-13.2019.8.17.2810,12/06/2026,6ª Vara Cível da Comarca de Jaboatão dos Guararapes,1ª CCJ,Prioridade Legal
0060928-72.2023.8.17.2810,19/06/2026,6ª Vara Cível da Comarca de Jaboatão dos Guararapes,1ª CCJ,Prioridade Legal
0000937-34.2024.8.17.2810,15/06/2026,7ª Vara Cível da Comarca de Jaboatão dos Guararapes,3ª CC,Prioridade Legal
0005972-72.2024.8.17.2810,15/06/2026,7ª Vara Cível da Comarca de Jaboatão dos Guararapes,3ª CC,Prioridade Legal
0006269-79.2024.8.17.2810,15/06/2026,7ª Vara Cível da Comarca de Jaboatão dos Guararapes,3ª CC,Prioridade Legal
0009079-90.2025.8.17.2810,11/06/2026,7ª Vara Cível da Comarca de Jaboatão dos Guararapes,3ª CC,Prioridade Legal
0029929-05.2024.8.17.2810,30/06/2026,7ª Vara Cível da Comarca de Jaboatão dos Guararapes,1ª CCJ,Prioridade Legal
0001183-59.2026.8.17.2810,17/06/2026,8ª Vara Cível da Comarca de Jaboatão dos Guararapes,3ª CC,Prioridade Legal
0027016-94.2017.8.17.2810,26/05/2026,8ª Vara Cível da Comarca de Jaboatão dos Guararapes,1ª CCJ,Prioridade Legal
0038936-61.2011.8.17.0810,12/06/2026,8ª Vara Cível da Comarca de Jaboatão dos Guararapes,3ª CC,Prioridade Legal
0001431-36.2011.8.17.0810,12/06/2026,Vara da Fazenda Pública da Comarca de Jaboatão dos Guararapes,2ª CCJ,Sem prioridade
0002888-73.2018.8.17.2810,05/06/2026,Vara da Fazenda Pública da Comarca de Jaboatão dos Guararapes,2ª CCJ,Prioridade Legal
0004039-65.2015.8.17.0810,08/06/2026,Vara da Fazenda Pública da Comarca de Jaboatão dos Guararapes,4ª CC,Sem prioridade
0007200-29.2017.8.17.2810,03/06/2026,Vara da Fazenda Pública da Comarca de Jaboatão dos Guararapes,2ª CCJ,Prioridade Legal
0010316-38.2020.8.17.2810,12/06/2026,Vara da Fazenda Pública da Comarca de Jaboatão dos Guararapes,2ª CCJ,Prioridade Legal
0012247-43.2012.8.17.0810,15/06/2026,Vara da Fazenda Pública da Comarca de Jaboatão dos Guararapes,4ª CC,Prioridade Legal
0012767-03.2012.8.17.0810,06/05/2026,Vara da Fazenda Pública da Comarca de Jaboatão dos Guararapes,2ª CCJ,Prioridade Legal
0014369-97.2010.8.17.0810,05/06/2026,Vara da Fazenda Pública da Comarca de Jaboatão dos Guararapes,4ª CC,Sem prioridade
0015044-30.2017.8.17.2810,09/06/2026,Vara da Fazenda Pública da Comarca de Jaboatão dos Guararapes,2ª CCJ,Sem prioridade
0015311-02.2017.8.17.2810,15/06/2026,Vara da Fazenda Pública da Comarca de Jaboatão dos Guararapes,2ª CCJ,Sem prioridade
0015843-29.2024.8.17.2810,12/06/2026,Vara da Fazenda Pública da Comarca de Jaboatão dos Guararapes,4ª CC,Prioridade Legal
0018372-65.2017.8.17.2810,11/06/2026,Vara da Fazenda Pública da Comarca de Jaboatão dos Guararapes,2ª CCJ,Sem prioridade
0020110-49.2021.8.17.2810,08/06/2026,Vara da Fazenda Pública da Comarca de Jaboatão dos Guararapes,4ª CC,Prioridade Legal
0021168-58.2019.8.17.2810,28/05/2026,Vara da Fazenda Pública da Comarca de Jaboatão dos Guararapes,2ª CCJ,Sem prioridade
0022185-61.2021.8.17.2810,04/06/2026,Vara da Fazenda Pública da Comarca de Jaboatão dos Guararapes,2ª CCJ,Sem prioridade
0025584-30.2023.8.17.2810,18/05/2026,Vara da Fazenda Pública da Comarca de Jaboatão dos Guararapes,2ª CCJ,Sem prioridade
0025881-47.2017.8.17.2810,12/06/2026,Vara da Fazenda Pública da Comarca de Jaboatão dos Guararapes,2ª CCJ,Prioridade Legal
0025993-40.2022.8.17.2810,13/06/2026,Vara da Fazenda Pública da Comarca de Jaboatão dos Guararapes,4ª CC,Sem prioridade
0026738-26.2010.8.17.0810,20/05/2026,Vara da Fazenda Pública da Comarca de Jaboatão dos Guararapes,2ª CCJ,Sem prioridade
0027125-30.2025.8.17.2810,19/06/2026,Vara da Fazenda Pública da Comarca de Jaboatão dos Guararapes,4ª CC,Sem prioridade
0027540-53.2012.8.17.0810,08/06/2026,Vara da Fazenda Pública da Comarca de Jaboatão dos Guararapes,4ª CC,Prioridade Legal
0051467-82.2011.8.17.0810,19/06/2026,Vara da Fazenda Pública da Comarca de Jaboatão dos Guararapes,4ª CC,Sem prioridade
0003991-52.2017.8.17.2810,28/05/2026,Vara de Sucessões e Registros Públicos da Comarca de Jaboatão dos Guararapes,3ª CCJ,Sem prioridade
0005700-59.2016.8.17.2810,18/06/2026,Vara de Sucessões e Registros Públicos da Comarca de Jaboatão dos Guararapes,3ª CCJ,Sem prioridade
0005768-62.2023.8.17.2810,10/06/2026,Vara de Sucessões e Registros Públicos da Comarca de Jaboatão dos Guararapes,3ª CCJ,Prioridade Legal
0009891-50.2016.8.17.2810,08/06/2026,Vara de Sucessões e Registros Públicos da Comarca de Jaboatão dos Guararapes,3ª CCJ,Sem prioridade
0009891-56.2004.8.17.0810,11/06/2026,Vara de Sucessões e Registros Públicos da Comarca de Jaboatão dos Guararapes,PARTIDOR,Prioridade Legal
0009919-47.2018.8.17.2810,01/06/2026,Vara de Sucessões e Registros Públicos da Comarca de Jaboatão dos Guararapes,PARTIDOR,Prioridade Legal
0011227-16.2021.8.17.2810,27/05/2026,Vara de Sucessões e Registros Públicos da Comarca de Jaboatão dos Guararapes,3ª CCJ,Sem prioridade
0015785-60.2023.8.17.2810,11/06/2026,Vara de Sucessões e Registros Públicos da Comarca de Jaboatão dos Guararapes,3ª CCJ,Prioridade Legal
0015965-81.2020.8.17.2810,29/05/2026,Vara de Sucessões e Registros Públicos da Comarca de Jaboatão dos Guararapes,PARTIDOR,Prioridade Legal
0025156-58.2017.8.17.2810,09/06/2026,Vara de Sucessões e Registros Públicos da Comarca de Jaboatão dos Guararapes,3ª CC,Prioridade Legal
0001227-36.2025.8.17.5810,17/06/2026,Vara de Violência Doméstica e Familiar Contra Mulher de Jaboatão dos Guararapes,2ª CC,Prioridade Legal
0001397-26.2024.8.17.2970,17/06/2026,Vara de Violência Doméstica e Familiar Contra Mulher de Jaboatão dos Guararapes,2ª CC,Prioridade Legal
0004471-20.2023.8.17.2810,17/06/2026,Vara de Violência Doméstica e Familiar Contra Mulher de Jaboatão dos Guararapes,2ª CC,Prioridade Legal
0012731-18.2025.8.17.2810,18/06/2026,Vara de Violência Doméstica e Familiar Contra Mulher de Jaboatão dos Guararapes,2ª CC,Prioridade Legal
0006140-32.2002.8.17.0810,19/06/2026,Vara dos Executivos Fiscais da Comarca de Jaboatão dos Guararapes,4ª CC,Prioridade Legal
0008050-60.2003.8.17.0810,08/06/2026,Vara dos Executivos Fiscais da Comarca de Jaboatão dos Guararapes,4ª CC,Sem prioridade
0019243-51.2024.8.17.2810,16/06/2026,Vara dos Executivos Fiscais da Comarca de Jaboatão dos Guararapes,4ª CC,Prioridade Legal
0030200-48.2023.8.17.2810,09/06/2026,Vara dos Executivos Fiscais da Comarca de Jaboatão dos Guararapes,4ª CC,Sem prioridade
0032108-82.2019.8.17.2810,16/06/2026,Vara dos Executivos Fiscais da Comarca de Jaboatão dos Guararapes,4ª CC,Sem prioridade
0032635-34.2019.8.17.2810,19/06/2026,Vara dos Executivos Fiscais da Comarca de Jaboatão dos Guararapes,4ª CC,Sem prioridade
0057419-32.2017.8.17.0810,18/06/2026,Vara dos Executivos Fiscais da Comarca de Jaboatão dos Guararapes,4ª CC,Sem prioridade
0060862-92.2023.8.17.2810,07/06/2026,Vara dos Executivos Fiscais da Comarca de Jaboatão dos Guararapes,4ª CC,Sem prioridade
0068523-21.2017.8.17.0810,16/06/2026,Vara dos Executivos Fiscais da Comarca de Jaboatão dos Guararapes,4ª CC,Sem prioridade
0000013-03.2011.8.17.0830,17/06/2026,Vara Única da Comarca de João Alfredo,6ª CC,Sem prioridade
0000035-26.2021.8.17.2830,19/06/2026,Vara Única da Comarca de João Alfredo,6ª CC,Prioridade Legal
0000117-73.2003.8.17.0830,18/06/2026,Vara Única da Comarca de João Alfredo,6ª CC,Prioridade Legal
0000390-37.2012.8.17.0830,12/06/2026,Vara Única da Comarca de João Alfredo,6ª CC,Prioridade Legal
0000434-89.2020.8.17.2830,03/06/2026,Vara Única da Comarca de João Alfredo,5ª CCJ,Prioridade Legal
0000574-90.2012.8.17.0830,17/06/2026,Vara Única da Comarca de João Alfredo,6ª CC,Sem prioridade
0000686-93.2011.8.17.0830,12/06/2026,Vara Única da Comarca de João Alfredo,6ª CC,Sem prioridade
0000779-56.2011.8.17.0830,17/06/2026,Vara Única da Comarca de João Alfredo,6ª CC,Prioridade Legal
0000896-08.2015.8.17.0830,12/06/2026,Vara Única da Comarca de João Alfredo,6ª CC,Sem prioridade
0001449-26.2013.8.17.0830,17/06/2026,Vara Única da Comarca de João Alfredo,6ª CC,Sem prioridade
0000009-59.2023.8.17.4640,17/06/2026,Vara Única da Comarca de Jupi,6ª CC,Sem prioridade
0000029-52.2015.8.17.0850,14/05/2026,Vara Única da Comarca de Jupi,5ª CCJ,Sem prioridade
0000099-79.2009.8.17.0850,19/06/2026,Vara Única da Comarca de Jupi,6ª CC,Prioridade Legal
0000207-93.2018.8.17.0850,15/06/2026,Vara Única da Comarca de Jupi,6ª CC,Sem prioridade
0000211-02.2024.8.17.4640,18/06/2026,Vara Única da Comarca de Jupi,6ª CC,Prioridade Legal
0000213-75.2022.8.17.2850,16/06/2026,Vara Única da Comarca de Jupi,6ª CC,Prioridade Legal
0000222-95.2026.8.17.2850,11/06/2026,Vara Única da Comarca de Jupi,6ª CC,Prioridade Legal
0000263-10.2010.8.17.0850,19/06/2026,Vara Única da Comarca de Jupi,6ª CC,Sem prioridade
0000278-07.2021.8.17.2850,15/06/2026,Vara Única da Comarca de Jupi,5ª CCJ,Prioridade Legal
0000330-71.2019.8.17.2850,08/06/2026,Vara Única da Comarca de Jupi,5ª CCJ,Prioridade Legal
0000332-75.2018.8.17.2850,04/06/2026,Vara Única da Comarca de Jupi,5ª CCJ,Prioridade Legal
0000479-28.2023.8.17.2850,09/06/2026,Vara Única da Comarca de Jupi,5ª CCJ,Prioridade Legal
0000608-04.2021.8.17.2850,15/06/2026,Vara Única da Comarca de Jupi,5ª CCJ,Prioridade Legal
0000652-24.2023.8.17.5640,19/06/2026,Vara Única da Comarca de Jupi,6ª CC,Prioridade Legal
0001057-25.2022.8.17.2850,09/06/2026,Vara Única da Comarca de Jupi,5ª CCJ,Sem prioridade
0000001-34.2016.8.17.2860,17/06/2026,Vara Única da Comarca de Jurema,6ª CC,Sem prioridade
0000297-75.2024.8.17.2860,11/06/2026,Vara Única da Comarca de Jurema,5ª CCJ,Prioridade Legal
0000330-31.2025.8.17.2860,26/05/2026,Vara Única da Comarca de Jurema,5ª CCJ,Sem prioridade
0000351-12.2022.8.17.2860,02/06/2026,Vara Única da Comarca de Jurema,5ª CCJ,Sem prioridade
0000352-94.2022.8.17.2860,22/05/2026,Vara Única da Comarca de Jurema,5ª CCJ,Prioridade Legal
0064339-29.2014.8.17.0001,10/06/2026,Vara Única da Comarca de Jurema,6ª CC,Prioridade Legal
0000186-10.2020.8.17.2900,12/06/2026,Vara Única da Comarca de Lagoa Grande,6ª CCJ,Sem prioridade
0000244-81.2024.8.17.6130,16/06/2026,Vara Única da Comarca de Lagoa Grande,7ª CC,Prioridade Legal
0000259-84.2017.8.17.2900,26/05/2026,Vara Única da Comarca de Lagoa Grande,6ª CCJ,Prioridade Legal
0000329-28.2022.8.17.2900,16/06/2026,Vara Única da Comarca de Lagoa Grande,7ª CC,Prioridade Legal
0000843-10.2024.8.17.2900,12/06/2026,Vara Única da Comarca de Lagoa Grande,7ª CC,Prioridade Legal
0000905-84.2023.8.17.2900,16/06/2026,Vara Única da Comarca de Lagoa Grande,7ª CC,Prioridade Legal
0017866-21.2025.8.17.3130,04/06/2026,Vara Única da Comarca de Lagoa Grande,6ª CCJ,Prioridade Legal
0000213-44.2024.8.17.2870,08/06/2026,Vara Única da Comarca de Lagoa do Itaenga,5ª CC,Prioridade Legal
0000349-27.2020.8.17.0980,11/06/2026,Vara Única da Comarca de Lagoa do Itaenga,5ª CC,Prioridade Legal
0000462-58.2025.8.17.2870,10/06/2026,Vara Única da Comarca de Lagoa do Itaenga,5ª CC,Sem prioridade
0000522-36.2022.8.17.2870,21/06/2026,Vara Única da Comarca de Lagoa do Itaenga,5ª CC,Prioridade Legal
0000068-88.2025.8.17.2890,12/06/2026,Vara Única da Comarca de Lagoa dos Gatos,5ª CCJ,Sem prioridade
0000074-47.2021.8.17.2240,16/06/2026,Vara Única da Comarca de Lagoa dos Gatos,6ª CC,Sem prioridade
0000103-88.2012.8.17.0890,15/06/2026,Vara Única da Comarca de Lagoa dos Gatos,6ª CC,Prioridade Legal
0000186-69.2022.8.17.2890,15/05/2026,Vara Única da Comarca de Lagoa dos Gatos,5ª CCJ,Prioridade Legal
0000191-38.2021.8.17.2240,17/06/2026,Vara Única da Comarca de Lagoa dos Gatos,6ª CC,Prioridade Legal
0000283-64.2025.8.17.2890,16/06/2026,Vara Única da Comarca de Lagoa dos Gatos,6ª CC,Prioridade Legal
0000304-40.2025.8.17.2890,16/06/2026,Vara Única da Comarca de Lagoa dos Gatos,6ª CC,Prioridade Legal
0000335-02.2021.8.17.2890,16/06/2026,Vara Única da Comarca de Lagoa dos Gatos,5ª CCJ,Prioridade Legal
0000518-02.2023.8.17.2890,16/06/2026,Vara Única da Comarca de Lagoa dos Gatos,6ª CC,Sem prioridade
0000606-40.2023.8.17.2890,09/06/2026,Vara Única da Comarca de Lagoa dos Gatos,5ª CCJ,Prioridade Legal
0000114-18.2016.8.17.0910,18/06/2026,1ª Vara da Comarca de Lajedo,6ª CC,Sem prioridade
0000336-83.2016.8.17.0910,18/06/2026,1ª Vara da Comarca de Lajedo,6ª CC,Sem prioridade
0000368-93.2013.8.17.0910,18/06/2026,1ª Vara da Comarca de Lajedo,6ª CC,Sem prioridade
0000442-44.2025.8.17.2910,11/06/2026,1ª Vara da Comarca de Lajedo,6ª CC,Sem prioridade
0000527-31.2016.8.17.0910,11/06/2026,1ª Vara da Comarca de Lajedo,6ª CC,Prioridade Legal
0000631-27.2022.8.17.2910,16/06/2026,1ª Vara da Comarca de Lajedo,6ª CC,Prioridade Legal
0000925-27.2006.8.17.0910,19/06/2026,1ª Vara da Comarca de Lajedo,6ª CC,Sem prioridade
0001174-30.2022.8.17.2910,15/06/2026,1ª Vara da Comarca de Lajedo,6ª CC,Prioridade Legal
0001335-46.2010.8.17.0910,15/06/2026,1ª Vara da Comarca de Lajedo,6ª CC,Sem prioridade
0001423-44.2023.8.17.2910,12/06/2026,1ª Vara da Comarca de Lajedo,6ª CC,Prioridade Legal
0001500-24.2021.8.17.2910,11/06/2026,1ª Vara da Comarca de Lajedo,6ª CC,Prioridade Legal
0000171-95.2022.8.17.5640,15/06/2026,2ª Vara da Comarca de Lajedo,6ª CC,Prioridade Legal
0000415-03.2021.8.17.2910,16/06/2026,2ª Vara da Comarca de Lajedo,6ª CC,Prioridade Legal
0000446-23.2021.8.17.2910,11/06/2026,2ª Vara da Comarca de Lajedo,6ª CC,Prioridade Legal
0000638-19.2022.8.17.2910,26/05/2026,2ª Vara da Comarca de Lajedo,5ª CCJ,Prioridade Legal
0001227-40.2024.8.17.2910,12/06/2026,2ª Vara da Comarca de Lajedo,6ª CC,Prioridade Legal
0001303-36.2013.8.17.0910,16/06/2026,2ª Vara da Comarca de Lajedo,5ª CCJ,Sem prioridade
0001363-37.2024.8.17.2910,16/06/2026,2ª Vara da Comarca de Lajedo,6ª CC,Prioridade Legal
0001512-68.2014.8.17.0910,04/06/2026,2ª Vara da Comarca de Lajedo,5ª CCJ,Prioridade Legal
0001550-80.2014.8.17.0910,16/06/2026,2ª Vara da Comarca de Lajedo,5ª CCJ,Prioridade Legal
0001905-26.2022.8.17.2910,16/06/2026,2ª Vara da Comarca de Lajedo,6ª CC,Sem prioridade
0000112-52.2015.8.17.0920,09/06/2026,1ª Vara Cível da Comarca de Limoeiro,5ª CCJ,Sem prioridade
0000337-13.2020.8.17.2920,20/05/2026,1ª Vara Cível da Comarca de Limoeiro,5ª CCJ,Prioridade Legal
0000361-52.2005.8.17.0920,16/06/2026,1ª Vara Cível da Comarca de Limoeiro,6ª CC,Prioridade Legal
0000392-09.2004.8.17.0920,11/06/2026,1ª Vara Cível da Comarca de Limoeiro,6ª CC,Prioridade Legal
0000461-93.2020.8.17.2920,19/06/2026,1ª Vara Cível da Comarca de Limoeiro,6ª CC,Sem prioridade
0000988-69.2025.8.17.2920,01/06/2026,1ª Vara Cível da Comarca de Limoeiro,5ª CCJ,Prioridade Legal
0001186-72.2026.8.17.2920,12/06/2026,1ª Vara Cível da Comarca de Limoeiro,6ª CC,Prioridade Legal
0001284-91.2025.8.17.2920,17/06/2026,1ª Vara Cível da Comarca de Limoeiro,6ª CC,Prioridade Legal
0001302-15.2025.8.17.2920,12/06/2026,1ª Vara Cível da Comarca de Limoeiro,6ª CC,Prioridade Legal
0001336-63.2020.8.17.2920,09/06/2026,1ª Vara Cível da Comarca de Limoeiro,6ª CC,Prioridade Legal
0002173-45.2025.8.17.2920,18/06/2026,1ª Vara Cível da Comarca de Limoeiro,5ª CCJ,Prioridade Legal
0002326-49.2023.8.17.2920,05/06/2026,1ª Vara Cível da Comarca de Limoeiro,5ª CCJ,Prioridade Legal
0002564-39.2021.8.17.2920,20/05/2026,1ª Vara Cível da Comarca de Limoeiro,5ª CCJ,Prioridade Legal
0003212-48.2023.8.17.2920,15/05/2026,1ª Vara Cível da Comarca de Limoeiro,5ª CCJ,Prioridade Legal
0003391-45.2024.8.17.2920,18/06/2026,1ª Vara Cível da Comarca de Limoeiro,6ª CC,Sem prioridade
0000243-60.2023.8.17.2920,17/06/2026,2ª Vara Cível da Comarca de Limoeiro,6ª CC,Prioridade Legal
0000252-17.2026.8.17.2920,12/06/2026,2ª Vara Cível da Comarca de Limoeiro,6ª CC,Sem prioridade
0000574-37.2026.8.17.2920,12/06/2026,2ª Vara Cível da Comarca de Limoeiro,6ª CC,Sem prioridade
0000686-98.2020.8.17.3410,02/06/2026,2ª Vara Cível da Comarca de Limoeiro,5ª CCJ,Prioridade Legal
0000797-24.2025.8.17.2920,12/06/2026,2ª Vara Cível da Comarca de Limoeiro,6ª CC,Prioridade Legal
0001122-96.2025.8.17.2920,12/06/2026,2ª Vara Cível da Comarca de Limoeiro,6ª CC,Sem prioridade
0001165-77.2018.8.17.2920,26/05/2026,2ª Vara Cível da Comarca de Limoeiro,5ª CCJ,Sem prioridade
0002676-04.2015.8.17.0920,21/05/2026,2ª Vara Cível da Comarca de Limoeiro,5ª CCJ,Sem prioridade
0003153-89.2025.8.17.2920,17/06/2026,2ª Vara Cível da Comarca de Limoeiro,6ª CC,Prioridade Legal
0003792-79.2014.8.17.0920,10/06/2026,2ª Vara Cível da Comarca de Limoeiro,5ª CCJ,Sem prioridade
0000131-80.2025.8.17.8236,29/04/2026,Juizado Especial Cível e das Relações de Consumo de Limoeiro - Turno Manhã - 08:00h às 14:00h,1ª CCJ,Prioridade Legal
0000208-61.2026.8.17.8234,04/05/2026,Juizado Especial Cível e das Relações de Consumo de Limoeiro - Turno Manhã - 08:00h às 14:00h,1ª CCJ,Prioridade Legal
0000272-36.2024.8.17.8236,30/04/2026,Juizado Especial Cível e das Relações de Consumo de Limoeiro - Turno Manhã - 08:00h às 14:00h,1ª CCJ,Prioridade Legal
0000400-22.2025.8.17.8236,15/05/2026,Juizado Especial Cível e das Relações de Consumo de Limoeiro - Turno Manhã - 08:00h às 14:00h,1ª CCJ,Prioridade Legal
0000439-19.2025.8.17.8236,26/05/2026,Juizado Especial Cível e das Relações de Consumo de Limoeiro - Turno Manhã - 08:00h às 14:00h,1ª CCJ,Prioridade Legal
0000485-08.2025.8.17.8236,29/04/2026,Juizado Especial Cível e das Relações de Consumo de Limoeiro - Turno Manhã - 08:00h às 14:00h,1ª CCJ,Prioridade Legal
0000488-08.2021.8.17.8234,29/05/2026,Juizado Especial Cível e das Relações de Consumo de Limoeiro - Turno Manhã - 08:00h às 14:00h,1ª CCJ,Prioridade Legal
0000596-89.2025.8.17.8236,21/05/2026,Juizado Especial Cível e das Relações de Consumo de Limoeiro - Turno Manhã - 08:00h às 14:00h,1ª CCJ,Prioridade Legal
0000621-45.2024.8.17.8234,30/04/2026,Juizado Especial Cível e das Relações de Consumo de Limoeiro - Turno Manhã - 08:00h às 14:00h,1ª CCJ,Prioridade Legal
0000760-60.2025.8.17.8234,29/04/2026,Juizado Especial Cível e das Relações de Consumo de Limoeiro - Turno Manhã - 08:00h às 14:00h,1ª CCJ,Prioridade Legal
0000862-82.2025.8.17.8234,04/05/2026,Juizado Especial Cível e das Relações de Consumo de Limoeiro - Turno Manhã - 08:00h às 14:00h,1ª CCJ,Prioridade Legal
0000937-92.2023.8.17.8234,03/06/2026,Juizado Especial Cível e das Relações de Consumo de Limoeiro - Turno Manhã - 08:00h às 14:00h,1ª CCJ,Prioridade Legal
0001098-05.2023.8.17.8234,30/04/2026,Juizado Especial Cível e das Relações de Consumo de Limoeiro - Turno Manhã - 08:00h às 14:00h,1ª CCJ,Sem prioridade
0001171-11.2022.8.17.8234,09/06/2026,Juizado Especial Cível e das Relações de Consumo de Limoeiro - Turno Manhã - 08:00h às 14:00h,1ª CCJ,Prioridade Legal
0001434-72.2024.8.17.8234,13/05/2026,Juizado Especial Cível e das Relações de Consumo de Limoeiro - Turno Manhã - 08:00h às 14:00h,1ª CCJ,Prioridade Legal
0001527-69.2023.8.17.8234,16/06/2026,Juizado Especial Cível e das Relações de Consumo de Limoeiro - Turno Manhã - 08:00h às 14:00h,1ª CCJ,Prioridade Legal
0002587-14.2023.8.17.2920,17/05/2026,Juizado Especial Cível e das Relações de Consumo de Limoeiro - Turno Manhã - 08:00h às 14:00h,1ª CCJ,Prioridade Legal
0000488-85.2023.8.17.4920,16/06/2026,Vara Criminal da Comarca de Limoeiro,2ª CC,Sem prioridade
0000563-13.2023.8.17.2920,19/06/2026,Vara Criminal da Comarca de Limoeiro,2ª CC,Prioridade Legal
0000623-41.2022.8.17.5920,18/06/2026,Vara Criminal da Comarca de Limoeiro,2ª CC,Sem prioridade
0000685-17.2020.8.17.0920,19/06/2026,Vara Criminal da Comarca de Limoeiro,2ª CC,Prioridade Legal
0000785-69.2020.8.17.0920,19/06/2026,Vara Criminal da Comarca de Limoeiro,2ª CC,Prioridade Legal
0001669-78.2021.8.17.2920,16/06/2026,Vara Criminal da Comarca de Limoeiro,2ª CC,Sem prioridade
0000007-44.2024.8.17.2930,15/06/2026,Vara Única da Comarca de Macaparana,5ª CC,Prioridade Legal
0000025-07.2020.8.17.2930,09/06/2026,Vara Única da Comarca de Macaparana,5ª CC,Prioridade Legal
0000030-24.2023.8.17.2930,10/06/2026,Vara Única da Comarca de Macaparana,5ª CC,Prioridade Legal
0000095-92.2020.8.17.3360,18/06/2026,Vara Única da Comarca de Macaparana,4ª CCJ,Prioridade Legal
0000208-13.2012.8.17.1360,10/06/2026,Vara Única da Comarca de Macaparana,4ª CCJ,Sem prioridade
0000230-76.2007.8.17.0930,08/06/2026,Vara Única da Comarca de Macaparana,4ª CCJ,Sem prioridade
0000343-72.2025.8.17.4980,01/06/2026,Vara Única da Comarca de Macaparana,5ª CC,Sem prioridade
0000457-61.2012.8.17.1360,05/06/2026,Vara Única da Comarca de Macaparana,5ª CC,Super prioridade
0000500-89.2022.8.17.2930,18/06/2026,Vara Única da Comarca de Macaparana,5ª CC,Prioridade Legal
0000688-48.2023.8.17.2930,17/06/2026,Vara Única da Comarca de Macaparana,5ª CC,Prioridade Legal
0000826-44.2025.8.17.2930,10/06/2026,Vara Única da Comarca de Macaparana,4ª CCJ,Prioridade Legal
0001743-68.2022.8.17.2930,17/06/2026,Vara Única da Comarca de Macaparana,5ª CC,Prioridade Legal
0000076-13.2016.8.17.0940,11/06/2026,Vara Única da Comarca de Maraial,5ª CC,Prioridade Legal
0000084-86.2025.8.17.2940,27/05/2026,Vara Única da Comarca de Maraial,4ª CCJ,Prioridade Legal
0000098-23.2006.8.17.0940,16/06/2026,Vara Única da Comarca de Maraial,5ª CC,Prioridade Legal
0000101-98.2020.8.17.2940,16/06/2026,Vara Única da Comarca de Maraial,4ª CCJ,Sem prioridade
0000173-17.2022.8.17.2940,15/06/2026,Vara Única da Comarca de Maraial,5ª CC,Sem prioridade
0000389-07.2024.8.17.2940,16/06/2026,Vara Única da Comarca de Maraial,4ª CCJ,Prioridade Legal
0000068-26.2016.8.17.0620,19/06/2026,Vara Única da Comarca de Mirandiba,7ª CC,Prioridade Legal
0000083-71.2025.8.17.2950,29/05/2026,Vara Única da Comarca de Mirandiba,6ª CCJ,Sem prioridade
0000250-64.2020.8.17.2950,01/06/2026,Vara Única da Comarca de Mirandiba,6ª CCJ,Prioridade Legal
0000255-81.2023.8.17.2950,27/06/2026,Vara Única da Comarca de Mirandiba,7ª CC,Prioridade Legal
0000269-94.2025.8.17.2950,17/06/2026,Vara Única da Comarca de Mirandiba,7ª CC,Prioridade Legal
0000343-85.2024.8.17.2950,19/06/2026,Vara Única da Comarca de Mirandiba,7ª CC,Prioridade Legal
0000416-24.2016.8.17.0950,17/06/2026,Vara Única da Comarca de Mirandiba,7ª CC,Sem prioridade
0000466-25.2020.8.17.2950,01/06/2026,Vara Única da Comarca de Mirandiba,6ª CCJ,Prioridade Legal
0000484-07.2024.8.17.2950,28/05/2026,Vara Única da Comarca de Mirandiba,6ª CCJ,Sem prioridade
0000528-89.2025.8.17.2950,12/06/2026,Vara Única da Comarca de Mirandiba,6ª CCJ,Sem prioridade
0000547-66.2023.8.17.2950,29/05/2026,Vara Única da Comarca de Mirandiba,6ª CCJ,Sem prioridade
0000582-31.2020.8.17.2950,05/06/2026,Vara Única da Comarca de Mirandiba,6ª CCJ,Prioridade Legal
0000599-67.2020.8.17.2950,12/06/2026,Vara Única da Comarca de Mirandiba,7ª CC,Prioridade Legal
0001262-74.2024.8.17.2950,28/05/2026,Vara Única da Comarca de Mirandiba,6ª CCJ,Prioridade Legal
0001272-21.2024.8.17.2950,14/06/2026,Vara Única da Comarca de Mirandiba,6ª CCJ,Prioridade Legal
0001327-69.2024.8.17.2950,28/05/2026,Vara Única da Comarca de Mirandiba,6ª CCJ,Prioridade Legal
0001426-39.2024.8.17.2950,29/05/2026,Vara Única da Comarca de Mirandiba,6ª CCJ,Prioridade Legal
0000064-68.2026.8.17.2970,29/05/2026,1ª Vara Cível da Comarca de Moreno,5ª CC,Prioridade Legal
0000065-87.2025.8.17.2970,18/06/2026,1ª Vara Cível da Comarca de Moreno,5ª CC,Prioridade Legal
0000181-69.2020.8.17.2970,11/06/2026,1ª Vara Cível da Comarca de Moreno,4ª CCJ,Prioridade Legal
0000198-32.2025.8.17.2970,04/06/2026,1ª Vara Cível da Comarca de Moreno,5ª CC,Prioridade Legal
0000354-83.2026.8.17.2970,10/06/2026,1ª Vara Cível da Comarca de Moreno,4ª CCJ,Prioridade Legal
0000365-15.2026.8.17.2970,10/06/2026,1ª Vara Cível da Comarca de Moreno,4ª CCJ,Prioridade Legal
0000372-07.2026.8.17.2970,10/06/2026,1ª Vara Cível da Comarca de Moreno,4ª CCJ,Prioridade Legal
0000411-77.2021.8.17.2970,15/06/2026,1ª Vara Cível da Comarca de Moreno,5ª CC,Prioridade Legal
0000520-91.2021.8.17.2970,12/06/2026,1ª Vara Cível da Comarca de Moreno,5ª CC,Prioridade Legal
0000658-29.2019.8.17.2970,18/06/2026,1ª Vara Cível da Comarca de Moreno,4ª CCJ,Prioridade Legal
0000921-22.2023.8.17.2970,03/06/2026,1ª Vara Cível da Comarca de Moreno,5ª CC,Prioridade Legal
0001034-05.2025.8.17.2970,18/06/2026,1ª Vara Cível da Comarca de Moreno,5ª CC,Prioridade Legal
0001102-33.2017.8.17.2970,19/06/2026,1ª Vara Cível da Comarca de Moreno,4ª CCJ,Sem prioridade
0001228-73.2023.8.17.2970,19/06/2026,1ª Vara Cível da Comarca de Moreno,5ª CC,Prioridade Legal
0001272-92.2023.8.17.2970,15/06/2026,1ª Vara Cível da Comarca de Moreno,5ª CC,Prioridade Legal
0001330-27.2025.8.17.2970,10/06/2026,1ª Vara Cível da Comarca de Moreno,4ª CCJ,Prioridade Legal
0001489-04.2024.8.17.2970,10/06/2026,1ª Vara Cível da Comarca de Moreno,5ª CC,Prioridade Legal
0001683-67.2025.8.17.2970,01/06/2026,1ª Vara Cível da Comarca de Moreno,5ª CC,Prioridade Legal
0001715-72.2025.8.17.2970,18/06/2026,1ª Vara Cível da Comarca de Moreno,5ª CC,Prioridade Legal
0018171-89.2023.8.17.8201,01/06/2026,1ª Vara Cível da Comarca de Moreno,5ª CC,Prioridade Legal
0000515-44.2022.8.17.4810,19/06/2026,Vara Criminal da Comarca de Moreno,2ª CC,Prioridade Legal
0005278-02.2018.8.17.0810,18/06/2026,Vara Criminal da Comarca de Moreno,2ª CC,Sem prioridade
0000090-80.2019.8.17.2980,13/06/2026,Vara Única da Comarca de Nazaré da Mata,4ª CCJ,Prioridade Legal
0000095-43.2024.8.17.4980,03/06/2026,Vara Única da Comarca de Nazaré da Mata,4ª CCJ,Prioridade Legal
0000243-06.2025.8.17.2980,05/06/2026,Vara Única da Comarca de Nazaré da Mata,5ª CC,Prioridade Legal
0000380-56.2023.8.17.2980,10/06/2026,Vara Única da Comarca de Nazaré da Mata,4ª CCJ,Prioridade Legal
0000448-50.2016.8.17.2980,14/06/2026,Vara Única da Comarca de Nazaré da Mata,4ª CCJ,Prioridade Legal
0000486-91.2018.8.17.2980,02/06/2026,Vara Única da Comarca de Nazaré da Mata,4ª CCJ,Prioridade Legal
0000551-13.2023.8.17.2980,18/06/2026,Vara Única da Comarca de Nazaré da Mata,5ª CC,Prioridade Legal
0000742-25.2015.8.17.0980,27/05/2026,Vara Única da Comarca de Nazaré da Mata,5ª CC,Sem prioridade
0000910-89.2025.8.17.2980,08/06/2026,Vara Única da Comarca de Nazaré da Mata,5ª CC,Prioridade Legal
0001148-46.2015.8.17.0980,19/06/2026,Vara Única da Comarca de Nazaré da Mata,5ª CC,Sem prioridade
0001242-61.2022.8.17.2980,18/06/2026,Vara Única da Comarca de Nazaré da Mata,5ª CC,Prioridade Legal
0001469-08.2016.8.17.1090,25/05/2026,Núcleo de Justiça 4.0 - Seguro Habitacional - SFH,1ª CCJ,Sem prioridade
0004132-07.2017.8.17.3090,15/06/2026,Núcleo de Justiça 4.0 - Seguro Habitacional - SFH,1ª CC,Prioridade Legal
0006285-14.2008.8.17.1090,15/06/2026,Núcleo de Justiça 4.0 - Seguro Habitacional - SFH,1ª CC,Prioridade Legal
0007581-53.2015.8.17.0370,29/05/2026,Núcleo de Justiça 4.0 - Seguro Habitacional - SFH,1ª CCJ,Prioridade Legal
0015366-73.2023.8.17.3090,18/06/2026,Núcleo de Justiça 4.0 - Seguro Habitacional - SFH,1ª CC,Prioridade Legal
0018119-33.2002.8.17.0990,31/05/2026,Núcleo de Justiça 4.0 - Seguro Habitacional - SFH,1ª CC,Prioridade Legal
0021847-24.2020.8.17.2810,29/05/2026,Núcleo de Justiça 4.0 - Seguro Habitacional - SFH,1ª CCJ,Prioridade Legal
0000948-51.2008.8.17.1120,15/06/2026,Núcleo de Justiça 4.0 - Tempos Processuais TP,1ª CC,Sem prioridade
0000035-86.2025.8.17.2021,29/05/2026,Núcleo de Justiça 4.0 - de Saúde da Infância e Juventude,1ª CC,Prioridade Legal
0000113-80.2025.8.17.2021,26/05/2026,Núcleo de Justiça 4.0 - de Saúde da Infância e Juventude,1ª CC,Prioridade Legal
0000123-27.2025.8.17.2021,13/06/2026,Núcleo de Justiça 4.0 - de Saúde da Infância e Juventude,3ª CC,Prioridade Legal
0000154-47.2025.8.17.2021,18/06/2026,Núcleo de Justiça 4.0 - de Saúde da Infância e Juventude,1ª CC,Prioridade Legal
0000234-74.2026.8.17.2021,11/06/2026,Núcleo de Justiça 4.0 - de Saúde da Infância e Juventude,1ª CC,Super prioridade
0000317-27.2025.8.17.2021,16/06/2026,Núcleo de Justiça 4.0 - de Saúde da Infância e Juventude,1ª CC,Prioridade Legal
0000357-09.2025.8.17.2021,18/06/2026,Núcleo de Justiça 4.0 - de Saúde da Infância e Juventude,1ª CC,Prioridade Legal
0000486-88.2025.8.17.4001,15/06/2026,Núcleo de Justiça 4.0 - de Saúde da Infância e Juventude,1ª CC,Prioridade Legal
0000681-96.2025.8.17.2021,17/06/2026,Núcleo de Justiça 4.0 - de Saúde da Infância e Juventude,1ª CC,Super prioridade
0000849-98.2025.8.17.2021,07/06/2026,Núcleo de Justiça 4.0 - de Saúde da Infância e Juventude,3ª CC,Prioridade Legal
0001013-25.2025.8.17.2260,08/06/2026,Núcleo de Justiça 4.0 - de Saúde da Infância e Juventude,3ª CC,Prioridade Legal
0001058-38.2023.8.17.2021,08/06/2026,Núcleo de Justiça 4.0 - de Saúde da Infância e Juventude,1ª CC,Prioridade Legal
0001188-57.2025.8.17.2021,02/06/2026,Núcleo de Justiça 4.0 - de Saúde da Infância e Juventude,1ª CC,Prioridade Legal
0001205-93.2025.8.17.2021,01/06/2026,Núcleo de Justiça 4.0 - de Saúde da Infância e Juventude,1ª CC,Super prioridade
0001206-78.2025.8.17.2021,12/06/2026,Núcleo de Justiça 4.0 - de Saúde da Infância e Juventude,3ª CC,Prioridade Legal
0001308-37.2024.8.17.2021,11/06/2026,Núcleo de Justiça 4.0 - de Saúde da Infância e Juventude,1ª CC,Prioridade Legal
0001388-64.2025.8.17.2021,08/06/2026,Núcleo de Justiça 4.0 - de Saúde da Infância e Juventude,1ª CC,Prioridade Legal
0001438-90.2025.8.17.2021,16/06/2026,Núcleo de Justiça 4.0 - de Saúde da Infância e Juventude,1ª CC,Prioridade Legal
0001455-29.2025.8.17.2021,09/06/2026,Núcleo de Justiça 4.0 - de Saúde da Infância e Juventude,1ª CC,Prioridade Legal
0001546-22.2025.8.17.2021,08/06/2026,Núcleo de Justiça 4.0 - de Saúde da Infância e Juventude,1ª CC,Prioridade Legal
0001589-56.2025.8.17.2021,07/06/2026,Núcleo de Justiça 4.0 - de Saúde da Infância e Juventude,1ª CC,Super prioridade
0001686-90.2024.8.17.2021,09/06/2026,Núcleo de Justiça 4.0 - de Saúde da Infância e Juventude,3ª CC,Prioridade Legal
0001802-62.2025.8.17.2021,05/06/2026,Núcleo de Justiça 4.0 - de Saúde da Infância e Juventude,1ª CC,Prioridade Legal
0001822-87.2024.8.17.2021,09/06/2026,Núcleo de Justiça 4.0 - de Saúde da Infância e Juventude,1ª CC,Prioridade Legal
0001896-10.2025.8.17.2021,09/06/2026,Núcleo de Justiça 4.0 - de Saúde da Infância e Juventude,1ª CC,Super prioridade
0001898-77.2025.8.17.2021,11/06/2026,Núcleo de Justiça 4.0 - de Saúde da Infância e Juventude,1ª CC,Super prioridade
0002373-67.2024.8.17.2021,16/06/2026,Núcleo de Justiça 4.0 - de Saúde da Infância e Juventude,1ª CC,Prioridade Legal
0003171-14.2025.8.17.2370,05/06/2026,Núcleo de Justiça 4.0 - de Saúde da Infância e Juventude,1ª CC,Prioridade Legal
0006902-78.2024.8.17.3590,08/06/2026,Núcleo de Justiça 4.0 - de Saúde da Infância e Juventude,3ª CC,Prioridade Legal
0029012-12.2024.8.17.8201,17/06/2026,Núcleo de Justiça 4.0 - de Saúde da Infância e Juventude,1ª CC,Prioridade Legal
0031004-55.2019.8.17.2810,17/06/2026,Núcleo de Justiça 4.0 - de Saúde da Infância e Juventude,1ª CC,Super prioridade
0040204-54.2020.8.17.2001,22/05/2026,Núcleo de Justiça 4.0 - de Saúde da Infância e Juventude,1ª CC,Prioridade Legal
0042587-29.2025.8.17.2001,18/06/2026,Núcleo de Justiça 4.0 - de Saúde da Infância e Juventude,1ª CC,Prioridade Legal
0050072-80.2025.8.17.2001,01/06/2026,Núcleo de Justiça 4.0 - de Saúde da Infância e Juventude,1ª CC,Prioridade Legal
0057373-31.2019.8.17.2990,13/06/2026,Núcleo de Justiça 4.0 - de Saúde da Infância e Juventude,1ª CC,Prioridade Legal
0000377-56.2021.8.17.4990,18/06/2026,1ª Vara Criminal da Comarca de Olinda,2ª CC,Prioridade Legal
0000558-25.2025.8.17.5990,18/06/2026,1ª Vara Criminal da Comarca de Olinda,2ª CC,Prioridade Legal
0000671-17.2020.8.17.0990,15/06/2026,1ª Vara Criminal da Comarca de Olinda,2ª CC,Sem prioridade
0000762-40.2023.8.17.5990,15/06/2026,1ª Vara Criminal da Comarca de Olinda,2ª CC,Prioridade Legal
0000830-19.2025.8.17.5990,19/06/2026,1ª Vara Criminal da Comarca de Olinda,2ª CC,Prioridade Legal
0002157-33.2024.8.17.5990,15/06/2026,1ª Vara Criminal da Comarca de Olinda,2ª CC,Prioridade Legal
0000125-50.2006.8.17.0990,11/06/2026,1ª Vara Cível da Comarca de Olinda,1ª CCJ,Prioridade Legal
0000854-02.2020.8.17.2990,29/04/2026,1ª Vara Cível da Comarca de Olinda,1ª CCJ,Sem prioridade
0000861-63.2009.8.17.0990,19/06/2026,1ª Vara Cível da Comarca de Olinda,1ª CCJ,Sem prioridade
0002089-43.2016.8.17.2990,09/06/2026,1ª Vara Cível da Comarca de Olinda,3ª CC,Sem prioridade
0002761-76.2012.8.17.0990,21/05/2026,1ª Vara Cível da Comarca de Olinda,1ª CCJ,Sem prioridade
0005525-64.2014.8.17.0990,28/05/2026,1ª Vara Cível da Comarca de Olinda,1ª CCJ,Prioridade Legal
0005806-25.2011.8.17.0990,17/06/2026,1ª Vara Cível da Comarca de Olinda,3ª CC,Prioridade Legal
0007065-20.2021.8.17.2990,12/06/2026,1ª Vara Cível da Comarca de Olinda,1ª CCJ,Prioridade Legal
0007772-80.2024.8.17.2990,08/06/2026,1ª Vara Cível da Comarca de Olinda,3ª CC,Prioridade Legal
0008229-83.2022.8.17.2990,01/06/2026,1ª Vara Cível da Comarca de Olinda,1ª CCJ,Prioridade Legal
0009486-41.2025.8.17.2990,19/06/2026,1ª Vara Cível da Comarca de Olinda,3ª CC,Prioridade Legal
0009629-69.2021.8.17.2990,16/06/2026,1ª Vara Cível da Comarca de Olinda,3ª CC,Sem prioridade
0011757-96.2020.8.17.2990,16/06/2026,1ª Vara Cível da Comarca de Olinda,3ª CC,Prioridade Legal
0012325-15.2020.8.17.2990,12/06/2026,1ª Vara Cível da Comarca de Olinda,1ª CCJ,Prioridade Legal
0013405-14.2020.8.17.2990,16/06/2026,1ª Vara Cível da Comarca de Olinda,3ª CC,Prioridade Legal
0013489-39.2025.8.17.2990,26/05/2026,1ª Vara Cível da Comarca de Olinda,3ª CC,Prioridade Legal
0018907-55.2025.8.17.2990,11/06/2026,1ª Vara Cível da Comarca de Olinda,3ª CC,Prioridade Legal
0022408-51.2024.8.17.2990,11/06/2026,1ª Vara Cível da Comarca de Olinda,3ª CC,Prioridade Legal
0024028-35.2023.8.17.2990,08/06/2026,1ª Vara Cível da Comarca de Olinda,3ª CC,Prioridade Legal
0024279-29.2018.8.17.2990,09/06/2026,1ª Vara Cível da Comarca de Olinda,3ª CC,Sem prioridade
0027134-05.2023.8.17.2990,10/06/2026,1ª Vara Cível da Comarca de Olinda,3ª CC,Prioridade Legal
0053284-57.2022.8.17.2990,10/06/2026,1ª Vara Cível da Comarca de Olinda,1ª CCJ,Prioridade Legal
0080707-89.2022.8.17.2990,08/06/2026,1ª Vara Cível da Comarca de Olinda,3ª CC,Prioridade Legal
0126890-60.2018.8.17.2990,06/05/2026,1ª Vara Cível da Comarca de Olinda,1ª CCJ,Prioridade Legal
0000023-62.2005.8.17.0990,08/06/2026,1ª Vara da Fazenda Pública da Comarca de Olinda,2ª CCJ,Sem prioridade
0001505-10.2015.8.17.2990,28/05/2026,1ª Vara da Fazenda Pública da Comarca de Olinda,2ª CCJ,Prioridade Legal
0002589-12.2016.8.17.2990,06/05/2026,1ª Vara da Fazenda Pública da Comarca de Olinda,2ª CCJ,Prioridade Legal
0004258-66.2017.8.17.2990,02/06/2026,1ª Vara da Fazenda Pública da Comarca de Olinda,2ª CCJ,Prioridade Legal
0005744-08.2025.8.17.2990,15/05/2026,1ª Vara da Fazenda Pública da Comarca de Olinda,2ª CCJ,Sem prioridade
0006683-62.2011.8.17.0990,19/06/2026,1ª Vara da Fazenda Pública da Comarca de Olinda,4ª CC,Sem prioridade
0010279-14.2024.8.17.2990,08/06/2026,1ª Vara da Fazenda Pública da Comarca de Olinda,4ª CC,Sem prioridade
0010854-77.2002.8.17.0990,18/06/2026,1ª Vara da Fazenda Pública da Comarca de Olinda,4ª CC,Prioridade Legal
0015166-75.2023.8.17.2990,11/06/2026,1ª Vara da Fazenda Pública da Comarca de Olinda,2ª CCJ,Prioridade Legal
0017928-64.2023.8.17.2990,06/05/2026,1ª Vara da Fazenda Pública da Comarca de Olinda,2ª CCJ,Prioridade Legal
0023492-97.2018.8.17.2990,04/06/2026,1ª Vara da Fazenda Pública da Comarca de Olinda,2ª CCJ,Sem prioridade
0034052-19.2017.8.17.8201,28/05/2026,1ª Vara da Fazenda Pública da Comarca de Olinda,2ª CCJ,Prioridade Legal
0043194-92.2019.8.17.2990,06/05/2026,1ª Vara da Fazenda Pública da Comarca de Olinda,2ª CCJ,Prioridade Legal
0057396-74.2019.8.17.2990,13/05/2026,1ª Vara da Fazenda Pública da Comarca de Olinda,2ª CCJ,Prioridade Legal
0002921-61.2025.8.17.2990,21/05/2026,1ª Vara de Família e Registro Civil da Comarca de Olinda,3ª CCJ,Prioridade Legal
0004850-95.2026.8.17.2990,23/06/2026,1ª Vara de Família e Registro Civil da Comarca de Olinda,3ª CCJ,Prioridade Legal
0010408-88.2013.8.17.0990,16/06/2026,1ª Vara de Família e Registro Civil da Comarca de Olinda,3ª CCJ,Sem prioridade
0014587-59.2025.8.17.2990,09/06/2026,1ª Vara de Família e Registro Civil da Comarca de Olinda,3ª CCJ,Sem prioridade
0014829-18.2025.8.17.2990,01/06/2026,1ª Vara de Família e Registro Civil da Comarca de Olinda,3ª CCJ,Prioridade Legal
0017591-07.2025.8.17.2990,19/06/2026,1ª Vara de Família e Registro Civil da Comarca de Olinda,3ª CCJ,Sem prioridade
0019746-80.2025.8.17.2990,25/05/2026,1ª Vara de Família e Registro Civil da Comarca de Olinda,3ª CCJ,Prioridade Legal
0019845-50.2025.8.17.2990,09/06/2026,1ª Vara de Família e Registro Civil da Comarca de Olinda,3ª CC,Prioridade Legal
0024829-19.2021.8.17.2990,17/06/2026,1ª Vara de Família e Registro Civil da Comarca de Olinda,3ª CCJ,Prioridade Legal
0024865-90.2023.8.17.2990,16/06/2026,1ª Vara de Família e Registro Civil da Comarca de Olinda,3ª CCJ,Prioridade Legal
0000854-12.2023.8.17.8223,10/06/2026,1º Juizado Especial Cível e das Relações de Consumo de Olinda - Turno Manhã - 07:00h às 13:00h,1ª CCJ,Prioridade Legal
0001014-03.2024.8.17.8223,09/06/2026,1º Juizado Especial Cível e das Relações de Consumo de Olinda - Turno Manhã - 07:00h às 13:00h,1ª CCJ,Prioridade Legal
0002329-32.2025.8.17.8223,12/06/2026,1º Juizado Especial Cível e das Relações de Consumo de Olinda - Turno Manhã - 07:00h às 13:00h,1ª CCJ,Sem prioridade
0002747-67.2025.8.17.8223,12/05/2026,1º Juizado Especial Cível e das Relações de Consumo de Olinda - Turno Manhã - 07:00h às 13:00h,1ª CCJ,Prioridade Legal
0003729-18.2024.8.17.8223,10/06/2026,1º Juizado Especial Cível e das Relações de Consumo de Olinda - Turno Manhã - 07:00h às 13:00h,1ª CCJ,Prioridade Legal
0006140-97.2025.8.17.8223,05/06/2026,1º Juizado Especial Cível e das Relações de Consumo de Olinda - Turno Manhã - 07:00h às 13:00h,1ª CCJ,Prioridade Legal
0006412-91.2025.8.17.8223,10/06/2026,1º Juizado Especial Cível e das Relações de Consumo de Olinda - Turno Manhã - 07:00h às 13:00h,1ª CCJ,Prioridade Legal
0006506-10.2023.8.17.8223,17/06/2026,1º Juizado Especial Cível e das Relações de Consumo de Olinda - Turno Manhã - 07:00h às 13:00h,1ª CCJ,Prioridade Legal
0006782-07.2024.8.17.8223,06/05/2026,1º Juizado Especial Cível e das Relações de Consumo de Olinda - Turno Manhã - 07:00h às 13:00h,1ª CCJ,Prioridade Legal
0006787-05.2019.8.17.8223,04/06/2026,1º Juizado Especial Cível e das Relações de Consumo de Olinda - Turno Manhã - 07:00h às 13:00h,1ª CCJ,Prioridade Legal
0006890-36.2024.8.17.8223,14/05/2026,1º Juizado Especial Cível e das Relações de Consumo de Olinda - Turno Manhã - 07:00h às 13:00h,1ª CCJ,Prioridade Legal
0006952-42.2025.8.17.8223,18/06/2026,1º Juizado Especial Cível e das Relações de Consumo de Olinda - Turno Manhã - 07:00h às 13:00h,1ª CCJ,Prioridade Legal
0000344-68.2024.8.17.5990,17/06/2026,2ª Vara Criminal da Comarca de Olinda,2ª CC,Prioridade Legal
0000598-45.2020.8.17.0990,18/06/2026,2ª Vara Criminal da Comarca de Olinda,2ª CC,Sem prioridade
0000609-75.2021.8.17.5990,17/06/2026,2ª Vara Criminal da Comarca de Olinda,2ª CC,Sem prioridade
0001135-42.2021.8.17.5990,18/06/2026,2ª Vara Criminal da Comarca de Olinda,2ª CC,Prioridade Legal
0001513-65.2018.8.17.0990,19/06/2026,2ª Vara Criminal da Comarca de Olinda,2ª CC,Sem prioridade
0002107-07.2024.8.17.5990,15/06/2026,2ª Vara Criminal da Comarca de Olinda,2ª CC,Prioridade Legal
0002122-10.2023.8.17.5990,18/06/2026,2ª Vara Criminal da Comarca de Olinda,2ª CC,Sem prioridade
0002597-97.2022.8.17.5990,16/06/2026,2ª Vara Criminal da Comarca de Olinda,2ª CC,Sem prioridade
0002669-93.2015.8.17.0990,15/06/2026,2ª Vara Criminal da Comarca de Olinda,2ª CC,Prioridade Legal
0005051-24.2025.8.17.2990,17/06/2026,2ª Vara Cível da Comarca de Olinda,3ª CC,Prioridade Legal
0009205-28.2012.8.17.0990,05/06/2026,2ª Vara Cível da Comarca de Olinda,3ª CC,Sem prioridade
0010315-27.2022.8.17.2990,18/06/2026,2ª Vara Cível da Comarca de Olinda,3ª CC,Prioridade Legal
0014976-50.2013.8.17.0990,17/06/2026,2ª Vara Cível da Comarca de Olinda,3ª CC,Prioridade Legal
0018328-10.2025.8.17.2990,17/06/2026,2ª Vara Cível da Comarca de Olinda,3ª CC,Prioridade Legal
0000012-62.2007.8.17.0990,12/06/2026,2ª Vara da Fazenda Pública da Comarca de Olinda,4ª CC,Sem prioridade
0000062-88.2007.8.17.0990,07/06/2026,2ª Vara da Fazenda Pública da Comarca de Olinda,4ª CC,Prioridade Legal
0001083-59.2020.8.17.2990,15/06/2026,2ª Vara da Fazenda Pública da Comarca de Olinda,4ª CC,Prioridade Legal
0002302-84.2006.8.17.0990,16/06/2026,2ª Vara da Fazenda Pública da Comarca de Olinda,4ª CC,Prioridade Legal
0006070-41.2020.8.17.2990,02/06/2026,2ª Vara da Fazenda Pública da Comarca de Olinda,2ª CCJ,Prioridade Legal
0008600-18.2020.8.17.2990,03/06/2026,2ª Vara da Fazenda Pública da Comarca de Olinda,2ª CCJ,Prioridade Legal
0009733-03.2017.8.17.2990,16/06/2026,2ª Vara da Fazenda Pública da Comarca de Olinda,2ª CCJ,Prioridade Legal
0009974-74.2017.8.17.2990,12/06/2026,2ª Vara da Fazenda Pública da Comarca de Olinda,2ª CCJ,Prioridade Legal
0013508-85.2012.8.17.0990,12/06/2026,2ª Vara da Fazenda Pública da Comarca de Olinda,4ª CC,Sem prioridade
0035977-66.2017.8.17.2990,28/05/2026,2ª Vara da Fazenda Pública da Comarca de Olinda,2ª CCJ,Prioridade Legal
0000533-25.2024.8.17.2990,11/06/2026,2ª Vara de Família e Registro Civil da Comarca de Olinda,3ª CC,Prioridade Legal
0001083-20.2024.8.17.2990,10/06/2026,2ª Vara de Família e Registro Civil da Comarca de Olinda,3ª CC,Prioridade Legal
0002434-33.2021.8.17.2990,18/06/2026,2ª Vara de Família e Registro Civil da Comarca de Olinda,3ª CCJ,Prioridade Legal
0009989-62.2025.8.17.2990,18/06/2026,2ª Vara de Família e Registro Civil da Comarca de Olinda,3ª CC,Prioridade Legal
0016707-75.2025.8.17.2990,18/06/2026,2ª Vara de Família e Registro Civil da Comarca de Olinda,3ª CC,Prioridade Legal
0067829-35.2022.8.17.2990,18/06/2026,2ª Vara de Família e Registro Civil da Comarca de Olinda,3ª CCJ,Sem prioridade
0000510-60.2025.8.17.8223,12/06/2026,2º Juizado Especial Cível e das Relações de Consumo de Olinda - Turno Manhã - 07:00h às 13:00h,1ª CCJ,Prioridade Legal
0001345-48.2025.8.17.8223,04/06/2026,2º Juizado Especial Cível e das Relações de Consumo de Olinda - Turno Manhã - 07:00h às 13:00h,1ª CCJ,Prioridade Legal
0001400-96.2025.8.17.8223,25/05/2026,2º Juizado Especial Cível e das Relações de Consumo de Olinda - Turno Manhã - 07:00h às 13:00h,1ª CCJ,Prioridade Legal
0001474-87.2024.8.17.8223,15/05/2026,2º Juizado Especial Cível e das Relações de Consumo de Olinda - Turno Manhã - 07:00h às 13:00h,1ª CCJ,Prioridade Legal
0002020-11.2025.8.17.8223,25/05/2026,2º Juizado Especial Cível e das Relações de Consumo de Olinda - Turno Manhã - 07:00h às 13:00h,1ª CCJ,Prioridade Legal
0003374-08.2024.8.17.8223,12/06/2026,2º Juizado Especial Cível e das Relações de Consumo de Olinda - Turno Manhã - 07:00h às 13:00h,1ª CCJ,Prioridade Legal
0003393-77.2025.8.17.8223,06/05/2026,2º Juizado Especial Cível e das Relações de Consumo de Olinda - Turno Manhã - 07:00h às 13:00h,1ª CCJ,Prioridade Legal
0004143-16.2024.8.17.8223,17/06/2026,2º Juizado Especial Cível e das Relações de Consumo de Olinda - Turno Manhã - 07:00h às 13:00h,1ª CCJ,Prioridade Legal
0004188-88.2022.8.17.8223,21/05/2026,2º Juizado Especial Cível e das Relações de Consumo de Olinda - Turno Manhã - 07:00h às 13:00h,1ª CCJ,Prioridade Legal
0004306-59.2025.8.17.8223,19/06/2026,2º Juizado Especial Cível e das Relações de Consumo de Olinda - Turno Manhã - 07:00h às 13:00h,1ª CCJ,Prioridade Legal
0004348-11.2025.8.17.8223,17/05/2026,2º Juizado Especial Cível e das Relações de Consumo de Olinda - Turno Manhã - 07:00h às 13:00h,1ª CCJ,Prioridade Legal
0004465-02.2025.8.17.8223,12/05/2026,2º Juizado Especial Cível e das Relações de Consumo de Olinda - Turno Manhã - 07:00h às 13:00h,1ª CCJ,Prioridade Legal
0004648-07.2024.8.17.8223,08/06/2026,2º Juizado Especial Cível e das Relações de Consumo de Olinda - Turno Manhã - 07:00h às 13:00h,1ª CCJ,Prioridade Legal
0004706-73.2025.8.17.8223,07/05/2026,2º Juizado Especial Cível e das Relações de Consumo de Olinda - Turno Manhã - 07:00h às 13:00h,1ª CCJ,Prioridade Legal
0005515-97.2024.8.17.8223,28/04/2026,2º Juizado Especial Cível e das Relações de Consumo de Olinda - Turno Manhã - 07:00h às 13:00h,1ª CCJ,Prioridade Legal
0005575-36.2025.8.17.8223,06/05/2026,2º Juizado Especial Cível e das Relações de Consumo de Olinda - Turno Manhã - 07:00h às 13:00h,1ª CCJ,Prioridade Legal
0005715-70.2025.8.17.8223,18/06/2026,2º Juizado Especial Cível e das Relações de Consumo de Olinda - Turno Manhã - 07:00h às 13:00h,1ª CCJ,Prioridade Legal
0006463-05.2025.8.17.8223,15/06/2026,2º Juizado Especial Cível e das Relações de Consumo de Olinda - Turno Manhã - 07:00h às 13:00h,1ª CCJ,Prioridade Legal
0006671-86.2025.8.17.8223,12/06/2026,2º Juizado Especial Cível e das Relações de Consumo de Olinda - Turno Manhã - 07:00h às 13:00h,1ª CCJ,Prioridade Legal
0006752-69.2024.8.17.8223,29/05/2026,2º Juizado Especial Cível e das Relações de Consumo de Olinda - Turno Manhã - 07:00h às 13:00h,1ª CCJ,Prioridade Legal
0007052-94.2025.8.17.8223,11/06/2026,2º Juizado Especial Cível e das Relações de Consumo de Olinda - Turno Manhã - 07:00h às 13:00h,1ª CCJ,Prioridade Legal
0007077-78.2023.8.17.8223,07/05/2026,2º Juizado Especial Cível e das Relações de Consumo de Olinda - Turno Manhã - 07:00h às 13:00h,1ª CCJ,Prioridade Legal
0007368-44.2024.8.17.8223,15/05/2026,2º Juizado Especial Cível e das Relações de Consumo de Olinda - Turno Manhã - 07:00h às 13:00h,1ª CCJ,Prioridade Legal
0001797-35.2023.8.17.5990,19/06/2026,3ª Vara Criminal da Comarca de Olinda,2ª CC,Sem prioridade
0001918-79.2024.8.17.4001,19/06/2026,3ª Vara Criminal da Comarca de Olinda,2ª CC,Prioridade Legal
0004442-03.2020.8.17.0990,15/06/2026,3ª Vara Criminal da Comarca de Olinda,2ª CC,Sem prioridade
0005821-47.2018.8.17.0990,19/06/2026,3ª Vara Criminal da Comarca de Olinda,2ª CC,Sem prioridade
0013144-11.2015.8.17.0990,19/06/2026,3ª Vara Criminal da Comarca de Olinda,2ª CC,Prioridade Legal
0001160-44.2015.8.17.2990,12/06/2026,3ª Vara Cível da Comarca de Olinda,1ª CCJ,Prioridade Legal
0002153-72.2024.8.17.2990,16/06/2026,3ª Vara Cível da Comarca de Olinda,3ª CC,Prioridade Legal
0006092-89.2026.8.17.2990,17/06/2026,3ª Vara Cível da Comarca de Olinda,3ª CC,Prioridade Legal
0011277-84.2021.8.17.2990,05/06/2026,3ª Vara Cível da Comarca de Olinda,3ª CC,Prioridade Legal
0011316-13.2023.8.17.2990,05/06/2026,3ª Vara Cível da Comarca de Olinda,3ª CC,Prioridade Legal
0016118-59.2020.8.17.2990,12/06/2026,3ª Vara Cível da Comarca de Olinda,3ª CC,Sem prioridade
0017484-94.2024.8.17.2990,18/06/2026,3ª Vara Cível da Comarca de Olinda,3ª CC,Prioridade Legal
0017922-86.2025.8.17.2990,26/05/2026,3ª Vara Cível da Comarca de Olinda,3ª CC,Prioridade Legal
0019056-51.2025.8.17.2990,04/05/2026,3ª Vara Cível da Comarca de Olinda,1ª CCJ,Sem prioridade
0024513-06.2021.8.17.2990,18/06/2026,3ª Vara Cível da Comarca de Olinda,3ª CC,Prioridade Legal
0026255-66.2021.8.17.2990,08/06/2026,3ª Vara Cível da Comarca de Olinda,1ª CCJ,Prioridade Legal
0029262-95.2023.8.17.2990,16/06/2026,3ª Vara Cível da Comarca de Olinda,3ª CC,Prioridade Legal
0081952-38.2022.8.17.2990,18/06/2026,3ª Vara Cível da Comarca de Olinda,3ª CC,Prioridade Legal
0082229-54.2022.8.17.2990,01/06/2026,3ª Vara Cível da Comarca de Olinda,3ª CC,Prioridade Legal
0006414-12.2026.8.17.2990,08/06/2026,3ª Vara de Família e Registro Civil da Comarca de Olinda,3ª CC,Prioridade Legal
0010758-81.2010.8.17.0990,08/06/2026,3ª Vara de Família e Registro Civil da Comarca de Olinda,3ª CCJ,Sem prioridade
0012126-17.2025.8.17.2990,16/06/2026,3ª Vara de Família e Registro Civil da Comarca de Olinda,3ª CCJ,Sem prioridade
0013847-38.2024.8.17.2990,09/06/2026,3ª Vara de Família e Registro Civil da Comarca de Olinda,3ª CCJ,Prioridade Legal
0014678-52.2025.8.17.2990,29/05/2026,3ª Vara de Família e Registro Civil da Comarca de Olinda,3ª CCJ,Prioridade Legal
0016409-83.2025.8.17.2990,12/06/2026,3ª Vara de Família e Registro Civil da Comarca de Olinda,3ª CCJ,Prioridade Legal
0017781-43.2020.8.17.2990,31/05/2026,3ª Vara de Família e Registro Civil da Comarca de Olinda,3ª CCJ,Prioridade Legal
0030043-20.2023.8.17.2990,08/06/2026,3ª Vara de Família e Registro Civil da Comarca de Olinda,3ª CCJ,Sem prioridade
0043230-37.2019.8.17.2990,15/06/2026,3ª Vara de Família e Registro Civil da Comarca de Olinda,3ª CCJ,Prioridade Legal
0080611-74.2022.8.17.2990,09/06/2026,3ª Vara de Família e Registro Civil da Comarca de Olinda,3ª CCJ,Prioridade Legal
0000219-26.2026.8.17.8223,21/05/2026,3º Juizado Especial Cível e das Relações de Consumo de Olinda - Turno Manhã - 07:00h às 13:00h,1ª CCJ,Prioridade Legal
0000227-03.2026.8.17.8223,07/05/2026,3º Juizado Especial Cível e das Relações de Consumo de Olinda - Turno Manhã - 07:00h às 13:00h,1ª CCJ,Prioridade Legal
0000326-70.2026.8.17.8223,05/06/2026,3º Juizado Especial Cível e das Relações de Consumo de Olinda - Turno Manhã - 07:00h às 13:00h,1ª CCJ,Prioridade Legal
0000693-94.2026.8.17.8223,29/05/2026,3º Juizado Especial Cível e das Relações de Consumo de Olinda - Turno Manhã - 07:00h às 13:00h,1ª CCJ,Prioridade Legal
0001032-24.2024.8.17.8223,29/04/2026,3º Juizado Especial Cível e das Relações de Consumo de Olinda - Turno Manhã - 07:00h às 13:00h,1ª CCJ,Prioridade Legal
0001230-90.2026.8.17.8223,04/06/2026,3º Juizado Especial Cível e das Relações de Consumo de Olinda - Turno Manhã - 07:00h às 13:00h,1ª CCJ,Prioridade Legal
0002693-04.2025.8.17.8223,04/06/2026,3º Juizado Especial Cível e das Relações de Consumo de Olinda - Turno Manhã - 07:00h às 13:00h,1ª CCJ,Prioridade Legal
0005389-13.2025.8.17.8223,22/05/2026,3º Juizado Especial Cível e das Relações de Consumo de Olinda - Turno Manhã - 07:00h às 13:00h,1ª CCJ,Prioridade Legal
0005577-06.2025.8.17.8223,29/04/2026,3º Juizado Especial Cível e das Relações de Consumo de Olinda - Turno Manhã - 07:00h às 13:00h,1ª CCJ,Prioridade Legal
0005838-68.2025.8.17.8223,30/04/2026,3º Juizado Especial Cível e das Relações de Consumo de Olinda - Turno Manhã - 07:00h às 13:00h,1ª CCJ,Prioridade Legal
0006039-60.2025.8.17.8223,28/05/2026,3º Juizado Especial Cível e das Relações de Consumo de Olinda - Turno Manhã - 07:00h às 13:00h,1ª CCJ,Prioridade Legal
0006473-49.2025.8.17.8223,19/06/2026,3º Juizado Especial Cível e das Relações de Consumo de Olinda - Turno Manhã - 07:00h às 13:00h,1ª CCJ,Prioridade Legal
0006704-13.2024.8.17.8223,17/06/2026,3º Juizado Especial Cível e das Relações de Consumo de Olinda - Turno Manhã - 07:00h às 13:00h,1ª CCJ,Prioridade Legal
0006764-88.2021.8.17.8223,28/05/2026,3º Juizado Especial Cível e das Relações de Consumo de Olinda - Turno Manhã - 07:00h às 13:00h,1ª CCJ,Prioridade Legal
0006925-59.2025.8.17.8223,18/06/2026,3º Juizado Especial Cível e das Relações de Consumo de Olinda - Turno Manhã - 07:00h às 13:00h,1ª CCJ,Prioridade Legal
0007095-31.2025.8.17.8223,10/06/2026,3º Juizado Especial Cível e das Relações de Consumo de Olinda - Turno Manhã - 07:00h às 13:00h,1ª CCJ,Sem prioridade
0007652-86.2023.8.17.8223,19/06/2026,3º Juizado Especial Cível e das Relações de Consumo de Olinda - Turno Manhã - 07:00h às 13:00h,1ª CCJ,Prioridade Legal
0000357-27.2016.8.17.2990,14/06/2026,4ª Vara Cível da Comarca de Olinda,3ª CC,Sem prioridade
0000658-03.2018.8.17.2990,15/06/2026,4ª Vara Cível da Comarca de Olinda,1ª CCJ,Sem prioridade
0001008-93.2015.8.17.2990,15/06/2026,4ª Vara Cível da Comarca de Olinda,3ª CC,Sem prioridade
0001382-60.2025.8.17.2990,18/06/2026,4ª Vara Cível da Comarca de Olinda,3ª CC,Sem prioridade
0002506-78.2025.8.17.2990,08/06/2026,4ª Vara Cível da Comarca de Olinda,3ª CC,Prioridade Legal
0002694-22.2024.8.17.4990,12/06/2026,4ª Vara Cível da Comarca de Olinda,3ª CC,Prioridade Legal
0002702-48.2025.8.17.2990,05/06/2026,4ª Vara Cível da Comarca de Olinda,3ª CC,Prioridade Legal
0002989-51.2012.8.17.0990,10/06/2026,4ª Vara Cível da Comarca de Olinda,3ª CC,Prioridade Legal
0003003-10.2016.8.17.2990,14/06/2026,4ª Vara Cível da Comarca de Olinda,1ª CCJ,Prioridade Legal
0004695-29.2025.8.17.2990,18/06/2026,4ª Vara Cível da Comarca de Olinda,3ª CC,Sem prioridade
0005270-37.2025.8.17.2990,12/06/2026,4ª Vara Cível da Comarca de Olinda,3ª CC,Prioridade Legal
0006408-10.2023.8.17.2990,15/06/2026,4ª Vara Cível da Comarca de Olinda,3ª CC,Sem prioridade
0007350-37.2026.8.17.2990,10/06/2026,4ª Vara Cível da Comarca de Olinda,3ª CC,Prioridade Legal
0008286-33.2024.8.17.2990,04/06/2026,4ª Vara Cível da Comarca de Olinda,3ª CC,Prioridade Legal
0008989-48.2004.8.17.0990,19/06/2026,4ª Vara Cível da Comarca de Olinda,3ª CC,Prioridade Legal
0009357-36.2025.8.17.2990,15/06/2026,4ª Vara Cível da Comarca de Olinda,3ª CC,Prioridade Legal
0011922-70.2025.8.17.2990,05/06/2026,4ª Vara Cível da Comarca de Olinda,3ª CC,Prioridade Legal
0016451-69.2024.8.17.2990,28/06/2026,4ª Vara Cível da Comarca de Olinda,3ª CC,Prioridade Legal
0020881-35.2022.8.17.2990,14/06/2026,4ª Vara Cível da Comarca de Olinda,3ª CC,Sem prioridade
0023756-41.2023.8.17.2990,10/06/2026,4ª Vara Cível da Comarca de Olinda,3ª CC,Sem prioridade
0057351-70.2019.8.17.2990,15/06/2026,4ª Vara Cível da Comarca de Olinda,3ª CC,Prioridade Legal
0062131-48.2022.8.17.2990,12/06/2026,4ª Vara Cível da Comarca de Olinda,3ª CC,Prioridade Legal
0123161-26.2018.8.17.2990,10/06/2026,4ª Vara Cível da Comarca de Olinda,3ª CC,Prioridade Legal
0000171-71.2023.8.17.4990,15/06/2026,5ª Vara Cível da Comarca de Olinda,3ª CC,Prioridade Legal
0004472-76.2025.8.17.2990,06/06/2026,5ª Vara Cível da Comarca de Olinda,3ª CC,Prioridade Legal
0006267-35.2016.8.17.2990,25/05/2026,5ª Vara Cível da Comarca de Olinda,1ª CCJ,Prioridade Legal
0006893-39.2025.8.17.2990,18/06/2026,5ª Vara Cível da Comarca de Olinda,3ª CC,Prioridade Legal
0007975-71.2026.8.17.2990,11/06/2026,5ª Vara Cível da Comarca de Olinda,3ª CC,Prioridade Legal
0014042-86.2025.8.17.2990,11/06/2026,5ª Vara Cível da Comarca de Olinda,3ª CC,Sem prioridade
0014472-38.2025.8.17.2990,10/06/2026,5ª Vara Cível da Comarca de Olinda,3ª CC,Prioridade Legal
0014593-03.2024.8.17.2990,15/06/2026,5ª Vara Cível da Comarca de Olinda,3ª CC,Super prioridade
0015119-33.2025.8.17.2990,18/06/2026,5ª Vara Cível da Comarca de Olinda,3ª CC,Prioridade Legal
0032056-89.2023.8.17.2990,08/06/2026,5ª Vara Cível da Comarca de Olinda,3ª CC,Prioridade Legal
0049208-92.2019.8.17.2990,05/06/2026,5ª Vara Cível da Comarca de Olinda,3ª CC,Prioridade Legal
0145635-88.2018.8.17.2990,11/06/2026,5ª Vara Cível da Comarca de Olinda,3ª CC,Prioridade Legal
0000049-39.2026.8.17.2990,09/06/2026,6ª Vara Cível da Comarca de Olinda,3ª CC,Prioridade Legal
0002241-52.2020.8.17.2990,17/06/2026,6ª Vara Cível da Comarca de Olinda,3ª CC,Prioridade Legal
0008404-72.2025.8.17.2990,11/06/2026,6ª Vara Cível da Comarca de Olinda,3ª CC,Prioridade Legal
0008603-94.2025.8.17.2990,10/06/2026,6ª Vara Cível da Comarca de Olinda,3ª CC,Prioridade Legal
0011214-30.2019.8.17.2990,10/06/2026,6ª Vara Cível da Comarca de Olinda,3ª CC,Prioridade Legal
0011711-68.2024.8.17.2990,10/06/2026,6ª Vara Cível da Comarca de Olinda,3ª CC,Prioridade Legal
0016802-42.2024.8.17.2990,28/05/2026,6ª Vara Cível da Comarca de Olinda,3ª CC,Prioridade Legal
0019082-20.2023.8.17.2990,14/05/2026,6ª Vara Cível da Comarca de Olinda,1ª CCJ,Prioridade Legal
0020689-97.2025.8.17.2990,09/06/2026,6ª Vara Cível da Comarca de Olinda,3ª CC,Prioridade Legal
0021174-39.2021.8.17.2990,18/06/2026,6ª Vara Cível da Comarca de Olinda,1ª CCJ,Prioridade Legal
0021676-46.2019.8.17.2990,04/06/2026,6ª Vara Cível da Comarca de Olinda,3ª CC,Prioridade Legal
0022171-17.2024.8.17.2990,17/06/2026,6ª Vara Cível da Comarca de Olinda,3ª CC,Prioridade Legal
0032512-39.2023.8.17.2990,15/06/2026,6ª Vara Cível da Comarca de Olinda,3ª CC,Prioridade Legal
0049324-98.2019.8.17.2990,01/06/2026,6ª Vara Cível da Comarca de Olinda,1ª CCJ,Prioridade Legal
0051996-74.2022.8.17.2990,10/06/2026,6ª Vara Cível da Comarca de Olinda,3ª CC,Prioridade Legal
0065594-95.2022.8.17.2990,02/06/2026,6ª Vara Cível da Comarca de Olinda,1ª CCJ,Prioridade Legal
0083257-57.2022.8.17.2990,21/05/2026,6ª Vara Cível da Comarca de Olinda,1ª CCJ,Sem prioridade
0136636-49.2018.8.17.2990,05/06/2026,6ª Vara Cível da Comarca de Olinda,3ª CC,Sem prioridade
0003728-47.2026.8.17.2990,08/06/2026,Vara de Sucessões e Registros Públicos da Comarca de Olinda,3ª CCJ,Prioridade Legal
0004685-25.2012.8.17.0990,28/05/2026,Vara de Sucessões e Registros Públicos da Comarca de Olinda,3ª CCJ,Prioridade Legal
0007247-46.2008.8.17.0990,03/06/2026,Vara de Sucessões e Registros Públicos da Comarca de Olinda,PARTIDOR,Sem prioridade
0007753-06.2026.8.17.2990,27/05/2026,Vara de Sucessões e Registros Públicos da Comarca de Olinda,3ª CCJ,Sem prioridade
0008976-97.2014.8.17.0990,15/05/2026,Vara de Sucessões e Registros Públicos da Comarca de Olinda,3ª CCJ,Sem prioridade
0010135-45.2021.8.17.2990,19/06/2026,Vara de Sucessões e Registros Públicos da Comarca de Olinda,3ª CCJ,Prioridade Legal
0010412-22.2025.8.17.2990,05/06/2026,Vara de Sucessões e Registros Públicos da Comarca de Olinda,3ª CCJ,Sem prioridade
0011012-19.2020.8.17.2990,04/06/2026,Vara de Sucessões e Registros Públicos da Comarca de Olinda,3ª CCJ,Sem prioridade
0011886-04.2020.8.17.2990,08/06/2026,Vara de Sucessões e Registros Públicos da Comarca de Olinda,3ª CCJ,Prioridade Legal
0014035-65.2023.8.17.2990,08/06/2026,Vara de Sucessões e Registros Públicos da Comarca de Olinda,3ª CCJ,Prioridade Legal
0016368-19.2025.8.17.2990,25/05/2026,Vara de Sucessões e Registros Públicos da Comarca de Olinda,3ª CCJ,Prioridade Legal
0017433-49.2025.8.17.2990,05/06/2026,Vara de Sucessões e Registros Públicos da Comarca de Olinda,3ª CCJ,Prioridade Legal
0019648-76.2017.8.17.2990,19/06/2026,Vara de Sucessões e Registros Públicos da Comarca de Olinda,3ª CCJ,Sem prioridade
0020039-50.2025.8.17.2990,19/06/2026,Vara de Sucessões e Registros Públicos da Comarca de Olinda,3ª CCJ,Prioridade Legal
0021300-21.2023.8.17.2990,09/06/2026,Vara de Sucessões e Registros Públicos da Comarca de Olinda,3ª CCJ,Prioridade Legal
0021420-30.2024.8.17.2990,15/05/2026,Vara de Sucessões e Registros Públicos da Comarca de Olinda,3ª CCJ,Prioridade Legal
0022080-68.2017.8.17.2990,22/05/2026,Vara de Sucessões e Registros Públicos da Comarca de Olinda,PARTIDOR,Sem prioridade
0043039-89.2019.8.17.2990,29/05/2026,Vara de Sucessões e Registros Públicos da Comarca de Olinda,3ª CCJ,Sem prioridade
0083732-13.2022.8.17.2990,02/06/2026,Vara de Sucessões e Registros Públicos da Comarca de Olinda,3ª CCJ,Prioridade Legal
0118745-15.2018.8.17.2990,01/06/2026,Vara de Sucessões e Registros Públicos da Comarca de Olinda,3ª CCJ,Sem prioridade
0000343-28.2018.8.17.1000,19/06/2026,Vara Única da Comarca de Orobó,6ª CC,Sem prioridade
0000735-40.2022.8.17.3000,10/06/2026,Vara Única da Comarca de Orobó,6ª CC,Prioridade Legal
0000986-58.2022.8.17.3000,08/05/2026,Vara Única da Comarca de Orobó,5ª CCJ,Sem prioridade
0000021-84.2021.8.17.3010,09/06/2026,Vara Única da Comarca de Orocó,6ª CCJ,Prioridade Legal
0000036-53.2021.8.17.3010,08/06/2026,Vara Única da Comarca de Orocó,6ª CCJ,Prioridade Legal
0000110-39.2023.8.17.3010,17/06/2026,Vara Única da Comarca de Orocó,7ª CC,Prioridade Legal
0000175-63.2025.8.17.3010,25/05/2026,Vara Única da Comarca de Orocó,6ª CCJ,Prioridade Legal
0000176-48.2025.8.17.3010,19/06/2026,Vara Única da Comarca de Orocó,7ª CC,Prioridade Legal
0000264-28.2021.8.17.3010,10/06/2026,Vara Única da Comarca de Orocó,6ª CCJ,Prioridade Legal
0000311-02.2021.8.17.3010,02/06/2026,Vara Única da Comarca de Orocó,6ª CCJ,Prioridade Legal
0000320-32.2019.8.17.3010,09/06/2026,Vara Única da Comarca de Orocó,6ª CCJ,Prioridade Legal
0000323-79.2022.8.17.3010,18/06/2026,Vara Única da Comarca de Orocó,7ª CC,Prioridade Legal
0000363-95.2021.8.17.3010,08/06/2026,Vara Única da Comarca de Orocó,6ª CCJ,Prioridade Legal
0000410-94.2017.8.17.1010,19/06/2026,Vara Única da Comarca de Orocó,7ª CC,Prioridade Legal
0000552-05.2023.8.17.3010,02/06/2026,Vara Única da Comarca de Orocó,6ª CCJ,Prioridade Legal
0000572-64.2021.8.17.3010,18/06/2026,Vara Única da Comarca de Orocó,6ª CCJ,Prioridade Legal
0000585-63.2021.8.17.3010,09/06/2026,Vara Única da Comarca de Orocó,6ª CCJ,Prioridade Legal
0000784-46.2025.8.17.3010,09/06/2026,Vara Única da Comarca de Orocó,6ª CCJ,Prioridade Legal
0000973-63.2021.8.17.3010,09/06/2026,Vara Única da Comarca de Orocó,6ª CCJ,Prioridade Legal
0001014-30.2021.8.17.3010,02/06/2026,Vara Única da Comarca de Orocó,6ª CCJ,Prioridade Legal
0001112-15.2021.8.17.3010,16/06/2026,Vara Única da Comarca de Orocó,7ª CC,Prioridade Legal
0000043-94.2004.8.17.1020,16/06/2026,1ª Vara Cível da Comarca de Ouricuri,6ª CCJ,Prioridade Legal
0000629-91.2017.8.17.3020,15/06/2026,1ª Vara Cível da Comarca de Ouricuri,7ª CC,Prioridade Legal
0000653-41.2025.8.17.3020,12/06/2026,1ª Vara Cível da Comarca de Ouricuri,7ª CC,Prioridade Legal
0000810-48.2024.8.17.3020,17/06/2026,1ª Vara Cível da Comarca de Ouricuri,7ª CC,Prioridade Legal
0001050-03.2025.8.17.3020,17/06/2026,1ª Vara Cível da Comarca de Ouricuri,7ª CC,Prioridade Legal
0001236-36.2019.8.17.3020,17/06/2026,1ª Vara Cível da Comarca de Ouricuri,7ª CC,Prioridade Legal
0001444-45.2015.8.17.1020,18/06/2026,1ª Vara Cível da Comarca de Ouricuri,7ª CC,Prioridade Legal
0002862-22.2021.8.17.3020,17/06/2026,1ª Vara Cível da Comarca de Ouricuri,7ª CC,Prioridade Legal
0000017-85.2019.8.17.3020,12/06/2026,2ª Vara Cível da Comarca de Ouricuri,7ª CC,Prioridade Legal
0000034-58.2018.8.17.3020,18/06/2026,2ª Vara Cível da Comarca de Ouricuri,7ª CC,Prioridade Legal
0000041-06.2025.8.17.3020,19/06/2026,2ª Vara Cível da Comarca de Ouricuri,7ª CC,Prioridade Legal
0000538-20.2025.8.17.3020,16/06/2026,2ª Vara Cível da Comarca de Ouricuri,7ª CC,Prioridade Legal
0000567-08.2015.8.17.1020,12/06/2026,2ª Vara Cível da Comarca de Ouricuri,7ª CC,Sem prioridade
0001020-46.2017.8.17.3020,17/06/2026,2ª Vara Cível da Comarca de Ouricuri,7ª CC,Prioridade Legal
0001059-63.2016.8.17.1020,18/06/2026,2ª Vara Cível da Comarca de Ouricuri,7ª CC,Sem prioridade
0001482-56.2024.8.17.3020,04/06/2026,2ª Vara Cível da Comarca de Ouricuri,6ª CCJ,Prioridade Legal
0001609-92.2015.8.17.1020,12/06/2026,2ª Vara Cível da Comarca de Ouricuri,7ª CC,Sem prioridade
0002134-78.2021.8.17.3020,12/06/2026,2ª Vara Cível da Comarca de Ouricuri,7ª CC,Prioridade Legal
0002297-19.2025.8.17.3020,19/06/2026,2ª Vara Cível da Comarca de Ouricuri,7ª CC,Prioridade Legal
0000663-70.2023.8.17.5020,18/06/2026,Vara Criminal da Comarca de Ouricuri,2ª CC,Sem prioridade
0000180-43.2018.8.17.0840,17/06/2026,1ª Vara Criminal da Comarca de Palmares,2ª CC,Sem prioridade
0001338-82.2017.8.17.1030,17/06/2026,1ª Vara Criminal da Comarca de Palmares,2ª CC,Sem prioridade
0000081-31.2020.8.17.3030,29/05/2026,1ª Vara Cível da Comarca de Palmares,5ª CC,Prioridade Legal
0000110-47.2021.8.17.3030,12/06/2026,1ª Vara Cível da Comarca de Palmares,4ª CCJ,Prioridade Legal
0000374-40.2016.8.17.3030,08/06/2026,1ª Vara Cível da Comarca de Palmares,4ª CCJ,Sem prioridade
0000706-02.2019.8.17.3030,01/06/2026,1ª Vara Cível da Comarca de Palmares,4ª CCJ,Prioridade Legal
0001134-47.2020.8.17.3030,25/05/2026,1ª Vara Cível da Comarca de Palmares,4ª CCJ,Prioridade Legal
0001325-19.2025.8.17.3030,18/06/2026,1ª Vara Cível da Comarca de Palmares,5ª CC,Prioridade Legal
0002120-59.2024.8.17.3030,02/06/2026,1ª Vara Cível da Comarca de Palmares,4ª CCJ,Prioridade Legal
0002172-55.2024.8.17.3030,09/06/2026,1ª Vara Cível da Comarca de Palmares,4ª CCJ,Prioridade Legal
0002599-18.2025.8.17.3030,18/06/2026,1ª Vara Cível da Comarca de Palmares,5ª CC,Prioridade Legal
0002636-79.2024.8.17.3030,02/06/2026,1ª Vara Cível da Comarca de Palmares,4ª CCJ,Prioridade Legal
0002867-43.2023.8.17.3030,04/06/2026,1ª Vara Cível da Comarca de Palmares,4ª CCJ,Sem prioridade
0002912-82.2013.8.17.1030,11/06/2026,1ª Vara Cível da Comarca de Palmares,4ª CCJ,Sem prioridade
0000154-95.2023.8.17.3030,18/06/2026,2ª Vara Cível da Comarca de Palmares,4ª CCJ,Prioridade Legal
0000242-75.2019.8.17.3030,08/06/2026,2ª Vara Cível da Comarca de Palmares,5ª CC,Prioridade Legal
0000614-14.2025.8.17.3030,08/06/2026,2ª Vara Cível da Comarca de Palmares,5ª CC,Sem prioridade
0000972-81.2022.8.17.3030,29/05/2026,2ª Vara Cível da Comarca de Palmares,5ª CC,Sem prioridade
0001528-78.2025.8.17.3030,08/06/2026,2ª Vara Cível da Comarca de Palmares,5ª CC,Sem prioridade
0001615-44.2019.8.17.3030,16/06/2026,2ª Vara Cível da Comarca de Palmares,4ª CCJ,Prioridade Legal
0002324-06.2024.8.17.3030,17/06/2026,2ª Vara Cível da Comarca de Palmares,4ª CCJ,Prioridade Legal
0003829-03.2022.8.17.3030,02/06/2026,2ª Vara Cível da Comarca de Palmares,5ª CC,Prioridade Legal
0000057-95.2023.8.17.3030,28/05/2026,3ª Vara Cível e Regional da Infância e juventude da Comarca de Palmares,4ª CCJ,Prioridade Legal
0000230-17.2026.8.17.3030,17/06/2026,3ª Vara Cível e Regional da Infância e juventude da Comarca de Palmares,5ª CC,Prioridade Legal
0000518-67.2023.8.17.3030,17/05/2026,3ª Vara Cível e Regional da Infância e juventude da Comarca de Palmares,5ª CC,Prioridade Legal
0000590-83.2025.8.17.3030,01/06/2026,3ª Vara Cível e Regional da Infância e juventude da Comarca de Palmares,5ª CC,Prioridade Legal
0000744-48.2018.8.17.3030,02/06/2026,3ª Vara Cível e Regional da Infância e juventude da Comarca de Palmares,5ª CC,Prioridade Legal
0000750-74.2026.8.17.3030,12/06/2026,3ª Vara Cível e Regional da Infância e juventude da Comarca de Palmares,4ª CCJ,Prioridade Legal
0000797-19.2024.8.17.3030,19/06/2026,3ª Vara Cível e Regional da Infância e juventude da Comarca de Palmares,4ª CCJ,Prioridade Legal
0000900-94.2024.8.17.2490,02/06/2026,3ª Vara Cível e Regional da Infância e juventude da Comarca de Palmares,5ª CC,Prioridade Legal
0000902-25.2026.8.17.3030,14/06/2026,3ª Vara Cível e Regional da Infância e juventude da Comarca de Palmares,4ª CCJ,Prioridade Legal
0001021-30.2019.8.17.3030,14/06/2026,3ª Vara Cível e Regional da Infância e juventude da Comarca de Palmares,4ª CCJ,Prioridade Legal
0001062-50.2026.8.17.3030,29/05/2026,3ª Vara Cível e Regional da Infância e juventude da Comarca de Palmares,5ª CC,Sem prioridade
0001175-04.2026.8.17.3030,02/06/2026,3ª Vara Cível e Regional da Infância e juventude da Comarca de Palmares,5ª CC,Prioridade Legal
0001212-31.2026.8.17.3030,16/06/2026,3ª Vara Cível e Regional da Infância e juventude da Comarca de Palmares,5ª CC,Sem prioridade
0001216-68.2026.8.17.3030,29/05/2026,3ª Vara Cível e Regional da Infância e juventude da Comarca de Palmares,5ª CC,Prioridade Legal
0001223-02.2022.8.17.3030,12/06/2026,3ª Vara Cível e Regional da Infância e juventude da Comarca de Palmares,5ª CC,Prioridade Legal
0001235-74.2026.8.17.3030,28/05/2026,3ª Vara Cível e Regional da Infância e juventude da Comarca de Palmares,5ª CC,Prioridade Legal
0001236-59.2026.8.17.3030,11/06/2026,3ª Vara Cível e Regional da Infância e juventude da Comarca de Palmares,5ª CC,Prioridade Legal
0001278-11.2026.8.17.3030,29/05/2026,3ª Vara Cível e Regional da Infância e juventude da Comarca de Palmares,5ª CC,Sem prioridade
0001367-68.2025.8.17.3030,02/06/2026,3ª Vara Cível e Regional da Infância e juventude da Comarca de Palmares,4ª CCJ,Sem prioridade
0001373-75.2025.8.17.3030,03/06/2026,3ª Vara Cível e Regional da Infância e juventude da Comarca de Palmares,4ª CCJ,Sem prioridade
0001374-60.2025.8.17.3030,21/05/2026,3ª Vara Cível e Regional da Infância e juventude da Comarca de Palmares,4ª CCJ,Sem prioridade
0001533-03.2025.8.17.3030,14/06/2026,3ª Vara Cível e Regional da Infância e juventude da Comarca de Palmares,5ª CC,Prioridade Legal
0001572-97.2025.8.17.3030,09/06/2026,3ª Vara Cível e Regional da Infância e juventude da Comarca de Palmares,5ª CC,Sem prioridade
0001653-46.2025.8.17.3030,12/06/2026,3ª Vara Cível e Regional da Infância e juventude da Comarca de Palmares,5ª CC,Prioridade Legal
0001654-12.2017.8.17.3030,05/06/2026,3ª Vara Cível e Regional da Infância e juventude da Comarca de Palmares,4ª CCJ,Prioridade Legal
0002025-92.2025.8.17.3030,14/06/2026,3ª Vara Cível e Regional da Infância e juventude da Comarca de Palmares,5ª CC,Prioridade Legal
0002027-33.2023.8.17.3030,19/06/2026,3ª Vara Cível e Regional da Infância e juventude da Comarca de Palmares,5ª CC,Prioridade Legal
0002287-42.2025.8.17.3030,03/06/2026,3ª Vara Cível e Regional da Infância e juventude da Comarca de Palmares,5ª CC,Prioridade Legal
0002821-54.2023.8.17.3030,17/06/2026,3ª Vara Cível e Regional da Infância e juventude da Comarca de Palmares,5ª CC,Prioridade Legal
0003130-07.2025.8.17.3030,14/06/2026,3ª Vara Cível e Regional da Infância e juventude da Comarca de Palmares,5ª CC,Prioridade Legal
0000111-23.2019.8.17.8229,16/06/2026,Juizado Especial Cível e das Relações de Consumo e Criminal da Comarca de Palmares,1ª CCJ,Prioridade Legal
0000698-74.2021.8.17.8229,29/05/2026,Juizado Especial Cível e das Relações de Consumo e Criminal da Comarca de Palmares,1ª CCJ,Prioridade Legal
0000803-80.2023.8.17.8229,17/06/2026,Juizado Especial Cível e das Relações de Consumo e Criminal da Comarca de Palmares,1ª CCJ,Prioridade Legal
0000055-28.1998.8.17.1050,11/06/2026,Vara Única da Comarca de Panelas,5ª CCJ,Sem prioridade
0000085-13.2017.8.17.3050,11/06/2026,Vara Única da Comarca de Panelas,5ª CCJ,Sem prioridade
0000126-38.2021.8.17.3050,08/06/2026,Vara Única da Comarca de Panelas,6ª CC,Prioridade Legal
0000009-12.2024.8.17.3060,19/06/2026,Vara Única da Comarca de Parnamirim,6ª CCJ,Prioridade Legal
0000137-73.2018.8.17.3470,17/06/2026,Vara Única da Comarca de Parnamirim,7ª CC,Prioridade Legal
0000223-81.2023.8.17.6020,18/06/2026,Vara Única da Comarca de Parnamirim,7ª CC,Prioridade Legal
0000276-19.2014.8.17.1060,10/06/2026,Vara Única da Comarca de Parnamirim,6ª CCJ,Sem prioridade
0000428-95.2025.8.17.3060,17/06/2026,Vara Única da Comarca de Parnamirim,7ª CC,Prioridade Legal
0000474-84.2025.8.17.3060,17/06/2026,Vara Única da Comarca de Parnamirim,7ª CC,Prioridade Legal
0000484-65.2024.8.17.3060,17/06/2026,Vara Única da Comarca de Parnamirim,7ª CC,Prioridade Legal
0000602-75.2023.8.17.3060,29/05/2026,Vara Única da Comarca de Parnamirim,6ª CCJ,Prioridade Legal
0000620-96.2023.8.17.3060,16/06/2026,Vara Única da Comarca de Parnamirim,6ª CCJ,Prioridade Legal
0000627-88.2023.8.17.3060,28/05/2026,Vara Única da Comarca de Parnamirim,6ª CCJ,Prioridade Legal
0000849-57.2014.8.17.1060,18/06/2026,Vara Única da Comarca de Parnamirim,7ª CC,Prioridade Legal
0000873-84.2023.8.17.3060,17/06/2026,Vara Única da Comarca de Parnamirim,7ª CC,Prioridade Legal
0000992-45.2023.8.17.3060,17/06/2026,Vara Única da Comarca de Parnamirim,7ª CC,Prioridade Legal
0001103-29.2023.8.17.3060,17/06/2026,Vara Única da Comarca de Parnamirim,7ª CC,Sem prioridade
0001114-87.2025.8.17.3060,18/06/2026,Vara Única da Comarca de Parnamirim,7ª CC,Prioridade Legal
0001160-47.2023.8.17.3060,31/05/2026,Vara Única da Comarca de Parnamirim,6ª CCJ,Prioridade Legal
0001322-71.2025.8.17.3060,17/06/2026,Vara Única da Comarca de Parnamirim,7ª CC,Prioridade Legal
0000025-43.2018.8.17.3070,22/05/2026,Vara Única da Comarca de Passira,5ª CCJ,Prioridade Legal
0000099-64.2010.8.17.1070,04/06/2026,Vara Única da Comarca de Passira,5ª CCJ,Sem prioridade
0000215-69.2019.8.17.3070,27/05/2026,Vara Única da Comarca de Passira,5ª CCJ,Prioridade Legal
0000273-87.2021.8.17.5920,19/06/2026,Vara Única da Comarca de Passira,6ª CC,Prioridade Legal
0000398-60.2018.8.17.1070,15/06/2026,Vara Única da Comarca de Passira,6ª CC,Prioridade Legal
0000005-75.2025.8.17.3080,05/06/2026,1ª Vara da Comarca de Paudalho,5ª CC,Prioridade Legal
0000083-40.2023.8.17.3080,11/06/2026,1ª Vara da Comarca de Paudalho,5ª CC,Sem prioridade
0000591-20.2022.8.17.3080,27/05/2026,1ª Vara da Comarca de Paudalho,5ª CC,Sem prioridade
0000780-95.2022.8.17.3080,02/06/2026,1ª Vara da Comarca de Paudalho,5ª CC,Sem prioridade
0001115-22.2019.8.17.3080,15/06/2026,1ª Vara da Comarca de Paudalho,5ª CC,Sem prioridade
0001235-55.2025.8.17.3080,05/06/2026,1ª Vara da Comarca de Paudalho,5ª CC,Prioridade Legal
0001535-17.2025.8.17.3080,05/06/2026,1ª Vara da Comarca de Paudalho,5ª CC,Prioridade Legal
0001594-44.2021.8.17.3080,15/06/2026,1ª Vara da Comarca de Paudalho,5ª CC,Sem prioridade
0001678-11.2022.8.17.3080,22/05/2026,1ª Vara da Comarca de Paudalho,4ª CCJ,Prioridade Legal
0001961-29.2025.8.17.3080,06/06/2026,1ª Vara da Comarca de Paudalho,5ª CC,Prioridade Legal
0002668-65.2023.8.17.3080,09/06/2026,1ª Vara da Comarca de Paudalho,5ª CC,Prioridade Legal
0000390-53.2025.8.17.5980,17/06/2026,2ª Vara da Comarca de Paudalho,5ª CC,Prioridade Legal
0001410-49.2025.8.17.3080,28/05/2026,2ª Vara da Comarca de Paudalho,4ª CCJ,Prioridade Legal
0001855-04.2024.8.17.3080,09/06/2026,2ª Vara da Comarca de Paudalho,5ª CC,Sem prioridade
0000390-32.2018.8.17.0990,15/06/2026,1ª Vara Criminal da Comarca de Paulista,2ª CC,Sem prioridade
0000731-54.2022.8.17.5990,16/06/2026,1ª Vara Criminal da Comarca de Paulista,2ª CC,Sem prioridade
0000734-67.2019.8.17.1090,16/06/2026,1ª Vara Criminal da Comarca de Paulista,2ª CC,Prioridade Legal
0000824-21.2018.8.17.0990,19/06/2026,1ª Vara Criminal da Comarca de Paulista,2ª CC,Sem prioridade
0009231-74.2025.8.17.3090,19/06/2026,1ª Vara Criminal da Comarca de Paulista,2ª CC,Prioridade Legal
0000526-88.2016.8.17.1090,12/06/2026,1ª Vara Cível da Comarca de Paulista,3ª CC,Sem prioridade
0002197-59.2010.8.17.1090,16/06/2026,1ª Vara Cível da Comarca de Paulista,3ª CC,Sem prioridade
0002411-54.2016.8.17.3090,19/05/2026,1ª Vara Cível da Comarca de Paulista,1ª CCJ,Sem prioridade
0002708-27.2017.8.17.3090,11/06/2026,1ª Vara Cível da Comarca de Paulista,1ª CCJ,Sem prioridade
0003260-74.2026.8.17.3090,15/06/2026,1ª Vara Cível da Comarca de Paulista,3ª CC,Prioridade Legal
0003756-06.2026.8.17.3090,15/06/2026,1ª Vara Cível da Comarca de Paulista,3ª CC,Prioridade Legal
0006049-46.2026.8.17.3090,15/06/2026,1ª Vara Cível da Comarca de Paulista,3ª CC,Prioridade Legal
0007081-29.2013.8.17.1090,31/05/2026,1ª Vara Cível da Comarca de Paulista,1ª CCJ,Prioridade Legal
0007221-91.2024.8.17.3090,19/06/2026,1ª Vara Cível da Comarca de Paulista,3ª CC,Prioridade Legal
0007476-20.2022.8.17.3090,12/06/2026,1ª Vara Cível da Comarca de Paulista,3ª CC,Sem prioridade
0008091-79.2011.8.17.1090,02/06/2026,1ª Vara Cível da Comarca de Paulista,3ª CC,Sem prioridade
0008189-30.2012.8.17.1090,19/05/2026,1ª Vara Cível da Comarca de Paulista,1ª CCJ,Prioridade Legal
0009282-95.2019.8.17.3090,09/06/2026,1ª Vara Cível da Comarca de Paulista,3ª CC,Sem prioridade
0009454-27.2025.8.17.3090,17/06/2026,1ª Vara Cível da Comarca de Paulista,1ª CCJ,Prioridade Legal
0010465-04.2019.8.17.3090,12/06/2026,1ª Vara Cível da Comarca de Paulista,3ª CC,Sem prioridade
0011211-56.2025.8.17.3090,15/06/2026,1ª Vara Cível da Comarca de Paulista,3ª CC,Prioridade Legal
0012047-29.2025.8.17.3090,15/06/2026,1ª Vara Cível da Comarca de Paulista,1ª CCJ,Prioridade Legal
0020629-52.2024.8.17.3090,17/06/2026,1ª Vara Cível da Comarca de Paulista,1ª CCJ,Prioridade Legal
0030319-47.2020.8.17.3090,04/06/2026,1ª Vara Cível da Comarca de Paulista,1ª CCJ,Sem prioridade
0030543-48.2021.8.17.3090,18/06/2026,1ª Vara Cível da Comarca de Paulista,3ª CC,Prioridade Legal
0034190-51.2021.8.17.3090,19/05/2026,1ª Vara Cível da Comarca de Paulista,1ª CCJ,Prioridade Legal
0011854-19.2022.8.17.3090,12/06/2026,1ª Vara de Família e Registro Civil da Comarca de Paulista,3ª CC,Prioridade Legal
0000194-50.2025.8.17.8222,27/05/2026,1º Juizado Especial Cível e das Relações de Consumo de Paulista - Turno Manhã - 08:00h às 14:00h,1ª CCJ,Prioridade Legal
0000339-09.2025.8.17.8222,27/05/2026,1º Juizado Especial Cível e das Relações de Consumo de Paulista - Turno Manhã - 08:00h às 14:00h,1ª CCJ,Prioridade Legal
0000434-39.2025.8.17.8222,17/05/2026,1º Juizado Especial Cível e das Relações de Consumo de Paulista - Turno Manhã - 08:00h às 14:00h,1ª CCJ,Prioridade Legal
0000494-12.2025.8.17.8222,27/05/2026,1º Juizado Especial Cível e das Relações de Consumo de Paulista - Turno Manhã - 08:00h às 14:00h,1ª CCJ,Prioridade Legal
0000648-64.2024.8.17.8222,03/06/2026,1º Juizado Especial Cível e das Relações de Consumo de Paulista - Turno Manhã - 08:00h às 14:00h,1ª CCJ,Prioridade Legal
0000776-65.2016.8.17.8222,07/05/2026,1º Juizado Especial Cível e das Relações de Consumo de Paulista - Turno Manhã - 08:00h às 14:00h,1ª CCJ,Prioridade Legal
0000850-12.2022.8.17.8222,08/06/2026,1º Juizado Especial Cível e das Relações de Consumo de Paulista - Turno Manhã - 08:00h às 14:00h,1ª CCJ,Prioridade Legal
0000871-80.2025.8.17.8222,17/05/2026,1º Juizado Especial Cível e das Relações de Consumo de Paulista - Turno Manhã - 08:00h às 14:00h,1ª CCJ,Prioridade Legal
0000893-75.2024.8.17.8222,28/05/2026,1º Juizado Especial Cível e das Relações de Consumo de Paulista - Turno Manhã - 08:00h às 14:00h,1ª CCJ,Prioridade Legal
0000916-21.2024.8.17.8222,17/05/2026,1º Juizado Especial Cível e das Relações de Consumo de Paulista - Turno Manhã - 08:00h às 14:00h,1ª CCJ,Prioridade Legal
0000933-57.2024.8.17.8222,21/05/2026,1º Juizado Especial Cível e das Relações de Consumo de Paulista - Turno Manhã - 08:00h às 14:00h,1ª CCJ,Prioridade Legal
0001316-35.2024.8.17.8222,10/06/2026,1º Juizado Especial Cível e das Relações de Consumo de Paulista - Turno Manhã - 08:00h às 14:00h,1ª CCJ,Prioridade Legal
0001337-74.2025.8.17.8222,11/06/2026,1º Juizado Especial Cível e das Relações de Consumo de Paulista - Turno Manhã - 08:00h às 14:00h,1ª CCJ,Prioridade Legal
0001417-38.2025.8.17.8222,12/06/2026,1º Juizado Especial Cível e das Relações de Consumo de Paulista - Turno Manhã - 08:00h às 14:00h,1ª CCJ,Prioridade Legal
0001505-76.2025.8.17.8222,27/05/2026,1º Juizado Especial Cível e das Relações de Consumo de Paulista - Turno Manhã - 08:00h às 14:00h,1ª CCJ,Prioridade Legal
0001535-14.2025.8.17.8222,03/06/2026,1º Juizado Especial Cível e das Relações de Consumo de Paulista - Turno Manhã - 08:00h às 14:00h,1ª CCJ,Prioridade Legal
0001622-53.2014.8.17.8222,27/05/2026,1º Juizado Especial Cível e das Relações de Consumo de Paulista - Turno Manhã - 08:00h às 14:00h,1ª CCJ,Prioridade Legal
0001684-10.2025.8.17.8222,06/05/2026,1º Juizado Especial Cível e das Relações de Consumo de Paulista - Turno Manhã - 08:00h às 14:00h,1ª CCJ,Sem prioridade
0001694-54.2025.8.17.8222,12/06/2026,1º Juizado Especial Cível e das Relações de Consumo de Paulista - Turno Manhã - 08:00h às 14:00h,1ª CCJ,Prioridade Legal
0001732-03.2024.8.17.8222,28/04/2026,1º Juizado Especial Cível e das Relações de Consumo de Paulista - Turno Manhã - 08:00h às 14:00h,1ª CCJ,Prioridade Legal
0001798-17.2023.8.17.8222,17/05/2026,1º Juizado Especial Cível e das Relações de Consumo de Paulista - Turno Manhã - 08:00h às 14:00h,1ª CCJ,Prioridade Legal
0001968-52.2024.8.17.8222,17/05/2026,1º Juizado Especial Cível e das Relações de Consumo de Paulista - Turno Manhã - 08:00h às 14:00h,1ª CCJ,Prioridade Legal
0002093-83.2025.8.17.8222,15/05/2026,1º Juizado Especial Cível e das Relações de Consumo de Paulista - Turno Manhã - 08:00h às 14:00h,1ª CCJ,Prioridade Legal
0002189-98.2025.8.17.8222,22/05/2026,1º Juizado Especial Cível e das Relações de Consumo de Paulista - Turno Manhã - 08:00h às 14:00h,1ª CCJ,Sem prioridade
0002222-88.2025.8.17.8222,15/05/2026,1º Juizado Especial Cível e das Relações de Consumo de Paulista - Turno Manhã - 08:00h às 14:00h,1ª CCJ,Prioridade Legal
0002320-73.2025.8.17.8222,12/06/2026,1º Juizado Especial Cível e das Relações de Consumo de Paulista - Turno Manhã - 08:00h às 14:00h,1ª CCJ,Prioridade Legal
0002392-60.2025.8.17.8222,17/05/2026,1º Juizado Especial Cível e das Relações de Consumo de Paulista - Turno Manhã - 08:00h às 14:00h,1ª CCJ,Prioridade Legal
0002487-90.2025.8.17.8222,03/06/2026,1º Juizado Especial Cível e das Relações de Consumo de Paulista - Turno Manhã - 08:00h às 14:00h,1ª CCJ,Prioridade Legal
0002525-05.2025.8.17.8222,15/05/2026,1º Juizado Especial Cível e das Relações de Consumo de Paulista - Turno Manhã - 08:00h às 14:00h,1ª CCJ,Prioridade Legal
0002729-49.2025.8.17.8222,17/05/2026,1º Juizado Especial Cível e das Relações de Consumo de Paulista - Turno Manhã - 08:00h às 14:00h,1ª CCJ,Prioridade Legal
0002741-63.2025.8.17.8222,02/06/2026,1º Juizado Especial Cível e das Relações de Consumo de Paulista - Turno Manhã - 08:00h às 14:00h,1ª CCJ,Prioridade Legal
0002759-84.2025.8.17.8222,18/06/2026,1º Juizado Especial Cível e das Relações de Consumo de Paulista - Turno Manhã - 08:00h às 14:00h,1ª CCJ,Prioridade Legal
0002775-38.2025.8.17.8222,17/05/2026,1º Juizado Especial Cível e das Relações de Consumo de Paulista - Turno Manhã - 08:00h às 14:00h,1ª CCJ,Prioridade Legal
0002784-97.2025.8.17.8222,11/06/2026,1º Juizado Especial Cível e das Relações de Consumo de Paulista - Turno Manhã - 08:00h às 14:00h,1ª CCJ,Prioridade Legal
0002925-19.2025.8.17.8222,18/06/2026,1º Juizado Especial Cível e das Relações de Consumo de Paulista - Turno Manhã - 08:00h às 14:00h,1ª CCJ,Prioridade Legal
0003014-42.2025.8.17.8222,17/05/2026,1º Juizado Especial Cível e das Relações de Consumo de Paulista - Turno Manhã - 08:00h às 14:00h,1ª CCJ,Prioridade Legal
0003063-83.2025.8.17.8222,11/06/2026,1º Juizado Especial Cível e das Relações de Consumo de Paulista - Turno Manhã - 08:00h às 14:00h,1ª CCJ,Prioridade Legal
0003365-15.2025.8.17.8222,17/05/2026,1º Juizado Especial Cível e das Relações de Consumo de Paulista - Turno Manhã - 08:00h às 14:00h,1ª CCJ,Prioridade Legal
0003439-69.2025.8.17.8222,15/05/2026,1º Juizado Especial Cível e das Relações de Consumo de Paulista - Turno Manhã - 08:00h às 14:00h,1ª CCJ,Prioridade Legal
0003567-60.2023.8.17.8222,08/06/2026,1º Juizado Especial Cível e das Relações de Consumo de Paulista - Turno Manhã - 08:00h às 14:00h,1ª CCJ,Prioridade Legal
0003701-24.2022.8.17.8222,27/05/2026,1º Juizado Especial Cível e das Relações de Consumo de Paulista - Turno Manhã - 08:00h às 14:00h,1ª CCJ,Prioridade Legal
0003942-03.2019.8.17.8222,04/06/2026,1º Juizado Especial Cível e das Relações de Consumo de Paulista - Turno Manhã - 08:00h às 14:00h,1ª CCJ,Prioridade Legal
0003953-22.2025.8.17.8222,02/06/2026,1º Juizado Especial Cível e das Relações de Consumo de Paulista - Turno Manhã - 08:00h às 14:00h,1ª CCJ,Prioridade Legal
0004365-84.2024.8.17.8222,27/05/2026,1º Juizado Especial Cível e das Relações de Consumo de Paulista - Turno Manhã - 08:00h às 14:00h,1ª CCJ,Prioridade Legal
0004541-29.2025.8.17.8222,03/06/2026,1º Juizado Especial Cível e das Relações de Consumo de Paulista - Turno Manhã - 08:00h às 14:00h,1ª CCJ,Prioridade Legal
0004588-71.2023.8.17.8222,28/05/2026,1º Juizado Especial Cível e das Relações de Consumo de Paulista - Turno Manhã - 08:00h às 14:00h,1ª CCJ,Prioridade Legal
0004626-83.2023.8.17.8222,21/05/2026,1º Juizado Especial Cível e das Relações de Consumo de Paulista - Turno Manhã - 08:00h às 14:00h,1ª CCJ,Prioridade Legal
0004635-78.2023.8.17.2100,21/05/2026,1º Juizado Especial Cível e das Relações de Consumo de Paulista - Turno Manhã - 08:00h às 14:00h,1ª CCJ,Prioridade Legal
0004671-24.2022.8.17.8222,04/05/2026,1º Juizado Especial Cível e das Relações de Consumo de Paulista - Turno Manhã - 08:00h às 14:00h,1ª CCJ,Prioridade Legal
0004833-19.2022.8.17.8222,17/06/2026,1º Juizado Especial Cível e das Relações de Consumo de Paulista - Turno Manhã - 08:00h às 14:00h,1ª CCJ,Prioridade Legal
0005072-28.2019.8.17.8222,17/05/2026,1º Juizado Especial Cível e das Relações de Consumo de Paulista - Turno Manhã - 08:00h às 14:00h,1ª CCJ,Prioridade Legal
0005204-12.2024.8.17.8222,27/05/2026,1º Juizado Especial Cível e das Relações de Consumo de Paulista - Turno Manhã - 08:00h às 14:00h,1ª CCJ,Prioridade Legal
0005490-24.2023.8.17.8222,25/05/2026,1º Juizado Especial Cível e das Relações de Consumo de Paulista - Turno Manhã - 08:00h às 14:00h,1ª CCJ,Sem prioridade
0005708-18.2024.8.17.8222,29/05/2026,1º Juizado Especial Cível e das Relações de Consumo de Paulista - Turno Manhã - 08:00h às 14:00h,1ª CCJ,Prioridade Legal
0005759-29.2024.8.17.8222,17/05/2026,1º Juizado Especial Cível e das Relações de Consumo de Paulista - Turno Manhã - 08:00h às 14:00h,1ª CCJ,Prioridade Legal
0005797-41.2024.8.17.8222,21/05/2026,1º Juizado Especial Cível e das Relações de Consumo de Paulista - Turno Manhã - 08:00h às 14:00h,1ª CCJ,Prioridade Legal
0005803-48.2024.8.17.8222,28/05/2026,1º Juizado Especial Cível e das Relações de Consumo de Paulista - Turno Manhã - 08:00h às 14:00h,1ª CCJ,Prioridade Legal
0006051-14.2024.8.17.8222,29/04/2026,1º Juizado Especial Cível e das Relações de Consumo de Paulista - Turno Manhã - 08:00h às 14:00h,1ª CCJ,Prioridade Legal
0006159-77.2023.8.17.8222,29/04/2026,1º Juizado Especial Cível e das Relações de Consumo de Paulista - Turno Manhã - 08:00h às 14:00h,1ª CCJ,Prioridade Legal
0006382-30.2023.8.17.8222,21/05/2026,1º Juizado Especial Cível e das Relações de Consumo de Paulista - Turno Manhã - 08:00h às 14:00h,1ª CCJ,Prioridade Legal
0006495-81.2023.8.17.8222,17/05/2026,1º Juizado Especial Cível e das Relações de Consumo de Paulista - Turno Manhã - 08:00h às 14:00h,1ª CCJ,Prioridade Legal
0006614-42.2023.8.17.8222,29/05/2026,1º Juizado Especial Cível e das Relações de Consumo de Paulista - Turno Manhã - 08:00h às 14:00h,1ª CCJ,Prioridade Legal
0000375-29.2022.8.17.3090,19/06/2026,2ª Vara Criminal da Comarca de Paulista,2ª CC,Prioridade Legal
0000444-16.2024.8.17.4990,19/06/2026,2ª Vara Criminal da Comarca de Paulista,2ª CC,Sem prioridade
0001081-71.2024.8.17.5990,15/06/2026,2ª Vara Criminal da Comarca de Paulista,2ª CC,Prioridade Legal
0033460-40.2021.8.17.3090,16/06/2026,2ª Vara Criminal da Comarca de Paulista,2ª CC,Prioridade Legal
0000402-41.2024.8.17.3090,05/06/2026,2ª Vara Cível da Comarca de Paulista,3ª CC,Prioridade Legal
0002529-83.2023.8.17.3090,15/06/2026,2ª Vara Cível da Comarca de Paulista,3ª CC,Prioridade Legal
0003191-81.2022.8.17.3090,19/06/2026,2ª Vara Cível da Comarca de Paulista,1ª CCJ,Prioridade Legal
0003981-66.2013.8.17.1090,05/06/2026,2ª Vara Cível da Comarca de Paulista,1ª CCJ,Prioridade Legal
0004004-06.2025.8.17.3090,21/05/2026,2ª Vara Cível da Comarca de Paulista,1ª CCJ,Prioridade Legal
0004344-05.2003.8.17.1090,19/06/2026,2ª Vara Cível da Comarca de Paulista,1ª CCJ,Sem prioridade
0008464-13.2011.8.17.1090,19/06/2026,2ª Vara Cível da Comarca de Paulista,3ª CC,Sem prioridade
0009499-31.2025.8.17.3090,08/06/2026,2ª Vara Cível da Comarca de Paulista,3ª CC,Prioridade Legal
0012722-89.2025.8.17.3090,05/06/2026,2ª Vara Cível da Comarca de Paulista,3ª CC,Prioridade Legal
0014366-04.2024.8.17.3090,12/06/2026,2ª Vara Cível da Comarca de Paulista,3ª CC,Prioridade Legal
0014617-95.2019.8.17.3090,28/05/2026,2ª Vara Cível da Comarca de Paulista,1ª CCJ,Prioridade Legal
0019278-83.2020.8.17.3090,15/06/2026,2ª Vara Cível da Comarca de Paulista,1ª CCJ,Prioridade Legal
0019317-51.2018.8.17.3090,19/06/2026,2ª Vara Cível da Comarca de Paulista,3ª CC,Prioridade Legal
0019475-38.2020.8.17.3090,27/05/2026,2ª Vara Cível da Comarca de Paulista,1ª CCJ,Prioridade Legal
0019941-03.2018.8.17.3090,07/05/2026,2ª Vara Cível da Comarca de Paulista,1ª CCJ,Sem prioridade
0028682-56.2023.8.17.3090,28/04/2026,2ª Vara Cível da Comarca de Paulista,1ª CCJ,Prioridade Legal
0001660-52.2025.8.17.3090,27/05/2026,2ª Vara de Família e Registro Civil da Comarca de Paulista,3ª CC,Prioridade Legal
0003096-51.2022.8.17.3090,03/06/2026,2ª Vara de Família e Registro Civil da Comarca de Paulista,3ª CCJ,Prioridade Legal
0006935-16.2024.8.17.3090,09/06/2026,2ª Vara de Família e Registro Civil da Comarca de Paulista,3ª CC,Prioridade Legal
0012177-19.2025.8.17.3090,12/06/2026,2ª Vara de Família e Registro Civil da Comarca de Paulista,3ª CCJ,Prioridade Legal
0014863-18.2024.8.17.3090,09/06/2026,2ª Vara de Família e Registro Civil da Comarca de Paulista,3ª CC,Prioridade Legal
0016091-91.2025.8.17.3090,17/06/2026,2ª Vara de Família e Registro Civil da Comarca de Paulista,3ª CC,Prioridade Legal
0000087-40.2024.8.17.8222,13/06/2026,2º Juizado Especial Cível e das Relações de Consumo de Paulista - Turno Manhã - 08:00h às 14:00h,1ª CCJ,Prioridade Legal
0000227-74.2024.8.17.8222,20/05/2026,2º Juizado Especial Cível e das Relações de Consumo de Paulista - Turno Manhã - 08:00h às 14:00h,1ª CCJ,Prioridade Legal
0000274-48.2024.8.17.8222,10/06/2026,2º Juizado Especial Cível e das Relações de Consumo de Paulista - Turno Manhã - 08:00h às 14:00h,1ª CCJ,Prioridade Legal
0000318-72.2021.8.17.8222,10/06/2026,2º Juizado Especial Cível e das Relações de Consumo de Paulista - Turno Manhã - 08:00h às 14:00h,1ª CCJ,Prioridade Legal
0000541-83.2025.8.17.8222,09/06/2026,2º Juizado Especial Cível e das Relações de Consumo de Paulista - Turno Manhã - 08:00h às 14:00h,1ª CCJ,Prioridade Legal
0000550-26.2017.8.17.8222,08/06/2026,2º Juizado Especial Cível e das Relações de Consumo de Paulista - Turno Manhã - 08:00h às 14:00h,1ª CCJ,Prioridade Legal
0000569-51.2025.8.17.8222,19/05/2026,2º Juizado Especial Cível e das Relações de Consumo de Paulista - Turno Manhã - 08:00h às 14:00h,1ª CCJ,Prioridade Legal
0000700-36.2019.8.17.8222,13/06/2026,2º Juizado Especial Cível e das Relações de Consumo de Paulista - Turno Manhã - 08:00h às 14:00h,1ª CCJ,Prioridade Legal
0001048-44.2025.8.17.8222,13/06/2026,2º Juizado Especial Cível e das Relações de Consumo de Paulista - Turno Manhã - 08:00h às 14:00h,1ª CCJ,Prioridade Legal
0001384-87.2021.8.17.8222,13/06/2026,2º Juizado Especial Cível e das Relações de Consumo de Paulista - Turno Manhã - 08:00h às 14:00h,1ª CCJ,Prioridade Legal
0001902-09.2023.8.17.8222,08/06/2026,2º Juizado Especial Cível e das Relações de Consumo de Paulista - Turno Manhã - 08:00h às 14:00h,1ª CCJ,Prioridade Legal
0002779-80.2022.8.17.8222,10/06/2026,2º Juizado Especial Cível e das Relações de Consumo de Paulista - Turno Manhã - 08:00h às 14:00h,1ª CCJ,Prioridade Legal
0003171-35.2013.8.17.8222,16/06/2026,2º Juizado Especial Cível e das Relações de Consumo de Paulista - Turno Manhã - 08:00h às 14:00h,1ª CCJ,Prioridade Legal
0003551-87.2015.8.17.8222,04/05/2026,2º Juizado Especial Cível e das Relações de Consumo de Paulista - Turno Manhã - 08:00h às 14:00h,1ª CCJ,Prioridade Legal
0004189-42.2023.8.17.8222,16/06/2026,2º Juizado Especial Cível e das Relações de Consumo de Paulista - Turno Manhã - 08:00h às 14:00h,1ª CCJ,Sem prioridade
0004940-92.2024.8.17.8222,15/05/2026,2º Juizado Especial Cível e das Relações de Consumo de Paulista - Turno Manhã - 08:00h às 14:00h,1ª CCJ,Prioridade Legal
0005497-79.2024.8.17.8222,19/05/2026,2º Juizado Especial Cível e das Relações de Consumo de Paulista - Turno Manhã - 08:00h às 14:00h,1ª CCJ,Prioridade Legal
0006194-03.2024.8.17.8222,19/06/2026,2º Juizado Especial Cível e das Relações de Consumo de Paulista - Turno Manhã - 08:00h às 14:00h,1ª CCJ,Prioridade Legal
0002156-12.2022.8.17.4990,19/06/2026,3ª Vara Criminal da Comarca de Paulista,2ª CC,Sem prioridade
0008822-35.2024.8.17.3090,15/06/2026,3ª Vara Criminal da Comarca de Paulista,2ª CC,Prioridade Legal
0000071-25.2025.8.17.3090,10/06/2026,3ª Vara Cível da Comarca de Paulista,3ª CC,Prioridade Legal
0000176-81.2008.8.17.1090,09/06/2026,3ª Vara Cível da Comarca de Paulista,1ª CCJ,Prioridade Legal
0000403-70.2017.8.17.3090,11/06/2026,3ª Vara Cível da Comarca de Paulista,1ª CCJ,Sem prioridade
0000441-28.2016.8.17.2990,10/06/2026,3ª Vara Cível da Comarca de Paulista,3ª CC,Prioridade Legal
0001591-25.2022.8.17.3090,25/05/2026,3ª Vara Cível da Comarca de Paulista,1ª CCJ,Prioridade Legal
0002609-82.2013.8.17.1090,18/05/2026,3ª Vara Cível da Comarca de Paulista,1ª CCJ,Prioridade Legal
0003184-50.2026.8.17.3090,11/06/2026,3ª Vara Cível da Comarca de Paulista,3ª CC,Prioridade Legal
0003207-93.2026.8.17.3090,11/06/2026,3ª Vara Cível da Comarca de Paulista,3ª CC,Prioridade Legal
0003223-47.2026.8.17.3090,11/06/2026,3ª Vara Cível da Comarca de Paulista,3ª CC,Prioridade Legal
0003402-78.2026.8.17.3090,11/06/2026,3ª Vara Cível da Comarca de Paulista,3ª CC,Prioridade Legal
0003404-54.2014.8.17.1090,03/06/2026,3ª Vara Cível da Comarca de Paulista,1ª CCJ,Prioridade Legal
0004170-72.2024.8.17.3090,17/06/2026,3ª Vara Cível da Comarca de Paulista,3ª CC,Prioridade Legal
0005316-80.2026.8.17.3090,10/06/2026,3ª Vara Cível da Comarca de Paulista,3ª CC,Prioridade Legal
0006007-31.2025.8.17.3090,08/05/2026,3ª Vara Cível da Comarca de Paulista,1ª CCJ,Prioridade Legal
0007645-71.2014.8.17.1090,03/06/2026,3ª Vara Cível da Comarca de Paulista,1ª CCJ,Sem prioridade
0007820-07.2010.8.17.1090,17/05/2026,3ª Vara Cível da Comarca de Paulista,1ª CCJ,Prioridade Legal
0008125-15.2015.8.17.1090,09/06/2026,3ª Vara Cível da Comarca de Paulista,3ª CC,Prioridade Legal
0008775-32.2022.8.17.3090,28/05/2026,3ª Vara Cível da Comarca de Paulista,1ª CCJ,Prioridade Legal
0009719-63.2024.8.17.3090,12/06/2026,3ª Vara Cível da Comarca de Paulista,3ª CC,Prioridade Legal
0011959-88.2025.8.17.3090,01/06/2026,3ª Vara Cível da Comarca de Paulista,1ª CCJ,Prioridade Legal
0012350-53.2019.8.17.3090,26/05/2026,3ª Vara Cível da Comarca de Paulista,1ª CCJ,Prioridade Legal
0012735-25.2024.8.17.3090,26/05/2026,3ª Vara Cível da Comarca de Paulista,3ª CC,Prioridade Legal
0013486-46.2023.8.17.3090,05/06/2026,3ª Vara Cível da Comarca de Paulista,3ª CC,Sem prioridade
0014568-49.2022.8.17.3090,28/05/2026,3ª Vara Cível da Comarca de Paulista,1ª CCJ,Prioridade Legal
0015504-69.2025.8.17.3090,10/06/2026,3ª Vara Cível da Comarca de Paulista,3ª CC,Prioridade Legal
0015741-40.2024.8.17.3090,04/06/2026,3ª Vara Cível da Comarca de Paulista,3ª CC,Prioridade Legal
0018896-90.2020.8.17.3090,29/05/2026,3ª Vara Cível da Comarca de Paulista,1ª CCJ,Prioridade Legal
0019777-67.2020.8.17.3090,16/06/2026,3ª Vara Cível da Comarca de Paulista,3ª CC,Prioridade Legal
0020180-07.2018.8.17.3090,05/06/2026,3ª Vara Cível da Comarca de Paulista,3ª CC,Prioridade Legal
0028702-47.2023.8.17.3090,11/06/2026,3ª Vara Cível da Comarca de Paulista,3ª CC,Prioridade Legal
0030176-24.2021.8.17.3090,10/06/2026,3ª Vara Cível da Comarca de Paulista,3ª CC,Prioridade Legal
0032344-96.2021.8.17.3090,14/06/2026,3ª Vara Cível da Comarca de Paulista,1ª CCJ,Prioridade Legal
0040840-17.2021.8.17.3090,21/06/2026,3ª Vara Cível da Comarca de Paulista,3ª CC,Prioridade Legal
0001286-02.2026.8.17.3090,17/06/2026,4ª Vara Cível da Comarca de Paulista,3ª CC,Prioridade Legal
0004557-24.2023.8.17.3090,25/05/2026,4ª Vara Cível da Comarca de Paulista,1ª CCJ,Prioridade Legal
0007553-24.2025.8.17.3090,18/06/2026,4ª Vara Cível da Comarca de Paulista,3ª CC,Prioridade Legal
0009434-70.2024.8.17.3090,18/06/2026,4ª Vara Cível da Comarca de Paulista,3ª CC,Sem prioridade
0009893-09.2023.8.17.3090,18/06/2026,4ª Vara Cível da Comarca de Paulista,3ª CC,Prioridade Legal
0016483-36.2022.8.17.3090,16/05/2026,4ª Vara Cível da Comarca de Paulista,1ª CCJ,Prioridade Legal
0020869-41.2024.8.17.3090,18/06/2026,4ª Vara Cível da Comarca de Paulista,3ª CC,Prioridade Legal
0000336-15.1985.8.17.1090,04/06/2026,6ª Vara Cível da Comarca de Paulista,3ª CC,Sem prioridade
0000678-43.2022.8.17.3090,17/06/2026,6ª Vara Cível da Comarca de Paulista,3ª CC,Prioridade Legal
0000802-84.2026.8.17.3090,16/06/2026,6ª Vara Cível da Comarca de Paulista,3ª CC,Prioridade Legal
0001065-34.2017.8.17.3090,01/06/2026,6ª Vara Cível da Comarca de Paulista,1ª CCJ,Prioridade Legal
0006744-34.2025.8.17.3090,24/05/2026,6ª Vara Cível da Comarca de Paulista,3ª CC,Prioridade Legal
0007394-52.2023.8.17.3090,08/06/2026,6ª Vara Cível da Comarca de Paulista,1ª CCJ,Prioridade Legal
0007741-17.2025.8.17.3090,07/06/2026,6ª Vara Cível da Comarca de Paulista,3ª CC,Sem prioridade
0011378-83.2019.8.17.3090,03/06/2026,6ª Vara Cível da Comarca de Paulista,1ª CCJ,Prioridade Legal
0017822-59.2024.8.17.3090,08/06/2026,6ª Vara Cível da Comarca de Paulista,3ª CC,Prioridade Legal
0019542-61.2024.8.17.3090,10/06/2026,6ª Vara Cível da Comarca de Paulista,3ª CC,Prioridade Legal
0020133-91.2022.8.17.3090,17/06/2026,6ª Vara Cível da Comarca de Paulista,1ª CCJ,Prioridade Legal
0020263-13.2024.8.17.3090,19/06/2026,6ª Vara Cível da Comarca de Paulista,3ª CC,Prioridade Legal
0020537-84.2018.8.17.3090,05/06/2026,6ª Vara Cível da Comarca de Paulista,3ª CC,Prioridade Legal
0021637-06.2020.8.17.3090,11/06/2026,6ª Vara Cível da Comarca de Paulista,1ª CCJ,Prioridade Legal
0028954-50.2023.8.17.3090,16/06/2026,6ª Vara Cível da Comarca de Paulista,1ª CCJ,Sem prioridade
0031381-18.2025.8.17.2001,16/06/2026,6ª Vara Cível da Comarca de Paulista,3ª CC,Prioridade Legal
0033614-58.2021.8.17.3090,16/06/2026,6ª Vara Cível da Comarca de Paulista,3ª CC,Prioridade Legal
0042843-42.2021.8.17.3090,11/06/2026,6ª Vara Cível da Comarca de Paulista,1ª CCJ,Prioridade Legal
0091036-18.2025.8.17.2001,18/06/2026,6ª Vara Cível da Comarca de Paulista,3ª CC,Prioridade Legal
0000239-08.2017.8.17.3090,06/06/2026,Vara da Fazenda Pública da Comarca de Paulista,4ª CC,Prioridade Legal
0001263-92.1996.8.17.1090,12/06/2026,Vara da Fazenda Pública da Comarca de Paulista,2ª CCJ,Sem prioridade
0001429-25.2025.8.17.3090,26/05/2026,Vara da Fazenda Pública da Comarca de Paulista,2ª CCJ,Prioridade Legal
0002487-74.2010.8.17.1090,05/06/2026,Vara da Fazenda Pública da Comarca de Paulista,4ª CC,Sem prioridade
0003738-24.2022.8.17.3090,08/06/2026,Vara da Fazenda Pública da Comarca de Paulista,4ª CC,Prioridade Legal
0004029-88.2014.8.17.1090,11/06/2026,Vara da Fazenda Pública da Comarca de Paulista,4ª CC,Prioridade Legal
0004168-83.2016.8.17.3090,10/06/2026,Vara da Fazenda Pública da Comarca de Paulista,2ª CCJ,Prioridade Legal
0004554-75.2011.8.17.1090,21/05/2026,Vara da Fazenda Pública da Comarca de Paulista,2ª CCJ,Prioridade Legal
0006021-59.2018.8.17.3090,15/06/2026,Vara da Fazenda Pública da Comarca de Paulista,4ª CC,Prioridade Legal
0006876-96.2022.8.17.3090,08/06/2026,Vara da Fazenda Pública da Comarca de Paulista,4ª CC,Sem prioridade
0008090-59.2021.8.17.3090,11/06/2026,Vara da Fazenda Pública da Comarca de Paulista,4ª CC,Prioridade Legal
0008149-13.2022.8.17.3090,18/05/2026,Vara da Fazenda Pública da Comarca de Paulista,2ª CCJ,Sem prioridade
0009113-11.2019.8.17.3090,08/06/2026,Vara da Fazenda Pública da Comarca de Paulista,4ª CC,Prioridade Legal
0009674-35.2019.8.17.3090,23/05/2026,Vara da Fazenda Pública da Comarca de Paulista,2ª CCJ,Sem prioridade
0009788-66.2022.8.17.3090,14/06/2026,Vara da Fazenda Pública da Comarca de Paulista,2ª CCJ,Sem prioridade
0010020-50.2011.8.17.1090,29/05/2026,Vara da Fazenda Pública da Comarca de Paulista,2ª CCJ,Sem prioridade
0010647-48.2023.8.17.3090,22/05/2026,Vara da Fazenda Pública da Comarca de Paulista,2ª CCJ,Prioridade Legal
0010685-26.2024.8.17.3090,14/05/2026,Vara da Fazenda Pública da Comarca de Paulista,2ª CCJ,Prioridade Legal
0011352-85.2019.8.17.3090,08/06/2026,Vara da Fazenda Pública da Comarca de Paulista,4ª CC,Sem prioridade
0012342-03.2024.8.17.3090,09/06/2026,Vara da Fazenda Pública da Comarca de Paulista,2ª CCJ,Prioridade Legal
0013907-70.2022.8.17.3090,19/06/2026,Vara da Fazenda Pública da Comarca de Paulista,2ª CCJ,Prioridade Legal
0014325-13.2019.8.17.3090,06/05/2026,Vara da Fazenda Pública da Comarca de Paulista,2ª CCJ,Prioridade Legal
0014594-52.2019.8.17.3090,14/06/2026,Vara da Fazenda Pública da Comarca de Paulista,2ª CCJ,Prioridade Legal
0014597-07.2019.8.17.3090,23/05/2026,Vara da Fazenda Pública da Comarca de Paulista,2ª CCJ,Prioridade Legal
0016217-49.2022.8.17.3090,13/06/2026,Vara da Fazenda Pública da Comarca de Paulista,2ª CCJ,Sem prioridade
0016837-03.2018.8.17.3090,14/06/2026,Vara da Fazenda Pública da Comarca de Paulista,2ª CCJ,Sem prioridade
0017240-69.2018.8.17.3090,09/06/2026,Vara da Fazenda Pública da Comarca de Paulista,2ª CCJ,Prioridade Legal
0017963-88.2018.8.17.3090,24/05/2026,Vara da Fazenda Pública da Comarca de Paulista,2ª CCJ,Prioridade Legal
0018000-08.2024.8.17.3090,22/05/2026,Vara da Fazenda Pública da Comarca de Paulista,2ª CCJ,Prioridade Legal
0018087-71.2018.8.17.3090,11/06/2026,Vara da Fazenda Pública da Comarca de Paulista,4ª CC,Prioridade Legal
0019669-38.2020.8.17.3090,11/06/2026,Vara da Fazenda Pública da Comarca de Paulista,4ª CC,Sem prioridade
0019982-67.2018.8.17.3090,22/05/2026,Vara da Fazenda Pública da Comarca de Paulista,2ª CCJ,Prioridade Legal
0020220-13.2023.8.17.3090,15/05/2026,Vara da Fazenda Pública da Comarca de Paulista,2ª CCJ,Sem prioridade
0025673-62.2018.8.17.3090,19/06/2026,Vara da Fazenda Pública da Comarca de Paulista,2ª CCJ,Prioridade Legal
0027334-71.2021.8.17.3090,06/05/2026,Vara da Fazenda Pública da Comarca de Paulista,2ª CCJ,Prioridade Legal
0027598-20.2023.8.17.3090,14/06/2026,Vara da Fazenda Pública da Comarca de Paulista,2ª CCJ,Sem prioridade
0027601-72.2023.8.17.3090,20/05/2026,Vara da Fazenda Pública da Comarca de Paulista,2ª CCJ,Sem prioridade
0030213-51.2021.8.17.3090,15/06/2026,Vara da Fazenda Pública da Comarca de Paulista,4ª CC,Sem prioridade
0030638-78.2021.8.17.3090,20/05/2026,Vara da Fazenda Pública da Comarca de Paulista,2ª CCJ,Sem prioridade
0033346-09.2018.8.17.3090,13/06/2026,Vara da Fazenda Pública da Comarca de Paulista,2ª CCJ,Sem prioridade
0043808-20.2021.8.17.3090,09/06/2026,Vara da Fazenda Pública da Comarca de Paulista,2ª CCJ,Prioridade Legal
0043857-61.2021.8.17.3090,06/05/2026,Vara da Fazenda Pública da Comarca de Paulista,2ª CCJ,Prioridade Legal
0000330-63.2020.8.17.3100,15/06/2026,Vara Única da Comarca de Pedra,6ª CC,Prioridade Legal
0000341-58.2021.8.17.3100,17/06/2026,Vara Única da Comarca de Pedra,5ª CCJ,Prioridade Legal
0000384-87.2024.8.17.3100,16/06/2026,Vara Única da Comarca de Pedra,6ª CC,Sem prioridade
0000475-46.2025.8.17.3100,16/06/2026,Vara Única da Comarca de Pedra,6ª CC,Prioridade Legal
0000002-64.2024.8.17.3110,29/05/2026,1ª Vara Cível da Comarca de Pesqueira,5ª CCJ,Prioridade Legal
0000040-54.2022.8.17.3140,15/06/2026,1ª Vara Cível da Comarca de Pesqueira,6ª CC,Sem prioridade
0000097-75.2016.8.17.3110,16/06/2026,1ª Vara Cível da Comarca de Pesqueira,6ª CC,Prioridade Legal
0000122-09.2001.8.17.1140,19/05/2026,1ª Vara Cível da Comarca de Pesqueira,5ª CCJ,Sem prioridade
0000180-88.2022.8.17.3140,17/06/2026,1ª Vara Cível da Comarca de Pesqueira,6ª CC,Prioridade Legal
0000215-48.2022.8.17.3140,05/06/2026,1ª Vara Cível da Comarca de Pesqueira,5ª CCJ,Prioridade Legal
0000245-20.2021.8.17.3140,12/06/2026,1ª Vara Cível da Comarca de Pesqueira,6ª CC,Prioridade Legal
0000266-93.2021.8.17.3140,25/05/2026,1ª Vara Cível da Comarca de Pesqueira,5ª CCJ,Prioridade Legal
0000480-82.2018.8.17.3110,12/06/2026,1ª Vara Cível da Comarca de Pesqueira,5ª CCJ,Prioridade Legal
0000601-66.2025.8.17.3110,17/06/2026,1ª Vara Cível da Comarca de Pesqueira,5ª CCJ,Prioridade Legal
0000941-10.2025.8.17.3110,16/06/2026,1ª Vara Cível da Comarca de Pesqueira,6ª CC,Prioridade Legal
0001151-95.2024.8.17.3110,17/06/2026,1ª Vara Cível da Comarca de Pesqueira,6ª CC,Prioridade Legal
0001214-57.2023.8.17.3110,14/05/2026,1ª Vara Cível da Comarca de Pesqueira,5ª CCJ,Prioridade Legal
0001340-44.2022.8.17.3110,09/06/2026,1ª Vara Cível da Comarca de Pesqueira,5ª CCJ,Prioridade Legal
0001409-47.2020.8.17.3110,17/06/2026,1ª Vara Cível da Comarca de Pesqueira,6ª CC,Prioridade Legal
0001433-36.2024.8.17.3110,17/06/2026,1ª Vara Cível da Comarca de Pesqueira,6ª CC,Prioridade Legal
0001548-57.2024.8.17.3110,29/05/2026,1ª Vara Cível da Comarca de Pesqueira,5ª CCJ,Prioridade Legal
0001599-97.2026.8.17.3110,17/06/2026,1ª Vara Cível da Comarca de Pesqueira,5ª CCJ,Prioridade Legal
0001658-22.2025.8.17.3110,16/06/2026,1ª Vara Cível da Comarca de Pesqueira,6ª CC,Prioridade Legal
0001772-39.2017.8.17.3110,18/06/2026,1ª Vara Cível da Comarca de Pesqueira,6ª CC,Prioridade Legal
0001928-46.2025.8.17.3110,12/06/2026,1ª Vara Cível da Comarca de Pesqueira,6ª CC,Prioridade Legal
0002138-68.2023.8.17.3110,04/06/2026,1ª Vara Cível da Comarca de Pesqueira,5ª CCJ,Prioridade Legal
0002219-57.2010.8.17.1110,04/06/2026,1ª Vara Cível da Comarca de Pesqueira,5ª CCJ,Sem prioridade
0002551-18.2022.8.17.3110,17/06/2026,1ª Vara Cível da Comarca de Pesqueira,6ª CC,Prioridade Legal
0002648-47.2024.8.17.3110,17/06/2026,1ª Vara Cível da Comarca de Pesqueira,6ª CC,Prioridade Legal
0002984-85.2023.8.17.3110,18/06/2026,1ª Vara Cível da Comarca de Pesqueira,6ª CC,Prioridade Legal
0003395-31.2023.8.17.3110,17/06/2026,1ª Vara Cível da Comarca de Pesqueira,6ª CC,Prioridade Legal
0003431-44.2021.8.17.3110,15/06/2026,1ª Vara Cível da Comarca de Pesqueira,6ª CC,Prioridade Legal
0003718-70.2022.8.17.3110,17/06/2026,1ª Vara Cível da Comarca de Pesqueira,6ª CC,Prioridade Legal
0004134-04.2023.8.17.3110,18/06/2026,1ª Vara Cível da Comarca de Pesqueira,5ª CCJ,Prioridade Legal
0004211-82.2012.8.17.1110,17/06/2026,1ª Vara Cível da Comarca de Pesqueira,5ª CCJ,Sem prioridade
0004330-42.2021.8.17.3110,17/06/2026,1ª Vara Cível da Comarca de Pesqueira,6ª CC,Prioridade Legal
0004345-74.2022.8.17.3110,10/06/2026,1ª Vara Cível da Comarca de Pesqueira,5ª CCJ,Prioridade Legal
0004869-37.2023.8.17.3110,19/06/2026,1ª Vara Cível da Comarca de Pesqueira,6ª CC,Prioridade Legal
0004931-14.2022.8.17.3110,18/06/2026,1ª Vara Cível da Comarca de Pesqueira,6ª CC,Prioridade Legal
0005403-78.2023.8.17.3110,19/06/2026,1ª Vara Cível da Comarca de Pesqueira,6ª CC,Prioridade Legal
0005910-39.2023.8.17.3110,27/05/2026,1ª Vara Cível da Comarca de Pesqueira,5ª CCJ,Sem prioridade
0006419-67.2023.8.17.3110,10/06/2026,1ª Vara Cível da Comarca de Pesqueira,5ª CCJ,Prioridade Legal
0000235-32.2022.8.17.3110,08/06/2026,2ª Vara Cível da Comarca de Pesqueira,5ª CCJ,Prioridade Legal
0000354-90.2022.8.17.3110,01/06/2026,2ª Vara Cível da Comarca de Pesqueira,5ª CCJ,Prioridade Legal
0000371-39.2016.8.17.3110,27/05/2026,2ª Vara Cível da Comarca de Pesqueira,5ª CCJ,Prioridade Legal
0001181-97.2016.8.17.1110,29/05/2026,2ª Vara Cível da Comarca de Pesqueira,5ª CCJ,Sem prioridade
0001332-04.2021.8.17.3110,22/05/2026,2ª Vara Cível da Comarca de Pesqueira,5ª CCJ,Prioridade Legal
0001674-73.2025.8.17.3110,11/06/2026,2ª Vara Cível da Comarca de Pesqueira,5ª CCJ,Sem prioridade
0001793-73.2021.8.17.3110,08/06/2026,2ª Vara Cível da Comarca de Pesqueira,5ª CCJ,Prioridade Legal
0002320-83.2025.8.17.3110,08/06/2026,2ª Vara Cível da Comarca de Pesqueira,5ª CCJ,Prioridade Legal
0002748-36.2023.8.17.3110,09/06/2026,2ª Vara Cível da Comarca de Pesqueira,6ª CC,Prioridade Legal
0002953-65.2023.8.17.3110,11/06/2026,2ª Vara Cível da Comarca de Pesqueira,6ª CC,Prioridade Legal
0003195-92.2021.8.17.3110,26/05/2026,2ª Vara Cível da Comarca de Pesqueira,5ª CCJ,Prioridade Legal
0003835-61.2022.8.17.3110,10/06/2026,2ª Vara Cível da Comarca de Pesqueira,5ª CCJ,Prioridade Legal
0004061-32.2023.8.17.3110,27/05/2026,2ª Vara Cível da Comarca de Pesqueira,5ª CCJ,Prioridade Legal
0004099-15.2021.8.17.3110,17/06/2026,2ª Vara Cível da Comarca de Pesqueira,5ª CCJ,Prioridade Legal
0004991-84.2022.8.17.3110,27/05/2026,2ª Vara Cível da Comarca de Pesqueira,5ª CCJ,Prioridade Legal
0005058-15.2023.8.17.3110,17/06/2026,2ª Vara Cível da Comarca de Pesqueira,5ª CCJ,Prioridade Legal
0005705-10.2023.8.17.3110,09/06/2026,2ª Vara Cível da Comarca de Pesqueira,6ª CC,Prioridade Legal
0006625-81.2023.8.17.3110,10/06/2026,2ª Vara Cível da Comarca de Pesqueira,6ª CC,Prioridade Legal
0000087-30.2026.8.17.8235,06/05/2026,Juizado Especial Cível e das Relações de Consumo e Criminal da Comarca de Pesqueira,1ª CCJ,Prioridade Legal
0000190-74.2025.8.17.2220,15/06/2026,Juizado Especial Cível e das Relações de Consumo e Criminal da Comarca de Pesqueira,1ª CCJ,Prioridade Legal
0000194-74.2026.8.17.8235,29/05/2026,Juizado Especial Cível e das Relações de Consumo e Criminal da Comarca de Pesqueira,1ª CCJ,Prioridade Legal
0000199-96.2026.8.17.8235,02/06/2026,Juizado Especial Cível e das Relações de Consumo e Criminal da Comarca de Pesqueira,1ª CCJ,Prioridade Legal
0000202-22.2024.8.17.8235,28/05/2026,Juizado Especial Cível e das Relações de Consumo e Criminal da Comarca de Pesqueira,1ª CCJ,Prioridade Legal
0000251-92.2026.8.17.8235,15/06/2026,Juizado Especial Cível e das Relações de Consumo e Criminal da Comarca de Pesqueira,1ª CCJ,Prioridade Legal
0000667-02.2022.8.17.8235,15/06/2026,Juizado Especial Cível e das Relações de Consumo e Criminal da Comarca de Pesqueira,1ª CCJ,Prioridade Legal
0001018-67.2025.8.17.8235,18/05/2026,Juizado Especial Cível e das Relações de Consumo e Criminal da Comarca de Pesqueira,1ª CCJ,Prioridade Legal
0000037-52.2024.8.17.7110,18/06/2026,Vara Criminal da Comarca de Pesqueira,2ª CC,Prioridade Legal
0000097-85.2021.8.17.1110,18/06/2026,Vara Criminal da Comarca de Pesqueira,2ª CC,Sem prioridade
0002273-17.2022.8.17.3110,18/06/2026,Vara Criminal da Comarca de Pesqueira,2ª CC,Sem prioridade
0000005-03.2017.8.17.3130,16/05/2026,1ª Vara Cível da Comarca de Petrolina,1ª CCJ,Prioridade Legal
0000590-45.2023.8.17.3130,16/06/2026,1ª Vara Cível da Comarca de Petrolina,3ª CC,Sem prioridade
0005122-04.2019.8.17.3130,02/06/2026,1ª Vara Cível da Comarca de Petrolina,3ª CC,Prioridade Legal
0006760-72.2019.8.17.3130,11/06/2026,1ª Vara Cível da Comarca de Petrolina,3ª CC,Prioridade Legal
0009297-31.2025.8.17.3130,16/06/2026,1ª Vara Cível da Comarca de Petrolina,3ª CC,Sem prioridade
0011237-36.2022.8.17.3130,01/06/2026,1ª Vara Cível da Comarca de Petrolina,3ª CC,Sem prioridade
0012467-45.2024.8.17.3130,11/06/2026,1ª Vara Cível da Comarca de Petrolina,3ª CC,Prioridade Legal
0014131-14.2024.8.17.3130,11/06/2026,1ª Vara Cível da Comarca de Petrolina,3ª CC,Sem prioridade
0015471-61.2022.8.17.3130,22/05/2026,1ª Vara Cível da Comarca de Petrolina,3ª CC,Prioridade Legal
0016512-92.2024.8.17.3130,11/06/2026,1ª Vara Cível da Comarca de Petrolina,3ª CC,Prioridade Legal
0021924-04.2024.8.17.3130,11/06/2026,1ª Vara Cível da Comarca de Petrolina,3ª CC,Prioridade Legal
0001691-87.2025.8.17.8226,28/04/2026,1º Juizado Especial Cível e das Relações de Consumo de Petrolina,1ª CCJ,Prioridade Legal
0004478-89.2025.8.17.8226,18/06/2026,1º Juizado Especial Cível e das Relações de Consumo de Petrolina,1ª CCJ,Prioridade Legal
0006687-36.2022.8.17.8226,28/04/2026,1º Juizado Especial Cível e das Relações de Consumo de Petrolina,1ª CCJ,Prioridade Legal
0007786-41.2022.8.17.8226,08/06/2026,1º Juizado Especial Cível e das Relações de Consumo de Petrolina,1ª CCJ,Prioridade Legal
0008194-32.2022.8.17.8226,19/06/2026,1º Juizado Especial Cível e das Relações de Consumo de Petrolina,1ª CCJ,Prioridade Legal
0008848-19.2022.8.17.8226,25/05/2026,1º Juizado Especial Cível e das Relações de Consumo de Petrolina,1ª CCJ,Sem prioridade
0009342-44.2023.8.17.8226,01/06/2026,1º Juizado Especial Cível e das Relações de Consumo de Petrolina,1ª CCJ,Prioridade Legal
0009662-60.2024.8.17.8226,14/05/2026,1º Juizado Especial Cível e das Relações de Consumo de Petrolina,1ª CCJ,Prioridade Legal
0012141-26.2024.8.17.8226,14/05/2026,1º Juizado Especial Cível e das Relações de Consumo de Petrolina,1ª CCJ,Prioridade Legal
0001245-12.2026.8.17.3130,09/06/2026,2ª Vara Cível da Comarca de Petrolina,3ª CC,Prioridade Legal
0001908-97.2022.8.17.3130,18/05/2026,2ª Vara Cível da Comarca de Petrolina,1ª CCJ,Prioridade Legal
0002345-08.2014.8.17.1130,04/06/2026,2ª Vara Cível da Comarca de Petrolina,1ª CCJ,Sem prioridade
0003101-79.2024.8.17.3130,11/06/2026,2ª Vara Cível da Comarca de Petrolina,1ª CCJ,Sem prioridade
0004591-78.2020.8.17.3130,14/06/2026,2ª Vara Cível da Comarca de Petrolina,3ª CC,Super prioridade
0004759-17.2019.8.17.3130,09/06/2026,2ª Vara Cível da Comarca de Petrolina,3ª CC,Sem prioridade
0004763-10.2026.8.17.3130,10/06/2026,2ª Vara Cível da Comarca de Petrolina,3ª CC,Prioridade Legal
0006859-32.2025.8.17.3130,17/06/2026,2ª Vara Cível da Comarca de Petrolina,3ª CC,Prioridade Legal
0007342-28.2026.8.17.3130,11/06/2026,2ª Vara Cível da Comarca de Petrolina,1ª CCJ,Prioridade Legal
0007793-53.2026.8.17.3130,10/06/2026,2ª Vara Cível da Comarca de Petrolina,3ª CC,Prioridade Legal
0008162-47.2026.8.17.3130,10/06/2026,2ª Vara Cível da Comarca de Petrolina,3ª CC,Prioridade Legal
0008216-81.2024.8.17.3130,11/06/2026,2ª Vara Cível da Comarca de Petrolina,3ª CC,Prioridade Legal
0009547-35.2023.8.17.3130,16/06/2026,2ª Vara Cível da Comarca de Petrolina,3ª CC,Prioridade Legal
0012105-14.2022.8.17.3130,22/05/2026,2ª Vara Cível da Comarca de Petrolina,1ª CCJ,Prioridade Legal
0012373-05.2021.8.17.3130,02/06/2026,2ª Vara Cível da Comarca de Petrolina,1ª CCJ,Sem prioridade
0013592-48.2024.8.17.3130,26/05/2026,2ª Vara Cível da Comarca de Petrolina,3ª CC,Sem prioridade
0015371-04.2025.8.17.3130,10/06/2026,2ª Vara Cível da Comarca de Petrolina,3ª CC,Prioridade Legal
0017181-14.2025.8.17.3130,10/06/2026,2ª Vara Cível da Comarca de Petrolina,3ª CC,Prioridade Legal
0017251-31.2025.8.17.3130,10/06/2026,2ª Vara Cível da Comarca de Petrolina,3ª CC,Prioridade Legal
0018841-77.2024.8.17.3130,14/06/2026,2ª Vara Cível da Comarca de Petrolina,3ª CC,Prioridade Legal
0019020-74.2025.8.17.3130,10/06/2026,2ª Vara Cível da Comarca de Petrolina,3ª CC,Prioridade Legal
0009098-43.2024.8.17.3130,18/06/2026,2ª Vara de Família e Registro Civil da Comarca de Petrolina,3ª CC,Prioridade Legal
0009452-78.2018.8.17.3130,05/06/2026,2ª Vara de Família e Registro Civil da Comarca de Petrolina,3ª CC,Prioridade Legal
0011247-85.2019.8.17.3130,18/06/2026,2ª Vara de Família e Registro Civil da Comarca de Petrolina,3ª CC,Prioridade Legal
0013034-13.2023.8.17.3130,10/06/2026,2ª Vara de Família e Registro Civil da Comarca de Petrolina,3ª CC,Prioridade Legal
0003808-51.2025.8.17.8226,19/06/2026,2º Juizado Especial Cível e das Relações de Consumo de Petrolina,1ª CCJ,Prioridade Legal
0004725-70.2025.8.17.8226,16/06/2026,2º Juizado Especial Cível e das Relações de Consumo de Petrolina,1ª CCJ,Prioridade Legal
0005230-66.2022.8.17.8226,16/06/2026,2º Juizado Especial Cível e das Relações de Consumo de Petrolina,1ª CCJ,Prioridade Legal
0005865-42.2025.8.17.8226,18/06/2026,2º Juizado Especial Cível e das Relações de Consumo de Petrolina,1ª CCJ,Prioridade Legal
0006838-94.2025.8.17.8226,13/05/2026,2º Juizado Especial Cível e das Relações de Consumo de Petrolina,1ª CCJ,Prioridade Legal
0007006-96.2025.8.17.8226,19/05/2026,2º Juizado Especial Cível e das Relações de Consumo de Petrolina,1ª CCJ,Prioridade Legal
0007464-16.2025.8.17.8226,04/06/2026,2º Juizado Especial Cível e das Relações de Consumo de Petrolina,1ª CCJ,Prioridade Legal
0001622-22.2022.8.17.3130,01/06/2026,3ª Vara Cível da Comarca de Petrolina,3ª CC,Prioridade Legal
0002805-24.2016.8.17.1130,25/05/2026,3ª Vara Cível da Comarca de Petrolina,3ª CC,Sem prioridade
0010482-47.2012.8.17.1130,15/06/2026,3ª Vara Cível da Comarca de Petrolina,3ª CC,Sem prioridade
0010575-77.2019.8.17.3130,12/06/2026,3ª Vara Cível da Comarca de Petrolina,3ª CC,Sem prioridade
0011011-65.2021.8.17.3130,01/06/2026,3ª Vara Cível da Comarca de Petrolina,3ª CC,Prioridade Legal
0011523-14.2022.8.17.3130,31/05/2026,3ª Vara Cível da Comarca de Petrolina,3ª CC,Sem prioridade
0013613-24.2024.8.17.3130,30/04/2026,3ª Vara Cível da Comarca de Petrolina,1ª CCJ,Sem prioridade
0014061-95.2015.8.17.1130,15/06/2026,3ª Vara Cível da Comarca de Petrolina,3ª CC,Super prioridade
0015942-73.2016.8.17.1130,12/06/2026,3ª Vara Cível da Comarca de Petrolina,3ª CC,Sem prioridade
0019202-94.2024.8.17.3130,09/06/2026,3ª Vara Cível da Comarca de Petrolina,3ª CC,Prioridade Legal
0019312-93.2024.8.17.3130,17/06/2026,3ª Vara Cível da Comarca de Petrolina,3ª CC,Prioridade Legal
0021648-07.2023.8.17.3130,11/06/2026,3ª Vara Cível da Comarca de Petrolina,3ª CC,Prioridade Legal
0000184-57.2026.8.17.8226,27/05/2026,3º Juizado Especial Cível e das Relações de Consumo de Petrolina,1ª CCJ,Prioridade Legal
0000920-12.2025.8.17.8226,16/06/2026,3º Juizado Especial Cível e das Relações de Consumo de Petrolina,1ª CCJ,Prioridade Legal
0009647-91.2024.8.17.8226,27/05/2026,3º Juizado Especial Cível e das Relações de Consumo de Petrolina,1ª CCJ,Prioridade Legal
0000685-46.2021.8.17.3130,18/06/2026,4ª Vara Cível da Comarca de Petrolina,3ª CC,Sem prioridade
0000699-69.2017.8.17.3130,05/06/2026,4ª Vara Cível da Comarca de Petrolina,3ª CC,Sem prioridade
0000726-76.2022.8.17.3130,05/06/2026,4ª Vara Cível da Comarca de Petrolina,1ª CCJ,Prioridade Legal
0004761-42.2022.8.17.3110,14/06/2026,4ª Vara Cível da Comarca de Petrolina,3ª CC,Prioridade Legal
0006659-64.2021.8.17.3130,20/05/2026,4ª Vara Cível da Comarca de Petrolina,1ª CCJ,Sem prioridade
0007106-47.2024.8.17.3130,14/06/2026,4ª Vara Cível da Comarca de Petrolina,3ª CC,Sem prioridade
0007617-79.2023.8.17.3130,05/06/2026,4ª Vara Cível da Comarca de Petrolina,1ª CCJ,Prioridade Legal
0009380-82.2015.8.17.1130,28/05/2026,4ª Vara Cível da Comarca de Petrolina,1ª CCJ,Prioridade Legal
0009594-39.2016.8.17.1130,01/06/2026,4ª Vara Cível da Comarca de Petrolina,3ª CC,Sem prioridade
0011025-49.2021.8.17.3130,05/06/2026,4ª Vara Cível da Comarca de Petrolina,1ª CCJ,Prioridade Legal
0012801-79.2024.8.17.3130,05/06/2026,4ª Vara Cível da Comarca de Petrolina,3ª CC,Prioridade Legal
0018265-55.2022.8.17.3130,05/06/2026,4ª Vara Cível da Comarca de Petrolina,3ª CC,Prioridade Legal
0000441-59.2017.8.17.3130,09/06/2026,5ª Vara Cível da Comarca de Petrolina,3ª CC,Prioridade Legal
0001866-15.2014.8.17.1130,02/06/2026,5ª Vara Cível da Comarca de Petrolina,3ª CC,Sem prioridade
0002205-07.2022.8.17.3130,31/05/2026,5ª Vara Cível da Comarca de Petrolina,3ª CC,Prioridade Legal
0003938-03.2025.8.17.3130,27/05/2026,5ª Vara Cível da Comarca de Petrolina,3ª CC,Prioridade Legal
0006549-65.2021.8.17.3130,16/05/2026,5ª Vara Cível da Comarca de Petrolina,1ª CCJ,Prioridade Legal
0006613-17.2017.8.17.3130,14/06/2026,5ª Vara Cível da Comarca de Petrolina,3ª CC,Sem prioridade
0006917-69.2024.8.17.3130,19/06/2026,5ª Vara Cível da Comarca de Petrolina,3ª CC,Prioridade Legal
0007863-42.2015.8.17.1130,05/06/2026,5ª Vara Cível da Comarca de Petrolina,3ª CC,Prioridade Legal
0010418-36.2021.8.17.3130,27/05/2026,5ª Vara Cível da Comarca de Petrolina,3ª CC,Prioridade Legal
0013709-05.2025.8.17.3130,19/06/2026,5ª Vara Cível da Comarca de Petrolina,3ª CC,Prioridade Legal
0013721-88.2014.8.17.1130,26/05/2026,5ª Vara Cível da Comarca de Petrolina,1ª CCJ,Prioridade Legal
0014402-23.2024.8.17.3130,25/05/2026,5ª Vara Cível da Comarca de Petrolina,1ª CCJ,Prioridade Legal
0014999-89.2024.8.17.3130,10/06/2026,5ª Vara Cível da Comarca de Petrolina,3ª CC,Prioridade Legal
0018069-17.2024.8.17.3130,03/06/2026,5ª Vara Cível da Comarca de Petrolina,1ª CCJ,Prioridade Legal
0000053-88.2019.8.17.3130,09/06/2026,Vara da Fazenda Pública da Comarca de Petrolina,4ª CC,Sem prioridade
0000058-03.2025.8.17.3130,09/06/2026,Vara da Fazenda Pública da Comarca de Petrolina,4ª CC,Prioridade Legal
0000095-30.2025.8.17.3130,21/06/2026,Vara da Fazenda Pública da Comarca de Petrolina,4ª CC,Super prioridade
0000218-05.2018.8.17.3120,20/05/2026,Vara da Fazenda Pública da Comarca de Petrolina,2ª CCJ,Prioridade Legal
0000277-55.2021.8.17.3130,18/06/2026,Vara da Fazenda Pública da Comarca de Petrolina,2ª CCJ,Prioridade Legal
0000488-33.2017.8.17.3130,18/05/2026,Vara da Fazenda Pública da Comarca de Petrolina,2ª CCJ,Prioridade Legal
0000553-57.2019.8.17.3130,22/05/2026,Vara da Fazenda Pública da Comarca de Petrolina,2ª CCJ,Sem prioridade
0000710-59.2021.8.17.3130,14/05/2026,Vara da Fazenda Pública da Comarca de Petrolina,2ª CCJ,Prioridade Legal
0000747-47.2025.8.17.3130,19/06/2026,Vara da Fazenda Pública da Comarca de Petrolina,4ª CC,Prioridade Legal
0000787-05.2020.8.17.3130,27/05/2026,Vara da Fazenda Pública da Comarca de Petrolina,2ª CCJ,Prioridade Legal
0000944-12.2019.8.17.3130,15/06/2026,Vara da Fazenda Pública da Comarca de Petrolina,2ª CCJ,Prioridade Legal
0001101-19.2018.8.17.3130,10/06/2026,Vara da Fazenda Pública da Comarca de Petrolina,2ª CCJ,Prioridade Legal
0001122-24.2020.8.17.3130,20/05/2026,Vara da Fazenda Pública da Comarca de Petrolina,2ª CCJ,Prioridade Legal
0001178-62.2017.8.17.3130,09/06/2026,Vara da Fazenda Pública da Comarca de Petrolina,2ª CCJ,Prioridade Legal
0001270-93.2024.8.17.3130,09/06/2026,Vara da Fazenda Pública da Comarca de Petrolina,4ª CC,Prioridade Legal
0001315-44.2017.8.17.3130,07/05/2026,Vara da Fazenda Pública da Comarca de Petrolina,2ª CCJ,Prioridade Legal
0001586-82.2019.8.17.3130,16/06/2026,Vara da Fazenda Pública da Comarca de Petrolina,2ª CCJ,Prioridade Legal
0001591-41.2018.8.17.3130,11/06/2026,Vara da Fazenda Pública da Comarca de Petrolina,2ª CCJ,Prioridade Legal
0001665-27.2020.8.17.3130,20/05/2026,Vara da Fazenda Pública da Comarca de Petrolina,2ª CCJ,Prioridade Legal
0001920-82.2020.8.17.3130,06/05/2026,Vara da Fazenda Pública da Comarca de Petrolina,2ª CCJ,Prioridade Legal
0001995-88.2012.8.17.1130,17/06/2026,Vara da Fazenda Pública da Comarca de Petrolina,4ª CC,Sem prioridade
0002184-02.2020.8.17.3130,20/05/2026,Vara da Fazenda Pública da Comarca de Petrolina,2ª CCJ,Prioridade Legal
0002402-30.2020.8.17.3130,20/05/2026,Vara da Fazenda Pública da Comarca de Petrolina,2ª CCJ,Prioridade Legal
0002826-38.2021.8.17.3130,21/06/2026,Vara da Fazenda Pública da Comarca de Petrolina,4ª CC,Sem prioridade
0002962-69.2020.8.17.3130,05/06/2026,Vara da Fazenda Pública da Comarca de Petrolina,2ª CCJ,Prioridade Legal
0003147-35.2016.8.17.1130,12/06/2026,Vara da Fazenda Pública da Comarca de Petrolina,4ª CC,Sem prioridade
0003208-31.2021.8.17.3130,17/06/2026,Vara da Fazenda Pública da Comarca de Petrolina,4ª CC,Sem prioridade
0004052-78.2021.8.17.3130,08/06/2026,Vara da Fazenda Pública da Comarca de Petrolina,2ª CCJ,Prioridade Legal
0004594-67.2019.8.17.3130,08/06/2026,Vara da Fazenda Pública da Comarca de Petrolina,2ª CCJ,Prioridade Legal
0004751-64.2024.8.17.3130,15/06/2026,Vara da Fazenda Pública da Comarca de Petrolina,4ª CC,Prioridade Legal
0004874-38.2019.8.17.3130,20/05/2026,Vara da Fazenda Pública da Comarca de Petrolina,2ª CCJ,Sem prioridade
0005160-17.2010.8.17.1130,08/05/2026,Vara da Fazenda Pública da Comarca de Petrolina,2ª CCJ,Sem prioridade
0005337-72.2022.8.17.3130,20/05/2026,Vara da Fazenda Pública da Comarca de Petrolina,2ª CCJ,Prioridade Legal
0005609-42.2017.8.17.3130,19/06/2026,Vara da Fazenda Pública da Comarca de Petrolina,4ª CC,Sem prioridade
0005613-06.2022.8.17.3130,09/06/2026,Vara da Fazenda Pública da Comarca de Petrolina,2ª CCJ,Sem prioridade
0005759-23.2017.8.17.3130,12/06/2026,Vara da Fazenda Pública da Comarca de Petrolina,2ª CCJ,Prioridade Legal
0005901-56.2019.8.17.3130,27/05/2026,Vara da Fazenda Pública da Comarca de Petrolina,2ª CCJ,Prioridade Legal
0005927-54.2019.8.17.3130,20/05/2026,Vara da Fazenda Pública da Comarca de Petrolina,2ª CCJ,Sem prioridade
0006223-76.2019.8.17.3130,29/05/2026,Vara da Fazenda Pública da Comarca de Petrolina,2ª CCJ,Prioridade Legal
0007152-46.2018.8.17.3130,21/06/2026,Vara da Fazenda Pública da Comarca de Petrolina,2ª CCJ,Sem prioridade
0007411-41.2018.8.17.3130,10/06/2026,Vara da Fazenda Pública da Comarca de Petrolina,2ª CCJ,Prioridade Legal
0007451-86.2019.8.17.3130,16/06/2026,Vara da Fazenda Pública da Comarca de Petrolina,2ª CCJ,Prioridade Legal
0007623-28.2019.8.17.3130,27/05/2026,Vara da Fazenda Pública da Comarca de Petrolina,2ª CCJ,Prioridade Legal
0007629-69.2018.8.17.3130,12/06/2026,Vara da Fazenda Pública da Comarca de Petrolina,2ª CCJ,Prioridade Legal
0007736-79.2019.8.17.3130,10/06/2026,Vara da Fazenda Pública da Comarca de Petrolina,2ª CCJ,Prioridade Legal
0007742-86.2019.8.17.3130,29/05/2026,Vara da Fazenda Pública da Comarca de Petrolina,2ª CCJ,Prioridade Legal
0007814-10.2018.8.17.3130,17/06/2026,Vara da Fazenda Pública da Comarca de Petrolina,2ª CCJ,Prioridade Legal
0007900-73.2021.8.17.3130,21/05/2026,Vara da Fazenda Pública da Comarca de Petrolina,2ª CCJ,Prioridade Legal
0007922-63.2023.8.17.3130,09/06/2026,Vara da Fazenda Pública da Comarca de Petrolina,4ª CC,Prioridade Legal
0008057-75.2023.8.17.3130,12/06/2026,Vara da Fazenda Pública da Comarca de Petrolina,4ª CC,Prioridade Legal
0008253-16.2021.8.17.3130,18/06/2026,Vara da Fazenda Pública da Comarca de Petrolina,2ª CCJ,Prioridade Legal
0008773-78.2018.8.17.3130,10/06/2026,Vara da Fazenda Pública da Comarca de Petrolina,2ª CCJ,Prioridade Legal
0008962-12.2025.8.17.3130,08/06/2026,Vara da Fazenda Pública da Comarca de Petrolina,4ª CC,Prioridade Legal
0009811-91.2019.8.17.3130,17/06/2026,Vara da Fazenda Pública da Comarca de Petrolina,4ª CC,Sem prioridade
0009833-52.2019.8.17.3130,17/06/2026,Vara da Fazenda Pública da Comarca de Petrolina,2ª CCJ,Prioridade Legal
0010281-84.2014.8.17.1130,09/06/2026,Vara da Fazenda Pública da Comarca de Petrolina,4ª CC,Prioridade Legal
0010454-78.2021.8.17.3130,17/06/2026,Vara da Fazenda Pública da Comarca de Petrolina,4ª CC,Sem prioridade
0010580-31.2021.8.17.3130,03/06/2026,Vara da Fazenda Pública da Comarca de Petrolina,2ª CCJ,Sem prioridade
0011042-52.2013.8.17.1130,18/06/2026,Vara da Fazenda Pública da Comarca de Petrolina,4ª CC,Super prioridade
0011720-71.2019.8.17.3130,07/05/2026,Vara da Fazenda Pública da Comarca de Petrolina,2ª CCJ,Prioridade Legal
0012595-03.2014.8.17.1130,10/06/2026,Vara da Fazenda Pública da Comarca de Petrolina,4ª CC,Sem prioridade
0012894-77.2014.8.17.1130,12/06/2026,Vara da Fazenda Pública da Comarca de Petrolina,4ª CC,Sem prioridade
0013172-48.2021.8.17.3130,18/06/2026,Vara da Fazenda Pública da Comarca de Petrolina,2ª CCJ,Prioridade Legal
0013523-51.2014.8.17.1130,17/06/2026,Vara da Fazenda Pública da Comarca de Petrolina,4ª CC,Sem prioridade
0013573-77.2014.8.17.1130,09/06/2026,Vara da Fazenda Pública da Comarca de Petrolina,4ª CC,Sem prioridade
0013967-84.2014.8.17.1130,18/06/2026,Vara da Fazenda Pública da Comarca de Petrolina,4ª CC,Sem prioridade
0014225-93.2023.8.17.3130,25/05/2026,Vara da Fazenda Pública da Comarca de Petrolina,2ª CCJ,Sem prioridade
0014631-85.2021.8.17.3130,05/05/2026,Vara da Fazenda Pública da Comarca de Petrolina,2ª CCJ,Prioridade Legal
0016930-98.2022.8.17.3130,10/06/2026,Vara da Fazenda Pública da Comarca de Petrolina,2ª CCJ,Sem prioridade
0017465-90.2023.8.17.3130,20/05/2026,Vara da Fazenda Pública da Comarca de Petrolina,2ª CCJ,Prioridade Legal
0019758-67.2022.8.17.3130,17/06/2026,Vara da Fazenda Pública da Comarca de Petrolina,2ª CCJ,Prioridade Legal
0020736-73.2024.8.17.3130,07/06/2026,Vara da Fazenda Pública da Comarca de Petrolina,2ª CCJ,Prioridade Legal
0024548-60.2023.8.17.3130,18/06/2026,Vara da Fazenda Pública da Comarca de Petrolina,2ª CCJ,Prioridade Legal
0027971-28.2023.8.17.3130,28/05/2026,Vara da Fazenda Pública da Comarca de Petrolina,2ª CCJ,Prioridade Legal
0000112-05.2019.8.17.1440,23/04/2026,1ª Vara da Comarca de Petrolândia,7ª CC,Sem prioridade
0000177-78.2011.8.17.1440,09/06/2026,1ª Vara da Comarca de Petrolândia,6ª CCJ,Sem prioridade
0000181-51.2019.8.17.3440,16/06/2026,1ª Vara da Comarca de Petrolândia,7ª CC,Prioridade Legal
0000213-71.2015.8.17.1120,18/06/2026,1ª Vara da Comarca de Petrolândia,6ª CCJ,Prioridade Legal
0000236-17.2015.8.17.1120,03/06/2026,1ª Vara da Comarca de Petrolândia,6ª CCJ,Prioridade Legal
0000392-14.2018.8.17.3120,08/06/2026,1ª Vara da Comarca de Petrolândia,6ª CCJ,Prioridade Legal
0000510-58.2022.8.17.3440,12/06/2026,1ª Vara da Comarca de Petrolândia,6ª CCJ,Prioridade Legal
0000609-48.2015.8.17.1120,02/06/2026,1ª Vara da Comarca de Petrolândia,6ª CCJ,Sem prioridade
0000632-91.2015.8.17.1120,09/06/2026,1ª Vara da Comarca de Petrolândia,6ª CCJ,Prioridade Legal
0000644-08.2015.8.17.1120,09/06/2026,1ª Vara da Comarca de Petrolândia,6ª CCJ,Prioridade Legal
0000819-11.2018.8.17.3120,07/06/2026,1ª Vara da Comarca de Petrolândia,6ª CCJ,Prioridade Legal
0000840-21.2017.8.17.3120,17/06/2026,1ª Vara da Comarca de Petrolândia,7ª CC,Sem prioridade
0001123-35.2014.8.17.1120,10/06/2026,1ª Vara da Comarca de Petrolândia,6ª CCJ,Prioridade Legal
0001129-42.2014.8.17.1120,10/06/2026,1ª Vara da Comarca de Petrolândia,6ª CCJ,Prioridade Legal
0001152-84.2023.8.17.3120,12/06/2026,1ª Vara da Comarca de Petrolândia,7ª CC,Prioridade Legal
0001199-92.2022.8.17.3120,14/06/2026,1ª Vara da Comarca de Petrolândia,7ª CC,Prioridade Legal
0001280-08.2014.8.17.1120,12/06/2026,1ª Vara da Comarca de Petrolândia,6ª CCJ,Prioridade Legal
0001395-29.2014.8.17.1120,11/06/2026,1ª Vara da Comarca de Petrolândia,6ª CCJ,Prioridade Legal
0001411-12.2016.8.17.1120,09/06/2026,1ª Vara da Comarca de Petrolândia,6ª CCJ,Sem prioridade
0001431-71.2014.8.17.1120,19/06/2026,1ª Vara da Comarca de Petrolândia,6ª CCJ,Prioridade Legal
0001531-25.2023.8.17.3120,17/06/2026,1ª Vara da Comarca de Petrolândia,7ª CC,Sem prioridade
0001751-56.2023.8.17.4370,12/06/2026,1ª Vara da Comarca de Petrolândia,7ª CC,Sem prioridade
0002606-65.2024.8.17.3120,19/06/2026,1ª Vara da Comarca de Petrolândia,7ª CC,Prioridade Legal
0002738-25.2024.8.17.3120,18/06/2026,1ª Vara da Comarca de Petrolândia,7ª CC,Prioridade Legal
0000349-44.2010.8.17.1120,16/06/2026,2ª Vara da Comarca de Petrolândia,7ª CC,Sem prioridade
0000356-98.2020.8.17.3120,08/06/2026,2ª Vara da Comarca de Petrolândia,6ª CCJ,Prioridade Legal
0000552-92.2025.8.17.3120,21/06/2026,2ª Vara da Comarca de Petrolândia,7ª CC,Prioridade Legal
0000573-84.2007.8.17.1120,21/06/2026,2ª Vara da Comarca de Petrolândia,7ª CC,Prioridade Legal
0000623-66.2014.8.17.1120,02/06/2026,2ª Vara da Comarca de Petrolândia,6ª CCJ,Sem prioridade
0000878-33.2017.8.17.3120,19/06/2026,2ª Vara da Comarca de Petrolândia,7ª CC,Prioridade Legal
0001068-15.2025.8.17.3120,14/06/2026,2ª Vara da Comarca de Petrolândia,7ª CC,Sem prioridade
0001093-97.2014.8.17.1120,17/06/2026,2ª Vara da Comarca de Petrolândia,6ª CCJ,Prioridade Legal
0001188-97.2021.8.17.3120,14/06/2026,2ª Vara da Comarca de Petrolândia,7ª CC,Prioridade Legal
0001307-53.2024.8.17.3120,21/06/2026,2ª Vara da Comarca de Petrolândia,7ª CC,Prioridade Legal
0001310-71.2025.8.17.3120,01/06/2026,2ª Vara da Comarca de Petrolândia,6ª CCJ,Prioridade Legal
0001346-16.2025.8.17.3120,17/06/2026,2ª Vara da Comarca de Petrolândia,7ª CC,Sem prioridade
0001594-84.2022.8.17.3120,17/06/2026,2ª Vara da Comarca de Petrolândia,7ª CC,Prioridade Legal
0001710-23.2015.8.17.1120,19/06/2026,2ª Vara da Comarca de Petrolândia,7ª CC,Prioridade Legal
0001819-02.2025.8.17.3120,14/06/2026,2ª Vara da Comarca de Petrolândia,7ª CC,Prioridade Legal
0001915-17.2025.8.17.3120,15/06/2026,2ª Vara da Comarca de Petrolândia,7ª CC,Prioridade Legal
0002099-07.2024.8.17.3120,19/06/2026,2ª Vara da Comarca de Petrolândia,6ª CCJ,Prioridade Legal
0002344-52.2023.8.17.3120,15/06/2026,2ª Vara da Comarca de Petrolândia,7ª CC,Prioridade Legal
0000047-11.2025.8.17.3150,04/06/2026,Vara Única da Comarca de Pombos,4ª CCJ,Sem prioridade
0000065-71.2021.8.17.3150,01/06/2026,Vara Única da Comarca de Pombos,5ª CC,Prioridade Legal
0000095-09.2021.8.17.3150,12/06/2026,Vara Única da Comarca de Pombos,5ª CC,Sem prioridade
0000122-56.2013.8.17.1150,29/05/2026,Vara Única da Comarca de Pombos,5ª CC,Sem prioridade
0000152-95.2019.8.17.3150,27/05/2026,Vara Única da Comarca de Pombos,4ª CCJ,Prioridade Legal
0000186-94.2024.8.17.3150,15/06/2026,Vara Única da Comarca de Pombos,5ª CC,Prioridade Legal
0000246-78.2009.8.17.1150,05/06/2026,Vara Única da Comarca de Pombos,5ª CC,Prioridade Legal
0000346-57.2014.8.17.1150,19/06/2026,Vara Única da Comarca de Pombos,4ª CCJ,Prioridade Legal
0000421-71.2018.8.17.3150,22/05/2026,Vara Única da Comarca de Pombos,4ª CCJ,Prioridade Legal
0000436-40.2018.8.17.3150,27/05/2026,Vara Única da Comarca de Pombos,4ª CCJ,Prioridade Legal
0000472-54.2023.8.17.4590,04/06/2026,Vara Única da Comarca de Pombos,5ª CC,Prioridade Legal
0000503-68.2019.8.17.3150,02/06/2026,Vara Única da Comarca de Pombos,4ª CCJ,Prioridade Legal
0000544-94.2014.8.17.1150,08/06/2026,Vara Única da Comarca de Pombos,5ª CC,Super prioridade
0000589-68.2021.8.17.3150,18/06/2026,Vara Única da Comarca de Pombos,5ª CC,Prioridade Legal
0000689-24.2012.8.17.1150,03/06/2026,Vara Única da Comarca de Pombos,4ª CCJ,Prioridade Legal
0000815-06.2014.8.17.1150,01/06/2026,Vara Única da Comarca de Pombos,5ª CC,Sem prioridade
0000861-57.2024.8.17.3150,01/06/2026,Vara Única da Comarca de Pombos,4ª CCJ,Prioridade Legal
0000892-82.2021.8.17.3150,05/06/2026,Vara Única da Comarca de Pombos,5ª CC,Prioridade Legal
0000959-42.2024.8.17.3150,12/06/2026,Vara Única da Comarca de Pombos,5ª CC,Prioridade Legal
0000986-60.2014.8.17.1150,05/06/2026,Vara Única da Comarca de Pombos,5ª CC,Sem prioridade
0001323-48.2023.8.17.3150,19/06/2026,Vara Única da Comarca de Pombos,5ª CC,Sem prioridade
0001465-52.2023.8.17.3150,19/06/2026,Vara Única da Comarca de Pombos,5ª CC,Prioridade Legal
0001486-28.2023.8.17.3150,19/06/2026,Vara Única da Comarca de Pombos,5ª CC,Prioridade Legal
0034067-80.2025.8.17.2001,04/06/2026,Vara Única da Comarca de Pombos,5ª CC,Prioridade Legal
0000077-78.2021.8.17.6030,04/06/2026,Vara Única da Comarca de Quipapá,5ª CC,Prioridade Legal
0000104-76.2019.8.17.3170,12/06/2026,Vara Única da Comarca de Quipapá,5ª CC,Prioridade Legal
0000261-73.2024.8.17.3170,29/05/2026,Vara Única da Comarca de Quipapá,5ª CC,Prioridade Legal
0000268-61.2018.8.17.1170,17/06/2026,Vara Única da Comarca de Quipapá,5ª CC,Prioridade Legal
0000293-44.2025.8.17.3170,27/05/2026,Vara Única da Comarca de Quipapá,5ª CC,Prioridade Legal
0000337-63.2025.8.17.3170,05/06/2026,Vara Única da Comarca de Quipapá,5ª CC,Prioridade Legal
0003696-55.2022.8.17.4001,17/06/2026,10ª Vara Criminal da Capital,2ª CC,Prioridade Legal
0004049-90.2025.8.17.4001,15/06/2026,10ª Vara Criminal da Capital,2ª CC,Prioridade Legal
0006401-89.2023.8.17.4001,19/06/2026,10ª Vara Criminal da Capital,2ª CC,Sem prioridade
0035672-03.2021.8.17.2001,27/05/2026,10ª Vara de Família e Registro Civil da Capital,3ª CC,Prioridade Legal
0064034-73.2025.8.17.2001,17/06/2026,10ª Vara de Família e Registro Civil da Capital,3ª CC,Prioridade Legal
0087672-77.2021.8.17.2001,18/06/2026,10ª Vara de Família e Registro Civil da Capital,3ª CCJ,Sem prioridade
0109552-86.2025.8.17.2001,10/06/2026,10ª Vara de Família e Registro Civil da Capital,3ª CC,Prioridade Legal
0000256-22.2026.8.17.8201,19/05/2026,10º Juizado Especial Cível e das Relações de Consumo da Capital - Turno Tarde - 13:00h às 19:00h,1ª CCJ,Prioridade Legal
0001590-91.2026.8.17.8201,04/05/2026,10º Juizado Especial Cível e das Relações de Consumo da Capital - Turno Tarde - 13:00h às 19:00h,1ª CCJ,Prioridade Legal
0003636-53.2026.8.17.8201,15/06/2026,10º Juizado Especial Cível e das Relações de Consumo da Capital - Turno Tarde - 13:00h às 19:00h,1ª CCJ,Prioridade Legal
0005304-59.2026.8.17.8201,29/05/2026,10º Juizado Especial Cível e das Relações de Consumo da Capital - Turno Tarde - 13:00h às 19:00h,1ª CCJ,Prioridade Legal
0005609-43.2026.8.17.8201,09/06/2026,10º Juizado Especial Cível e das Relações de Consumo da Capital - Turno Tarde - 13:00h às 19:00h,1ª CCJ,Prioridade Legal
0011418-82.2024.8.17.8201,07/05/2026,10º Juizado Especial Cível e das Relações de Consumo da Capital - Turno Tarde - 13:00h às 19:00h,1ª CCJ,Prioridade Legal
0014662-82.2025.8.17.8201,26/05/2026,10º Juizado Especial Cível e das Relações de Consumo da Capital - Turno Tarde - 13:00h às 19:00h,1ª CCJ,Prioridade Legal
0018369-58.2025.8.17.8201,05/05/2026,10º Juizado Especial Cível e das Relações de Consumo da Capital - Turno Tarde - 13:00h às 19:00h,1ª CCJ,Prioridade Legal
0025303-66.2024.8.17.8201,26/05/2026,10º Juizado Especial Cível e das Relações de Consumo da Capital - Turno Tarde - 13:00h às 19:00h,1ª CCJ,Prioridade Legal
0025575-26.2025.8.17.8201,04/05/2026,10º Juizado Especial Cível e das Relações de Consumo da Capital - Turno Tarde - 13:00h às 19:00h,1ª CCJ,Prioridade Legal
0026790-37.2025.8.17.8201,17/06/2026,10º Juizado Especial Cível e das Relações de Consumo da Capital - Turno Tarde - 13:00h às 19:00h,1ª CCJ,Prioridade Legal
0044771-16.2024.8.17.8201,26/05/2026,10º Juizado Especial Cível e das Relações de Consumo da Capital - Turno Tarde - 13:00h às 19:00h,1ª CCJ,Prioridade Legal
0045632-65.2025.8.17.8201,26/05/2026,10º Juizado Especial Cível e das Relações de Consumo da Capital - Turno Tarde - 13:00h às 19:00h,1ª CCJ,Prioridade Legal
0046748-43.2024.8.17.8201,08/06/2026,10º Juizado Especial Cível e das Relações de Consumo da Capital - Turno Tarde - 13:00h às 19:00h,1ª CCJ,Prioridade Legal
0047778-79.2025.8.17.8201,15/06/2026,10º Juizado Especial Cível e das Relações de Consumo da Capital - Turno Tarde - 13:00h às 19:00h,1ª CCJ,Prioridade Legal
0050879-27.2025.8.17.8201,04/05/2026,10º Juizado Especial Cível e das Relações de Consumo da Capital - Turno Tarde - 13:00h às 19:00h,1ª CCJ,Prioridade Legal
0051567-72.2014.8.17.8201,09/06/2026,10º Juizado Especial Cível e das Relações de Consumo da Capital - Turno Tarde - 13:00h às 19:00h,1ª CCJ,Prioridade Legal
0053910-55.2025.8.17.8201,29/04/2026,10º Juizado Especial Cível e das Relações de Consumo da Capital - Turno Tarde - 13:00h às 19:00h,1ª CCJ,Prioridade Legal
0059361-32.2023.8.17.8201,15/06/2026,10º Juizado Especial Cível e das Relações de Consumo da Capital - Turno Tarde - 13:00h às 19:00h,1ª CCJ,Prioridade Legal
0000066-35.2026.8.17.2001,05/06/2026,11ª Vara de Família e Registro Civil da Capital,3ª CC,Prioridade Legal
0022462-06.2026.8.17.2001,04/06/2026,11ª Vara de Família e Registro Civil da Capital,3ª CCJ,Super prioridade
0055531-98.2015.8.17.0001,08/06/2026,11ª Vara de Família e Registro Civil da Capital,3ª CCJ,Sem prioridade
0071778-90.2023.8.17.2001,19/06/2026,11ª Vara de Família e Registro Civil da Capital,3ª CCJ,Prioridade Legal
0102065-12.2018.8.17.2001,17/06/2026,11ª Vara de Família e Registro Civil da Capital,3ª CCJ,Prioridade Legal
0134611-81.2022.8.17.2001,03/06/2026,11ª Vara de Família e Registro Civil da Capital,3ª CCJ,Prioridade Legal
0139197-93.2024.8.17.2001,19/06/2026,11ª Vara de Família e Registro Civil da Capital,3ª CCJ,Super prioridade
0143706-67.2024.8.17.2001,15/06/2026,11ª Vara de Família e Registro Civil da Capital,3ª CC,Prioridade Legal
0011188-06.2025.8.17.8201,30/04/2026,11º Juizado Especial Cível e das Relações de Consumo da Capital - Turno Tarde - 13:00h às 19:00h,1ª CCJ,Prioridade Legal
0012043-19.2024.8.17.8201,25/05/2026,11º Juizado Especial Cível e das Relações de Consumo da Capital - Turno Tarde - 13:00h às 19:00h,1ª CCJ,Prioridade Legal
0012542-71.2022.8.17.8201,17/06/2026,11º Juizado Especial Cível e das Relações de Consumo da Capital - Turno Tarde - 13:00h às 19:00h,1ª CCJ,Prioridade Legal
0016531-80.2025.8.17.8201,04/05/2026,11º Juizado Especial Cível e das Relações de Consumo da Capital - Turno Tarde - 13:00h às 19:00h,1ª CCJ,Prioridade Legal
0027529-44.2024.8.17.8201,18/06/2026,11º Juizado Especial Cível e das Relações de Consumo da Capital - Turno Tarde - 13:00h às 19:00h,1ª CCJ,Prioridade Legal
0033811-98.2024.8.17.8201,04/05/2026,11º Juizado Especial Cível e das Relações de Consumo da Capital - Turno Tarde - 13:00h às 19:00h,1ª CCJ,Prioridade Legal
0034401-75.2024.8.17.8201,17/06/2026,11º Juizado Especial Cível e das Relações de Consumo da Capital - Turno Tarde - 13:00h às 19:00h,1ª CCJ,Prioridade Legal
0035178-94.2023.8.17.8201,17/06/2026,11º Juizado Especial Cível e das Relações de Consumo da Capital - Turno Tarde - 13:00h às 19:00h,1ª CCJ,Prioridade Legal
0037346-98.2025.8.17.8201,30/04/2026,11º Juizado Especial Cível e das Relações de Consumo da Capital - Turno Tarde - 13:00h às 19:00h,1ª CCJ,Prioridade Legal
0043601-72.2025.8.17.8201,26/05/2026,11º Juizado Especial Cível e das Relações de Consumo da Capital - Turno Tarde - 13:00h às 19:00h,1ª CCJ,Prioridade Legal
0043958-86.2024.8.17.8201,04/05/2026,11º Juizado Especial Cível e das Relações de Consumo da Capital - Turno Tarde - 13:00h às 19:00h,1ª CCJ,Prioridade Legal
0044430-63.2019.8.17.8201,26/05/2026,11º Juizado Especial Cível e das Relações de Consumo da Capital - Turno Tarde - 13:00h às 19:00h,1ª CCJ,Sem prioridade
0044532-75.2025.8.17.8201,19/06/2026,11º Juizado Especial Cível e das Relações de Consumo da Capital - Turno Tarde - 13:00h às 19:00h,1ª CCJ,Prioridade Legal
0045080-42.2021.8.17.8201,17/06/2026,11º Juizado Especial Cível e das Relações de Consumo da Capital - Turno Tarde - 13:00h às 19:00h,1ª CCJ,Sem prioridade
0047322-03.2023.8.17.8201,29/05/2026,11º Juizado Especial Cível e das Relações de Consumo da Capital - Turno Tarde - 13:00h às 19:00h,1ª CCJ,Prioridade Legal
0052733-27.2023.8.17.8201,17/06/2026,11º Juizado Especial Cível e das Relações de Consumo da Capital - Turno Tarde - 13:00h às 19:00h,1ª CCJ,Sem prioridade
0053239-32.2025.8.17.8201,17/06/2026,11º Juizado Especial Cível e das Relações de Consumo da Capital - Turno Tarde - 13:00h às 19:00h,1ª CCJ,Prioridade Legal
0000647-47.2021.8.17.5001,18/06/2026,12ª Vara Criminal da Capital,2ª CC,Sem prioridade
0000681-21.2020.8.17.0001,18/06/2026,12ª Vara Criminal da Capital,2ª CC,Sem prioridade
0012975-13.2017.8.17.0001,17/06/2026,12ª Vara Criminal da Capital,2ª CC,Sem prioridade
0000551-69.2025.8.17.2001,26/05/2026,12ª Vara de Família e Registro Civil da Capital,3ª CC,Prioridade Legal
0025027-50.2020.8.17.2001,03/06/2026,12ª Vara de Família e Registro Civil da Capital,3ª CC,Prioridade Legal
0044247-73.2016.8.17.2001,27/05/2026,12ª Vara de Família e Registro Civil da Capital,3ª CCJ,Prioridade Legal
0047009-81.2024.8.17.2001,18/06/2026,12ª Vara de Família e Registro Civil da Capital,3ª CC,Prioridade Legal
0067007-98.2025.8.17.2001,10/06/2026,12ª Vara de Família e Registro Civil da Capital,3ª CC,Prioridade Legal
0101404-86.2025.8.17.2001,10/06/2026,12ª Vara de Família e Registro Civil da Capital,3ª CC,Prioridade Legal
0113620-84.2022.8.17.2001,11/06/2026,12ª Vara de Família e Registro Civil da Capital,3ª CC,Prioridade Legal
0001378-38.2024.8.17.5001,19/06/2026,13ª Vara Criminal da Capital,2ª CC,Prioridade Legal
0004851-25.2024.8.17.4001,19/06/2026,13ª Vara Criminal da Capital,2ª CC,Prioridade Legal
0045587-14.2011.8.17.0001,19/06/2026,13ª Vara Criminal da Capital,2ª CC,Sem prioridade
0139381-83.2023.8.17.2001,18/06/2026,13ª Vara Criminal da Capital,2ª CC,Sem prioridade
0007705-75.2024.8.17.2001,17/06/2026,13ª Vara de Família e Registro Civil da Capital,3ª CCJ,Sem prioridade
0025506-38.2023.8.17.2001,04/06/2026,13ª Vara de Família e Registro Civil da Capital,3ª CC,Prioridade Legal
0108891-44.2024.8.17.2001,17/06/2026,13ª Vara de Família e Registro Civil da Capital,3ª CC,Prioridade Legal
0124688-60.2024.8.17.2001,25/05/2026,13ª Vara de Família e Registro Civil da Capital,3ª CC,Prioridade Legal
0002927-18.2026.8.17.8201,04/06/2026,13º Juizado Especial Cível e das Relações de Consumo da Capital - Turno Tarde - 13:00h às 19:00h,1ª CCJ,Prioridade Legal
0008727-27.2026.8.17.8201,20/05/2026,13º Juizado Especial Cível e das Relações de Consumo da Capital - Turno Tarde - 13:00h às 19:00h,1ª CCJ,Sem prioridade
0011916-81.2024.8.17.8201,16/06/2026,13º Juizado Especial Cível e das Relações de Consumo da Capital - Turno Tarde - 13:00h às 19:00h,1ª CCJ,Sem prioridade
0014979-51.2023.8.17.8201,14/05/2026,13º Juizado Especial Cível e das Relações de Consumo da Capital - Turno Tarde - 13:00h às 19:00h,1ª CCJ,Sem prioridade
0015814-10.2021.8.17.8201,07/05/2026,13º Juizado Especial Cível e das Relações de Consumo da Capital - Turno Tarde - 13:00h às 19:00h,1ª CCJ,Prioridade Legal
0019609-19.2024.8.17.8201,16/06/2026,13º Juizado Especial Cível e das Relações de Consumo da Capital - Turno Tarde - 13:00h às 19:00h,1ª CCJ,Prioridade Legal
0020900-54.2024.8.17.8201,16/06/2026,13º Juizado Especial Cível e das Relações de Consumo da Capital - Turno Tarde - 13:00h às 19:00h,1ª CCJ,Sem prioridade
0021106-68.2024.8.17.8201,20/05/2026,13º Juizado Especial Cível e das Relações de Consumo da Capital - Turno Tarde - 13:00h às 19:00h,1ª CCJ,Sem prioridade
0028986-48.2023.8.17.8201,05/06/2026,13º Juizado Especial Cível e das Relações de Consumo da Capital - Turno Tarde - 13:00h às 19:00h,1ª CCJ,Prioridade Legal
0029661-74.2024.8.17.8201,08/06/2026,13º Juizado Especial Cível e das Relações de Consumo da Capital - Turno Tarde - 13:00h às 19:00h,1ª CCJ,Prioridade Legal
0034021-18.2025.8.17.8201,16/06/2026,13º Juizado Especial Cível e das Relações de Consumo da Capital - Turno Tarde - 13:00h às 19:00h,1ª CCJ,Sem prioridade
0035807-34.2024.8.17.8201,17/06/2026,13º Juizado Especial Cível e das Relações de Consumo da Capital - Turno Tarde - 13:00h às 19:00h,1ª CCJ,Prioridade Legal
0036561-39.2025.8.17.8201,04/05/2026,13º Juizado Especial Cível e das Relações de Consumo da Capital - Turno Tarde - 13:00h às 19:00h,1ª CCJ,Prioridade Legal
0038641-73.2025.8.17.8201,20/05/2026,13º Juizado Especial Cível e das Relações de Consumo da Capital - Turno Tarde - 13:00h às 19:00h,1ª CCJ,Sem prioridade
0042872-80.2024.8.17.8201,28/05/2026,13º Juizado Especial Cível e das Relações de Consumo da Capital - Turno Tarde - 13:00h às 19:00h,1ª CCJ,Sem prioridade
0045186-96.2024.8.17.8201,20/05/2026,13º Juizado Especial Cível e das Relações de Consumo da Capital - Turno Tarde - 13:00h às 19:00h,1ª CCJ,Prioridade Legal
0045466-67.2024.8.17.8201,20/05/2026,13º Juizado Especial Cível e das Relações de Consumo da Capital - Turno Tarde - 13:00h às 19:00h,1ª CCJ,Prioridade Legal
0053959-96.2025.8.17.8201,05/06/2026,13º Juizado Especial Cível e das Relações de Consumo da Capital - Turno Tarde - 13:00h às 19:00h,1ª CCJ,Sem prioridade
0055193-84.2023.8.17.8201,14/05/2026,13º Juizado Especial Cível e das Relações de Consumo da Capital - Turno Tarde - 13:00h às 19:00h,1ª CCJ,Sem prioridade
0000081-59.2025.8.17.5001,19/06/2026,14ª Vara Criminal da Capital,2ª CC,Prioridade Legal
0005920-29.2023.8.17.4001,15/06/2026,14ª Vara Criminal da Capital,2ª CC,Sem prioridade
0005973-21.2019.8.17.0001,15/06/2026,14ª Vara Criminal da Capital,2ª CC,Sem prioridade
0008056-49.2015.8.17.0001,19/06/2026,14ª Vara Criminal da Capital,2ª CC,Prioridade Legal
0016079-12.2026.8.17.2001,10/06/2026,14ª Vara de Família e Registro Civil da Capital,3ª CC,Prioridade Legal
0066867-64.2025.8.17.2001,18/06/2026,14ª Vara de Família e Registro Civil da Capital,3ª CC,Prioridade Legal
0080743-86.2025.8.17.2001,11/06/2026,14ª Vara de Família e Registro Civil da Capital,3ª CC,Prioridade Legal
0111014-83.2022.8.17.2001,19/06/2026,14ª Vara de Família e Registro Civil da Capital,3ª CC,Prioridade Legal
0114163-53.2023.8.17.2001,12/06/2026,14ª Vara de Família e Registro Civil da Capital,3ª CC,Prioridade Legal
0114507-97.2024.8.17.2001,11/06/2026,14ª Vara de Família e Registro Civil da Capital,3ª CC,Prioridade Legal
0006859-48.2025.8.17.8201,18/06/2026,14º Juizado Especial Cível e das Relações de Consumo da Capital - Turno Tarde - 13:00h às 19:00h,1ª CCJ,Prioridade Legal
0044123-36.2024.8.17.8201,26/05/2026,14º Juizado Especial Cível e das Relações de Consumo da Capital - Turno Tarde - 13:00h às 19:00h,1ª CCJ,Sem prioridade
0049556-07.2013.8.17.8201,17/06/2026,14º Juizado Especial Cível e das Relações de Consumo da Capital - Turno Tarde - 13:00h às 19:00h,1ª CCJ,Sem prioridade
0052886-89.2025.8.17.8201,25/05/2026,14º Juizado Especial Cível e das Relações de Consumo da Capital - Turno Tarde - 13:00h às 19:00h,1ª CCJ,Sem prioridade
0000230-19.2023.8.17.4001,19/06/2026,15ª Vara Criminal da Capital,2ª CC,Sem prioridade
0001210-06.2021.8.17.0001,18/06/2026,15ª Vara Criminal da Capital,2ª CC,Sem prioridade
0000580-12.2026.8.17.8201,16/06/2026,15º Juizado Especial Cível e das Relações de Consumo da Capital - Turno Tarde - 13:00h às 19:00h,1ª CCJ,Prioridade Legal
0004146-66.2026.8.17.8201,10/06/2026,15º Juizado Especial Cível e das Relações de Consumo da Capital - Turno Tarde - 13:00h às 19:00h,1ª CCJ,Prioridade Legal
0006570-81.2026.8.17.8201,16/06/2026,15º Juizado Especial Cível e das Relações de Consumo da Capital - Turno Tarde - 13:00h às 19:00h,1ª CCJ,Prioridade Legal
0007724-37.2026.8.17.8201,18/06/2026,15º Juizado Especial Cível e das Relações de Consumo da Capital - Turno Tarde - 13:00h às 19:00h,1ª CCJ,Prioridade Legal
0025143-12.2022.8.17.8201,29/04/2026,15º Juizado Especial Cível e das Relações de Consumo da Capital - Turno Tarde - 13:00h às 19:00h,1ª CCJ,Prioridade Legal
0032601-75.2025.8.17.8201,14/05/2026,15º Juizado Especial Cível e das Relações de Consumo da Capital - Turno Tarde - 13:00h às 19:00h,1ª CCJ,Prioridade Legal
0041858-27.2025.8.17.8201,29/05/2026,15º Juizado Especial Cível e das Relações de Consumo da Capital - Turno Tarde - 13:00h às 19:00h,1ª CCJ,Prioridade Legal
0002973-43.2022.8.17.5001,15/06/2026,16ª Vara Criminal da Capital,2ª CC,Sem prioridade
0003363-42.2024.8.17.5001,18/06/2026,16ª Vara Criminal da Capital,2ª CC,Sem prioridade
0004219-33.2023.8.17.4001,19/06/2026,16ª Vara Criminal da Capital,2ª CC,Sem prioridade
0004323-66.2022.8.17.5001,19/06/2026,16ª Vara Criminal da Capital,2ª CC,Sem prioridade
0010896-61.2017.8.17.0001,19/06/2026,16ª Vara Criminal da Capital,2ª CC,Sem prioridade
0100447-33.2009.8.17.0001,18/06/2026,16ª Vara Criminal da Capital,2ª CC,Sem prioridade
0011007-68.2026.8.17.8201,29/04/2026,16º Juizado Especial Cível e das Relações de Consumo da Capital - Turno Manhã - 07:00h às 13:00h,1ª CCJ,Prioridade Legal
0020624-57.2023.8.17.8201,29/05/2026,16º Juizado Especial Cível e das Relações de Consumo da Capital - Turno Manhã - 07:00h às 13:00h,1ª CCJ,Prioridade Legal
0020754-13.2024.8.17.8201,09/06/2026,16º Juizado Especial Cível e das Relações de Consumo da Capital - Turno Manhã - 07:00h às 13:00h,1ª CCJ,Prioridade Legal
0027780-62.2024.8.17.8201,29/04/2026,16º Juizado Especial Cível e das Relações de Consumo da Capital - Turno Manhã - 07:00h às 13:00h,1ª CCJ,Prioridade Legal
0029760-15.2022.8.17.8201,09/06/2026,16º Juizado Especial Cível e das Relações de Consumo da Capital - Turno Manhã - 07:00h às 13:00h,1ª CCJ,Prioridade Legal
0030878-21.2025.8.17.8201,29/04/2026,16º Juizado Especial Cível e das Relações de Consumo da Capital - Turno Manhã - 07:00h às 13:00h,1ª CCJ,Prioridade Legal
0048035-12.2022.8.17.8201,12/06/2026,16º Juizado Especial Cível e das Relações de Consumo da Capital - Turno Manhã - 07:00h às 13:00h,1ª CCJ,Prioridade Legal
0049195-67.2025.8.17.8201,29/04/2026,16º Juizado Especial Cível e das Relações de Consumo da Capital - Turno Manhã - 07:00h às 13:00h,1ª CCJ,Prioridade Legal
0050325-92.2025.8.17.8201,29/04/2026,16º Juizado Especial Cível e das Relações de Consumo da Capital - Turno Manhã - 07:00h às 13:00h,1ª CCJ,Prioridade Legal
0050371-18.2024.8.17.8201,29/04/2026,16º Juizado Especial Cível e das Relações de Consumo da Capital - Turno Manhã - 07:00h às 13:00h,1ª CCJ,Prioridade Legal
0051098-50.2019.8.17.8201,18/06/2026,16º Juizado Especial Cível e das Relações de Consumo da Capital - Turno Manhã - 07:00h às 13:00h,1ª CCJ,Prioridade Legal
0052911-73.2023.8.17.8201,28/05/2026,16º Juizado Especial Cível e das Relações de Consumo da Capital - Turno Manhã - 07:00h às 13:00h,1ª CCJ,Prioridade Legal
0000189-54.2026.8.17.5001,17/06/2026,17ª Vara Criminal da Capital,2ª CC,Prioridade Legal
0001514-98.2025.8.17.5001,19/06/2026,17ª Vara Criminal da Capital,2ª CC,Prioridade Legal
0002908-47.2021.8.17.0001,17/06/2026,17ª Vara Criminal da Capital,2ª CC,Sem prioridade
0005813-30.2018.8.17.0001,17/06/2026,17ª Vara Criminal da Capital,2ª CC,Sem prioridade
0006100-86.2022.8.17.5001,15/06/2026,17ª Vara Criminal da Capital,2ª CC,Sem prioridade
0009752-81.2019.8.17.0001,15/06/2026,17ª Vara Criminal da Capital,2ª CC,Sem prioridade
0014180-14.2016.8.17.0001,18/06/2026,17ª Vara Criminal da Capital,2ª CC,Sem prioridade
0017605-09.2024.8.17.8201,15/06/2026,17ª Vara Criminal da Capital,2ª CC,Prioridade Legal
0021816-60.2018.8.17.0001,16/06/2026,17ª Vara Criminal da Capital,2ª CC,Sem prioridade
0001838-91.2025.8.17.8201,29/05/2026,17º Juizado Especial Cível e das Relações de Consumo da Capital - Turno Tarde - 13:00h às 19:00h,1ª CCJ,Prioridade Legal
0005021-12.2021.8.17.8201,04/06/2026,17º Juizado Especial Cível e das Relações de Consumo da Capital - Turno Tarde - 13:00h às 19:00h,1ª CCJ,Prioridade Legal
0010590-52.2025.8.17.8201,09/06/2026,17º Juizado Especial Cível e das Relações de Consumo da Capital - Turno Tarde - 13:00h às 19:00h,1ª CCJ,Prioridade Legal
0020067-70.2023.8.17.8201,28/04/2026,17º Juizado Especial Cível e das Relações de Consumo da Capital - Turno Tarde - 13:00h às 19:00h,1ª CCJ,Prioridade Legal
0035125-45.2025.8.17.8201,04/06/2026,17º Juizado Especial Cível e das Relações de Consumo da Capital - Turno Tarde - 13:00h às 19:00h,1ª CCJ,Prioridade Legal
0039341-49.2025.8.17.8201,29/05/2026,17º Juizado Especial Cível e das Relações de Consumo da Capital - Turno Tarde - 13:00h às 19:00h,1ª CCJ,Prioridade Legal
0041818-89.2018.8.17.8201,19/06/2026,17º Juizado Especial Cível e das Relações de Consumo da Capital - Turno Tarde - 13:00h às 19:00h,1ª CCJ,Prioridade Legal
0042903-66.2025.8.17.8201,16/06/2026,17º Juizado Especial Cível e das Relações de Consumo da Capital - Turno Tarde - 13:00h às 19:00h,1ª CCJ,Prioridade Legal
0043388-71.2022.8.17.8201,29/05/2026,17º Juizado Especial Cível e das Relações de Consumo da Capital - Turno Tarde - 13:00h às 19:00h,1ª CCJ,Prioridade Legal
0047384-14.2021.8.17.8201,16/06/2026,17º Juizado Especial Cível e das Relações de Consumo da Capital - Turno Tarde - 13:00h às 19:00h,1ª CCJ,Prioridade Legal
0048775-62.2025.8.17.8201,14/05/2026,17º Juizado Especial Cível e das Relações de Consumo da Capital - Turno Tarde - 13:00h às 19:00h,1ª CCJ,Prioridade Legal
0057298-68.2022.8.17.8201,16/06/2026,17º Juizado Especial Cível e das Relações de Consumo da Capital - Turno Tarde - 13:00h às 19:00h,1ª CCJ,Prioridade Legal
0000593-42.2025.8.17.5001,17/06/2026,18ª Vara Criminal da Capital,2ª CC,Prioridade Legal
0000961-85.2024.8.17.5001,15/06/2026,18ª Vara Criminal da Capital,2ª CC,Prioridade Legal
0001059-41.2022.8.17.5001,16/06/2026,18ª Vara Criminal da Capital,2ª CC,Sem prioridade
0001710-72.2021.8.17.0001,17/06/2026,18ª Vara Criminal da Capital,2ª CC,Prioridade Legal
0002168-56.2023.8.17.5001,19/06/2026,18ª Vara Criminal da Capital,2ª CC,Sem prioridade
0003702-39.2019.8.17.0001,17/06/2026,18ª Vara Criminal da Capital,2ª CC,Sem prioridade
0028257-62.2015.8.17.0001,15/06/2026,18ª Vara Criminal da Capital,2ª CC,Sem prioridade
0038807-18.2024.8.17.2001,18/06/2026,18ª Vara Criminal da Capital,2ª CC,Sem prioridade
0001561-41.2026.8.17.8201,18/06/2026,18º Juizado Especial Cível e das Relações de Consumo da Capital - Turno Tarde - 13:00h às 19:00h,1ª CCJ,Prioridade Legal
0001834-54.2025.8.17.8201,18/06/2026,18º Juizado Especial Cível e das Relações de Consumo da Capital - Turno Tarde - 13:00h às 19:00h,1ª CCJ,Prioridade Legal
0008682-23.2026.8.17.8201,18/06/2026,18º Juizado Especial Cível e das Relações de Consumo da Capital - Turno Tarde - 13:00h às 19:00h,1ª CCJ,Prioridade Legal
0009390-10.2025.8.17.8201,02/05/2026,18º Juizado Especial Cível e das Relações de Consumo da Capital - Turno Tarde - 13:00h às 19:00h,1ª CCJ,Prioridade Legal
0018494-26.2025.8.17.8201,10/06/2026,18º Juizado Especial Cível e das Relações de Consumo da Capital - Turno Tarde - 13:00h às 19:00h,1ª CCJ,Prioridade Legal
0034170-19.2022.8.17.8201,10/06/2026,18º Juizado Especial Cível e das Relações de Consumo da Capital - Turno Tarde - 13:00h às 19:00h,1ª CCJ,Prioridade Legal
0034298-34.2025.8.17.8201,30/04/2026,18º Juizado Especial Cível e das Relações de Consumo da Capital - Turno Tarde - 13:00h às 19:00h,1ª CCJ,Prioridade Legal
0036777-97.2025.8.17.8201,14/05/2026,18º Juizado Especial Cível e das Relações de Consumo da Capital - Turno Tarde - 13:00h às 19:00h,1ª CCJ,Prioridade Legal
0059177-76.2023.8.17.8201,05/05/2026,18º Juizado Especial Cível e das Relações de Consumo da Capital - Turno Tarde - 13:00h às 19:00h,1ª CCJ,Prioridade Legal
0000742-36.2022.8.17.4001,15/06/2026,19ª Vara Criminal da Capital,2ª CC,Sem prioridade
0004577-27.2025.8.17.4001,19/06/2026,19ª Vara Criminal da Capital,2ª CC,Prioridade Legal
0004696-33.2020.8.17.0001,18/06/2026,19ª Vara Criminal da Capital,2ª CC,Sem prioridade
0005160-57.2020.8.17.0001,18/06/2026,19ª Vara Criminal da Capital,2ª CC,Sem prioridade
0009497-89.2020.8.17.0001,15/06/2026,19ª Vara Criminal da Capital,2ª CC,Sem prioridade
0019307-25.2019.8.17.0001,19/06/2026,19ª Vara Criminal da Capital,2ª CC,Sem prioridade
0001855-88.2023.8.17.4001,17/06/2026,1ª Vara Criminal da Capital,2ª CC,Prioridade Legal
0005350-34.2020.8.17.2001,26/05/2026,1ª Vara da Fazenda Pública da Capital,2ª CCJ,Prioridade Legal
0005603-27.2017.8.17.2001,19/05/2026,1ª Vara da Fazenda Pública da Capital,2ª CCJ,Sem prioridade
0006130-92.1999.8.17.0001,17/06/2026,1ª Vara da Fazenda Pública da Capital,4ª CC,Sem prioridade
0006573-31.2023.8.17.4001,18/06/2026,1ª Vara da Fazenda Pública da Capital,4ª CC,Prioridade Legal
0012535-02.2015.8.17.2001,09/06/2026,1ª Vara da Fazenda Pública da Capital,4ª CC,Prioridade Legal
0014239-11.2019.8.17.2001,07/05/2026,1ª Vara da Fazenda Pública da Capital,2ª CCJ,Prioridade Legal
0015195-28.2010.8.17.0001,12/06/2026,1ª Vara da Fazenda Pública da Capital,4ª CC,Sem prioridade
0025760-84.2018.8.17.2001,27/05/2026,1ª Vara da Fazenda Pública da Capital,2ª CCJ,Prioridade Legal
0026436-85.2025.8.17.2001,12/06/2026,1ª Vara da Fazenda Pública da Capital,4ª CC,Prioridade Legal
0026512-23.2010.8.17.0001,17/06/2026,1ª Vara da Fazenda Pública da Capital,2ª CCJ,Sem prioridade
0028226-17.2019.8.17.2001,10/06/2026,1ª Vara da Fazenda Pública da Capital,2ª CCJ,Prioridade Legal
0033197-08.1994.8.17.0001,19/06/2026,1ª Vara da Fazenda Pública da Capital,2ª CCJ,Prioridade Legal
0037459-09.2017.8.17.2001,13/05/2026,1ª Vara da Fazenda Pública da Capital,2ª CCJ,Prioridade Legal
0049872-26.2006.8.17.0001,04/06/2026,1ª Vara da Fazenda Pública da Capital,2ª CCJ,Sem prioridade
0058504-59.2023.8.17.2001,12/06/2026,1ª Vara da Fazenda Pública da Capital,4ª CC,Prioridade Legal
0058930-71.2023.8.17.2001,19/05/2026,1ª Vara da Fazenda Pública da Capital,2ª CCJ,Prioridade Legal
0062177-27.2015.8.17.0001,06/05/2026,1ª Vara da Fazenda Pública da Capital,2ª CCJ,Sem prioridade
0063128-64.2017.8.17.2001,17/06/2026,1ª Vara da Fazenda Pública da Capital,2ª CCJ,Prioridade Legal
0066984-71.2007.8.17.0001,17/06/2026,1ª Vara da Fazenda Pública da Capital,4ª CC,Prioridade Legal
0076588-11.2023.8.17.2001,14/05/2026,1ª Vara da Fazenda Pública da Capital,2ª CCJ,Prioridade Legal
0084958-18.2019.8.17.2001,27/05/2026,1ª Vara da Fazenda Pública da Capital,2ª CCJ,Sem prioridade
0085963-37.2014.8.17.0001,01/06/2026,1ª Vara da Fazenda Pública da Capital,2ª CCJ,Sem prioridade
0087633-51.2019.8.17.2001,13/06/2026,1ª Vara da Fazenda Pública da Capital,2ª CCJ,Prioridade Legal
0101972-11.2013.8.17.0001,05/05/2026,1ª Vara da Fazenda Pública da Capital,2ª CCJ,Sem prioridade
0132904-44.2023.8.17.2001,22/05/2026,1ª Vara da Fazenda Pública da Capital,2ª CCJ,Prioridade Legal
0166336-88.2022.8.17.2001,08/06/2026,1ª Vara da Fazenda Pública da Capital,4ª CC,Sem prioridade
0614215-18.1999.8.17.0001,12/06/2026,1ª Vara da Fazenda Pública da Capital,4ª CC,Sem prioridade
0002439-11.2015.8.17.0001,04/05/2026,1ª Vara de Acidentes de Trabalho da Capital,2ª CCJ,Sem prioridade
0000167-93.2026.8.17.5001,19/06/2026,1ª Vara de Enfrentamento à Violência Doméstica e Familiar contra a Mulher,2ª CC,Prioridade Legal
0000599-49.2025.8.17.5001,18/06/2026,1ª Vara de Enfrentamento à Violência Doméstica e Familiar contra a Mulher,2ª CC,Prioridade Legal
0051312-41.2024.8.17.2001,19/06/2026,1ª Vara de Enfrentamento à Violência Doméstica e Familiar contra a Mulher,2ª CC,Prioridade Legal
0007666-49.2022.8.17.2001,11/06/2026,1ª Vara de Família e Registro Civil da Capital,3ª CCJ,Sem prioridade
0093289-47.2023.8.17.2001,08/06/2026,1ª Vara de Família e Registro Civil da Capital,3ª CC,Sem prioridade
0112468-93.2025.8.17.2001,08/06/2026,1ª Vara de Família e Registro Civil da Capital,3ª CC,Prioridade Legal
0153831-31.2023.8.17.2001,09/06/2026,1ª Vara de Família e Registro Civil da Capital,3ª CC,Prioridade Legal
0003613-35.2016.8.17.2001,05/06/2026,1ª Vara de Sucessões e Registros Públicos da Capital,3ª CCJ,Sem prioridade
0005337-62.1976.8.17.0001,10/06/2026,1ª Vara de Sucessões e Registros Públicos da Capital,3ª CCJ,Prioridade Legal
0008588-90.2022.8.17.2001,15/06/2026,1ª Vara de Sucessões e Registros Públicos da Capital,3ª CCJ,Prioridade Legal
0009638-02.2006.8.17.0001,18/06/2026,1ª Vara de Sucessões e Registros Públicos da Capital,PARTIDOR,Prioridade Legal
0010906-41.2025.8.17.2001,05/06/2026,1ª Vara de Sucessões e Registros Públicos da Capital,3ª CCJ,Prioridade Legal
0012377-10.2016.8.17.2001,11/06/2026,1ª Vara de Sucessões e Registros Públicos da Capital,3ª CCJ,Sem prioridade
0014203-71.2016.8.17.2001,09/06/2026,1ª Vara de Sucessões e Registros Públicos da Capital,3ª CCJ,Prioridade Legal
0019341-14.2019.8.17.2001,19/05/2026,1ª Vara de Sucessões e Registros Públicos da Capital,PARTIDOR,Sem prioridade
0026002-72.2020.8.17.2001,15/06/2026,1ª Vara de Sucessões e Registros Públicos da Capital,PARTIDOR,Prioridade Legal
0030115-65.2014.8.17.0001,17/06/2026,1ª Vara de Sucessões e Registros Públicos da Capital,3ª CCJ,Sem prioridade
0033066-60.2025.8.17.2001,11/06/2026,1ª Vara de Sucessões e Registros Públicos da Capital,3ª CCJ,Prioridade Legal
0034564-32.2015.8.17.0001,17/06/2026,1ª Vara de Sucessões e Registros Públicos da Capital,PARTIDOR,Sem prioridade
0036160-21.2022.8.17.2001,02/06/2026,1ª Vara de Sucessões e Registros Públicos da Capital,3ª CCJ,Sem prioridade
0040478-13.2023.8.17.2001,09/06/2026,1ª Vara de Sucessões e Registros Públicos da Capital,3ª CCJ,Sem prioridade
0040974-08.2024.8.17.2001,09/06/2026,1ª Vara de Sucessões e Registros Públicos da Capital,3ª CCJ,Sem prioridade
0041852-75.2008.8.17.0001,08/06/2026,1ª Vara de Sucessões e Registros Públicos da Capital,3ª CCJ,Prioridade Legal
0042145-34.2023.8.17.2001,03/06/2026,1ª Vara de Sucessões e Registros Públicos da Capital,3ª CCJ,Sem prioridade
0043077-23.2014.8.17.0001,05/06/2026,1ª Vara de Sucessões e Registros Públicos da Capital,3ª CCJ,Prioridade Legal
0045916-88.2021.8.17.2001,26/05/2026,1ª Vara de Sucessões e Registros Públicos da Capital,3ª CCJ,Sem prioridade
0046347-98.2016.8.17.2001,10/06/2026,1ª Vara de Sucessões e Registros Públicos da Capital,3ª CCJ,Sem prioridade
0047059-73.2025.8.17.2001,15/06/2026,1ª Vara de Sucessões e Registros Públicos da Capital,3ª CCJ,Prioridade Legal
0050289-31.2022.8.17.2001,09/06/2026,1ª Vara de Sucessões e Registros Públicos da Capital,3ª CCJ,Sem prioridade
0051439-47.2022.8.17.2001,02/06/2026,1ª Vara de Sucessões e Registros Públicos da Capital,3ª CCJ,Sem prioridade
0052040-54.2013.8.17.0001,10/06/2026,1ª Vara de Sucessões e Registros Públicos da Capital,3ª CCJ,Prioridade Legal
0055735-84.2011.8.17.0001,16/06/2026,1ª Vara de Sucessões e Registros Públicos da Capital,3ª CCJ,Super prioridade
0059145-47.2023.8.17.2001,10/06/2026,1ª Vara de Sucessões e Registros Públicos da Capital,3ª CCJ,Prioridade Legal
0060588-72.2019.8.17.2001,27/05/2026,1ª Vara de Sucessões e Registros Públicos da Capital,3ª CCJ,Sem prioridade
0062179-69.2019.8.17.2001,05/06/2026,1ª Vara de Sucessões e Registros Públicos da Capital,PARTIDOR,Prioridade Legal
0064322-94.2020.8.17.2001,04/06/2026,1ª Vara de Sucessões e Registros Públicos da Capital,3ª CCJ,Sem prioridade
0065664-77.2019.8.17.2001,17/06/2026,1ª Vara de Sucessões e Registros Públicos da Capital,3ª CCJ,Prioridade Legal
0070562-02.2020.8.17.2001,05/06/2026,1ª Vara de Sucessões e Registros Públicos da Capital,3ª CCJ,Prioridade Legal
0070781-15.2020.8.17.2001,27/05/2026,1ª Vara de Sucessões e Registros Públicos da Capital,PARTIDOR,Prioridade Legal
0070951-89.2017.8.17.2001,04/06/2026,1ª Vara de Sucessões e Registros Públicos da Capital,3ª CCJ,Prioridade Legal
0072436-85.2021.8.17.2001,05/06/2026,1ª Vara de Sucessões e Registros Públicos da Capital,3ª CCJ,Prioridade Legal
0072440-64.2017.8.17.2001,30/05/2026,1ª Vara de Sucessões e Registros Públicos da Capital,3ª CCJ,Sem prioridade
0072449-26.2017.8.17.2001,27/05/2026,1ª Vara de Sucessões e Registros Públicos da Capital,3ª CCJ,Sem prioridade
0127421-04.2021.8.17.2001,19/06/2026,1ª Vara de Sucessões e Registros Públicos da Capital,3ª CCJ,Prioridade Legal
0169110-91.2022.8.17.2001,17/06/2026,1ª Vara de Sucessões e Registros Públicos da Capital,3ª CCJ,Sem prioridade
0175395-38.2012.8.17.0001,19/06/2026,1ª Vara do Tribunal do Júri Capital,2ª CC,Prioridade Legal
0087347-97.2024.8.17.2001,19/06/2026,1ª Vara dos Crimes contra Criança e Adolescente da Capital,2ª CC,Prioridade Legal
0003669-11.2003.8.17.0001,11/06/2026,1ª Vara dos Executivos Fiscais Estaduais da Capital,4ª CC,Sem prioridade
0010521-69.2020.8.17.2001,14/05/2026,1ª Vara dos Executivos Fiscais Estaduais da Capital,2ª CCJ,Sem prioridade
0011307-27.2005.8.17.0001,05/06/2026,1ª Vara dos Executivos Fiscais Estaduais da Capital,4ª CC,Sem prioridade
0012033-14.2025.8.17.2001,14/05/2026,1ª Vara dos Executivos Fiscais Estaduais da Capital,2ª CCJ,Sem prioridade
0019909-93.2020.8.17.2001,16/06/2026,1ª Vara dos Executivos Fiscais Estaduais da Capital,4ª CC,Prioridade Legal
0022797-65.2013.8.17.0001,16/06/2026,1ª Vara dos Executivos Fiscais Estaduais da Capital,4ª CC,Prioridade Legal
0024725-45.2025.8.17.2001,03/06/2026,1ª Vara dos Executivos Fiscais Estaduais da Capital,2ª CCJ,Sem prioridade
0028080-65.1996.8.17.0001,02/06/2026,1ª Vara dos Executivos Fiscais Estaduais da Capital,2ª CCJ,Sem prioridade
0029415-21.2016.8.17.0001,08/06/2026,1ª Vara dos Executivos Fiscais Estaduais da Capital,2ª CCJ,Sem prioridade
0033096-33.2015.8.17.0001,05/06/2026,1ª Vara dos Executivos Fiscais Estaduais da Capital,4ª CC,Prioridade Legal
0035055-04.2025.8.17.2001,05/06/2026,1ª Vara dos Executivos Fiscais Estaduais da Capital,2ª CCJ,Sem prioridade
0036500-78.2004.8.17.0001,01/05/2026,1ª Vara dos Executivos Fiscais Estaduais da Capital,2ª CCJ,Sem prioridade
0036564-09.2021.8.17.2001,17/06/2026,1ª Vara dos Executivos Fiscais Estaduais da Capital,2ª CCJ,Prioridade Legal
0038535-87.2025.8.17.2001,15/06/2026,1ª Vara dos Executivos Fiscais Estaduais da Capital,4ª CC,Prioridade Legal
0041381-15.2015.8.17.0001,19/06/2026,1ª Vara dos Executivos Fiscais Estaduais da Capital,4ª CC,Prioridade Legal
0041605-50.2015.8.17.0001,09/06/2026,1ª Vara dos Executivos Fiscais Estaduais da Capital,4ª CC,Prioridade Legal
0043885-56.2025.8.17.2001,13/05/2026,1ª Vara dos Executivos Fiscais Estaduais da Capital,2ª CCJ,Sem prioridade
0063181-08.1992.8.17.0001,18/06/2026,1ª Vara dos Executivos Fiscais Estaduais da Capital,4ª CC,Sem prioridade
0064178-23.2020.8.17.2001,16/06/2026,1ª Vara dos Executivos Fiscais Estaduais da Capital,4ª CC,Prioridade Legal
0064200-81.2020.8.17.2001,11/06/2026,1ª Vara dos Executivos Fiscais Estaduais da Capital,4ª CC,Sem prioridade
0064397-36.2020.8.17.2001,07/06/2026,1ª Vara dos Executivos Fiscais Estaduais da Capital,4ª CC,Sem prioridade
0084392-98.2021.8.17.2001,05/06/2026,1ª Vara dos Executivos Fiscais Estaduais da Capital,2ª CCJ,Sem prioridade
0092385-61.2022.8.17.2001,02/06/2026,1ª Vara dos Executivos Fiscais Estaduais da Capital,2ª CCJ,Prioridade Legal
0093514-05.2013.8.17.0001,11/06/2026,1ª Vara dos Executivos Fiscais Estaduais da Capital,4ª CC,Prioridade Legal
0007803-16.2026.8.17.8201,12/06/2026,1º Juizado Especial Cível e das Relações de Consumo da Capital - Turno Manhã - 07:00h às 13:00h,1ª CCJ,Prioridade Legal
0009896-20.2024.8.17.8201,05/06/2026,1º Juizado Especial Cível e das Relações de Consumo da Capital - Turno Manhã - 07:00h às 13:00h,1ª CCJ,Prioridade Legal
0012410-09.2025.8.17.8201,30/04/2026,1º Juizado Especial Cível e das Relações de Consumo da Capital - Turno Manhã - 07:00h às 13:00h,1ª CCJ,Sem prioridade
0017400-43.2025.8.17.8201,30/04/2026,1º Juizado Especial Cível e das Relações de Consumo da Capital - Turno Manhã - 07:00h às 13:00h,1ª CCJ,Prioridade Legal
0020716-64.2025.8.17.8201,02/06/2026,1º Juizado Especial Cível e das Relações de Consumo da Capital - Turno Manhã - 07:00h às 13:00h,1ª CCJ,Prioridade Legal
0022590-21.2024.8.17.8201,19/06/2026,1º Juizado Especial Cível e das Relações de Consumo da Capital - Turno Manhã - 07:00h às 13:00h,1ª CCJ,Prioridade Legal
0024098-07.2021.8.17.8201,20/05/2026,1º Juizado Especial Cível e das Relações de Consumo da Capital - Turno Manhã - 07:00h às 13:00h,1ª CCJ,Sem prioridade
0039387-72.2024.8.17.8201,30/04/2026,1º Juizado Especial Cível e das Relações de Consumo da Capital - Turno Manhã - 07:00h às 13:00h,1ª CCJ,Prioridade Legal
0051497-06.2024.8.17.8201,12/06/2026,1º Juizado Especial Cível e das Relações de Consumo da Capital - Turno Manhã - 07:00h às 13:00h,1ª CCJ,Prioridade Legal
0002044-52.2018.8.17.8201,04/05/2026,21º Juizado Especial Cível e das Relações de Consumo da Capital - Turno Manhã - 07:00h às 13:00h,1ª CCJ,Prioridade Legal
0004104-56.2022.8.17.8201,29/05/2026,21º Juizado Especial Cível e das Relações de Consumo da Capital - Turno Manhã - 07:00h às 13:00h,1ª CCJ,Prioridade Legal
0004700-69.2024.8.17.8201,04/05/2026,21º Juizado Especial Cível e das Relações de Consumo da Capital - Turno Manhã - 07:00h às 13:00h,1ª CCJ,Prioridade Legal
0005136-96.2022.8.17.8201,29/05/2026,21º Juizado Especial Cível e das Relações de Consumo da Capital - Turno Manhã - 07:00h às 13:00h,1ª CCJ,Prioridade Legal
0006451-33.2020.8.17.8201,30/04/2026,21º Juizado Especial Cível e das Relações de Consumo da Capital - Turno Manhã - 07:00h às 13:00h,1ª CCJ,Prioridade Legal
0006482-29.2015.8.17.8201,27/06/2026,21º Juizado Especial Cível e das Relações de Consumo da Capital - Turno Manhã - 07:00h às 13:00h,1ª CCJ,Prioridade Legal
0009627-78.2024.8.17.8201,04/05/2026,21º Juizado Especial Cível e das Relações de Consumo da Capital - Turno Manhã - 07:00h às 13:00h,1ª CCJ,Prioridade Legal
0012041-49.2024.8.17.8201,14/05/2026,21º Juizado Especial Cível e das Relações de Consumo da Capital - Turno Manhã - 07:00h às 13:00h,1ª CCJ,Prioridade Legal
0016424-80.2018.8.17.8201,08/06/2026,21º Juizado Especial Cível e das Relações de Consumo da Capital - Turno Manhã - 07:00h às 13:00h,1ª CCJ,Prioridade Legal
0017235-30.2024.8.17.8201,01/06/2026,21º Juizado Especial Cível e das Relações de Consumo da Capital - Turno Manhã - 07:00h às 13:00h,1ª CCJ,Prioridade Legal
0022224-45.2025.8.17.8201,05/05/2026,21º Juizado Especial Cível e das Relações de Consumo da Capital - Turno Manhã - 07:00h às 13:00h,1ª CCJ,Prioridade Legal
0030279-24.2021.8.17.8201,05/05/2026,21º Juizado Especial Cível e das Relações de Consumo da Capital - Turno Manhã - 07:00h às 13:00h,1ª CCJ,Prioridade Legal
0030361-60.2018.8.17.8201,19/06/2026,21º Juizado Especial Cível e das Relações de Consumo da Capital - Turno Manhã - 07:00h às 13:00h,1ª CCJ,Prioridade Legal
0036487-19.2024.8.17.8201,28/05/2026,21º Juizado Especial Cível e das Relações de Consumo da Capital - Turno Manhã - 07:00h às 13:00h,1ª CCJ,Prioridade Legal
0039338-31.2024.8.17.8201,04/05/2026,21º Juizado Especial Cível e das Relações de Consumo da Capital - Turno Manhã - 07:00h às 13:00h,1ª CCJ,Prioridade Legal
0043543-06.2024.8.17.8201,27/05/2026,21º Juizado Especial Cível e das Relações de Consumo da Capital - Turno Manhã - 07:00h às 13:00h,1ª CCJ,Prioridade Legal
0044218-08.2020.8.17.8201,05/06/2026,21º Juizado Especial Cível e das Relações de Consumo da Capital - Turno Manhã - 07:00h às 13:00h,1ª CCJ,Prioridade Legal
0045838-16.2024.8.17.8201,29/04/2026,21º Juizado Especial Cível e das Relações de Consumo da Capital - Turno Manhã - 07:00h às 13:00h,1ª CCJ,Prioridade Legal
0056739-77.2023.8.17.8201,14/05/2026,21º Juizado Especial Cível e das Relações de Consumo da Capital - Turno Manhã - 07:00h às 13:00h,1ª CCJ,Prioridade Legal
0057712-32.2023.8.17.8201,05/05/2026,21º Juizado Especial Cível e das Relações de Consumo da Capital - Turno Manhã - 07:00h às 13:00h,1ª CCJ,Sem prioridade
0000221-96.2025.8.17.8201,18/05/2026,22º Juizado Especial Cível e das Relações de Consumo da Capital - Turno Manhã - 07:00h às 13:00h,1ª CCJ,Prioridade Legal
0004377-30.2025.8.17.8201,14/05/2026,22º Juizado Especial Cível e das Relações de Consumo da Capital - Turno Manhã - 07:00h às 13:00h,1ª CCJ,Prioridade Legal
0015701-22.2022.8.17.8201,01/06/2026,22º Juizado Especial Cível e das Relações de Consumo da Capital - Turno Manhã - 07:00h às 13:00h,1ª CCJ,Prioridade Legal
0019831-84.2024.8.17.8201,20/05/2026,22º Juizado Especial Cível e das Relações de Consumo da Capital - Turno Manhã - 07:00h às 13:00h,1ª CCJ,Prioridade Legal
0022011-73.2024.8.17.8201,15/06/2026,22º Juizado Especial Cível e das Relações de Consumo da Capital - Turno Manhã - 07:00h às 13:00h,1ª CCJ,Prioridade Legal
0025708-68.2025.8.17.8201,29/04/2026,22º Juizado Especial Cível e das Relações de Consumo da Capital - Turno Manhã - 07:00h às 13:00h,1ª CCJ,Prioridade Legal
0026829-34.2025.8.17.8201,06/05/2026,22º Juizado Especial Cível e das Relações de Consumo da Capital - Turno Manhã - 07:00h às 13:00h,1ª CCJ,Prioridade Legal
0027103-66.2023.8.17.8201,29/04/2026,22º Juizado Especial Cível e das Relações de Consumo da Capital - Turno Manhã - 07:00h às 13:00h,1ª CCJ,Prioridade Legal
0029471-53.2020.8.17.8201,04/05/2026,22º Juizado Especial Cível e das Relações de Consumo da Capital - Turno Manhã - 07:00h às 13:00h,1ª CCJ,Prioridade Legal
0031587-27.2023.8.17.8201,21/05/2026,22º Juizado Especial Cível e das Relações de Consumo da Capital - Turno Manhã - 07:00h às 13:00h,1ª CCJ,Prioridade Legal
0033004-15.2023.8.17.8201,21/05/2026,22º Juizado Especial Cível e das Relações de Consumo da Capital - Turno Manhã - 07:00h às 13:00h,1ª CCJ,Prioridade Legal
0034054-42.2024.8.17.8201,27/05/2026,22º Juizado Especial Cível e das Relações de Consumo da Capital - Turno Manhã - 07:00h às 13:00h,1ª CCJ,Prioridade Legal
0034380-36.2023.8.17.8201,04/05/2026,22º Juizado Especial Cível e das Relações de Consumo da Capital - Turno Manhã - 07:00h às 13:00h,1ª CCJ,Prioridade Legal
0034440-38.2025.8.17.8201,08/06/2026,22º Juizado Especial Cível e das Relações de Consumo da Capital - Turno Manhã - 07:00h às 13:00h,1ª CCJ,Prioridade Legal
0034762-58.2025.8.17.8201,29/04/2026,22º Juizado Especial Cível e das Relações de Consumo da Capital - Turno Manhã - 07:00h às 13:00h,1ª CCJ,Prioridade Legal
0040950-38.2023.8.17.8201,02/06/2026,22º Juizado Especial Cível e das Relações de Consumo da Capital - Turno Manhã - 07:00h às 13:00h,1ª CCJ,Prioridade Legal
0045679-39.2025.8.17.8201,16/06/2026,22º Juizado Especial Cível e das Relações de Consumo da Capital - Turno Manhã - 07:00h às 13:00h,1ª CCJ,Prioridade Legal
0046392-48.2024.8.17.8201,14/05/2026,22º Juizado Especial Cível e das Relações de Consumo da Capital - Turno Manhã - 07:00h às 13:00h,1ª CCJ,Prioridade Legal
0059897-43.2023.8.17.8201,16/06/2026,22º Juizado Especial Cível e das Relações de Consumo da Capital - Turno Manhã - 07:00h às 13:00h,1ª CCJ,Prioridade Legal
0009440-36.2025.8.17.8201,09/06/2026,23º Juizado Especial Cível e das Relações de Consumo da Capital - Turno Tarde - 13:00h às 19:00h,1ª CCJ,Prioridade Legal
0012785-44.2024.8.17.8201,14/05/2026,23º Juizado Especial Cível e das Relações de Consumo da Capital - Turno Tarde - 13:00h às 19:00h,1ª CCJ,Prioridade Legal
0015370-69.2024.8.17.8201,28/04/2026,23º Juizado Especial Cível e das Relações de Consumo da Capital - Turno Tarde - 13:00h às 19:00h,1ª CCJ,Prioridade Legal
0017700-73.2023.8.17.8201,03/06/2026,23º Juizado Especial Cível e das Relações de Consumo da Capital - Turno Tarde - 13:00h às 19:00h,1ª CCJ,Prioridade Legal
0019962-40.2016.8.17.8201,18/06/2026,23º Juizado Especial Cível e das Relações de Consumo da Capital - Turno Tarde - 13:00h às 19:00h,1ª CCJ,Prioridade Legal
0020244-39.2020.8.17.8201,14/05/2026,23º Juizado Especial Cível e das Relações de Consumo da Capital - Turno Tarde - 13:00h às 19:00h,1ª CCJ,Prioridade Legal
0020833-89.2024.8.17.8201,04/05/2026,23º Juizado Especial Cível e das Relações de Consumo da Capital - Turno Tarde - 13:00h às 19:00h,1ª CCJ,Prioridade Legal
0021991-82.2024.8.17.8201,04/05/2026,23º Juizado Especial Cível e das Relações de Consumo da Capital - Turno Tarde - 13:00h às 19:00h,1ª CCJ,Prioridade Legal
0022800-43.2022.8.17.8201,03/06/2026,23º Juizado Especial Cível e das Relações de Consumo da Capital - Turno Tarde - 13:00h às 19:00h,1ª CCJ,Sem prioridade
0023229-05.2025.8.17.8201,28/04/2026,23º Juizado Especial Cível e das Relações de Consumo da Capital - Turno Tarde - 13:00h às 19:00h,1ª CCJ,Prioridade Legal
0025479-79.2023.8.17.8201,03/06/2026,23º Juizado Especial Cível e das Relações de Consumo da Capital - Turno Tarde - 13:00h às 19:00h,1ª CCJ,Prioridade Legal
0026284-61.2025.8.17.8201,19/06/2026,23º Juizado Especial Cível e das Relações de Consumo da Capital - Turno Tarde - 13:00h às 19:00h,1ª CCJ,Prioridade Legal
0029183-32.2025.8.17.8201,27/05/2026,23º Juizado Especial Cível e das Relações de Consumo da Capital - Turno Tarde - 13:00h às 19:00h,1ª CCJ,Prioridade Legal
0029913-53.2019.8.17.8201,21/05/2026,23º Juizado Especial Cível e das Relações de Consumo da Capital - Turno Tarde - 13:00h às 19:00h,1ª CCJ,Prioridade Legal
0035069-12.2025.8.17.8201,15/06/2026,23º Juizado Especial Cível e das Relações de Consumo da Capital - Turno Tarde - 13:00h às 19:00h,1ª CCJ,Prioridade Legal
0035204-97.2020.8.17.8201,07/05/2026,23º Juizado Especial Cível e das Relações de Consumo da Capital - Turno Tarde - 13:00h às 19:00h,1ª CCJ,Sem prioridade
0039480-40.2021.8.17.8201,04/05/2026,23º Juizado Especial Cível e das Relações de Consumo da Capital - Turno Tarde - 13:00h às 19:00h,1ª CCJ,Sem prioridade
0043739-39.2025.8.17.8201,14/05/2026,23º Juizado Especial Cível e das Relações de Consumo da Capital - Turno Tarde - 13:00h às 19:00h,1ª CCJ,Prioridade Legal
0045115-31.2023.8.17.8201,28/05/2026,23º Juizado Especial Cível e das Relações de Consumo da Capital - Turno Tarde - 13:00h às 19:00h,1ª CCJ,Prioridade Legal
0046200-18.2024.8.17.8201,15/06/2026,23º Juizado Especial Cível e das Relações de Consumo da Capital - Turno Tarde - 13:00h às 19:00h,1ª CCJ,Prioridade Legal
0053046-17.2025.8.17.8201,03/06/2026,23º Juizado Especial Cível e das Relações de Consumo da Capital - Turno Tarde - 13:00h às 19:00h,1ª CCJ,Prioridade Legal
0060331-32.2023.8.17.8201,11/06/2026,23º Juizado Especial Cível e das Relações de Consumo da Capital - Turno Tarde - 13:00h às 19:00h,1ª CCJ,Prioridade Legal
0004420-30.2026.8.17.8201,14/05/2026,24º Juizado Especial Cível e das Relações de Consumo da Capital - Turno Tarde - 13:00h às 19:00h,1ª CCJ,Prioridade Legal
0007349-75.2022.8.17.8201,29/05/2026,24º Juizado Especial Cível e das Relações de Consumo da Capital - Turno Tarde - 13:00h às 19:00h,1ª CCJ,Prioridade Legal
0023056-59.2017.8.17.8201,29/05/2026,24º Juizado Especial Cível e das Relações de Consumo da Capital - Turno Tarde - 13:00h às 19:00h,1ª CCJ,Prioridade Legal
0030113-50.2025.8.17.8201,22/05/2026,24º Juizado Especial Cível e das Relações de Consumo da Capital - Turno Tarde - 13:00h às 19:00h,1ª CCJ,Prioridade Legal
0050154-38.2025.8.17.8201,22/05/2026,24º Juizado Especial Cível e das Relações de Consumo da Capital - Turno Tarde - 13:00h às 19:00h,1ª CCJ,Prioridade Legal
0062466-17.2023.8.17.8201,05/06/2026,24º Juizado Especial Cível e das Relações de Consumo da Capital - Turno Tarde - 13:00h às 19:00h,1ª CCJ,Prioridade Legal
0000830-79.2025.8.17.8201,10/06/2026,25º Juizado Especial Cível e das Relações de Consumo da Capital - Turno Manhã - 07:00h às 13:00h,1ª CCJ,Prioridade Legal
0002600-44.2024.8.17.8201,19/06/2026,25º Juizado Especial Cível e das Relações de Consumo da Capital - Turno Manhã - 07:00h às 13:00h,1ª CCJ,Prioridade Legal
0007083-54.2023.8.17.8201,03/06/2026,25º Juizado Especial Cível e das Relações de Consumo da Capital - Turno Manhã - 07:00h às 13:00h,1ª CCJ,Prioridade Legal
0007408-92.2024.8.17.8201,04/05/2026,25º Juizado Especial Cível e das Relações de Consumo da Capital - Turno Manhã - 07:00h às 13:00h,1ª CCJ,Prioridade Legal
0007813-07.2019.8.17.8201,29/04/2026,25º Juizado Especial Cível e das Relações de Consumo da Capital - Turno Manhã - 07:00h às 13:00h,1ª CCJ,Prioridade Legal
0009579-85.2025.8.17.8201,04/06/2026,25º Juizado Especial Cível e das Relações de Consumo da Capital - Turno Manhã - 07:00h às 13:00h,1ª CCJ,Prioridade Legal
0015911-10.2021.8.17.8201,28/05/2026,25º Juizado Especial Cível e das Relações de Consumo da Capital - Turno Manhã - 07:00h às 13:00h,1ª CCJ,Prioridade Legal
0022161-06.2014.8.17.8201,28/04/2026,25º Juizado Especial Cível e das Relações de Consumo da Capital - Turno Manhã - 07:00h às 13:00h,1ª CCJ,Prioridade Legal
0024433-84.2025.8.17.8201,29/04/2026,25º Juizado Especial Cível e das Relações de Consumo da Capital - Turno Manhã - 07:00h às 13:00h,1ª CCJ,Prioridade Legal
0025166-94.2018.8.17.8201,09/06/2026,25º Juizado Especial Cível e das Relações de Consumo da Capital - Turno Manhã - 07:00h às 13:00h,1ª CCJ,Prioridade Legal
0031338-62.2012.8.17.8201,14/05/2026,25º Juizado Especial Cível e das Relações de Consumo da Capital - Turno Manhã - 07:00h às 13:00h,1ª CCJ,Prioridade Legal
0031903-40.2023.8.17.8201,11/06/2026,25º Juizado Especial Cível e das Relações de Consumo da Capital - Turno Manhã - 07:00h às 13:00h,1ª CCJ,Prioridade Legal
0032824-28.2025.8.17.8201,15/06/2026,25º Juizado Especial Cível e das Relações de Consumo da Capital - Turno Manhã - 07:00h às 13:00h,1ª CCJ,Prioridade Legal
0035255-35.2025.8.17.8201,12/06/2026,25º Juizado Especial Cível e das Relações de Consumo da Capital - Turno Manhã - 07:00h às 13:00h,1ª CCJ,Prioridade Legal
0041751-17.2024.8.17.8201,19/06/2026,25º Juizado Especial Cível e das Relações de Consumo da Capital - Turno Manhã - 07:00h às 13:00h,1ª CCJ,Prioridade Legal
0042071-67.2024.8.17.8201,11/06/2026,25º Juizado Especial Cível e das Relações de Consumo da Capital - Turno Manhã - 07:00h às 13:00h,1ª CCJ,Prioridade Legal
0042637-84.2022.8.17.8201,03/06/2026,25º Juizado Especial Cível e das Relações de Consumo da Capital - Turno Manhã - 07:00h às 13:00h,1ª CCJ,Prioridade Legal
0044256-78.2024.8.17.8201,29/05/2026,25º Juizado Especial Cível e das Relações de Consumo da Capital - Turno Manhã - 07:00h às 13:00h,1ª CCJ,Prioridade Legal
0045891-65.2022.8.17.8201,29/04/2026,25º Juizado Especial Cível e das Relações de Consumo da Capital - Turno Manhã - 07:00h às 13:00h,1ª CCJ,Prioridade Legal
0046963-82.2025.8.17.8201,04/06/2026,25º Juizado Especial Cível e das Relações de Consumo da Capital - Turno Manhã - 07:00h às 13:00h,1ª CCJ,Prioridade Legal
0002043-54.2024.8.17.5001,18/06/2026,2ª Vara Criminal da Capital,2ª CC,Sem prioridade
0002396-94.2024.8.17.5001,19/06/2026,2ª Vara Criminal da Capital,2ª CC,Sem prioridade
0003162-50.2024.8.17.5001,15/06/2026,2ª Vara Criminal da Capital,2ª CC,Sem prioridade
0003170-90.2025.8.17.5001,29/06/2026,2ª Vara Criminal da Capital,2ª CC,Prioridade Legal
0004539-56.2024.8.17.5001,15/06/2026,2ª Vara Criminal da Capital,2ª CC,Prioridade Legal
0001467-27.2004.8.17.0001,19/06/2026,2ª Vara da Fazenda Pública da Capital,4ª CC,Sem prioridade
0002952-42.2016.8.17.0001,03/06/2026,2ª Vara da Fazenda Pública da Capital,2ª CCJ,Prioridade Legal
0004901-51.2024.8.17.4001,12/06/2026,2ª Vara da Fazenda Pública da Capital,4ª CC,Prioridade Legal
0006673-45.2018.8.17.2001,28/05/2026,2ª Vara da Fazenda Pública da Capital,2ª CCJ,Prioridade Legal
0013797-16.2017.8.17.2001,19/06/2026,2ª Vara da Fazenda Pública da Capital,4ª CC,Sem prioridade
0016552-71.2021.8.17.2001,12/06/2026,2ª Vara da Fazenda Pública da Capital,2ª CCJ,Prioridade Legal
0022936-26.2016.8.17.2001,29/04/2026,2ª Vara da Fazenda Pública da Capital,2ª CCJ,Prioridade Legal
0026057-24.2011.8.17.0001,18/06/2026,2ª Vara da Fazenda Pública da Capital,4ª CC,Sem prioridade
0029839-62.2025.8.17.2001,17/06/2026,2ª Vara da Fazenda Pública da Capital,4ª CC,Prioridade Legal
0031048-13.2018.8.17.2001,15/06/2026,2ª Vara da Fazenda Pública da Capital,4ª CC,Prioridade Legal
0032755-84.2016.8.17.2001,15/06/2026,2ª Vara da Fazenda Pública da Capital,2ª CCJ,Prioridade Legal
0049140-73.2017.8.17.2001,17/06/2026,2ª Vara da Fazenda Pública da Capital,2ª CCJ,Sem prioridade
0053525-25.2021.8.17.2001,07/05/2026,2ª Vara da Fazenda Pública da Capital,2ª CCJ,Prioridade Legal
0054858-17.2018.8.17.2001,06/05/2026,2ª Vara da Fazenda Pública da Capital,2ª CCJ,Prioridade Legal
0065818-32.2018.8.17.2001,05/06/2026,2ª Vara da Fazenda Pública da Capital,4ª CC,Prioridade Legal
0067747-27.2023.8.17.2001,20/05/2026,2ª Vara da Fazenda Pública da Capital,2ª CCJ,Sem prioridade
0095271-62.2024.8.17.2001,17/06/2026,2ª Vara da Fazenda Pública da Capital,4ª CC,Prioridade Legal
0099893-87.2024.8.17.2001,16/06/2026,2ª Vara da Fazenda Pública da Capital,4ª CC,Prioridade Legal
0116139-61.2024.8.17.2001,18/06/2026,2ª Vara da Fazenda Pública da Capital,4ª CC,Prioridade Legal
0116254-82.2024.8.17.2001,15/06/2026,2ª Vara da Fazenda Pública da Capital,2ª CCJ,Prioridade Legal
0122486-18.2021.8.17.2001,15/05/2026,2ª Vara da Fazenda Pública da Capital,2ª CCJ,Prioridade Legal
0166712-74.2022.8.17.2001,20/05/2026,2ª Vara da Fazenda Pública da Capital,2ª CCJ,Sem prioridade
0110506-40.2022.8.17.2001,25/05/2026,2ª Vara de Acidentes de Trabalho da Capital,2ª CCJ,Prioridade Legal
0000775-55.2024.8.17.4001,18/06/2026,2ª Vara de Enfrentamento à Violência Doméstica e Familiar contra a Mulher,2ª CC,Prioridade Legal
0020305-60.2026.8.17.2001,05/06/2026,2ª Vara de Família e Registro Civil da Capital,3ª CC,Prioridade Legal
0033290-95.2025.8.17.2001,15/06/2026,2ª Vara de Família e Registro Civil da Capital,3ª CC,Prioridade Legal
0034027-16.2016.8.17.2001,04/06/2026,2ª Vara de Família e Registro Civil da Capital,3ª CCJ,Prioridade Legal
0050475-54.2022.8.17.2001,17/06/2026,2ª Vara de Família e Registro Civil da Capital,3ª CCJ,Sem prioridade
0074472-71.2019.8.17.2001,17/06/2026,2ª Vara de Família e Registro Civil da Capital,3ª CC,Prioridade Legal
0080724-51.2023.8.17.2001,10/06/2026,2ª Vara de Família e Registro Civil da Capital,3ª CC,Prioridade Legal
0111949-60.2021.8.17.2001,08/06/2026,2ª Vara de Família e Registro Civil da Capital,3ª CC,Prioridade Legal
0149228-12.2023.8.17.2001,10/06/2026,2ª Vara de Família e Registro Civil da Capital,3ª CC,Prioridade Legal
0003305-23.2021.8.17.2001,14/05/2026,2ª Vara de Sucessões e Registros Públicos da Capital,PARTIDOR,Sem prioridade
0004588-52.2019.8.17.2001,18/05/2026,2ª Vara de Sucessões e Registros Públicos da Capital,PARTIDOR,Sem prioridade
0012549-89.2003.8.17.0001,09/06/2026,2ª Vara de Sucessões e Registros Públicos da Capital,3ª CCJ,Prioridade Legal
0012707-27.2015.8.17.0001,05/06/2026,2ª Vara de Sucessões e Registros Públicos da Capital,3ª CCJ,Sem prioridade
0016588-50.2020.8.17.2001,09/06/2026,2ª Vara de Sucessões e Registros Públicos da Capital,3ª CCJ,Prioridade Legal
0017536-22.2013.8.17.0001,01/06/2026,2ª Vara de Sucessões e Registros Públicos da Capital,PARTIDOR,Sem prioridade
0018930-31.1994.8.17.0001,11/06/2026,2ª Vara de Sucessões e Registros Públicos da Capital,3ª CCJ,Prioridade Legal
0019347-74.2026.8.17.2001,17/06/2026,2ª Vara de Sucessões e Registros Públicos da Capital,3ª CCJ,Prioridade Legal
0028467-07.2001.8.17.0001,08/06/2026,2ª Vara de Sucessões e Registros Públicos da Capital,3ª CCJ,Prioridade Legal
0029613-96.2021.8.17.2001,16/06/2026,2ª Vara de Sucessões e Registros Públicos da Capital,3ª CCJ,Prioridade Legal
0030324-97.2015.8.17.0001,15/06/2026,2ª Vara de Sucessões e Registros Públicos da Capital,3ª CCJ,Sem prioridade
0031613-65.2015.8.17.0001,14/05/2026,2ª Vara de Sucessões e Registros Públicos da Capital,PARTIDOR,Sem prioridade
0037711-09.1991.8.17.0001,04/06/2026,2ª Vara de Sucessões e Registros Públicos da Capital,3ª CCJ,Sem prioridade
0040595-77.2018.8.17.2001,11/06/2026,2ª Vara de Sucessões e Registros Públicos da Capital,3ª CCJ,Prioridade Legal
0041979-38.1993.8.17.0001,10/06/2026,2ª Vara de Sucessões e Registros Públicos da Capital,3ª CCJ,Prioridade Legal
0042688-47.2017.8.17.2001,19/06/2026,2ª Vara de Sucessões e Registros Públicos da Capital,3ª CCJ,Prioridade Legal
0045493-31.2021.8.17.2001,03/06/2026,2ª Vara de Sucessões e Registros Públicos da Capital,PARTIDOR,Sem prioridade
0048567-54.2025.8.17.2001,15/06/2026,2ª Vara de Sucessões e Registros Públicos da Capital,3ª CCJ,Prioridade Legal
0049101-76.2017.8.17.2001,04/06/2026,2ª Vara de Sucessões e Registros Públicos da Capital,3ª CCJ,Prioridade Legal
0050173-94.2011.8.17.0001,29/05/2026,2ª Vara de Sucessões e Registros Públicos da Capital,PARTIDOR,Prioridade Legal
0052290-23.2021.8.17.2001,11/06/2026,2ª Vara de Sucessões e Registros Públicos da Capital,PARTIDOR,Prioridade Legal
0056904-03.2023.8.17.2001,02/06/2026,2ª Vara de Sucessões e Registros Públicos da Capital,3ª CCJ,Prioridade Legal
0059836-28.2015.8.17.0001,17/06/2026,2ª Vara de Sucessões e Registros Públicos da Capital,3ª CCJ,Sem prioridade
0060997-54.2007.8.17.0001,15/06/2026,2ª Vara de Sucessões e Registros Públicos da Capital,3ª CCJ,Sem prioridade
0062236-82.2022.8.17.2001,18/06/2026,2ª Vara de Sucessões e Registros Públicos da Capital,3ª CCJ,Prioridade Legal
0062518-91.2020.8.17.2001,15/06/2026,2ª Vara de Sucessões e Registros Públicos da Capital,PARTIDOR,Prioridade Legal
0071184-76.2023.8.17.2001,01/06/2026,2ª Vara de Sucessões e Registros Públicos da Capital,3ª CCJ,Sem prioridade
0075224-43.2019.8.17.2001,02/06/2026,2ª Vara de Sucessões e Registros Públicos da Capital,PARTIDOR,Prioridade Legal
0078906-93.2025.8.17.2001,03/06/2026,2ª Vara de Sucessões e Registros Públicos da Capital,3ª CCJ,Sem prioridade
0081314-33.2020.8.17.2001,04/06/2026,2ª Vara de Sucessões e Registros Públicos da Capital,PARTIDOR,Prioridade Legal
0085991-33.2025.8.17.2001,03/06/2026,2ª Vara de Sucessões e Registros Públicos da Capital,3ª CCJ,Prioridade Legal
0104046-71.2021.8.17.2001,17/06/2026,2ª Vara de Sucessões e Registros Públicos da Capital,PARTIDOR,Sem prioridade
0121938-85.2024.8.17.2001,11/06/2026,2ª Vara de Sucessões e Registros Públicos da Capital,3ª CCJ,Prioridade Legal
0005191-86.2023.8.17.2001,19/06/2026,2ª Vara do Tribunal do Júri Capital,2ª CC,Prioridade Legal
0038879-73.2022.8.17.2001,19/06/2026,2ª Vara dos Crimes contra Criança e Adolescente da Capital,2ª CC,Prioridade Legal
0005444-08.1996.8.17.0001,09/06/2026,2ª Vara dos Executivos Fiscais Estaduais da Capital,4ª CC,Sem prioridade
0011889-45.2022.8.17.2001,17/06/2026,2ª Vara dos Executivos Fiscais Estaduais da Capital,4ª CC,Prioridade Legal
0013758-14.2020.8.17.2001,09/06/2026,2ª Vara dos Executivos Fiscais Estaduais da Capital,4ª CC,Sem prioridade
0018500-49.2012.8.17.0001,17/06/2026,2ª Vara dos Executivos Fiscais Estaduais da Capital,4ª CC,Prioridade Legal
0023490-50.1993.8.17.0001,09/06/2026,2ª Vara dos Executivos Fiscais Estaduais da Capital,4ª CC,Prioridade Legal
0023766-95.2004.8.17.0001,17/06/2026,2ª Vara dos Executivos Fiscais Estaduais da Capital,4ª CC,Prioridade Legal
0036095-52.1998.8.17.0001,05/06/2026,2ª Vara dos Executivos Fiscais Estaduais da Capital,4ª CC,Sem prioridade
0039206-57.2018.8.17.2001,08/06/2026,2ª Vara dos Executivos Fiscais Estaduais da Capital,2ª CCJ,Prioridade Legal
0047371-60.2010.8.17.0001,09/06/2026,2ª Vara dos Executivos Fiscais Estaduais da Capital,4ª CC,Sem prioridade
0185738-93.2012.8.17.0001,08/06/2026,2ª Vara dos Executivos Fiscais Estaduais da Capital,4ª CC,Sem prioridade
0004210-76.2026.8.17.8201,16/06/2026,2º Juizado Especial Cível e das Relações de Consumo da Capital - Turno Manhã - 07:00h às 13:00h,1ª CCJ,Prioridade Legal
0007504-39.2026.8.17.8201,18/06/2026,2º Juizado Especial Cível e das Relações de Consumo da Capital - Turno Manhã - 07:00h às 13:00h,1ª CCJ,Prioridade Legal
0008613-88.2026.8.17.8201,19/06/2026,2º Juizado Especial Cível e das Relações de Consumo da Capital - Turno Manhã - 07:00h às 13:00h,1ª CCJ,Prioridade Legal
0043689-18.2022.8.17.8201,18/06/2026,2º Juizado Especial Cível e das Relações de Consumo da Capital - Turno Manhã - 07:00h às 13:00h,1ª CCJ,Prioridade Legal
0045168-46.2022.8.17.8201,12/06/2026,2º Juizado Especial Cível e das Relações de Consumo da Capital - Turno Manhã - 07:00h às 13:00h,1ª CCJ,Prioridade Legal
0046402-92.2024.8.17.8201,08/06/2026,2º Juizado Especial Cível e das Relações de Consumo da Capital - Turno Manhã - 07:00h às 13:00h,1ª CCJ,Prioridade Legal
0046854-05.2024.8.17.8201,29/04/2026,2º Juizado Especial Cível e das Relações de Consumo da Capital - Turno Manhã - 07:00h às 13:00h,1ª CCJ,Prioridade Legal
0048987-83.2025.8.17.8201,20/05/2026,2º Juizado Especial Cível e das Relações de Consumo da Capital - Turno Manhã - 07:00h às 13:00h,1ª CCJ,Prioridade Legal
0051855-34.2025.8.17.8201,01/06/2026,2º Juizado Especial Cível e das Relações de Consumo da Capital - Turno Manhã - 07:00h às 13:00h,1ª CCJ,Sem prioridade
0052704-06.2025.8.17.8201,18/06/2026,2º Juizado Especial Cível e das Relações de Consumo da Capital - Turno Manhã - 07:00h às 13:00h,1ª CCJ,Prioridade Legal
0059762-31.2023.8.17.8201,12/06/2026,2º Juizado Especial Cível e das Relações de Consumo da Capital - Turno Manhã - 07:00h às 13:00h,1ª CCJ,Prioridade Legal
0011305-36.2021.8.17.8201,27/05/2026,2º Juizado Especial da Fazenda Pública da Capital - Turno Manhã - 07:00h às 13:00h,1ª CCJ,Prioridade Legal
0013155-28.2021.8.17.8201,27/05/2026,2º Juizado Especial da Fazenda Pública da Capital - Turno Manhã - 07:00h às 13:00h,1ª CCJ,Prioridade Legal
0018066-44.2025.8.17.8201,11/06/2026,2º Juizado Especial da Fazenda Pública da Capital - Turno Manhã - 07:00h às 13:00h,1ª CCJ,Prioridade Legal
0026098-14.2020.8.17.8201,27/05/2026,2º Juizado Especial da Fazenda Pública da Capital - Turno Manhã - 07:00h às 13:00h,1ª CCJ,Prioridade Legal
0028176-49.2018.8.17.8201,27/05/2026,2º Juizado Especial da Fazenda Pública da Capital - Turno Manhã - 07:00h às 13:00h,1ª CCJ,Prioridade Legal
0036299-02.2024.8.17.2001,26/05/2026,2º Juizado Especial da Fazenda Pública da Capital - Turno Manhã - 07:00h às 13:00h,1ª CCJ,Prioridade Legal
0036967-60.2025.8.17.8201,19/06/2026,2º Juizado Especial da Fazenda Pública da Capital - Turno Manhã - 07:00h às 13:00h,1ª CCJ,Prioridade Legal
0037328-77.2025.8.17.8201,19/06/2026,2º Juizado Especial da Fazenda Pública da Capital - Turno Manhã - 07:00h às 13:00h,1ª CCJ,Prioridade Legal
0038999-38.2025.8.17.8201,02/06/2026,2º Juizado Especial da Fazenda Pública da Capital - Turno Manhã - 07:00h às 13:00h,1ª CCJ,Prioridade Legal
0001160-73.2025.8.17.5001,16/06/2026,3ª Vara Criminal da Capital,2ª CC,Prioridade Legal
0002762-02.2025.8.17.5001,19/06/2026,3ª Vara Criminal da Capital,2ª CC,Prioridade Legal
0045820-73.2021.8.17.2001,19/06/2026,3ª Vara Criminal da Capital,2ª CC,Sem prioridade
0000140-74.2024.8.17.4001,15/06/2026,3ª Vara da Fazenda Pública da Capital,4ª CC,Prioridade Legal
0001619-12.2003.8.17.0001,03/06/2026,3ª Vara da Fazenda Pública da Capital,2ª CCJ,Prioridade Legal
0001863-96.2007.8.17.0001,11/06/2026,3ª Vara da Fazenda Pública da Capital,4ª CC,Sem prioridade
0003604-68.2019.8.17.2001,10/06/2026,3ª Vara da Fazenda Pública da Capital,4ª CC,Prioridade Legal
0003805-94.2018.8.17.2001,02/06/2026,3ª Vara da Fazenda Pública da Capital,2ª CCJ,Prioridade Legal
0006446-84.2020.8.17.2001,18/06/2026,3ª Vara da Fazenda Pública da Capital,4ª CC,Prioridade Legal
0006722-57.2016.8.17.2001,09/06/2026,3ª Vara da Fazenda Pública da Capital,2ª CCJ,Prioridade Legal
0006959-48.2014.8.17.0001,30/04/2026,3ª Vara da Fazenda Pública da Capital,2ª CCJ,Prioridade Legal
0014294-93.2018.8.17.2001,04/05/2026,3ª Vara da Fazenda Pública da Capital,2ª CCJ,Prioridade Legal
0015402-60.2018.8.17.2001,08/05/2026,3ª Vara da Fazenda Pública da Capital,2ª CCJ,Prioridade Legal
0017354-40.2019.8.17.2001,11/06/2026,3ª Vara da Fazenda Pública da Capital,4ª CC,Prioridade Legal
0018846-44.2005.8.17.0001,03/06/2026,3ª Vara da Fazenda Pública da Capital,2ª CCJ,Sem prioridade
0020377-53.2014.8.17.0001,29/05/2026,3ª Vara da Fazenda Pública da Capital,2ª CCJ,Sem prioridade
0022421-51.1991.8.17.0001,12/06/2026,3ª Vara da Fazenda Pública da Capital,2ª CCJ,Prioridade Legal
0022602-90.2007.8.17.0001,11/06/2026,3ª Vara da Fazenda Pública da Capital,4ª CC,Sem prioridade
0023368-56.2001.8.17.0001,29/05/2026,3ª Vara da Fazenda Pública da Capital,2ª CCJ,Sem prioridade
0030454-44.2002.8.17.0001,05/06/2026,3ª Vara da Fazenda Pública da Capital,2ª CCJ,Sem prioridade
0038980-76.2023.8.17.2001,03/06/2026,3ª Vara da Fazenda Pública da Capital,2ª CCJ,Prioridade Legal
0039256-74.2015.8.17.0001,27/05/2026,3ª Vara da Fazenda Pública da Capital,2ª CCJ,Prioridade Legal
0041967-32.2016.8.17.2001,08/05/2026,3ª Vara da Fazenda Pública da Capital,2ª CCJ,Prioridade Legal
0049432-15.2015.8.17.0001,29/05/2026,3ª Vara da Fazenda Pública da Capital,2ª CCJ,Prioridade Legal
0055962-16.2007.8.17.0001,17/06/2026,3ª Vara da Fazenda Pública da Capital,4ª CC,Sem prioridade
0057523-06.2018.8.17.2001,15/06/2026,3ª Vara da Fazenda Pública da Capital,4ª CC,Prioridade Legal
0060246-91.2012.8.17.0001,04/05/2026,3ª Vara da Fazenda Pública da Capital,2ª CCJ,Prioridade Legal
0061461-09.2018.8.17.2001,01/06/2026,3ª Vara da Fazenda Pública da Capital,2ª CCJ,Prioridade Legal
0062150-44.2015.8.17.0001,29/05/2026,3ª Vara da Fazenda Pública da Capital,2ª CCJ,Prioridade Legal
0064246-02.2022.8.17.2001,23/05/2026,3ª Vara da Fazenda Pública da Capital,2ª CCJ,Prioridade Legal
0066472-82.2019.8.17.2001,05/06/2026,3ª Vara da Fazenda Pública da Capital,2ª CCJ,Prioridade Legal
0073136-27.2022.8.17.2001,13/05/2026,3ª Vara da Fazenda Pública da Capital,2ª CCJ,Prioridade Legal
0075616-51.2017.8.17.2001,18/06/2026,3ª Vara da Fazenda Pública da Capital,4ª CC,Prioridade Legal
0076060-79.2020.8.17.2001,11/06/2026,3ª Vara da Fazenda Pública da Capital,4ª CC,Sem prioridade
0076647-33.2022.8.17.2001,11/06/2026,3ª Vara da Fazenda Pública da Capital,4ª CC,Prioridade Legal
0093200-92.2021.8.17.2001,12/06/2026,3ª Vara da Fazenda Pública da Capital,2ª CCJ,Prioridade Legal
0097340-72.2021.8.17.2001,26/05/2026,3ª Vara da Fazenda Pública da Capital,2ª CCJ,Prioridade Legal
0098869-34.2018.8.17.2001,09/06/2026,3ª Vara da Fazenda Pública da Capital,4ª CC,Prioridade Legal
0105347-53.2021.8.17.2001,16/06/2026,3ª Vara da Fazenda Pública da Capital,2ª CCJ,Prioridade Legal
0119990-16.2021.8.17.2001,20/05/2026,3ª Vara da Fazenda Pública da Capital,2ª CCJ,Prioridade Legal
0131720-30.2009.8.17.0001,12/05/2026,3ª Vara da Fazenda Pública da Capital,2ª CCJ,Sem prioridade
0136841-96.2022.8.17.2001,17/06/2026,3ª Vara da Fazenda Pública da Capital,4ª CC,Sem prioridade
0144978-96.2024.8.17.2001,19/06/2026,3ª Vara da Fazenda Pública da Capital,4ª CC,Prioridade Legal
0192806-94.2012.8.17.0001,06/06/2026,3ª Vara da Fazenda Pública da Capital,2ª CCJ,Prioridade Legal
0001318-31.2025.8.17.5001,15/06/2026,3ª Vara de Enfrentamento à Violência Doméstica e Familiar contra a Mulher,2ª CC,Sem prioridade
0129331-95.2023.8.17.2001,15/06/2026,3ª Vara de Enfrentamento à Violência Doméstica e Familiar contra a Mulher,2ª CC,Sem prioridade
0007330-40.2025.8.17.2001,26/05/2026,3ª Vara de Família e Registro Civil da Capital,3ª CCJ,Prioridade Legal
0007361-60.2025.8.17.2001,15/06/2026,3ª Vara de Família e Registro Civil da Capital,3ª CC,Prioridade Legal
0011776-62.2020.8.17.2001,12/06/2026,3ª Vara de Família e Registro Civil da Capital,3ª CCJ,Prioridade Legal
0013826-66.2017.8.17.2001,04/06/2026,3ª Vara de Família e Registro Civil da Capital,3ª CCJ,Sem prioridade
0034545-88.2025.8.17.2001,15/06/2026,3ª Vara de Família e Registro Civil da Capital,3ª CC,Prioridade Legal
0034833-70.2024.8.17.2001,03/06/2026,3ª Vara de Família e Registro Civil da Capital,3ª CCJ,Sem prioridade
0035011-19.2024.8.17.2001,15/06/2026,3ª Vara de Família e Registro Civil da Capital,3ª CC,Prioridade Legal
0038964-93.2021.8.17.2001,12/06/2026,3ª Vara de Família e Registro Civil da Capital,3ª CCJ,Prioridade Legal
0044128-97.2025.8.17.2001,05/06/2026,3ª Vara de Família e Registro Civil da Capital,3ª CCJ,Prioridade Legal
0062294-80.2025.8.17.2001,17/06/2026,3ª Vara de Família e Registro Civil da Capital,3ª CCJ,Prioridade Legal
0065653-77.2021.8.17.2001,17/06/2026,3ª Vara de Família e Registro Civil da Capital,3ª CCJ,Prioridade Legal
0068035-38.2024.8.17.2001,22/05/2026,3ª Vara de Família e Registro Civil da Capital,3ª CC,Sem prioridade
0083173-45.2024.8.17.2001,22/05/2026,3ª Vara de Família e Registro Civil da Capital,3ª CCJ,Prioridade Legal
0085871-24.2024.8.17.2001,15/06/2026,3ª Vara de Família e Registro Civil da Capital,3ª CCJ,Prioridade Legal
0115202-56.2021.8.17.2001,16/06/2026,3ª Vara de Família e Registro Civil da Capital,3ª CCJ,Prioridade Legal
0130557-38.2023.8.17.2001,11/06/2026,3ª Vara de Família e Registro Civil da Capital,3ª CC,Sem prioridade
0138996-04.2024.8.17.2001,02/06/2026,3ª Vara de Família e Registro Civil da Capital,3ª CCJ,Prioridade Legal
0003890-75.2021.8.17.2001,03/06/2026,3ª Vara de Sucessões e Registros Públicos da Capital,PARTIDOR,Prioridade Legal
0004393-96.2021.8.17.2001,17/06/2026,3ª Vara de Sucessões e Registros Públicos da Capital,3ª CCJ,Prioridade Legal
0004941-93.2010.8.17.0001,17/06/2026,3ª Vara de Sucessões e Registros Públicos da Capital,3ª CCJ,Prioridade Legal
0012789-04.2017.8.17.2001,01/06/2026,3ª Vara de Sucessões e Registros Públicos da Capital,PARTIDOR,Prioridade Legal
0015850-67.2017.8.17.2001,27/05/2026,3ª Vara de Sucessões e Registros Públicos da Capital,3ª CCJ,Sem prioridade
0016056-38.2015.8.17.0001,18/06/2026,3ª Vara de Sucessões e Registros Públicos da Capital,3ª CCJ,Sem prioridade
0021194-69.2004.8.17.0001,03/06/2026,3ª Vara de Sucessões e Registros Públicos da Capital,3ª CCJ,Sem prioridade
0022186-49.2012.8.17.0001,08/06/2026,3ª Vara de Sucessões e Registros Públicos da Capital,3ª CCJ,Prioridade Legal
0023700-60.2026.8.17.2001,16/06/2026,3ª Vara de Sucessões e Registros Públicos da Capital,3ª CCJ,Prioridade Legal
0030689-82.2026.8.17.2001,08/06/2026,3ª Vara de Sucessões e Registros Públicos da Capital,3ª CCJ,Prioridade Legal
0035476-96.2022.8.17.2001,27/05/2026,3ª Vara de Sucessões e Registros Públicos da Capital,PARTIDOR,Prioridade Legal
0036261-19.2026.8.17.2001,04/06/2026,3ª Vara de Sucessões e Registros Públicos da Capital,3ª CCJ,Prioridade Legal
0040732-55.2012.8.17.0001,19/06/2026,3ª Vara de Sucessões e Registros Públicos da Capital,3ª CCJ,Prioridade Legal
0042712-60.2026.8.17.2001,10/06/2026,3ª Vara de Sucessões e Registros Públicos da Capital,3ª CCJ,Prioridade Legal
0043314-62.2011.8.17.0001,25/05/2026,3ª Vara de Sucessões e Registros Públicos da Capital,3ª CCJ,Sem prioridade
0054964-38.2013.8.17.0001,08/06/2026,3ª Vara de Sucessões e Registros Públicos da Capital,3ª CCJ,Sem prioridade
0058837-91.1986.8.17.0001,11/06/2026,3ª Vara de Sucessões e Registros Públicos da Capital,3ª CCJ,Sem prioridade
0062265-95.1997.8.17.0001,19/06/2026,3ª Vara de Sucessões e Registros Públicos da Capital,PARTIDOR,Prioridade Legal
0072979-25.2020.8.17.2001,16/06/2026,3ª Vara de Sucessões e Registros Públicos da Capital,3ª CCJ,Prioridade Legal
0082022-83.2020.8.17.2001,05/06/2026,3ª Vara de Sucessões e Registros Públicos da Capital,3ª CCJ,Prioridade Legal
0094605-27.2025.8.17.2001,10/06/2026,3ª Vara de Sucessões e Registros Públicos da Capital,3ª CCJ,Prioridade Legal
0099087-18.2025.8.17.2001,15/06/2026,3ª Vara de Sucessões e Registros Públicos da Capital,3ª CCJ,Prioridade Legal
0102634-37.2023.8.17.2001,19/06/2026,3ª Vara de Sucessões e Registros Públicos da Capital,3ª CCJ,Prioridade Legal
0116762-28.2024.8.17.2001,05/06/2026,3ª Vara de Sucessões e Registros Públicos da Capital,3ª CCJ,Prioridade Legal
0125082-04.2023.8.17.2001,10/06/2026,3ª Vara de Sucessões e Registros Públicos da Capital,3ª CCJ,Prioridade Legal
0131408-54.2009.8.17.0001,08/06/2026,3ª Vara de Sucessões e Registros Públicos da Capital,3ª CCJ,Sem prioridade
0137837-31.2021.8.17.2001,10/06/2026,3ª Vara de Sucessões e Registros Públicos da Capital,3ª CCJ,Prioridade Legal
0151046-33.2022.8.17.2001,18/06/2026,3ª Vara de Sucessões e Registros Públicos da Capital,3ª CCJ,Prioridade Legal
0002125-55.2021.8.17.0001,18/06/2026,3ª Vara do Tribunal do Júri Capital,2ª CC,Prioridade Legal
0000767-20.2026.8.17.8201,02/06/2026,3º Juizado Especial Cível e das Relações de Consumo da Capital - Turno Manhã - 07:00h às 13:00h,1ª CCJ,Prioridade Legal
0002294-07.2026.8.17.8201,25/05/2026,3º Juizado Especial Cível e das Relações de Consumo da Capital - Turno Manhã - 07:00h às 13:00h,1ª CCJ,Prioridade Legal
0014783-18.2022.8.17.8201,21/05/2026,3º Juizado Especial Cível e das Relações de Consumo da Capital - Turno Manhã - 07:00h às 13:00h,1ª CCJ,Prioridade Legal
0022985-13.2024.8.17.8201,03/06/2026,3º Juizado Especial Cível e das Relações de Consumo da Capital - Turno Manhã - 07:00h às 13:00h,1ª CCJ,Prioridade Legal
0032632-37.2021.8.17.8201,04/06/2026,3º Juizado Especial Cível e das Relações de Consumo da Capital - Turno Manhã - 07:00h às 13:00h,1ª CCJ,Prioridade Legal
0039240-12.2025.8.17.8201,21/05/2026,3º Juizado Especial Cível e das Relações de Consumo da Capital - Turno Manhã - 07:00h às 13:00h,1ª CCJ,Prioridade Legal
0045507-97.2025.8.17.8201,02/06/2026,3º Juizado Especial Cível e das Relações de Consumo da Capital - Turno Manhã - 07:00h às 13:00h,1ª CCJ,Prioridade Legal
0000373-23.2020.8.17.8201,02/06/2026,3º Juizado Especial da Fazenda Pública da Capital - Turno Manhã - 07:00h às 13:00h,1ª CCJ,Prioridade Legal
0000866-87.2026.8.17.8201,27/05/2026,3º Juizado Especial da Fazenda Pública da Capital - Turno Manhã - 07:00h às 13:00h,1ª CCJ,Prioridade Legal
0003656-15.2024.8.17.8201,19/06/2026,3º Juizado Especial da Fazenda Pública da Capital - Turno Manhã - 07:00h às 13:00h,1ª CCJ,Prioridade Legal
0004047-14.2017.8.17.8201,16/06/2026,3º Juizado Especial da Fazenda Pública da Capital - Turno Manhã - 07:00h às 13:00h,1ª CCJ,Prioridade Legal
0016931-41.2018.8.17.8201,21/05/2026,3º Juizado Especial da Fazenda Pública da Capital - Turno Manhã - 07:00h às 13:00h,1ª CCJ,Prioridade Legal
0017998-36.2021.8.17.8201,22/05/2026,3º Juizado Especial da Fazenda Pública da Capital - Turno Manhã - 07:00h às 13:00h,1ª CCJ,Prioridade Legal
0019962-93.2023.8.17.8201,19/06/2026,3º Juizado Especial da Fazenda Pública da Capital - Turno Manhã - 07:00h às 13:00h,1ª CCJ,Prioridade Legal
0020496-03.2024.8.17.8201,09/06/2026,3º Juizado Especial da Fazenda Pública da Capital - Turno Manhã - 07:00h às 13:00h,1ª CCJ,Prioridade Legal
0023138-51.2021.8.17.8201,10/06/2026,3º Juizado Especial da Fazenda Pública da Capital - Turno Manhã - 07:00h às 13:00h,1ª CCJ,Prioridade Legal
0026282-28.2024.8.17.8201,19/06/2026,3º Juizado Especial da Fazenda Pública da Capital - Turno Manhã - 07:00h às 13:00h,1ª CCJ,Prioridade Legal
0029582-71.2019.8.17.8201,17/06/2026,3º Juizado Especial da Fazenda Pública da Capital - Turno Manhã - 07:00h às 13:00h,1ª CCJ,Prioridade Legal
0029858-29.2024.8.17.8201,27/05/2026,3º Juizado Especial da Fazenda Pública da Capital - Turno Manhã - 07:00h às 13:00h,1ª CCJ,Prioridade Legal
0030495-77.2024.8.17.8201,25/05/2026,3º Juizado Especial da Fazenda Pública da Capital - Turno Manhã - 07:00h às 13:00h,1ª CCJ,Prioridade Legal
0033895-07.2021.8.17.8201,28/04/2026,3º Juizado Especial da Fazenda Pública da Capital - Turno Manhã - 07:00h às 13:00h,1ª CCJ,Prioridade Legal
0036651-52.2022.8.17.8201,29/04/2026,3º Juizado Especial da Fazenda Pública da Capital - Turno Manhã - 07:00h às 13:00h,1ª CCJ,Prioridade Legal
0042777-55.2021.8.17.8201,28/04/2026,3º Juizado Especial da Fazenda Pública da Capital - Turno Manhã - 07:00h às 13:00h,1ª CCJ,Prioridade Legal
0044013-71.2023.8.17.8201,27/05/2026,3º Juizado Especial da Fazenda Pública da Capital - Turno Manhã - 07:00h às 13:00h,1ª CCJ,Prioridade Legal
0046910-58.2017.8.17.2001,22/05/2026,3º Juizado Especial da Fazenda Pública da Capital - Turno Manhã - 07:00h às 13:00h,1ª CCJ,Prioridade Legal
0047105-96.2024.8.17.2001,16/06/2026,3º Juizado Especial da Fazenda Pública da Capital - Turno Manhã - 07:00h às 13:00h,1ª CCJ,Prioridade Legal
0049491-36.2018.8.17.8201,18/05/2026,3º Juizado Especial da Fazenda Pública da Capital - Turno Manhã - 07:00h às 13:00h,1ª CCJ,Prioridade Legal
0053457-41.2022.8.17.2001,30/04/2026,3º Juizado Especial da Fazenda Pública da Capital - Turno Manhã - 07:00h às 13:00h,1ª CCJ,Prioridade Legal
0064190-95.2019.8.17.8201,27/05/2026,3º Juizado Especial da Fazenda Pública da Capital - Turno Manhã - 07:00h às 13:00h,1ª CCJ,Prioridade Legal
0115454-25.2022.8.17.2001,27/05/2026,3º Juizado Especial da Fazenda Pública da Capital - Turno Manhã - 07:00h às 13:00h,1ª CCJ,Prioridade Legal
0001445-70.2021.8.17.0001,16/06/2026,4ª Vara Criminal da Capital,2ª CC,Prioridade Legal
0002715-32.2021.8.17.0001,18/06/2026,4ª Vara Criminal da Capital,2ª CC,Sem prioridade
0049639-18.2021.8.17.2001,15/06/2026,4ª Vara Criminal da Capital,2ª CC,Sem prioridade
0007564-66.2018.8.17.2001,16/06/2026,4ª Vara da Fazenda Pública da Capital,2ª CCJ,Sem prioridade
0022637-15.2017.8.17.2001,15/06/2026,4ª Vara da Fazenda Pública da Capital,2ª CCJ,Prioridade Legal
0035387-68.2025.8.17.2001,18/06/2026,4ª Vara da Fazenda Pública da Capital,4ª CC,Prioridade Legal
0044758-56.2025.8.17.2001,08/06/2026,4ª Vara da Fazenda Pública da Capital,4ª CC,Prioridade Legal
0045884-84.2012.8.17.0001,10/06/2026,4ª Vara da Fazenda Pública da Capital,4ª CC,Sem prioridade
0075151-61.2025.8.17.2001,10/06/2026,4ª Vara da Fazenda Pública da Capital,4ª CC,Prioridade Legal
0098302-27.2023.8.17.2001,11/05/2026,4ª Vara da Fazenda Pública da Capital,2ª CCJ,Prioridade Legal
0007955-16.2021.8.17.2001,09/06/2026,4ª Vara de Família e Registro Civil da Capital,3ª CC,Prioridade Legal
0008149-16.2021.8.17.2001,29/05/2026,4ª Vara de Família e Registro Civil da Capital,3ª CCJ,Prioridade Legal
0082997-66.2024.8.17.2001,03/06/2026,4ª Vara de Família e Registro Civil da Capital,3ª CCJ,Sem prioridade
0094108-13.2025.8.17.2001,01/06/2026,4ª Vara de Família e Registro Civil da Capital,3ª CCJ,Prioridade Legal
0000698-09.2010.8.17.0001,28/05/2026,4ª Vara de Sucessões e Registros Públicos da Capital,3ª CCJ,Sem prioridade
0006272-86.2005.8.17.0001,18/06/2026,4ª Vara de Sucessões e Registros Públicos da Capital,3ª CCJ,Sem prioridade
0010580-68.2005.8.17.0001,15/06/2026,4ª Vara de Sucessões e Registros Públicos da Capital,3ª CCJ,Prioridade Legal
0018454-88.2023.8.17.2001,04/06/2026,4ª Vara de Sucessões e Registros Públicos da Capital,3ª CCJ,Sem prioridade
0032930-46.1988.8.17.0001,19/06/2026,4ª Vara de Sucessões e Registros Públicos da Capital,3ª CCJ,Prioridade Legal
0043224-48.2023.8.17.2001,16/06/2026,4ª Vara de Sucessões e Registros Públicos da Capital,3ª CCJ,Prioridade Legal
0049391-96.2014.8.17.2001,09/05/2026,4ª Vara de Sucessões e Registros Públicos da Capital,3ª CCJ,Sem prioridade
0057416-26.2010.8.17.0001,10/06/2026,4ª Vara de Sucessões e Registros Públicos da Capital,3ª CC,Prioridade Legal
0059132-77.2025.8.17.2001,01/06/2026,4ª Vara de Sucessões e Registros Públicos da Capital,3ª CCJ,Prioridade Legal
0063210-90.2020.8.17.2001,18/06/2026,4ª Vara de Sucessões e Registros Públicos da Capital,3ª CCJ,Prioridade Legal
0079081-29.2021.8.17.2001,03/06/2026,4ª Vara de Sucessões e Registros Públicos da Capital,3ª CCJ,Sem prioridade
0135824-64.2018.8.17.2001,19/06/2026,4ª Vara de Sucessões e Registros Públicos da Capital,3ª CCJ,Prioridade Legal
0160371-95.2023.8.17.2001,08/06/2026,4ª Vara de Sucessões e Registros Públicos da Capital,3ª CCJ,Prioridade Legal
0013707-85.2024.8.17.8201,07/05/2026,4º Juizado Especial Cível e das Relações de Consumo da Capital - Turno Manhã - 07:00h às 13:00h,1ª CCJ,Prioridade Legal
0020662-74.2020.8.17.8201,01/06/2026,4º Juizado Especial Cível e das Relações de Consumo da Capital - Turno Manhã - 07:00h às 13:00h,1ª CCJ,Sem prioridade
0025159-29.2023.8.17.8201,05/05/2026,4º Juizado Especial Cível e das Relações de Consumo da Capital - Turno Manhã - 07:00h às 13:00h,1ª CCJ,Prioridade Legal
0031200-41.2025.8.17.8201,18/05/2026,4º Juizado Especial Cível e das Relações de Consumo da Capital - Turno Manhã - 07:00h às 13:00h,1ª CCJ,Prioridade Legal
0039326-17.2024.8.17.8201,17/06/2026,4º Juizado Especial Cível e das Relações de Consumo da Capital - Turno Manhã - 07:00h às 13:00h,1ª CCJ,Prioridade Legal
0042532-39.2024.8.17.8201,29/05/2026,4º Juizado Especial Cível e das Relações de Consumo da Capital - Turno Manhã - 07:00h às 13:00h,1ª CCJ,Prioridade Legal
0046092-23.2023.8.17.8201,03/06/2026,4º Juizado Especial Cível e das Relações de Consumo da Capital - Turno Manhã - 07:00h às 13:00h,1ª CCJ,Prioridade Legal
0049071-84.2025.8.17.8201,18/05/2026,4º Juizado Especial Cível e das Relações de Consumo da Capital - Turno Manhã - 07:00h às 13:00h,1ª CCJ,Prioridade Legal
0051857-72.2023.8.17.8201,03/06/2026,4º Juizado Especial Cível e das Relações de Consumo da Capital - Turno Manhã - 07:00h às 13:00h,1ª CCJ,Prioridade Legal
0052426-05.2025.8.17.8201,16/06/2026,4º Juizado Especial Cível e das Relações de Consumo da Capital - Turno Manhã - 07:00h às 13:00h,1ª CCJ,Prioridade Legal
0000310-12.2025.8.17.4001,18/06/2026,5ª Vara Criminal da Capital,2ª CC,Sem prioridade
0003286-33.2024.8.17.5001,15/06/2026,5ª Vara Criminal da Capital,2ª CC,Prioridade Legal
0138633-51.2023.8.17.2001,15/06/2026,5ª Vara Criminal da Capital,2ª CC,Prioridade Legal
0000122-05.2025.8.17.2001,17/06/2026,5ª Vara da Fazenda Pública da Capital,4ª CC,Prioridade Legal
0001423-55.2023.8.17.2001,29/05/2026,5ª Vara da Fazenda Pública da Capital,2ª CCJ,Prioridade Legal
0004199-04.2018.8.17.2001,28/05/2026,5ª Vara da Fazenda Pública da Capital,2ª CCJ,Prioridade Legal
0005064-02.2022.8.17.4001,05/06/2026,5ª Vara da Fazenda Pública da Capital,2ª CCJ,Prioridade Legal
0005456-31.2010.8.17.0001,08/05/2026,5ª Vara da Fazenda Pública da Capital,2ª CCJ,Sem prioridade
0005658-94.2025.8.17.2001,16/06/2026,5ª Vara da Fazenda Pública da Capital,4ª CC,Prioridade Legal
0013417-56.2018.8.17.2001,03/06/2026,5ª Vara da Fazenda Pública da Capital,2ª CCJ,Prioridade Legal
0015331-14.2025.8.17.2001,16/06/2026,5ª Vara da Fazenda Pública da Capital,4ª CC,Prioridade Legal
0017112-34.2000.8.17.0001,17/06/2026,5ª Vara da Fazenda Pública da Capital,4ª CC,Prioridade Legal
0017210-48.2002.8.17.0001,04/06/2026,5ª Vara da Fazenda Pública da Capital,4ª CC,Sem prioridade
0019543-30.2015.8.17.2001,10/06/2026,5ª Vara da Fazenda Pública da Capital,2ª CCJ,Prioridade Legal
0019942-83.2020.8.17.2001,19/06/2026,5ª Vara da Fazenda Pública da Capital,4ª CC,Super prioridade
0022990-50.2020.8.17.2001,11/06/2026,5ª Vara da Fazenda Pública da Capital,2ª CCJ,Prioridade Legal
0027830-64.2024.8.17.2001,04/06/2026,5ª Vara da Fazenda Pública da Capital,2ª CCJ,Prioridade Legal
0028810-37.2000.8.17.0001,10/06/2026,5ª Vara da Fazenda Pública da Capital,4ª CC,Sem prioridade
0029103-20.2020.8.17.2001,05/06/2026,5ª Vara da Fazenda Pública da Capital,2ª CCJ,Prioridade Legal
0032072-47.2016.8.17.2001,10/06/2026,5ª Vara da Fazenda Pública da Capital,4ª CC,Sem prioridade
0033136-06.2001.8.17.0001,20/05/2026,5ª Vara da Fazenda Pública da Capital,2ª CCJ,Prioridade Legal
0033258-62.2014.8.17.0001,29/05/2026,5ª Vara da Fazenda Pública da Capital,2ª CCJ,Prioridade Legal
0036153-05.2017.8.17.2001,26/05/2026,5ª Vara da Fazenda Pública da Capital,2ª CCJ,Prioridade Legal
0037438-58.2013.8.17.0001,26/05/2026,5ª Vara da Fazenda Pública da Capital,2ª CCJ,Sem prioridade
0038235-67.2021.8.17.2001,10/06/2026,5ª Vara da Fazenda Pública da Capital,2ª CCJ,Prioridade Legal
0041250-16.2010.8.17.0001,30/05/2026,5ª Vara da Fazenda Pública da Capital,2ª CCJ,Sem prioridade
0041384-03.2023.8.17.2001,04/06/2026,5ª Vara da Fazenda Pública da Capital,2ª CCJ,Prioridade Legal
0042121-45.2019.8.17.2001,11/06/2026,5ª Vara da Fazenda Pública da Capital,2ª CCJ,Prioridade Legal
0043306-17.2013.8.17.0001,11/06/2026,5ª Vara da Fazenda Pública da Capital,4ª CC,Sem prioridade
0044024-39.1998.8.17.0001,11/06/2026,5ª Vara da Fazenda Pública da Capital,2ª CCJ,Prioridade Legal
0047502-58.2024.8.17.2001,10/06/2026,5ª Vara da Fazenda Pública da Capital,4ª CC,Prioridade Legal
0049718-36.2017.8.17.2001,27/05/2026,5ª Vara da Fazenda Pública da Capital,2ª CCJ,Prioridade Legal
0049897-63.2011.8.17.0001,07/05/2026,5ª Vara da Fazenda Pública da Capital,2ª CCJ,Sem prioridade
0052042-53.2015.8.17.0001,28/05/2026,5ª Vara da Fazenda Pública da Capital,2ª CCJ,Sem prioridade
0080161-96.2019.8.17.2001,27/05/2026,5ª Vara da Fazenda Pública da Capital,2ª CCJ,Prioridade Legal
0084082-87.2024.8.17.2001,18/06/2026,5ª Vara da Fazenda Pública da Capital,2ª CCJ,Prioridade Legal
0084948-95.2024.8.17.2001,11/06/2026,5ª Vara da Fazenda Pública da Capital,2ª CCJ,Prioridade Legal
0085980-10.2013.8.17.0001,27/05/2026,5ª Vara da Fazenda Pública da Capital,2ª CCJ,Sem prioridade
0114180-89.2023.8.17.2001,05/06/2026,5ª Vara da Fazenda Pública da Capital,2ª CCJ,Prioridade Legal
0606409-29.1999.8.17.0001,16/06/2026,5ª Vara da Fazenda Pública da Capital,2ª CCJ,Sem prioridade
0000182-77.2024.8.17.6021,15/06/2026,5ª Vara de Família e Registro Civil da Capital,3ª CC,Prioridade Legal
0005586-24.2025.8.17.4001,19/06/2026,5ª Vara de Família e Registro Civil da Capital,3ª CC,Prioridade Legal
0005636-70.2024.8.17.2001,09/06/2026,5ª Vara de Família e Registro Civil da Capital,3ª CCJ,Prioridade Legal
0008211-22.2022.8.17.2001,04/06/2026,5ª Vara de Família e Registro Civil da Capital,3ª CCJ,Prioridade Legal
0015768-21.2026.8.17.2001,19/06/2026,5ª Vara de Família e Registro Civil da Capital,3ª CC,Prioridade Legal
0018082-47.2020.8.17.2001,15/06/2026,5ª Vara de Família e Registro Civil da Capital,3ª CC,Prioridade Legal
0025922-11.2020.8.17.2001,10/06/2026,5ª Vara de Família e Registro Civil da Capital,3ª CC,Prioridade Legal
0026801-42.2025.8.17.2001,26/05/2026,5ª Vara de Família e Registro Civil da Capital,3ª CC,Prioridade Legal
0036065-83.2025.8.17.2001,12/06/2026,5ª Vara de Família e Registro Civil da Capital,3ª CC,Prioridade Legal
0045525-94.2025.8.17.2001,26/05/2026,5ª Vara de Família e Registro Civil da Capital,3ª CCJ,Sem prioridade
0068089-43.2020.8.17.2001,12/06/2026,5ª Vara de Família e Registro Civil da Capital,3ª CCJ,Sem prioridade
0075630-88.2024.8.17.2001,10/06/2026,5ª Vara de Família e Registro Civil da Capital,3ª CC,Prioridade Legal
0090580-68.2025.8.17.2001,10/06/2026,5ª Vara de Família e Registro Civil da Capital,3ª CC,Prioridade Legal
0092776-11.2025.8.17.2001,11/06/2026,5ª Vara de Família e Registro Civil da Capital,3ª CC,Prioridade Legal
0132103-94.2024.8.17.2001,19/06/2026,5ª Vara de Família e Registro Civil da Capital,3ª CCJ,Prioridade Legal
0004893-41.2016.8.17.2001,10/06/2026,5ª Vara de Sucessões e Registros Públicos da Capital,3ª CCJ,Sem prioridade
0006211-79.2015.8.17.0001,08/06/2026,5ª Vara de Sucessões e Registros Públicos da Capital,3ª CCJ,Prioridade Legal
0010039-30.2008.8.17.0001,17/06/2026,5ª Vara de Sucessões e Registros Públicos da Capital,3ª CCJ,Sem prioridade
0011471-84.2008.8.17.0001,10/06/2026,5ª Vara de Sucessões e Registros Públicos da Capital,3ª CCJ,Sem prioridade
0017663-38.2005.8.17.0001,20/05/2026,5ª Vara de Sucessões e Registros Públicos da Capital,PARTIDOR,Sem prioridade
0018429-42.2015.8.17.0001,03/06/2026,5ª Vara de Sucessões e Registros Públicos da Capital,3ª CCJ,Sem prioridade
0018840-55.2022.8.17.2001,02/06/2026,5ª Vara de Sucessões e Registros Públicos da Capital,3ª CCJ,Sem prioridade
0019165-75.2006.8.17.0001,17/06/2026,5ª Vara de Sucessões e Registros Públicos da Capital,3ª CCJ,Prioridade Legal
0019508-30.2022.8.17.2420,05/06/2026,5ª Vara de Sucessões e Registros Públicos da Capital,3ª CCJ,Prioridade Legal
0019824-49.2016.8.17.2001,04/05/2026,5ª Vara de Sucessões e Registros Públicos da Capital,3ª CCJ,Sem prioridade
0027822-29.2020.8.17.2001,11/06/2026,5ª Vara de Sucessões e Registros Públicos da Capital,3ª CCJ,Sem prioridade
0031029-71.2010.8.17.0001,15/06/2026,5ª Vara de Sucessões e Registros Públicos da Capital,3ª CCJ,Prioridade Legal
0035039-42.2002.8.17.0001,19/06/2026,5ª Vara de Sucessões e Registros Públicos da Capital,PARTIDOR,Sem prioridade
0035655-25.2025.8.17.2001,16/06/2026,5ª Vara de Sucessões e Registros Públicos da Capital,PARTIDOR,Sem prioridade
0037065-13.2002.8.17.0001,10/06/2026,5ª Vara de Sucessões e Registros Públicos da Capital,3ª CCJ,Prioridade Legal
0038099-36.2022.8.17.2001,11/06/2026,5ª Vara de Sucessões e Registros Públicos da Capital,3ª CCJ,Prioridade Legal
0039480-89.2016.8.17.2001,08/06/2026,5ª Vara de Sucessões e Registros Públicos da Capital,3ª CCJ,Prioridade Legal
0043699-73.2012.8.17.0001,09/06/2026,5ª Vara de Sucessões e Registros Públicos da Capital,3ª CCJ,Prioridade Legal
0044874-62.2025.8.17.2001,19/06/2026,5ª Vara de Sucessões e Registros Públicos da Capital,3ª CCJ,Prioridade Legal
0045038-37.2019.8.17.2001,19/06/2026,5ª Vara de Sucessões e Registros Públicos da Capital,3ª CCJ,Sem prioridade
0053244-02.2014.8.17.0001,03/06/2026,5ª Vara de Sucessões e Registros Públicos da Capital,3ª CCJ,Sem prioridade
0056028-93.2007.8.17.0001,26/05/2026,5ª Vara de Sucessões e Registros Públicos da Capital,3ª CCJ,Sem prioridade
0060236-58.1986.8.17.0001,09/06/2026,5ª Vara de Sucessões e Registros Públicos da Capital,3ª CCJ,Sem prioridade
0061182-87.2010.8.17.0001,17/06/2026,5ª Vara de Sucessões e Registros Públicos da Capital,3ª CCJ,Prioridade Legal
0061249-17.2020.8.17.2001,19/05/2026,5ª Vara de Sucessões e Registros Públicos da Capital,PARTIDOR,Sem prioridade
0063094-45.2024.8.17.2001,11/06/2026,5ª Vara de Sucessões e Registros Públicos da Capital,3ª CCJ,Prioridade Legal
0063728-18.2010.8.17.0001,05/06/2026,5ª Vara de Sucessões e Registros Públicos da Capital,3ª CCJ,Prioridade Legal
0076614-15.2011.8.17.0001,19/06/2026,5ª Vara de Sucessões e Registros Públicos da Capital,3ª CCJ,Sem prioridade
0086906-19.2024.8.17.2001,25/05/2026,5ª Vara de Sucessões e Registros Públicos da Capital,PARTIDOR,Prioridade Legal
0087205-98.2021.8.17.2001,19/06/2026,5ª Vara de Sucessões e Registros Públicos da Capital,3ª CCJ,Sem prioridade
0100181-06.2022.8.17.2001,11/06/2026,5ª Vara de Sucessões e Registros Públicos da Capital,PARTIDOR,Sem prioridade
0112037-30.2023.8.17.2001,08/06/2026,5ª Vara de Sucessões e Registros Públicos da Capital,3ª CCJ,Sem prioridade
0121254-34.2022.8.17.2001,10/06/2026,5ª Vara de Sucessões e Registros Públicos da Capital,3ª CCJ,Sem prioridade
0143963-92.2024.8.17.2001,25/05/2026,5ª Vara de Sucessões e Registros Públicos da Capital,3ª CCJ,Prioridade Legal
0000100-05.2024.8.17.8201,13/05/2026,5º Juizado Especial Cível e das Relações de Consumo da Capital - Turno Manhã - 07:00h às 13:00h,1ª CCJ,Prioridade Legal
0000513-81.2025.8.17.8201,04/06/2026,5º Juizado Especial Cível e das Relações de Consumo da Capital - Turno Manhã - 07:00h às 13:00h,1ª CCJ,Prioridade Legal
0001564-93.2026.8.17.8201,12/06/2026,5º Juizado Especial Cível e das Relações de Consumo da Capital - Turno Manhã - 07:00h às 13:00h,1ª CCJ,Prioridade Legal
0002455-17.2026.8.17.8201,01/06/2026,5º Juizado Especial Cível e das Relações de Consumo da Capital - Turno Manhã - 07:00h às 13:00h,1ª CCJ,Prioridade Legal
0003894-34.2024.8.17.8201,04/05/2026,5º Juizado Especial Cível e das Relações de Consumo da Capital - Turno Manhã - 07:00h às 13:00h,1ª CCJ,Sem prioridade
0010240-98.2024.8.17.8201,13/05/2026,5º Juizado Especial Cível e das Relações de Consumo da Capital - Turno Manhã - 07:00h às 13:00h,1ª CCJ,Prioridade Legal
0010709-91.2017.8.17.8201,04/06/2026,5º Juizado Especial Cível e das Relações de Consumo da Capital - Turno Manhã - 07:00h às 13:00h,1ª CCJ,Prioridade Legal
0012216-82.2020.8.17.8201,08/06/2026,5º Juizado Especial Cível e das Relações de Consumo da Capital - Turno Manhã - 07:00h às 13:00h,1ª CCJ,Prioridade Legal
0012401-47.2025.8.17.8201,04/05/2026,5º Juizado Especial Cível e das Relações de Consumo da Capital - Turno Manhã - 07:00h às 13:00h,1ª CCJ,Prioridade Legal
0013669-73.2024.8.17.8201,03/06/2026,5º Juizado Especial Cível e das Relações de Consumo da Capital - Turno Manhã - 07:00h às 13:00h,1ª CCJ,Prioridade Legal
0014332-22.2024.8.17.8201,04/05/2026,5º Juizado Especial Cível e das Relações de Consumo da Capital - Turno Manhã - 07:00h às 13:00h,1ª CCJ,Prioridade Legal
0015804-29.2022.8.17.8201,13/05/2026,5º Juizado Especial Cível e das Relações de Consumo da Capital - Turno Manhã - 07:00h às 13:00h,1ª CCJ,Prioridade Legal
0017340-70.2025.8.17.8201,04/06/2026,5º Juizado Especial Cível e das Relações de Consumo da Capital - Turno Manhã - 07:00h às 13:00h,1ª CCJ,Prioridade Legal
0017485-63.2024.8.17.8201,16/06/2026,5º Juizado Especial Cível e das Relações de Consumo da Capital - Turno Manhã - 07:00h às 13:00h,1ª CCJ,Prioridade Legal
0018357-44.2025.8.17.8201,27/05/2026,5º Juizado Especial Cível e das Relações de Consumo da Capital - Turno Manhã - 07:00h às 13:00h,1ª CCJ,Prioridade Legal
0020444-07.2024.8.17.8201,28/05/2026,5º Juizado Especial Cível e das Relações de Consumo da Capital - Turno Manhã - 07:00h às 13:00h,1ª CCJ,Prioridade Legal
0021312-48.2025.8.17.8201,27/05/2026,5º Juizado Especial Cível e das Relações de Consumo da Capital - Turno Manhã - 07:00h às 13:00h,1ª CCJ,Prioridade Legal
0022557-94.2025.8.17.8201,13/05/2026,5º Juizado Especial Cível e das Relações de Consumo da Capital - Turno Manhã - 07:00h às 13:00h,1ª CCJ,Prioridade Legal
0022774-50.2019.8.17.8201,08/06/2026,5º Juizado Especial Cível e das Relações de Consumo da Capital - Turno Manhã - 07:00h às 13:00h,1ª CCJ,Prioridade Legal
0031172-10.2024.8.17.8201,19/05/2026,5º Juizado Especial Cível e das Relações de Consumo da Capital - Turno Manhã - 07:00h às 13:00h,1ª CCJ,Prioridade Legal
0031358-33.2024.8.17.8201,27/05/2026,5º Juizado Especial Cível e das Relações de Consumo da Capital - Turno Manhã - 07:00h às 13:00h,1ª CCJ,Prioridade Legal
0033210-58.2025.8.17.8201,03/06/2026,5º Juizado Especial Cível e das Relações de Consumo da Capital - Turno Manhã - 07:00h às 13:00h,1ª CCJ,Prioridade Legal
0037119-11.2025.8.17.8201,27/05/2026,5º Juizado Especial Cível e das Relações de Consumo da Capital - Turno Manhã - 07:00h às 13:00h,1ª CCJ,Prioridade Legal
0038018-09.2025.8.17.8201,27/05/2026,5º Juizado Especial Cível e das Relações de Consumo da Capital - Turno Manhã - 07:00h às 13:00h,1ª CCJ,Prioridade Legal
0042367-55.2025.8.17.8201,04/06/2026,5º Juizado Especial Cível e das Relações de Consumo da Capital - Turno Manhã - 07:00h às 13:00h,1ª CCJ,Prioridade Legal
0045350-66.2021.8.17.8201,03/06/2026,5º Juizado Especial Cível e das Relações de Consumo da Capital - Turno Manhã - 07:00h às 13:00h,1ª CCJ,Prioridade Legal
0047282-50.2025.8.17.8201,09/06/2026,5º Juizado Especial Cível e das Relações de Consumo da Capital - Turno Manhã - 07:00h às 13:00h,1ª CCJ,Prioridade Legal
0048471-63.2025.8.17.8201,01/06/2026,5º Juizado Especial Cível e das Relações de Consumo da Capital - Turno Manhã - 07:00h às 13:00h,1ª CCJ,Prioridade Legal
0052446-30.2024.8.17.8201,27/05/2026,5º Juizado Especial Cível e das Relações de Consumo da Capital - Turno Manhã - 07:00h às 13:00h,1ª CCJ,Prioridade Legal
0052806-33.2022.8.17.8201,27/05/2026,5º Juizado Especial Cível e das Relações de Consumo da Capital - Turno Manhã - 07:00h às 13:00h,1ª CCJ,Prioridade Legal
0060804-52.2022.8.17.8201,26/05/2026,5º Juizado Especial Cível e das Relações de Consumo da Capital - Turno Manhã - 07:00h às 13:00h,1ª CCJ,Prioridade Legal
0002145-81.2021.8.17.5001,17/06/2026,6ª Vara Criminal da Capital,2ª CC,Prioridade Legal
0020646-87.2017.8.17.0001,18/06/2026,6ª Vara Criminal da Capital,2ª CC,Sem prioridade
0005877-10.2025.8.17.2001,18/06/2026,6ª Vara da Fazenda Pública da Capital,4ª CC,Prioridade Legal
0005935-34.2004.8.17.0001,07/06/2026,6ª Vara da Fazenda Pública da Capital,4ª CC,Sem prioridade
0007535-95.2001.8.17.0001,19/06/2026,6ª Vara da Fazenda Pública da Capital,4ª CC,Sem prioridade
0015354-67.2019.8.17.2001,12/06/2026,6ª Vara da Fazenda Pública da Capital,2ª CCJ,Sem prioridade
0028348-98.2017.8.17.2001,03/06/2026,6ª Vara da Fazenda Pública da Capital,2ª CCJ,Sem prioridade
0029658-66.2017.8.17.8201,16/06/2026,6ª Vara da Fazenda Pública da Capital,4ª CC,Prioridade Legal
0029872-87.2015.8.17.0001,14/06/2026,6ª Vara da Fazenda Pública da Capital,4ª CC,Sem prioridade
0032469-92.2016.8.17.0001,15/06/2026,6ª Vara da Fazenda Pública da Capital,4ª CC,Sem prioridade
0041227-69.2019.8.17.2001,22/05/2026,6ª Vara da Fazenda Pública da Capital,2ª CCJ,Sem prioridade
0042575-46.1998.8.17.0001,08/06/2026,6ª Vara da Fazenda Pública da Capital,4ª CC,Prioridade Legal
0112515-38.2023.8.17.2001,10/06/2026,6ª Vara da Fazenda Pública da Capital,4ª CC,Prioridade Legal
0117355-62.2021.8.17.2001,12/06/2026,6ª Vara da Fazenda Pública da Capital,4ª CC,Sem prioridade
0192021-35.2012.8.17.0001,08/06/2026,6ª Vara da Fazenda Pública da Capital,4ª CC,Prioridade Legal
0012086-68.2020.8.17.2001,19/06/2026,6ª Vara de Família e Registro Civil da Capital,3ª CCJ,Prioridade Legal
0017028-36.2026.8.17.2001,05/06/2026,6ª Vara de Família e Registro Civil da Capital,3ª CC,Prioridade Legal
0025888-26.2026.8.17.2001,09/06/2026,6ª Vara de Família e Registro Civil da Capital,3ª CC,Prioridade Legal
0052442-32.2025.8.17.2001,05/06/2026,6ª Vara de Família e Registro Civil da Capital,3ª CC,Prioridade Legal
0052962-89.2025.8.17.2001,16/06/2026,6ª Vara de Família e Registro Civil da Capital,3ª CCJ,Sem prioridade
0060694-34.2019.8.17.2001,04/06/2026,6ª Vara de Família e Registro Civil da Capital,3ª CC,Prioridade Legal
0126921-30.2024.8.17.2001,10/06/2026,6ª Vara de Família e Registro Civil da Capital,3ª CC,Prioridade Legal
0006274-59.2026.8.17.8201,15/06/2026,6º Juizado Especial Cível e das Relações de Consumo da Capital - Turno Manhã - 07:00h às 13:00h,1ª CCJ,Prioridade Legal
0007069-65.2026.8.17.8201,09/06/2026,6º Juizado Especial Cível e das Relações de Consumo da Capital - Turno Manhã - 07:00h às 13:00h,1ª CCJ,Prioridade Legal
0011201-54.2015.8.17.8201,03/06/2026,6º Juizado Especial Cível e das Relações de Consumo da Capital - Turno Manhã - 07:00h às 13:00h,1ª CCJ,Sem prioridade
0020779-89.2025.8.17.8201,19/06/2026,6º Juizado Especial Cível e das Relações de Consumo da Capital - Turno Manhã - 07:00h às 13:00h,1ª CCJ,Prioridade Legal
0031775-49.2025.8.17.8201,18/05/2026,6º Juizado Especial Cível e das Relações de Consumo da Capital - Turno Manhã - 07:00h às 13:00h,1ª CCJ,Prioridade Legal
0034670-80.2025.8.17.8201,29/04/2026,6º Juizado Especial Cível e das Relações de Consumo da Capital - Turno Manhã - 07:00h às 13:00h,1ª CCJ,Prioridade Legal
0036757-09.2025.8.17.8201,25/05/2026,6º Juizado Especial Cível e das Relações de Consumo da Capital - Turno Manhã - 07:00h às 13:00h,1ª CCJ,Prioridade Legal
0039404-84.2019.8.17.8201,18/05/2026,6º Juizado Especial Cível e das Relações de Consumo da Capital - Turno Manhã - 07:00h às 13:00h,1ª CCJ,Prioridade Legal
0040251-13.2024.8.17.8201,21/05/2026,6º Juizado Especial Cível e das Relações de Consumo da Capital - Turno Manhã - 07:00h às 13:00h,1ª CCJ,Prioridade Legal
0044981-33.2025.8.17.8201,25/05/2026,6º Juizado Especial Cível e das Relações de Consumo da Capital - Turno Manhã - 07:00h às 13:00h,1ª CCJ,Sem prioridade
0000166-45.2025.8.17.5001,19/06/2026,7ª Vara Criminal da Capital,2ª CC,Prioridade Legal
0001144-56.2024.8.17.5001,17/06/2026,7ª Vara Criminal da Capital,2ª CC,Prioridade Legal
0001544-75.2021.8.17.5001,17/06/2026,7ª Vara Criminal da Capital,2ª CC,Sem prioridade
0002246-50.2023.8.17.5001,15/06/2026,7ª Vara Criminal da Capital,2ª CC,Sem prioridade
0002919-09.2024.8.17.5001,17/06/2026,7ª Vara Criminal da Capital,2ª CC,Prioridade Legal
0013381-33.2026.8.17.2001,19/06/2026,7ª Vara da Fazenda Pública da Capital,4ª CC,Prioridade Legal
0015252-40.2022.8.17.2001,04/06/2026,7ª Vara da Fazenda Pública da Capital,2ª CCJ,Prioridade Legal
0018365-08.2010.8.17.0001,15/06/2026,7ª Vara da Fazenda Pública da Capital,4ª CC,Sem prioridade
0024600-77.2025.8.17.2001,19/06/2026,7ª Vara da Fazenda Pública da Capital,2ª CCJ,Super prioridade
0024860-57.2025.8.17.2001,15/06/2026,7ª Vara da Fazenda Pública da Capital,4ª CC,Sem prioridade
0026889-90.2019.8.17.2001,12/06/2026,7ª Vara da Fazenda Pública da Capital,4ª CC,Prioridade Legal
0027251-20.2015.8.17.0001,19/06/2026,7ª Vara da Fazenda Pública da Capital,4ª CC,Sem prioridade
0037881-42.2021.8.17.2001,28/05/2026,7ª Vara da Fazenda Pública da Capital,2ª CCJ,Prioridade Legal
0038604-03.2017.8.17.2001,18/05/2026,7ª Vara da Fazenda Pública da Capital,2ª CCJ,Prioridade Legal
0051762-53.2013.8.17.0001,22/05/2026,7ª Vara da Fazenda Pública da Capital,2ª CCJ,Prioridade Legal
0064097-40.2021.8.17.2001,19/06/2026,7ª Vara da Fazenda Pública da Capital,4ª CC,Prioridade Legal
0072767-09.2017.8.17.2001,20/05/2026,7ª Vara da Fazenda Pública da Capital,2ª CCJ,Prioridade Legal
0098879-68.2024.8.17.2001,10/06/2026,7ª Vara da Fazenda Pública da Capital,4ª CC,Prioridade Legal
0127258-24.2021.8.17.2001,11/06/2026,7ª Vara da Fazenda Pública da Capital,4ª CC,Sem prioridade
0137951-96.2023.8.17.2001,22/05/2026,7ª Vara da Fazenda Pública da Capital,2ª CCJ,Prioridade Legal
0148031-96.2009.8.17.0001,01/06/2026,7ª Vara da Fazenda Pública da Capital,2ª CCJ,Sem prioridade
0162393-29.2023.8.17.2001,24/05/2026,7ª Vara da Fazenda Pública da Capital,2ª CCJ,Prioridade Legal
0061549-13.2019.8.17.2001,17/06/2026,7ª Vara de Família e Registro Civil da Capital,3ª CCJ,Prioridade Legal
0134870-42.2023.8.17.2001,18/06/2026,7ª Vara de Família e Registro Civil da Capital,3ª CCJ,Prioridade Legal
0001190-77.2026.8.17.8201,15/06/2026,7º Juizado Especial Cível e das Relações de Consumo da Capital - Turno Manhã - 07:00h às 13:00h,1ª CCJ,Prioridade Legal
0004204-69.2026.8.17.8201,16/06/2026,7º Juizado Especial Cível e das Relações de Consumo da Capital - Turno Manhã - 07:00h às 13:00h,1ª CCJ,Prioridade Legal
0008081-61.2019.8.17.8201,03/06/2026,7º Juizado Especial Cível e das Relações de Consumo da Capital - Turno Manhã - 07:00h às 13:00h,1ª CCJ,Prioridade Legal
0016932-79.2025.8.17.8201,29/04/2026,7º Juizado Especial Cível e das Relações de Consumo da Capital - Turno Manhã - 07:00h às 13:00h,1ª CCJ,Prioridade Legal
0018354-89.2025.8.17.8201,09/06/2026,7º Juizado Especial Cível e das Relações de Consumo da Capital - Turno Manhã - 07:00h às 13:00h,1ª CCJ,Prioridade Legal
0046392-14.2025.8.17.8201,17/06/2026,7º Juizado Especial Cível e das Relações de Consumo da Capital - Turno Manhã - 07:00h às 13:00h,1ª CCJ,Prioridade Legal
0051868-33.2025.8.17.8201,11/06/2026,7º Juizado Especial Cível e das Relações de Consumo da Capital - Turno Manhã - 07:00h às 13:00h,1ª CCJ,Prioridade Legal
0000092-93.2022.8.17.5001,19/06/2026,8ª Vara Criminal da Capital,2ª CC,Prioridade Legal
0001049-87.2022.8.17.4001,15/06/2026,8ª Vara Criminal da Capital,2ª CC,Prioridade Legal
0002337-09.2024.8.17.5001,18/06/2026,8ª Vara Criminal da Capital,2ª CC,Prioridade Legal
0003403-24.2024.8.17.5001,16/06/2026,8ª Vara Criminal da Capital,2ª CC,Sem prioridade
0006588-74.2020.8.17.0001,16/06/2026,8ª Vara Criminal da Capital,2ª CC,Sem prioridade
0000280-71.2010.8.17.0001,15/05/2026,8ª Vara da Fazenda Pública da Capital,2ª CCJ,Sem prioridade
0001855-11.2022.8.17.2001,17/06/2026,8ª Vara da Fazenda Pública da Capital,2ª CCJ,Sem prioridade
0005103-82.2022.8.17.2001,10/06/2026,8ª Vara da Fazenda Pública da Capital,2ª CCJ,Prioridade Legal
0006272-46.2018.8.17.2001,14/06/2026,8ª Vara da Fazenda Pública da Capital,4ª CC,Prioridade Legal
0007592-39.2015.8.17.2001,29/05/2026,8ª Vara da Fazenda Pública da Capital,2ª CCJ,Prioridade Legal
0008165-72.2018.8.17.2001,03/06/2026,8ª Vara da Fazenda Pública da Capital,2ª CCJ,Prioridade Legal
0008467-15.2003.8.17.0001,16/06/2026,8ª Vara da Fazenda Pública da Capital,4ª CC,Sem prioridade
0009792-43.2020.8.17.2001,06/06/2026,8ª Vara da Fazenda Pública da Capital,4ª CC,Prioridade Legal
0010121-80.2016.8.17.0001,08/06/2026,8ª Vara da Fazenda Pública da Capital,4ª CC,Sem prioridade
0010360-88.2022.8.17.2001,21/05/2026,8ª Vara da Fazenda Pública da Capital,2ª CCJ,Prioridade Legal
0011821-95.2022.8.17.2001,09/06/2026,8ª Vara da Fazenda Pública da Capital,2ª CCJ,Prioridade Legal
0012174-67.2024.8.17.2001,06/06/2026,8ª Vara da Fazenda Pública da Capital,4ª CC,Prioridade Legal
0012291-29.2022.8.17.2001,20/05/2026,8ª Vara da Fazenda Pública da Capital,2ª CCJ,Prioridade Legal
0012737-32.2022.8.17.2001,26/05/2026,8ª Vara da Fazenda Pública da Capital,2ª CCJ,Prioridade Legal
0013471-80.2022.8.17.2001,20/05/2026,8ª Vara da Fazenda Pública da Capital,2ª CCJ,Prioridade Legal
0014710-61.2018.8.17.2001,12/06/2026,8ª Vara da Fazenda Pública da Capital,4ª CC,Prioridade Legal
0014733-70.2019.8.17.2001,09/06/2026,8ª Vara da Fazenda Pública da Capital,4ª CC,Prioridade Legal
0015236-86.2022.8.17.2001,21/05/2026,8ª Vara da Fazenda Pública da Capital,2ª CCJ,Sem prioridade
0015946-09.2022.8.17.2001,02/06/2026,8ª Vara da Fazenda Pública da Capital,2ª CCJ,Prioridade Legal
0015957-77.2018.8.17.2001,12/06/2026,8ª Vara da Fazenda Pública da Capital,4ª CC,Prioridade Legal
0016535-98.2022.8.17.2001,20/05/2026,8ª Vara da Fazenda Pública da Capital,2ª CCJ,Prioridade Legal
0017680-24.2024.8.17.2001,08/06/2026,8ª Vara da Fazenda Pública da Capital,2ª CCJ,Prioridade Legal
0018153-78.2022.8.17.2001,16/06/2026,8ª Vara da Fazenda Pública da Capital,2ª CCJ,Prioridade Legal
0018258-94.2018.8.17.2001,09/06/2026,8ª Vara da Fazenda Pública da Capital,4ª CC,Prioridade Legal
0018864-83.2022.8.17.2001,21/05/2026,8ª Vara da Fazenda Pública da Capital,2ª CCJ,Prioridade Legal
0020391-70.2022.8.17.2001,31/05/2026,8ª Vara da Fazenda Pública da Capital,2ª CCJ,Prioridade Legal
0021090-61.2022.8.17.2001,18/06/2026,8ª Vara da Fazenda Pública da Capital,2ª CCJ,Prioridade Legal
0021354-78.2022.8.17.2001,20/05/2026,8ª Vara da Fazenda Pública da Capital,2ª CCJ,Prioridade Legal
0022434-43.2023.8.17.2001,16/06/2026,8ª Vara da Fazenda Pública da Capital,2ª CCJ,Prioridade Legal
0022547-61.2015.8.17.0001,03/06/2026,8ª Vara da Fazenda Pública da Capital,4ª CC,Sem prioridade
0022762-07.2022.8.17.2001,15/05/2026,8ª Vara da Fazenda Pública da Capital,2ª CCJ,Sem prioridade
0022826-17.2022.8.17.2001,01/06/2026,8ª Vara da Fazenda Pública da Capital,2ª CCJ,Prioridade Legal
0022854-82.2022.8.17.2001,16/06/2026,8ª Vara da Fazenda Pública da Capital,2ª CCJ,Prioridade Legal
0022877-28.2022.8.17.2001,04/06/2026,8ª Vara da Fazenda Pública da Capital,2ª CCJ,Prioridade Legal
0022934-46.2022.8.17.2001,17/06/2026,8ª Vara da Fazenda Pública da Capital,2ª CCJ,Prioridade Legal
0023022-84.2022.8.17.2001,04/06/2026,8ª Vara da Fazenda Pública da Capital,2ª CCJ,Prioridade Legal
0023028-91.2022.8.17.2001,27/05/2026,8ª Vara da Fazenda Pública da Capital,2ª CCJ,Prioridade Legal
0023117-17.2022.8.17.2001,03/06/2026,8ª Vara da Fazenda Pública da Capital,2ª CCJ,Prioridade Legal
0023164-88.2022.8.17.2001,16/06/2026,8ª Vara da Fazenda Pública da Capital,2ª CCJ,Prioridade Legal
0023307-77.2022.8.17.2001,10/06/2026,8ª Vara da Fazenda Pública da Capital,2ª CCJ,Prioridade Legal
0023353-66.2022.8.17.2001,20/05/2026,8ª Vara da Fazenda Pública da Capital,2ª CCJ,Prioridade Legal
0023540-74.2022.8.17.2001,03/06/2026,8ª Vara da Fazenda Pública da Capital,2ª CCJ,Prioridade Legal
0025980-43.2022.8.17.2001,03/06/2026,8ª Vara da Fazenda Pública da Capital,2ª CCJ,Prioridade Legal
0026586-71.2022.8.17.2001,29/05/2026,8ª Vara da Fazenda Pública da Capital,2ª CCJ,Prioridade Legal
0030186-33.2015.8.17.0001,16/06/2026,8ª Vara da Fazenda Pública da Capital,2ª CCJ,Sem prioridade
0033209-31.2008.8.17.0001,03/06/2026,8ª Vara da Fazenda Pública da Capital,2ª CCJ,Super prioridade
0034632-44.2025.8.17.2001,13/05/2026,8ª Vara da Fazenda Pública da Capital,2ª CCJ,Prioridade Legal
0036818-79.2021.8.17.2001,28/05/2026,8ª Vara da Fazenda Pública da Capital,2ª CCJ,Prioridade Legal
0037262-10.2024.8.17.2001,09/06/2026,8ª Vara da Fazenda Pública da Capital,4ª CC,Prioridade Legal
0040730-55.2019.8.17.2001,31/05/2026,8ª Vara da Fazenda Pública da Capital,2ª CCJ,Prioridade Legal
0040896-24.2018.8.17.2001,12/06/2026,8ª Vara da Fazenda Pública da Capital,2ª CCJ,Prioridade Legal
0045847-92.1991.8.17.0001,17/06/2026,8ª Vara da Fazenda Pública da Capital,4ª CC,Sem prioridade
0050091-67.2017.8.17.2001,06/06/2026,8ª Vara da Fazenda Pública da Capital,2ª CCJ,Prioridade Legal
0058331-98.2024.8.17.2001,03/06/2026,8ª Vara da Fazenda Pública da Capital,2ª CCJ,Sem prioridade
0062079-75.2023.8.17.2001,02/06/2026,8ª Vara da Fazenda Pública da Capital,2ª CCJ,Prioridade Legal
0069020-41.2023.8.17.2001,20/05/2026,8ª Vara da Fazenda Pública da Capital,2ª CCJ,Sem prioridade
0069063-13.2013.8.17.0001,05/06/2026,8ª Vara da Fazenda Pública da Capital,4ª CC,Sem prioridade
0071008-97.2023.8.17.2001,10/06/2026,8ª Vara da Fazenda Pública da Capital,2ª CCJ,Sem prioridade
0073954-52.2017.8.17.2001,13/06/2026,8ª Vara da Fazenda Pública da Capital,4ª CC,Prioridade Legal
0075127-14.2017.8.17.2001,11/06/2026,8ª Vara da Fazenda Pública da Capital,4ª CC,Prioridade Legal
0080051-29.2021.8.17.2001,11/06/2026,8ª Vara da Fazenda Pública da Capital,2ª CCJ,Prioridade Legal
0087934-27.2021.8.17.2001,12/05/2026,8ª Vara da Fazenda Pública da Capital,2ª CCJ,Prioridade Legal
0089304-46.2018.8.17.2001,21/05/2026,8ª Vara da Fazenda Pública da Capital,2ª CCJ,Prioridade Legal
0091345-83.2018.8.17.2001,09/06/2026,8ª Vara da Fazenda Pública da Capital,2ª CCJ,Prioridade Legal
0092470-81.2021.8.17.2001,10/06/2026,8ª Vara da Fazenda Pública da Capital,2ª CCJ,Prioridade Legal
0102815-72.2022.8.17.2001,08/06/2026,8ª Vara da Fazenda Pública da Capital,2ª CCJ,Prioridade Legal
0104130-78.2009.8.17.0001,10/06/2026,8ª Vara da Fazenda Pública da Capital,4ª CC,Sem prioridade
0107798-51.2021.8.17.2001,14/05/2026,8ª Vara da Fazenda Pública da Capital,2ª CCJ,Sem prioridade
0130235-86.2021.8.17.2001,21/05/2026,8ª Vara da Fazenda Pública da Capital,2ª CCJ,Prioridade Legal
0132413-81.2016.8.17.2001,22/05/2026,8ª Vara da Fazenda Pública da Capital,2ª CCJ,Prioridade Legal
0133309-51.2021.8.17.2001,22/05/2026,8ª Vara da Fazenda Pública da Capital,2ª CCJ,Prioridade Legal
0137578-65.2023.8.17.2001,07/05/2026,8ª Vara da Fazenda Pública da Capital,2ª CCJ,Prioridade Legal
0143802-82.2024.8.17.2001,05/05/2026,8ª Vara da Fazenda Pública da Capital,2ª CCJ,Prioridade Legal
0156596-09.2022.8.17.2001,16/06/2026,8ª Vara da Fazenda Pública da Capital,2ª CCJ,Prioridade Legal
0006577-54.2023.8.17.2001,02/06/2026,8ª Vara de Família e Registro Civil da Capital,3ª CCJ,Prioridade Legal
0007870-54.2026.8.17.2001,17/06/2026,8ª Vara de Família e Registro Civil da Capital,3ª CC,Prioridade Legal
0008711-57.2020.8.17.2810,26/05/2026,8ª Vara de Família e Registro Civil da Capital,3ª CCJ,Prioridade Legal
0013557-12.2026.8.17.2001,11/06/2026,8ª Vara de Família e Registro Civil da Capital,3ª CC,Prioridade Legal
0020555-98.2023.8.17.2001,04/06/2026,8ª Vara de Família e Registro Civil da Capital,3ª CC,Prioridade Legal
0022259-44.2026.8.17.2001,16/06/2026,8ª Vara de Família e Registro Civil da Capital,3ª CC,Prioridade Legal
0024114-92.2025.8.17.2001,18/06/2026,8ª Vara de Família e Registro Civil da Capital,3ª CC,Prioridade Legal
0027619-91.2025.8.17.2001,09/06/2026,8ª Vara de Família e Registro Civil da Capital,3ª CC,Prioridade Legal
0033121-11.2025.8.17.2001,16/06/2026,8ª Vara de Família e Registro Civil da Capital,3ª CC,Prioridade Legal
0066306-40.2025.8.17.2001,05/06/2026,8ª Vara de Família e Registro Civil da Capital,3ª CC,Prioridade Legal
0074536-71.2025.8.17.2001,17/06/2026,8ª Vara de Família e Registro Civil da Capital,3ª CC,Prioridade Legal
0080921-35.2025.8.17.2001,15/06/2026,8ª Vara de Família e Registro Civil da Capital,3ª CC,Prioridade Legal
0086553-42.2025.8.17.2001,17/06/2026,8ª Vara de Família e Registro Civil da Capital,3ª CC,Prioridade Legal
0098221-49.2021.8.17.2001,19/06/2026,8ª Vara de Família e Registro Civil da Capital,3ª CC,Super prioridade
0099496-91.2025.8.17.2001,11/06/2026,8ª Vara de Família e Registro Civil da Capital,3ª CC,Prioridade Legal
0108454-03.2024.8.17.2001,03/06/2026,8ª Vara de Família e Registro Civil da Capital,3ª CC,Prioridade Legal
0110220-57.2025.8.17.2001,05/06/2026,8ª Vara de Família e Registro Civil da Capital,3ª CC,Prioridade Legal
0110334-30.2024.8.17.2001,16/06/2026,8ª Vara de Família e Registro Civil da Capital,3ª CC,Prioridade Legal
0000821-25.2022.8.17.8201,23/05/2026,8º Juizado Especial Cível e das Relações de Consumo da Capital - Turno Tarde - 13:00h às 19:00h,1ª CCJ,Prioridade Legal
0004073-65.2024.8.17.8201,28/05/2026,8º Juizado Especial Cível e das Relações de Consumo da Capital - Turno Tarde - 13:00h às 19:00h,1ª CCJ,Prioridade Legal
0005788-79.2023.8.17.8201,25/05/2026,8º Juizado Especial Cível e das Relações de Consumo da Capital - Turno Tarde - 13:00h às 19:00h,1ª CCJ,Prioridade Legal
0009255-95.2025.8.17.8201,13/05/2026,8º Juizado Especial Cível e das Relações de Consumo da Capital - Turno Tarde - 13:00h às 19:00h,1ª CCJ,Prioridade Legal
0010645-37.2024.8.17.8201,20/05/2026,8º Juizado Especial Cível e das Relações de Consumo da Capital - Turno Tarde - 13:00h às 19:00h,1ª CCJ,Prioridade Legal
0012024-47.2023.8.17.8201,28/04/2026,8º Juizado Especial Cível e das Relações de Consumo da Capital - Turno Tarde - 13:00h às 19:00h,1ª CCJ,Prioridade Legal
0014444-20.2026.8.17.8201,15/06/2026,8º Juizado Especial Cível e das Relações de Consumo da Capital - Turno Tarde - 13:00h às 19:00h,1ª CCJ,Sem prioridade
0014763-85.2026.8.17.8201,16/06/2026,8º Juizado Especial Cível e das Relações de Consumo da Capital - Turno Tarde - 13:00h às 19:00h,1ª CCJ,Prioridade Legal
0020657-13.2024.8.17.8201,28/05/2026,8º Juizado Especial Cível e das Relações de Consumo da Capital - Turno Tarde - 13:00h às 19:00h,1ª CCJ,Prioridade Legal
0025699-09.2025.8.17.8201,17/06/2026,8º Juizado Especial Cível e das Relações de Consumo da Capital - Turno Tarde - 13:00h às 19:00h,1ª CCJ,Prioridade Legal
0027783-80.2025.8.17.8201,02/06/2026,8º Juizado Especial Cível e das Relações de Consumo da Capital - Turno Tarde - 13:00h às 19:00h,1ª CCJ,Prioridade Legal
0030466-61.2023.8.17.8201,17/06/2026,8º Juizado Especial Cível e das Relações de Consumo da Capital - Turno Tarde - 13:00h às 19:00h,1ª CCJ,Prioridade Legal
0032735-05.2025.8.17.8201,29/04/2026,8º Juizado Especial Cível e das Relações de Consumo da Capital - Turno Tarde - 13:00h às 19:00h,1ª CCJ,Prioridade Legal
0033298-33.2024.8.17.8201,03/06/2026,8º Juizado Especial Cível e das Relações de Consumo da Capital - Turno Tarde - 13:00h às 19:00h,1ª CCJ,Prioridade Legal
0037602-41.2025.8.17.8201,29/05/2026,8º Juizado Especial Cível e das Relações de Consumo da Capital - Turno Tarde - 13:00h às 19:00h,1ª CCJ,Prioridade Legal
0038282-26.2025.8.17.8201,16/06/2026,8º Juizado Especial Cível e das Relações de Consumo da Capital - Turno Tarde - 13:00h às 19:00h,1ª CCJ,Prioridade Legal
0042796-90.2023.8.17.8201,21/05/2026,8º Juizado Especial Cível e das Relações de Consumo da Capital - Turno Tarde - 13:00h às 19:00h,1ª CCJ,Prioridade Legal
0042803-24.2019.8.17.8201,19/05/2026,8º Juizado Especial Cível e das Relações de Consumo da Capital - Turno Tarde - 13:00h às 19:00h,1ª CCJ,Sem prioridade
0044702-18.2023.8.17.8201,14/05/2026,8º Juizado Especial Cível e das Relações de Consumo da Capital - Turno Tarde - 13:00h às 19:00h,1ª CCJ,Prioridade Legal
0045741-50.2023.8.17.8201,22/05/2026,8º Juizado Especial Cível e das Relações de Consumo da Capital - Turno Tarde - 13:00h às 19:00h,1ª CCJ,Prioridade Legal
0048666-19.2023.8.17.8201,05/06/2026,8º Juizado Especial Cível e das Relações de Consumo da Capital - Turno Tarde - 13:00h às 19:00h,1ª CCJ,Prioridade Legal
0049345-53.2022.8.17.8201,09/06/2026,8º Juizado Especial Cível e das Relações de Consumo da Capital - Turno Tarde - 13:00h às 19:00h,1ª CCJ,Prioridade Legal
0049574-08.2025.8.17.8201,15/06/2026,8º Juizado Especial Cível e das Relações de Consumo da Capital - Turno Tarde - 13:00h às 19:00h,1ª CCJ,Prioridade Legal
0058509-08.2023.8.17.8201,11/06/2026,8º Juizado Especial Cível e das Relações de Consumo da Capital - Turno Tarde - 13:00h às 19:00h,1ª CCJ,Prioridade Legal
0000800-12.2023.8.17.5001,18/06/2026,9ª Vara Criminal da Capital,2ª CC,Prioridade Legal
0004537-52.2025.8.17.5001,19/06/2026,9ª Vara Criminal da Capital,2ª CC,Prioridade Legal
0004984-33.2025.8.17.4001,19/06/2026,9ª Vara Criminal da Capital,2ª CC,Prioridade Legal
0010035-70.2020.8.17.0001,18/06/2026,9ª Vara Criminal da Capital,2ª CC,Prioridade Legal
0018178-86.2025.8.17.2001,19/06/2026,9ª Vara Criminal da Capital,2ª CC,Prioridade Legal
0018449-91.2019.8.17.0001,15/06/2026,9ª Vara Criminal da Capital,2ª CC,Prioridade Legal
0042234-81.2023.8.17.8201,19/06/2026,9ª Vara Criminal da Capital,2ª CC,Prioridade Legal
0102972-45.2022.8.17.2001,19/06/2026,9ª Vara Criminal da Capital,2ª CC,Prioridade Legal
0141301-92.2023.8.17.2001,15/06/2026,9ª Vara Criminal da Capital,2ª CC,Prioridade Legal
0008269-83.2026.8.17.2001,09/06/2026,9ª Vara de Família e Registro Civil da Capital,3ª CC,Prioridade Legal
0029971-22.2025.8.17.2001,09/06/2026,9ª Vara de Família e Registro Civil da Capital,3ª CC,Prioridade Legal
0054497-24.2023.8.17.2001,19/06/2026,9ª Vara de Família e Registro Civil da Capital,3ª CC,Prioridade Legal
0075023-41.2025.8.17.2001,12/06/2026,9ª Vara de Família e Registro Civil da Capital,3ª CC,Prioridade Legal
0084372-68.2025.8.17.2001,27/05/2026,9ª Vara de Família e Registro Civil da Capital,3ª CC,Prioridade Legal
0085726-31.2025.8.17.2001,18/06/2026,9ª Vara de Família e Registro Civil da Capital,3ª CCJ,Sem prioridade
0109084-25.2025.8.17.2001,18/06/2026,9ª Vara de Família e Registro Civil da Capital,3ª CC,Prioridade Legal
0119712-10.2024.8.17.2001,11/06/2026,9ª Vara de Família e Registro Civil da Capital,3ª CC,Sem prioridade
0149306-06.2023.8.17.2001,12/06/2026,9ª Vara de Família e Registro Civil da Capital,3ª CC,Prioridade Legal
0000221-62.2026.8.17.8201,14/05/2026,9º Juizado Especial Cível e das Relações de Consumo da Capital - Turno Tarde - 13:00h às 19:00h,1ª CCJ,Prioridade Legal
0001342-28.2026.8.17.8201,14/05/2026,9º Juizado Especial Cível e das Relações de Consumo da Capital - Turno Tarde - 13:00h às 19:00h,1ª CCJ,Prioridade Legal
0002147-15.2025.8.17.8201,13/05/2026,9º Juizado Especial Cível e das Relações de Consumo da Capital - Turno Tarde - 13:00h às 19:00h,1ª CCJ,Prioridade Legal
0002362-25.2024.8.17.8201,04/06/2026,9º Juizado Especial Cível e das Relações de Consumo da Capital - Turno Tarde - 13:00h às 19:00h,1ª CCJ,Prioridade Legal
0004371-91.2023.8.17.8201,05/06/2026,9º Juizado Especial Cível e das Relações de Consumo da Capital - Turno Tarde - 13:00h às 19:00h,1ª CCJ,Prioridade Legal
0005060-43.2020.8.17.8201,25/05/2026,9º Juizado Especial Cível e das Relações de Consumo da Capital - Turno Tarde - 13:00h às 19:00h,1ª CCJ,Prioridade Legal
0005398-07.2026.8.17.8201,28/05/2026,9º Juizado Especial Cível e das Relações de Consumo da Capital - Turno Tarde - 13:00h às 19:00h,1ª CCJ,Prioridade Legal
0005948-02.2026.8.17.8201,17/06/2026,9º Juizado Especial Cível e das Relações de Consumo da Capital - Turno Tarde - 13:00h às 19:00h,1ª CCJ,Prioridade Legal
0007091-31.2023.8.17.8201,28/05/2026,9º Juizado Especial Cível e das Relações de Consumo da Capital - Turno Tarde - 13:00h às 19:00h,1ª CCJ,Prioridade Legal
0009864-44.2026.8.17.8201,02/06/2026,9º Juizado Especial Cível e das Relações de Consumo da Capital - Turno Tarde - 13:00h às 19:00h,1ª CCJ,Prioridade Legal
0013634-50.2023.8.17.8201,13/05/2026,9º Juizado Especial Cível e das Relações de Consumo da Capital - Turno Tarde - 13:00h às 19:00h,1ª CCJ,Prioridade Legal
0015679-90.2024.8.17.8201,30/04/2026,9º Juizado Especial Cível e das Relações de Consumo da Capital - Turno Tarde - 13:00h às 19:00h,1ª CCJ,Prioridade Legal
0018561-25.2024.8.17.8201,20/05/2026,9º Juizado Especial Cível e das Relações de Consumo da Capital - Turno Tarde - 13:00h às 19:00h,1ª CCJ,Prioridade Legal
0035867-12.2021.8.17.8201,11/06/2026,9º Juizado Especial Cível e das Relações de Consumo da Capital - Turno Tarde - 13:00h às 19:00h,1ª CCJ,Prioridade Legal
0037997-33.2025.8.17.8201,20/05/2026,9º Juizado Especial Cível e das Relações de Consumo da Capital - Turno Tarde - 13:00h às 19:00h,1ª CCJ,Prioridade Legal
0044533-60.2025.8.17.8201,18/06/2026,9º Juizado Especial Cível e das Relações de Consumo da Capital - Turno Tarde - 13:00h às 19:00h,1ª CCJ,Prioridade Legal
0046134-04.2025.8.17.8201,29/04/2026,9º Juizado Especial Cível e das Relações de Consumo da Capital - Turno Tarde - 13:00h às 19:00h,1ª CCJ,Prioridade Legal
0047565-73.2025.8.17.8201,28/05/2026,9º Juizado Especial Cível e das Relações de Consumo da Capital - Turno Tarde - 13:00h às 19:00h,1ª CCJ,Prioridade Legal
0049076-43.2024.8.17.8201,30/04/2026,9º Juizado Especial Cível e das Relações de Consumo da Capital - Turno Tarde - 13:00h às 19:00h,1ª CCJ,Prioridade Legal
0058443-28.2023.8.17.8201,25/05/2026,9º Juizado Especial Cível e das Relações de Consumo da Capital - Turno Tarde - 13:00h às 19:00h,1ª CCJ,Prioridade Legal
0001773-38.2026.8.17.2001,18/06/2026,Seção A da 10ª Vara Cível da Capital,1ª CC,Prioridade Legal
0005079-98.2015.8.17.2001,11/06/2026,Seção A da 10ª Vara Cível da Capital,1ª CC,Prioridade Legal
0015634-62.2024.8.17.2001,09/06/2026,Seção A da 10ª Vara Cível da Capital,1ª CC,Sem prioridade
0018865-39.2020.8.17.2001,30/04/2026,Seção A da 10ª Vara Cível da Capital,1ª CCJ,Prioridade Legal
0021377-19.2025.8.17.2001,15/06/2026,Seção A da 10ª Vara Cível da Capital,1ª CC,Prioridade Legal
0023791-63.2020.8.17.2001,01/06/2026,Seção A da 10ª Vara Cível da Capital,1ª CC,Sem prioridade
0031983-48.2021.8.17.2001,18/06/2026,Seção A da 10ª Vara Cível da Capital,1ª CC,Sem prioridade
0034298-10.2025.8.17.2001,12/06/2026,Seção A da 10ª Vara Cível da Capital,1ª CC,Prioridade Legal
0035016-80.2020.8.17.2001,17/06/2026,Seção A da 10ª Vara Cível da Capital,1ª CC,Prioridade Legal
0037341-52.2025.8.17.2001,16/06/2026,Seção A da 10ª Vara Cível da Capital,1ª CC,Sem prioridade
0039593-67.2021.8.17.2001,29/04/2026,Seção A da 10ª Vara Cível da Capital,1ª CCJ,Prioridade Legal
0039643-98.2018.8.17.2001,17/06/2026,Seção A da 10ª Vara Cível da Capital,1ª CC,Prioridade Legal
0047325-41.2017.8.17.2001,05/06/2026,Seção A da 10ª Vara Cível da Capital,1ª CC,Prioridade Legal
0054672-47.2025.8.17.2001,18/06/2026,Seção A da 10ª Vara Cível da Capital,1ª CC,Prioridade Legal
0055401-89.2007.8.17.0001,11/06/2026,Seção A da 10ª Vara Cível da Capital,1ª CC,Sem prioridade
0056488-69.2022.8.17.2001,01/06/2026,Seção A da 10ª Vara Cível da Capital,1ª CC,Prioridade Legal
0057809-37.2025.8.17.2001,10/06/2026,Seção A da 10ª Vara Cível da Capital,1ª CC,Super prioridade
0059843-19.2024.8.17.2001,18/06/2026,Seção A da 10ª Vara Cível da Capital,1ª CC,Prioridade Legal
0063484-59.2017.8.17.2001,11/06/2026,Seção A da 10ª Vara Cível da Capital,1ª CC,Sem prioridade
0072129-29.2024.8.17.2001,20/06/2026,Seção A da 10ª Vara Cível da Capital,1ª CC,Prioridade Legal
0075615-85.2025.8.17.2001,12/06/2026,Seção A da 10ª Vara Cível da Capital,1ª CC,Prioridade Legal
0086566-80.2021.8.17.2001,27/05/2026,Seção A da 10ª Vara Cível da Capital,1ª CCJ,Sem prioridade
0089477-26.2025.8.17.2001,15/06/2026,Seção A da 10ª Vara Cível da Capital,1ª CC,Prioridade Legal
0095230-61.2025.8.17.2001,11/05/2026,Seção A da 10ª Vara Cível da Capital,1ª CCJ,Prioridade Legal
0095300-78.2025.8.17.2001,15/06/2026,Seção A da 10ª Vara Cível da Capital,1ª CC,Prioridade Legal
0098563-27.2013.8.17.0001,10/06/2026,Seção A da 10ª Vara Cível da Capital,1ª CC,Super prioridade
0099318-45.2025.8.17.2001,01/06/2026,Seção A da 10ª Vara Cível da Capital,1ª CC,Prioridade Legal
0104722-77.2025.8.17.2001,12/06/2026,Seção A da 10ª Vara Cível da Capital,1ª CC,Prioridade Legal
0105077-87.2025.8.17.2001,01/06/2026,Seção A da 10ª Vara Cível da Capital,1ª CC,Prioridade Legal
0111149-90.2025.8.17.2001,17/06/2026,Seção A da 10ª Vara Cível da Capital,1ª CC,Prioridade Legal
0111601-03.2025.8.17.2001,05/06/2026,Seção A da 10ª Vara Cível da Capital,1ª CC,Prioridade Legal
0114013-38.2024.8.17.2001,12/06/2026,Seção A da 10ª Vara Cível da Capital,1ª CC,Prioridade Legal
0132013-67.2016.8.17.2001,05/06/2026,Seção A da 10ª Vara Cível da Capital,1ª CC,Prioridade Legal
0144582-56.2023.8.17.2001,28/05/2026,Seção A da 10ª Vara Cível da Capital,1ª CC,Sem prioridade
0157722-60.2023.8.17.2001,15/06/2026,Seção A da 10ª Vara Cível da Capital,1ª CC,Super prioridade
0003384-12.2015.8.17.2001,08/06/2026,Seção A da 11ª Vara Cível da Capital,1ª CC,Sem prioridade
0011473-72.2025.8.17.2001,18/06/2026,Seção A da 11ª Vara Cível da Capital,1ª CC,Super prioridade
0014948-51.2016.8.17.2001,21/05/2026,Seção A da 11ª Vara Cível da Capital,1ª CCJ,Prioridade Legal
0016815-64.2025.8.17.2001,11/06/2026,Seção A da 11ª Vara Cível da Capital,1ª CC,Prioridade Legal
0017285-95.2025.8.17.2001,04/06/2026,Seção A da 11ª Vara Cível da Capital,1ª CC,Prioridade Legal
0022967-75.2018.8.17.2001,09/06/2026,Seção A da 11ª Vara Cível da Capital,1ª CC,Super prioridade
0027728-76.2023.8.17.2001,02/06/2026,Seção A da 11ª Vara Cível da Capital,1ª CC,Super prioridade
0029815-10.2020.8.17.2001,19/06/2026,Seção A da 11ª Vara Cível da Capital,1ª CC,Sem prioridade
0041032-45.2023.8.17.2001,02/06/2026,Seção A da 11ª Vara Cível da Capital,1ª CC,Sem prioridade
0041129-45.2023.8.17.2001,09/06/2026,Seção A da 11ª Vara Cível da Capital,1ª CC,Sem prioridade
0043040-29.2022.8.17.2001,12/06/2026,Seção A da 11ª Vara Cível da Capital,1ª CC,Prioridade Legal
0043373-84.2010.8.17.0001,16/06/2026,Seção A da 11ª Vara Cível da Capital,1ª CC,Prioridade Legal
0048383-35.2024.8.17.2001,09/06/2026,Seção A da 11ª Vara Cível da Capital,1ª CC,Super prioridade
0053544-95.2013.8.17.0001,19/06/2026,Seção A da 11ª Vara Cível da Capital,1ª CC,Sem prioridade
0055998-77.2015.8.17.0001,27/05/2026,Seção A da 11ª Vara Cível da Capital,1ª CC,Sem prioridade
0059430-07.2015.8.17.0001,10/06/2026,Seção A da 11ª Vara Cível da Capital,1ª CCJ,Sem prioridade
0062545-69.2023.8.17.2001,26/05/2026,Seção A da 11ª Vara Cível da Capital,1ª CCJ,Prioridade Legal
0071365-14.2022.8.17.2001,27/05/2026,Seção A da 11ª Vara Cível da Capital,1ª CC,Sem prioridade
0087242-28.2021.8.17.2001,11/06/2026,Seção A da 11ª Vara Cível da Capital,1ª CC,Sem prioridade
0135771-10.2023.8.17.2001,27/05/2026,Seção A da 11ª Vara Cível da Capital,1ª CC,Prioridade Legal
0160057-86.2022.8.17.2001,11/06/2026,Seção A da 11ª Vara Cível da Capital,1ª CC,Sem prioridade
0001722-71.2019.8.17.2001,16/06/2026,Seção A da 12ª Vara Cível da Capital,1ª CC,Prioridade Legal
0003596-19.2015.8.17.0001,16/06/2026,Seção A da 12ª Vara Cível da Capital,1ª CC,Sem prioridade
0006047-66.2005.8.17.0001,16/06/2026,Seção A da 12ª Vara Cível da Capital,1ª CC,Prioridade Legal
0010223-43.2021.8.17.2001,28/05/2026,Seção A da 12ª Vara Cível da Capital,1ª CC,Prioridade Legal
0010554-26.2012.8.17.0001,15/06/2026,Seção A da 12ª Vara Cível da Capital,1ª CC,Sem prioridade
0012692-86.2026.8.17.2001,08/06/2026,Seção A da 12ª Vara Cível da Capital,1ª CC,Prioridade Legal
0013324-83.2024.8.17.2001,08/05/2026,Seção A da 12ª Vara Cível da Capital,1ª CCJ,Prioridade Legal
0015500-98.2025.8.17.2001,09/06/2026,Seção A da 12ª Vara Cível da Capital,1ª CC,Sem prioridade
0018941-24.2024.8.17.2001,15/06/2026,Seção A da 12ª Vara Cível da Capital,1ª CC,Super prioridade
0019827-24.2015.8.17.0001,10/06/2026,Seção A da 12ª Vara Cível da Capital,1ª CC,Sem prioridade
0021257-39.2026.8.17.2001,08/06/2026,Seção A da 12ª Vara Cível da Capital,1ª CC,Prioridade Legal
0021686-45.2022.8.17.2001,05/06/2026,Seção A da 12ª Vara Cível da Capital,1ª CC,Prioridade Legal
0023311-82.1994.8.17.0001,16/06/2026,Seção A da 12ª Vara Cível da Capital,1ª CC,Prioridade Legal
0024611-09.2025.8.17.2001,05/06/2026,Seção A da 12ª Vara Cível da Capital,1ª CC,Sem prioridade
0026076-53.2025.8.17.2001,08/06/2026,Seção A da 12ª Vara Cível da Capital,1ª CC,Prioridade Legal
0027050-56.2026.8.17.2001,17/06/2026,Seção A da 12ª Vara Cível da Capital,1ª CC,Prioridade Legal
0029638-41.2023.8.17.2001,18/06/2026,Seção A da 12ª Vara Cível da Capital,1ª CC,Sem prioridade
0031454-53.2026.8.17.2001,19/06/2026,Seção A da 12ª Vara Cível da Capital,1ª CC,Prioridade Legal
0041787-69.2023.8.17.2001,18/06/2026,Seção A da 12ª Vara Cível da Capital,1ª CC,Prioridade Legal
0041912-66.2025.8.17.2001,27/05/2026,Seção A da 12ª Vara Cível da Capital,1ª CC,Prioridade Legal
0046400-40.2020.8.17.2001,09/06/2026,Seção A da 12ª Vara Cível da Capital,1ª CC,Prioridade Legal
0051421-90.2014.8.17.0001,27/05/2026,Seção A da 12ª Vara Cível da Capital,1ª CC,Super prioridade
0076030-68.2025.8.17.2001,01/06/2026,Seção A da 12ª Vara Cível da Capital,1ª CC,Prioridade Legal
0078050-03.2023.8.17.2001,02/06/2026,Seção A da 12ª Vara Cível da Capital,1ª CC,Prioridade Legal
0080602-09.2021.8.17.2001,29/05/2026,Seção A da 12ª Vara Cível da Capital,1ª CC,Prioridade Legal
0083192-51.2024.8.17.2001,16/06/2026,Seção A da 12ª Vara Cível da Capital,1ª CC,Prioridade Legal
0087078-93.2014.8.17.0001,18/06/2026,Seção A da 12ª Vara Cível da Capital,1ª CC,Sem prioridade
0088600-23.2024.8.17.2001,28/05/2026,Seção A da 12ª Vara Cível da Capital,1ª CC,Super prioridade
0089411-46.2025.8.17.2001,03/06/2026,Seção A da 12ª Vara Cível da Capital,1ª CC,Prioridade Legal
0089863-66.2019.8.17.2001,07/05/2026,Seção A da 12ª Vara Cível da Capital,1ª CCJ,Prioridade Legal
0093183-22.2022.8.17.2001,16/06/2026,Seção A da 12ª Vara Cível da Capital,1ª CC,Sem prioridade
0107281-07.2025.8.17.2001,17/06/2026,Seção A da 12ª Vara Cível da Capital,1ª CC,Prioridade Legal
0116112-15.2023.8.17.2001,08/06/2026,Seção A da 12ª Vara Cível da Capital,1ª CC,Prioridade Legal
0117650-94.2024.8.17.2001,02/06/2026,Seção A da 12ª Vara Cível da Capital,1ª CC,Prioridade Legal
0148295-39.2023.8.17.2001,04/06/2026,Seção A da 12ª Vara Cível da Capital,1ª CC,Prioridade Legal
0000538-50.2026.8.17.4001,17/06/2026,Seção A da 13ª Vara Cível da Capital,1ª CC,Prioridade Legal
0000635-75.2022.8.17.2001,16/06/2026,Seção A da 13ª Vara Cível da Capital,1ª CC,Sem prioridade
0001137-24.2016.8.17.2001,06/05/2026,Seção A da 13ª Vara Cível da Capital,1ª CCJ,Prioridade Legal
0002419-31.2016.8.17.3090,09/06/2026,Seção A da 13ª Vara Cível da Capital,1ª CC,Prioridade Legal
0003670-24.2014.8.17.2001,09/06/2026,Seção A da 13ª Vara Cível da Capital,1ª CC,Sem prioridade
0018157-76.2026.8.17.2001,09/06/2026,Seção A da 13ª Vara Cível da Capital,1ª CCJ,Prioridade Legal
0030643-40.2019.8.17.2001,09/06/2026,Seção A da 13ª Vara Cível da Capital,1ª CC,Sem prioridade
0031175-82.2017.8.17.2001,15/05/2026,Seção A da 13ª Vara Cível da Capital,1ª CCJ,Prioridade Legal
0031771-27.2021.8.17.2001,16/06/2026,Seção A da 13ª Vara Cível da Capital,1ª CC,Prioridade Legal
0037512-43.2024.8.17.2001,19/06/2026,Seção A da 13ª Vara Cível da Capital,1ª CC,Prioridade Legal
0056530-31.2016.8.17.2001,05/06/2026,Seção A da 13ª Vara Cível da Capital,1ª CC,Prioridade Legal
0081917-09.2020.8.17.2001,16/06/2026,Seção A da 13ª Vara Cível da Capital,1ª CCJ,Prioridade Legal
0086252-08.2019.8.17.2001,03/06/2026,Seção A da 13ª Vara Cível da Capital,1ª CC,Prioridade Legal
0089552-65.2025.8.17.2001,12/06/2026,Seção A da 13ª Vara Cível da Capital,1ª CC,Prioridade Legal
0101187-48.2022.8.17.2001,18/06/2026,Seção A da 13ª Vara Cível da Capital,1ª CC,Prioridade Legal
0115054-11.2022.8.17.2001,02/06/2026,Seção A da 13ª Vara Cível da Capital,1ª CC,Super prioridade
0132363-74.2024.8.17.2001,11/06/2026,Seção A da 13ª Vara Cível da Capital,1ª CC,Prioridade Legal
0137000-73.2021.8.17.2001,19/06/2026,Seção A da 13ª Vara Cível da Capital,1ª CC,Sem prioridade
0143159-27.2024.8.17.2001,02/06/2026,Seção A da 13ª Vara Cível da Capital,1ª CC,Prioridade Legal
0147660-58.2023.8.17.2001,02/06/2026,Seção A da 13ª Vara Cível da Capital,1ª CC,Sem prioridade
0158597-30.2023.8.17.2001,04/06/2026,Seção A da 13ª Vara Cível da Capital,1ª CC,Prioridade Legal
0012190-26.2021.8.17.2001,09/06/2026,Seção A da 15ª Vara Cível da Capital,1ª CC,Prioridade Legal
0015079-79.2023.8.17.2001,21/05/2026,Seção A da 15ª Vara Cível da Capital,1ª CCJ,Prioridade Legal
0017299-60.2017.8.17.2001,05/06/2026,Seção A da 15ª Vara Cível da Capital,1ª CC,Prioridade Legal
0022774-31.2016.8.17.2001,05/06/2026,Seção A da 15ª Vara Cível da Capital,1ª CC,Prioridade Legal
0026800-33.2020.8.17.2001,11/06/2026,Seção A da 15ª Vara Cível da Capital,1ª CCJ,Sem prioridade
0027171-27.2013.8.17.0001,08/06/2026,Seção A da 15ª Vara Cível da Capital,1ª CC,Super prioridade
0029112-41.2015.8.17.0001,02/06/2026,Seção A da 15ª Vara Cível da Capital,1ª CC,Sem prioridade
0041439-27.2018.8.17.2001,02/06/2026,Seção A da 15ª Vara Cível da Capital,1ª CC,Sem prioridade
0063667-20.2023.8.17.2001,16/06/2026,Seção A da 15ª Vara Cível da Capital,1ª CC,Prioridade Legal
0065538-86.2014.8.17.0001,26/05/2026,Seção A da 15ª Vara Cível da Capital,1ª CC,Sem prioridade
0074801-78.2022.8.17.2001,03/06/2026,Seção A da 15ª Vara Cível da Capital,1ª CCJ,Prioridade Legal
0084016-73.2025.8.17.2001,11/06/2026,Seção A da 15ª Vara Cível da Capital,1ª CC,Prioridade Legal
0103226-81.2023.8.17.2001,02/06/2026,Seção A da 15ª Vara Cível da Capital,1ª CC,Sem prioridade
0107747-98.2025.8.17.2001,19/06/2026,Seção A da 15ª Vara Cível da Capital,1ª CC,Sem prioridade
0113393-60.2023.8.17.2001,01/06/2026,Seção A da 15ª Vara Cível da Capital,1ª CC,Sem prioridade
0138825-47.2024.8.17.2001,10/06/2026,Seção A da 15ª Vara Cível da Capital,1ª CC,Prioridade Legal
0006125-87.2025.8.17.4001,04/06/2026,Seção A da 17ª Vara Cível da Capital,1ª CC,Prioridade Legal
0031403-13.2024.8.17.2001,04/06/2026,Seção A da 17ª Vara Cível da Capital,1ª CC,Prioridade Legal
0038213-09.2021.8.17.2001,16/06/2026,Seção A da 17ª Vara Cível da Capital,1ª CC,Sem prioridade
0046308-05.2007.8.17.0001,28/05/2026,Seção A da 17ª Vara Cível da Capital,1ª CC,Sem prioridade
0049355-20.2015.8.17.2001,03/06/2026,Seção A da 17ª Vara Cível da Capital,1ª CC,Sem prioridade
0056282-65.2016.8.17.2001,02/06/2026,Seção A da 17ª Vara Cível da Capital,1ª CC,Sem prioridade
0057145-06.2025.8.17.2001,09/06/2026,Seção A da 17ª Vara Cível da Capital,1ª CC,Prioridade Legal
0066238-03.2019.8.17.2001,18/06/2026,Seção A da 17ª Vara Cível da Capital,1ª CC,Sem prioridade
0085093-88.2023.8.17.2001,11/06/2026,Seção A da 17ª Vara Cível da Capital,1ª CC,Prioridade Legal
0086746-91.2024.8.17.2001,05/06/2026,Seção A da 17ª Vara Cível da Capital,1ª CCJ,Prioridade Legal
0000116-61.2026.8.17.2001,28/05/2026,Seção A da 18ª Vara Cível da Capital,1ª CC,Prioridade Legal
0000513-91.2024.8.17.2001,16/06/2026,Seção A da 18ª Vara Cível da Capital,1ª CC,Prioridade Legal
0001060-11.2010.8.17.0001,09/06/2026,Seção A da 18ª Vara Cível da Capital,1ª CC,Sem prioridade
0010907-89.2026.8.17.2001,17/06/2026,Seção A da 18ª Vara Cível da Capital,1ª CC,Super prioridade
0015367-08.2015.8.17.2001,19/06/2026,Seção A da 18ª Vara Cível da Capital,1ª CC,Prioridade Legal
0021969-73.2019.8.17.2001,10/06/2026,Seção A da 18ª Vara Cível da Capital,1ª CC,Prioridade Legal
0028306-10.2021.8.17.2001,28/05/2026,Seção A da 18ª Vara Cível da Capital,1ª CC,Prioridade Legal
0030283-71.2020.8.17.2001,02/06/2026,Seção A da 18ª Vara Cível da Capital,1ª CC,Sem prioridade
0037034-16.2016.8.17.2001,10/06/2026,Seção A da 18ª Vara Cível da Capital,1ª CC,Prioridade Legal
0038313-95.2020.8.17.2001,27/05/2026,Seção A da 18ª Vara Cível da Capital,1ª CC,Sem prioridade
0040580-70.2013.8.17.0001,26/05/2026,Seção A da 18ª Vara Cível da Capital,1ª CC,Prioridade Legal
0041673-72.2019.8.17.2001,15/05/2026,Seção A da 18ª Vara Cível da Capital,1ª CCJ,Prioridade Legal
0042128-09.2008.8.17.0001,04/06/2026,Seção A da 18ª Vara Cível da Capital,1ª CC,Sem prioridade
0046782-91.2024.8.17.2001,28/05/2026,Seção A da 18ª Vara Cível da Capital,1ª CC,Prioridade Legal
0052949-27.2024.8.17.2001,04/06/2026,Seção A da 18ª Vara Cível da Capital,1ª CC,Prioridade Legal
0054504-85.2012.8.17.0001,09/06/2026,Seção A da 18ª Vara Cível da Capital,1ª CC,Prioridade Legal
0054973-33.2021.8.17.2001,09/06/2026,Seção A da 18ª Vara Cível da Capital,1ª CC,Prioridade Legal
0058883-97.2023.8.17.2001,10/06/2026,Seção A da 18ª Vara Cível da Capital,1ª CC,Prioridade Legal
0065379-79.2022.8.17.2001,11/06/2026,Seção A da 18ª Vara Cível da Capital,1ª CC,Prioridade Legal
0075077-13.2013.8.17.0001,09/06/2026,Seção A da 18ª Vara Cível da Capital,1ª CC,Prioridade Legal
0077352-65.2021.8.17.2001,19/06/2026,Seção A da 18ª Vara Cível da Capital,1ª CC,Sem prioridade
0094879-30.2021.8.17.2001,16/06/2026,Seção A da 18ª Vara Cível da Capital,1ª CC,Prioridade Legal
0098942-59.2025.8.17.2001,16/06/2026,Seção A da 18ª Vara Cível da Capital,1ª CC,Prioridade Legal
0112336-41.2022.8.17.2001,11/06/2026,Seção A da 18ª Vara Cível da Capital,1ª CC,Sem prioridade
0115573-15.2024.8.17.2001,16/06/2026,Seção A da 18ª Vara Cível da Capital,1ª CC,Prioridade Legal
0121627-31.2023.8.17.2001,16/06/2026,Seção A da 18ª Vara Cível da Capital,1ª CC,Sem prioridade
0000062-42.2019.8.17.2001,18/06/2026,Seção A da 19ª Vara Cível da Capital,1ª CC,Super prioridade
0001585-17.2015.8.17.0001,18/06/2026,Seção A da 19ª Vara Cível da Capital,1ª CC,Sem prioridade
0005312-12.2026.8.17.2001,17/06/2026,Seção A da 19ª Vara Cível da Capital,1ª CC,Prioridade Legal
0006297-89.2011.8.17.0001,28/05/2026,Seção A da 19ª Vara Cível da Capital,1ª CC,Sem prioridade
0008112-47.2025.8.17.2001,18/06/2026,Seção A da 19ª Vara Cível da Capital,1ª CC,Prioridade Legal
0024027-20.2017.8.17.2001,05/06/2026,Seção A da 19ª Vara Cível da Capital,1ª CC,Sem prioridade
0027842-44.2025.8.17.2001,16/06/2026,Seção A da 19ª Vara Cível da Capital,1ª CC,Prioridade Legal
0032443-69.2020.8.17.2001,16/06/2026,Seção A da 19ª Vara Cível da Capital,1ª CC,Sem prioridade
0033688-13.2023.8.17.2001,16/06/2026,Seção A da 19ª Vara Cível da Capital,1ª CC,Sem prioridade
0037617-64.2017.8.17.2001,12/06/2026,Seção A da 19ª Vara Cível da Capital,1ª CC,Prioridade Legal
0048516-24.2017.8.17.2001,22/05/2026,Seção A da 19ª Vara Cível da Capital,1ª CCJ,Sem prioridade
0054859-89.2024.8.17.2001,19/06/2026,Seção A da 19ª Vara Cível da Capital,1ª CC,Prioridade Legal
0058851-63.2021.8.17.2001,19/06/2026,Seção A da 19ª Vara Cível da Capital,1ª CC,Super prioridade
0067995-22.2025.8.17.2001,28/05/2026,Seção A da 19ª Vara Cível da Capital,1ª CC,Prioridade Legal
0078053-21.2024.8.17.2001,16/06/2026,Seção A da 19ª Vara Cível da Capital,1ª CC,Prioridade Legal
0079662-05.2025.8.17.2001,29/05/2026,Seção A da 19ª Vara Cível da Capital,1ª CC,Prioridade Legal
0080044-71.2020.8.17.2001,11/06/2026,Seção A da 19ª Vara Cível da Capital,1ª CC,Prioridade Legal
0103545-78.2025.8.17.2001,05/06/2026,Seção A da 19ª Vara Cível da Capital,1ª CC,Prioridade Legal
0105038-90.2025.8.17.2001,19/06/2026,Seção A da 19ª Vara Cível da Capital,1ª CC,Super prioridade
0107805-04.2025.8.17.2001,17/06/2026,Seção A da 19ª Vara Cível da Capital,1ª CC,Prioridade Legal
0107807-71.2025.8.17.2001,17/06/2026,Seção A da 19ª Vara Cível da Capital,1ª CC,Prioridade Legal
0117758-60.2023.8.17.2001,19/06/2026,Seção A da 19ª Vara Cível da Capital,1ª CC,Prioridade Legal
0121507-85.2023.8.17.2001,18/06/2026,Seção A da 19ª Vara Cível da Capital,1ª CC,Sem prioridade
0130974-54.2024.8.17.2001,19/06/2026,Seção A da 19ª Vara Cível da Capital,1ª CC,Prioridade Legal
0139022-02.2024.8.17.2001,19/06/2026,Seção A da 19ª Vara Cível da Capital,1ª CC,Prioridade Legal
0147613-61.2009.8.17.0001,10/06/2026,Seção A da 19ª Vara Cível da Capital,1ª CC,Sem prioridade
0000072-13.2024.8.17.2001,01/06/2026,Seção A da 1ª Vara Cível da Capital,1ª CC,Prioridade Legal
0000934-47.2025.8.17.2001,01/06/2026,Seção A da 1ª Vara Cível da Capital,1ª CC,Prioridade Legal
0002058-65.2025.8.17.2001,10/06/2026,Seção A da 1ª Vara Cível da Capital,1ª CC,Prioridade Legal
0004857-91.2019.8.17.2001,12/06/2026,Seção A da 1ª Vara Cível da Capital,1ª CC,Sem prioridade
0040929-04.2024.8.17.2001,27/05/2026,Seção A da 1ª Vara Cível da Capital,1ª CC,Sem prioridade
0050559-50.2025.8.17.2001,12/06/2026,Seção A da 1ª Vara Cível da Capital,1ª CC,Prioridade Legal
0055836-18.2023.8.17.2001,16/06/2026,Seção A da 1ª Vara Cível da Capital,1ª CC,Prioridade Legal
0063306-97.1997.8.17.0001,27/05/2026,Seção A da 1ª Vara Cível da Capital,1ª CCJ,Sem prioridade
0064920-53.2017.8.17.2001,05/06/2026,Seção A da 1ª Vara Cível da Capital,1ª CC,Sem prioridade
0067534-50.2025.8.17.2001,05/06/2026,Seção A da 1ª Vara Cível da Capital,1ª CCJ,Sem prioridade
0080670-85.2023.8.17.2001,10/06/2026,Seção A da 1ª Vara Cível da Capital,1ª CC,Prioridade Legal
0094671-07.2025.8.17.2001,22/05/2026,Seção A da 1ª Vara Cível da Capital,1ª CCJ,Sem prioridade
0109166-56.2025.8.17.2001,09/06/2026,Seção A da 1ª Vara Cível da Capital,1ª CC,Prioridade Legal
0126556-44.2022.8.17.2001,27/05/2026,Seção A da 1ª Vara Cível da Capital,1ª CC,Sem prioridade
0000697-57.2018.8.17.2001,08/06/2026,Seção A da 20ª Vara Cível da Capital,1ª CCJ,Prioridade Legal
0008919-78.2010.8.17.0001,06/05/2026,Seção A da 20ª Vara Cível da Capital,1ª CCJ,Sem prioridade
0012950-72.2021.8.17.2001,11/06/2026,Seção A da 20ª Vara Cível da Capital,1ª CC,Sem prioridade
0013563-19.2026.8.17.2001,04/05/2026,Seção A da 20ª Vara Cível da Capital,1ª CCJ,Prioridade Legal
0015781-25.2023.8.17.2001,09/06/2026,Seção A da 20ª Vara Cível da Capital,1ª CC,Prioridade Legal
0021472-83.2024.8.17.2001,05/06/2026,Seção A da 20ª Vara Cível da Capital,1ª CC,Sem prioridade
0023964-77.2026.8.17.2001,04/06/2026,Seção A da 20ª Vara Cível da Capital,1ª CCJ,Prioridade Legal
0024937-03.2024.8.17.2001,16/06/2026,Seção A da 20ª Vara Cível da Capital,1ª CC,Sem prioridade
0028388-17.2016.8.17.2001,05/06/2026,Seção A da 20ª Vara Cível da Capital,1ª CC,Prioridade Legal
0033906-86.2007.8.17.0001,29/05/2026,Seção A da 20ª Vara Cível da Capital,1ª CC,Super prioridade
0036163-50.2008.8.17.0001,18/06/2026,Seção A da 20ª Vara Cível da Capital,1ª CC,Sem prioridade
0036912-27.2021.8.17.2001,05/06/2026,Seção A da 20ª Vara Cível da Capital,1ª CC,Sem prioridade
0037872-17.2020.8.17.2001,18/06/2026,Seção A da 20ª Vara Cível da Capital,1ª CC,Super prioridade
0038386-63.2014.8.17.0001,18/06/2026,Seção A da 20ª Vara Cível da Capital,1ª CC,Sem prioridade
0039769-22.2016.8.17.2001,10/06/2026,Seção A da 20ª Vara Cível da Capital,1ª CC,Sem prioridade
0052226-71.2025.8.17.2001,02/06/2026,Seção A da 20ª Vara Cível da Capital,1ª CC,Prioridade Legal
0055310-80.2025.8.17.2001,27/05/2026,Seção A da 20ª Vara Cível da Capital,1ª CC,Prioridade Legal
0057740-05.2025.8.17.2001,28/05/2026,Seção A da 20ª Vara Cível da Capital,1ª CC,Prioridade Legal
0061533-25.2020.8.17.2001,06/05/2026,Seção A da 20ª Vara Cível da Capital,1ª CCJ,Sem prioridade
0062506-72.2023.8.17.2001,03/06/2026,Seção A da 20ª Vara Cível da Capital,1ª CC,Super prioridade
0066222-73.2024.8.17.2001,30/04/2026,Seção A da 20ª Vara Cível da Capital,1ª CCJ,Prioridade Legal
0077943-85.2025.8.17.2001,28/05/2026,Seção A da 20ª Vara Cível da Capital,1ª CC,Prioridade Legal
0079952-54.2024.8.17.2001,16/06/2026,Seção A da 20ª Vara Cível da Capital,1ª CC,Prioridade Legal
0088048-24.2025.8.17.2001,11/06/2026,Seção A da 20ª Vara Cível da Capital,1ª CCJ,Sem prioridade
0091590-50.2025.8.17.2001,17/06/2026,Seção A da 20ª Vara Cível da Capital,1ª CC,Prioridade Legal
0096359-72.2023.8.17.2001,11/06/2026,Seção A da 20ª Vara Cível da Capital,1ª CC,Sem prioridade
0113252-07.2024.8.17.2001,04/06/2026,Seção A da 20ª Vara Cível da Capital,1ª CC,Prioridade Legal
0122714-85.2024.8.17.2001,18/06/2026,Seção A da 20ª Vara Cível da Capital,1ª CC,Prioridade Legal
0124330-66.2022.8.17.2001,05/06/2026,Seção A da 20ª Vara Cível da Capital,1ª CC,Sem prioridade
0131500-21.2024.8.17.2001,11/06/2026,Seção A da 20ª Vara Cível da Capital,1ª CC,Prioridade Legal
0142313-10.2024.8.17.2001,08/06/2026,Seção A da 20ª Vara Cível da Capital,1ª CC,Prioridade Legal
0144786-76.2018.8.17.2001,12/06/2026,Seção A da 20ª Vara Cível da Capital,1ª CC,Prioridade Legal
0000456-16.2011.8.17.0001,18/06/2026,Seção A da 21ª Vara Cível da Capital,1ª CC,Sem prioridade
0007195-04.2020.8.17.2001,15/06/2026,Seção A da 21ª Vara Cível da Capital,1ª CC,Prioridade Legal
0010311-86.2018.8.17.2001,11/06/2026,Seção A da 21ª Vara Cível da Capital,1ª CC,Sem prioridade
0011034-27.2026.8.17.2001,16/06/2026,Seção A da 21ª Vara Cível da Capital,1ª CC,Prioridade Legal
0016849-60.2004.8.17.0001,10/06/2026,Seção A da 21ª Vara Cível da Capital,1ª CC,Sem prioridade
0020537-72.2026.8.17.2001,08/06/2026,Seção A da 21ª Vara Cível da Capital,1ª CC,Prioridade Legal
0022577-27.2026.8.17.2001,15/06/2026,Seção A da 21ª Vara Cível da Capital,1ª CC,Prioridade Legal
0027856-28.2025.8.17.2001,27/05/2026,Seção A da 21ª Vara Cível da Capital,1ª CC,Prioridade Legal
0036319-56.2025.8.17.2001,30/04/2026,Seção A da 21ª Vara Cível da Capital,1ª CCJ,Prioridade Legal
0036833-09.2025.8.17.2001,27/05/2026,Seção A da 21ª Vara Cível da Capital,1ª CC,Prioridade Legal
0038404-15.2025.8.17.2001,15/06/2026,Seção A da 21ª Vara Cível da Capital,1ª CCJ,Prioridade Legal
0039734-47.2025.8.17.2001,10/06/2026,Seção A da 21ª Vara Cível da Capital,1ª CC,Prioridade Legal
0041910-62.2026.8.17.2001,19/06/2026,Seção A da 21ª Vara Cível da Capital,1ª CC,Prioridade Legal
0046879-57.2025.8.17.2001,01/06/2026,Seção A da 21ª Vara Cível da Capital,1ª CC,Sem prioridade
0048605-66.2025.8.17.2001,15/05/2026,Seção A da 21ª Vara Cível da Capital,1ª CCJ,Prioridade Legal
0051562-40.2025.8.17.2001,11/06/2026,Seção A da 21ª Vara Cível da Capital,1ª CC,Prioridade Legal
0063685-70.2025.8.17.2001,29/05/2026,Seção A da 21ª Vara Cível da Capital,1ª CC,Prioridade Legal
0072996-57.2014.8.17.0001,09/06/2026,Seção A da 21ª Vara Cível da Capital,1ª CC,Prioridade Legal
0073433-29.2025.8.17.2001,08/06/2026,Seção A da 21ª Vara Cível da Capital,1ª CC,Super prioridade
0076872-82.2024.8.17.2001,01/06/2026,Seção A da 21ª Vara Cível da Capital,1ª CC,Sem prioridade
0087687-75.2023.8.17.2001,11/06/2026,Seção A da 21ª Vara Cível da Capital,1ª CC,Sem prioridade
0094534-30.2022.8.17.2001,16/06/2026,Seção A da 21ª Vara Cível da Capital,1ª CC,Prioridade Legal
0099639-51.2023.8.17.2001,10/06/2026,Seção A da 21ª Vara Cível da Capital,1ª CCJ,Sem prioridade
0105581-30.2024.8.17.2001,18/06/2026,Seção A da 21ª Vara Cível da Capital,1ª CC,Sem prioridade
0110830-25.2025.8.17.2001,03/06/2026,Seção A da 21ª Vara Cível da Capital,1ª CC,Prioridade Legal
0115247-55.2024.8.17.2001,27/05/2026,Seção A da 21ª Vara Cível da Capital,1ª CC,Prioridade Legal
0139704-54.2024.8.17.2001,26/05/2026,Seção A da 21ª Vara Cível da Capital,1ª CC,Prioridade Legal
0140991-52.2024.8.17.2001,09/06/2026,Seção A da 21ª Vara Cível da Capital,1ª CC,Prioridade Legal
0168144-31.2022.8.17.2001,16/06/2026,Seção A da 21ª Vara Cível da Capital,1ª CC,Sem prioridade
0000629-94.1998.8.17.0001,02/06/2026,Seção A da 22ª Vara Cível da Capital,1ª CC,Sem prioridade
0012159-74.2019.8.17.2001,16/06/2026,Seção A da 22ª Vara Cível da Capital,1ª CC,Sem prioridade
0015080-74.2017.8.17.2001,12/06/2026,Seção A da 22ª Vara Cível da Capital,1ª CC,Sem prioridade
0025045-03.2022.8.17.2001,12/06/2026,Seção A da 22ª Vara Cível da Capital,1ª CC,Sem prioridade
0025112-75.2016.8.17.2001,09/06/2026,Seção A da 22ª Vara Cível da Capital,1ª CC,Prioridade Legal
0033391-45.2019.8.17.2001,04/06/2026,Seção A da 22ª Vara Cível da Capital,1ª CC,Sem prioridade
0034936-59.2007.8.17.0001,10/06/2026,Seção A da 22ª Vara Cível da Capital,1ª CC,Sem prioridade
0043625-13.2024.8.17.2001,10/06/2026,Seção A da 22ª Vara Cível da Capital,1ª CC,Prioridade Legal
0046987-92.2013.8.17.0001,05/06/2026,Seção A da 22ª Vara Cível da Capital,1ª CC,Sem prioridade
0051195-21.2022.8.17.2001,10/06/2026,Seção A da 22ª Vara Cível da Capital,1ª CCJ,Prioridade Legal
0055604-79.2018.8.17.2001,01/06/2026,Seção A da 22ª Vara Cível da Capital,1ª CCJ,Prioridade Legal
0060509-20.2024.8.17.2001,16/06/2026,Seção A da 22ª Vara Cível da Capital,1ª CC,Prioridade Legal
0062907-19.2007.8.17.0001,11/06/2026,Seção A da 22ª Vara Cível da Capital,1ª CC,Prioridade Legal
0083111-05.2024.8.17.2001,18/06/2026,Seção A da 22ª Vara Cível da Capital,1ª CC,Prioridade Legal
0090954-55.2023.8.17.2001,06/05/2026,Seção A da 22ª Vara Cível da Capital,1ª CCJ,Prioridade Legal
0098726-40.2021.8.17.2001,18/06/2026,Seção A da 22ª Vara Cível da Capital,1ª CC,Sem prioridade
0110365-61.2009.8.17.0001,15/06/2026,Seção A da 22ª Vara Cível da Capital,1ª CC,Sem prioridade
0115773-27.2021.8.17.2001,09/06/2026,Seção A da 22ª Vara Cível da Capital,1ª CC,Prioridade Legal
0127011-72.2023.8.17.2001,03/06/2026,Seção A da 22ª Vara Cível da Capital,1ª CC,Sem prioridade
0138624-89.2023.8.17.2001,16/06/2026,Seção A da 22ª Vara Cível da Capital,1ª CC,Prioridade Legal
0001373-29.2023.8.17.2001,30/04/2026,Seção A da 23ª Vara Cível da Capital,1ª CCJ,Sem prioridade
0005172-85.2020.8.17.2001,27/05/2026,Seção A da 23ª Vara Cível da Capital,1ª CCJ,Prioridade Legal
0007023-38.2015.8.17.2001,12/06/2026,Seção A da 23ª Vara Cível da Capital,1ª CCJ,Prioridade Legal
0008227-10.2021.8.17.2001,19/06/2026,Seção A da 23ª Vara Cível da Capital,1ª CCJ,Prioridade Legal
0009962-44.2022.8.17.2001,28/05/2026,Seção A da 23ª Vara Cível da Capital,1ª CCJ,Prioridade Legal
0011267-63.2022.8.17.2001,03/06/2026,Seção A da 23ª Vara Cível da Capital,1ª CC,Prioridade Legal
0011282-32.2022.8.17.2001,19/06/2026,Seção A da 23ª Vara Cível da Capital,1ª CC,Sem prioridade
0011327-03.2014.8.17.0001,03/06/2026,Seção A da 23ª Vara Cível da Capital,1ª CCJ,Prioridade Legal
0012488-52.2020.8.17.2001,29/05/2026,Seção A da 23ª Vara Cível da Capital,1ª CCJ,Prioridade Legal
0014129-02.2025.8.17.2001,11/06/2026,Seção A da 23ª Vara Cível da Capital,1ª CC,Prioridade Legal
0014164-74.2016.8.17.2001,01/06/2026,Seção A da 23ª Vara Cível da Capital,1ª CC,Sem prioridade
0014415-19.2021.8.17.2001,03/06/2026,Seção A da 23ª Vara Cível da Capital,1ª CC,Prioridade Legal
0015227-03.2017.8.17.2001,28/05/2026,Seção A da 23ª Vara Cível da Capital,1ª CCJ,Prioridade Legal
0016777-19.2017.8.17.0001,25/05/2026,Seção A da 23ª Vara Cível da Capital,1ª CC,Sem prioridade
0016959-88.2006.8.17.0001,03/06/2026,Seção A da 23ª Vara Cível da Capital,1ª CCJ,Prioridade Legal
0018313-64.2026.8.17.2001,26/05/2026,Seção A da 23ª Vara Cível da Capital,1ª CCJ,Prioridade Legal
0019206-02.2019.8.17.2001,09/06/2026,Seção A da 23ª Vara Cível da Capital,1ª CC,Prioridade Legal
0020296-06.2023.8.17.2001,03/06/2026,Seção A da 23ª Vara Cível da Capital,1ª CCJ,Sem prioridade
0026407-79.2018.8.17.2001,28/05/2026,Seção A da 23ª Vara Cível da Capital,1ª CCJ,Prioridade Legal
0028076-31.2022.8.17.2001,16/06/2026,Seção A da 23ª Vara Cível da Capital,1ª CC,Prioridade Legal
0028388-02.2025.8.17.2001,25/05/2026,Seção A da 23ª Vara Cível da Capital,1ª CC,Prioridade Legal
0028755-26.2025.8.17.2001,20/05/2026,Seção A da 23ª Vara Cível da Capital,1ª CCJ,Prioridade Legal
0029833-61.2013.8.17.0001,10/06/2026,Seção A da 23ª Vara Cível da Capital,1ª CC,Prioridade Legal
0031375-27.2007.8.17.0001,08/06/2026,Seção A da 23ª Vara Cível da Capital,1ª CC,Prioridade Legal
0036753-17.2014.8.17.0001,18/06/2026,Seção A da 23ª Vara Cível da Capital,1ª CC,Sem prioridade
0039807-19.2025.8.17.2001,01/06/2026,Seção A da 23ª Vara Cível da Capital,1ª CCJ,Prioridade Legal
0041870-90.2020.8.17.2001,01/06/2026,Seção A da 23ª Vara Cível da Capital,1ª CCJ,Sem prioridade
0044546-74.2021.8.17.2001,28/05/2026,Seção A da 23ª Vara Cível da Capital,1ª CCJ,Prioridade Legal
0050343-02.2019.8.17.2001,11/06/2026,Seção A da 23ª Vara Cível da Capital,1ª CC,Sem prioridade
0053929-53.2007.8.17.0001,26/05/2026,Seção A da 23ª Vara Cível da Capital,1ª CC,Sem prioridade
0054237-78.2022.8.17.2001,06/05/2026,Seção A da 23ª Vara Cível da Capital,1ª CCJ,Prioridade Legal
0055436-49.2007.8.17.0001,18/06/2026,Seção A da 23ª Vara Cível da Capital,1ª CC,Sem prioridade
0064343-36.2021.8.17.2001,18/06/2026,Seção A da 23ª Vara Cível da Capital,1ª CC,Sem prioridade
0065638-69.2025.8.17.2001,16/06/2026,Seção A da 23ª Vara Cível da Capital,1ª CC,Sem prioridade
0066646-57.2020.8.17.2001,10/06/2026,Seção A da 23ª Vara Cível da Capital,1ª CCJ,Prioridade Legal
0070632-14.2023.8.17.2001,28/05/2026,Seção A da 23ª Vara Cível da Capital,1ª CCJ,Prioridade Legal
0074970-94.2024.8.17.2001,05/06/2026,Seção A da 23ª Vara Cível da Capital,1ª CC,Prioridade Legal
0080120-56.2024.8.17.2001,27/05/2026,Seção A da 23ª Vara Cível da Capital,1ª CCJ,Prioridade Legal
0080468-12.2014.8.17.0001,03/06/2026,Seção A da 23ª Vara Cível da Capital,1ª CCJ,Sem prioridade
0101957-07.2023.8.17.2001,27/05/2026,Seção A da 23ª Vara Cível da Capital,1ª CCJ,Prioridade Legal
0105465-29.2021.8.17.2001,02/06/2026,Seção A da 23ª Vara Cível da Capital,1ª CC,Sem prioridade
0126966-45.2009.8.17.0001,12/06/2026,Seção A da 23ª Vara Cível da Capital,1ª CC,Prioridade Legal
0139899-73.2023.8.17.2001,18/06/2026,Seção A da 23ª Vara Cível da Capital,1ª CC,Sem prioridade
0142248-15.2024.8.17.2001,04/06/2026,Seção A da 23ª Vara Cível da Capital,1ª CC,Prioridade Legal
0161769-14.2022.8.17.2001,18/06/2026,Seção A da 23ª Vara Cível da Capital,1ª CC,Super prioridade
0000600-96.2014.8.17.2001,16/06/2026,Seção A da 24ª Vara Cível da Capital,1ª CC,Super prioridade
0002009-73.2015.8.17.2001,06/05/2026,Seção A da 24ª Vara Cível da Capital,1ª CCJ,Prioridade Legal
0017569-69.2026.8.17.2001,15/06/2026,Seção A da 24ª Vara Cível da Capital,1ª CCJ,Prioridade Legal
0019061-72.2021.8.17.2001,02/06/2026,Seção A da 24ª Vara Cível da Capital,1ª CC,Sem prioridade
0024741-96.2025.8.17.2001,19/06/2026,Seção A da 24ª Vara Cível da Capital,1ª CC,Prioridade Legal
0024762-83.2010.8.17.0001,25/05/2026,Seção A da 24ª Vara Cível da Capital,1ª CC,Sem prioridade
0025713-76.2019.8.17.2001,04/05/2026,Seção A da 24ª Vara Cível da Capital,1ª CCJ,Prioridade Legal
0027756-78.2022.8.17.2001,25/05/2026,Seção A da 24ª Vara Cível da Capital,1ª CC,Prioridade Legal
0032207-60.2007.8.17.0001,04/06/2026,Seção A da 24ª Vara Cível da Capital,1ª CC,Super prioridade
0033556-98.2007.8.17.0001,04/06/2026,Seção A da 24ª Vara Cível da Capital,1ª CC,Super prioridade
0034212-45.2013.8.17.0001,27/05/2026,Seção A da 24ª Vara Cível da Capital,1ª CC,Sem prioridade
0034433-38.2007.8.17.0001,10/06/2026,Seção A da 24ª Vara Cível da Capital,1ª CC,Sem prioridade
0039129-82.2017.8.17.2001,08/06/2026,Seção A da 24ª Vara Cível da Capital,1ª CC,Sem prioridade
0039210-65.2016.8.17.2001,10/06/2026,Seção A da 24ª Vara Cível da Capital,1ª CC,Sem prioridade
0048683-60.2025.8.17.2001,25/05/2026,Seção A da 24ª Vara Cível da Capital,1ª CC,Prioridade Legal
0052688-28.2025.8.17.2001,01/06/2026,Seção A da 24ª Vara Cível da Capital,1ª CC,Sem prioridade
0054849-27.2007.8.17.0001,29/05/2026,Seção A da 24ª Vara Cível da Capital,1ª CC,Sem prioridade
0059248-02.2007.8.17.0001,04/06/2026,Seção A da 24ª Vara Cível da Capital,1ª CC,Super prioridade
0060863-11.2025.8.17.2001,13/05/2026,Seção A da 24ª Vara Cível da Capital,1ª CCJ,Prioridade Legal
0062201-59.2021.8.17.2001,11/06/2026,Seção A da 24ª Vara Cível da Capital,1ª CC,Super prioridade
0074739-67.2024.8.17.2001,15/06/2026,Seção A da 24ª Vara Cível da Capital,1ª CC,Prioridade Legal
0084096-08.2023.8.17.2001,27/05/2026,Seção A da 24ª Vara Cível da Capital,1ª CC,Sem prioridade
0084412-50.2025.8.17.2001,16/06/2026,Seção A da 24ª Vara Cível da Capital,1ª CC,Prioridade Legal
0092188-04.2025.8.17.2001,02/06/2026,Seção A da 24ª Vara Cível da Capital,1ª CC,Prioridade Legal
0111907-69.2025.8.17.2001,10/06/2026,Seção A da 24ª Vara Cível da Capital,1ª CC,Prioridade Legal
0112350-54.2024.8.17.2001,15/06/2026,Seção A da 24ª Vara Cível da Capital,1ª CC,Prioridade Legal
0115904-94.2024.8.17.2001,10/06/2026,Seção A da 24ª Vara Cível da Capital,1ª CC,Prioridade Legal
0120666-90.2023.8.17.2001,10/06/2026,Seção A da 24ª Vara Cível da Capital,1ª CC,Sem prioridade
0127570-92.2024.8.17.2001,03/06/2026,Seção A da 24ª Vara Cível da Capital,1ª CC,Prioridade Legal
0135900-78.2024.8.17.2001,28/05/2026,Seção A da 24ª Vara Cível da Capital,1ª CC,Super prioridade
0000052-22.2024.8.17.2001,25/05/2026,Seção A da 25ª Vara Cível da Capital,1ª CC,Sem prioridade
0001817-11.2025.8.17.3030,11/06/2026,Seção A da 25ª Vara Cível da Capital,1ª CC,Prioridade Legal
0004557-70.2024.8.17.4001,01/06/2026,Seção A da 25ª Vara Cível da Capital,1ª CC,Prioridade Legal
0004767-39.2026.8.17.2001,04/06/2026,Seção A da 25ª Vara Cível da Capital,1ª CC,Sem prioridade
0009336-88.2023.8.17.2001,18/06/2026,Seção A da 25ª Vara Cível da Capital,1ª CC,Prioridade Legal
0009934-53.2021.8.17.2990,26/05/2026,Seção A da 25ª Vara Cível da Capital,1ª CC,Sem prioridade
0011372-50.2016.8.17.2001,19/06/2026,Seção A da 25ª Vara Cível da Capital,1ª CC,Sem prioridade
0013862-64.2024.8.17.2001,04/06/2026,Seção A da 25ª Vara Cível da Capital,1ª CC,Prioridade Legal
0014245-52.2018.8.17.2001,19/06/2026,Seção A da 25ª Vara Cível da Capital,1ª CC,Sem prioridade
0016085-58.2022.8.17.2001,11/06/2026,Seção A da 25ª Vara Cível da Capital,1ª CCJ,Prioridade Legal
0018323-94.2015.8.17.2001,04/06/2026,Seção A da 25ª Vara Cível da Capital,1ª CC,Sem prioridade
0021644-59.2023.8.17.2001,27/05/2026,Seção A da 25ª Vara Cível da Capital,1ª CC,Sem prioridade
0026734-82.2022.8.17.2001,18/06/2026,Seção A da 25ª Vara Cível da Capital,1ª CC,Prioridade Legal
0030983-47.2020.8.17.2001,26/05/2026,Seção A da 25ª Vara Cível da Capital,1ª CC,Prioridade Legal
0031135-56.2024.8.17.2001,10/06/2026,Seção A da 25ª Vara Cível da Capital,1ª CC,Prioridade Legal
0035175-63.2007.8.17.0001,04/06/2026,Seção A da 25ª Vara Cível da Capital,1ª CC,Super prioridade
0036247-50.2017.8.17.2001,12/06/2026,Seção A da 25ª Vara Cível da Capital,1ª CC,Sem prioridade
0036637-54.2016.8.17.2001,02/06/2026,Seção A da 25ª Vara Cível da Capital,1ª CC,Sem prioridade
0037089-64.2016.8.17.2001,27/05/2026,Seção A da 25ª Vara Cível da Capital,1ª CCJ,Prioridade Legal
0042485-70.2026.8.17.2001,07/06/2026,Seção A da 25ª Vara Cível da Capital,1ª CC,Prioridade Legal
0047540-51.2016.8.17.2001,16/06/2026,Seção A da 25ª Vara Cível da Capital,1ª CCJ,Prioridade Legal
0049338-71.2021.8.17.2001,10/06/2026,Seção A da 25ª Vara Cível da Capital,1ª CC,Prioridade Legal
0050097-98.2022.8.17.2001,11/06/2026,Seção A da 25ª Vara Cível da Capital,1ª CC,Prioridade Legal
0055758-29.2020.8.17.2001,26/05/2026,Seção A da 25ª Vara Cível da Capital,1ª CC,Prioridade Legal
0057538-72.2018.8.17.2001,05/06/2026,Seção A da 25ª Vara Cível da Capital,1ª CC,Prioridade Legal
0060444-98.2019.8.17.2001,03/06/2026,Seção A da 25ª Vara Cível da Capital,1ª CCJ,Prioridade Legal
0061740-92.2018.8.17.2001,11/06/2026,Seção A da 25ª Vara Cível da Capital,1ª CC,Prioridade Legal
0066866-16.2024.8.17.2001,16/06/2026,Seção A da 25ª Vara Cível da Capital,1ª CC,Sem prioridade
0074513-38.2019.8.17.2001,27/05/2026,Seção A da 25ª Vara Cível da Capital,1ª CC,Sem prioridade
0081247-34.2021.8.17.2001,18/06/2026,Seção A da 25ª Vara Cível da Capital,1ª CC,Sem prioridade
0084052-52.2024.8.17.2001,10/06/2026,Seção A da 25ª Vara Cível da Capital,1ª CC,Sem prioridade
0087786-45.2023.8.17.2001,02/06/2026,Seção A da 25ª Vara Cível da Capital,1ª CC,Sem prioridade
0106206-69.2021.8.17.2001,17/06/2026,Seção A da 25ª Vara Cível da Capital,1ª CC,Sem prioridade
0114594-58.2021.8.17.2001,16/06/2026,Seção A da 25ª Vara Cível da Capital,1ª CC,Sem prioridade
0144195-18.2009.8.17.0001,26/05/2026,Seção A da 25ª Vara Cível da Capital,1ª CC,Sem prioridade
0011108-96.2017.8.17.2001,11/06/2026,Seção A da 26ª Vara Cível da Capital,1ª CC,Sem prioridade
0013178-14.2013.8.17.0001,05/06/2026,Seção A da 26ª Vara Cível da Capital,1ª CC,Prioridade Legal
0015739-78.2020.8.17.2001,10/06/2026,Seção A da 26ª Vara Cível da Capital,1ª CC,Sem prioridade
0017840-15.2025.8.17.2001,08/06/2026,Seção A da 26ª Vara Cível da Capital,1ª CC,Prioridade Legal
0023208-83.2017.8.17.2001,04/06/2026,Seção A da 26ª Vara Cível da Capital,1ª CC,Sem prioridade
0038256-72.2023.8.17.2001,12/06/2026,Seção A da 26ª Vara Cível da Capital,1ª CC,Prioridade Legal
0038596-21.2020.8.17.2001,04/06/2026,Seção A da 26ª Vara Cível da Capital,1ª CC,Sem prioridade
0041140-74.2023.8.17.2001,27/05/2026,Seção A da 26ª Vara Cível da Capital,1ª CC,Prioridade Legal
0041783-14.2006.8.17.0001,19/06/2026,Seção A da 26ª Vara Cível da Capital,1ª CC,Sem prioridade
0043252-26.2017.8.17.2001,15/06/2026,Seção A da 26ª Vara Cível da Capital,1ª CC,Prioridade Legal
0045205-83.2021.8.17.2001,02/06/2026,Seção A da 26ª Vara Cível da Capital,1ª CC,Sem prioridade
0046346-51.2006.8.17.0001,19/06/2026,Seção A da 26ª Vara Cível da Capital,1ª CC,Sem prioridade
0052223-63.2018.8.17.2001,26/05/2026,Seção A da 26ª Vara Cível da Capital,1ª CC,Sem prioridade
0058496-14.2025.8.17.2001,02/06/2026,Seção A da 26ª Vara Cível da Capital,1ª CC,Sem prioridade
0063038-80.2022.8.17.2001,26/05/2026,Seção A da 26ª Vara Cível da Capital,1ª CCJ,Prioridade Legal
0081188-07.2025.8.17.2001,08/06/2026,Seção A da 26ª Vara Cível da Capital,1ª CC,Prioridade Legal
0092881-90.2022.8.17.2001,16/06/2026,Seção A da 26ª Vara Cível da Capital,1ª CC,Prioridade Legal
0112954-20.2021.8.17.2001,27/05/2026,Seção A da 26ª Vara Cível da Capital,1ª CC,Sem prioridade
0121287-53.2024.8.17.2001,11/06/2026,Seção A da 26ª Vara Cível da Capital,1ª CC,Prioridade Legal
0122598-79.2024.8.17.2001,26/05/2026,Seção A da 26ª Vara Cível da Capital,1ª CC,Prioridade Legal
0140739-49.2024.8.17.2001,10/06/2026,Seção A da 26ª Vara Cível da Capital,1ª CC,Prioridade Legal
0002843-90.2026.8.17.2001,03/06/2026,Seção A da 27ª Vara Cível da Capital,1ª CC,Prioridade Legal
0006415-64.2020.8.17.2001,10/06/2026,Seção A da 27ª Vara Cível da Capital,1ª CCJ,Prioridade Legal
0007709-54.2020.8.17.2001,02/06/2026,Seção A da 27ª Vara Cível da Capital,1ª CC,Sem prioridade
0009552-78.2025.8.17.2001,24/04/2026,Seção A da 27ª Vara Cível da Capital,1ª CCJ,Prioridade Legal
0022676-80.2015.8.17.2001,22/05/2026,Seção A da 27ª Vara Cível da Capital,1ª CC,Sem prioridade
0035882-88.2020.8.17.2001,11/06/2026,Seção A da 27ª Vara Cível da Capital,1ª CC,Prioridade Legal
0042074-42.2017.8.17.2001,01/06/2026,Seção A da 27ª Vara Cível da Capital,1ª CC,Sem prioridade
0046695-72.2023.8.17.2001,10/06/2026,Seção A da 27ª Vara Cível da Capital,1ª CCJ,Prioridade Legal
0064855-53.2020.8.17.2001,10/06/2026,Seção A da 27ª Vara Cível da Capital,1ª CC,Prioridade Legal
0074844-20.2019.8.17.2001,15/06/2026,Seção A da 27ª Vara Cível da Capital,1ª CC,Prioridade Legal
0086452-05.2025.8.17.2001,10/06/2026,Seção A da 27ª Vara Cível da Capital,1ª CC,Prioridade Legal
0093999-67.2023.8.17.2001,11/06/2026,Seção A da 27ª Vara Cível da Capital,1ª CC,Sem prioridade
0141425-41.2024.8.17.2001,12/06/2026,Seção A da 27ª Vara Cível da Capital,1ª CC,Prioridade Legal
0000346-89.2015.8.17.2001,17/06/2026,Seção A da 28ª Vara Cível da Capital,1ª CC,Prioridade Legal
0001350-78.2026.8.17.2001,29/05/2026,Seção A da 28ª Vara Cível da Capital,1ª CC,Prioridade Legal
0005489-83.2020.8.17.2001,28/04/2026,Seção A da 28ª Vara Cível da Capital,1ª CCJ,Sem prioridade
0011360-84.2026.8.17.2001,12/06/2026,Seção A da 28ª Vara Cível da Capital,1ª CC,Prioridade Legal
0014915-52.2013.8.17.0001,28/05/2026,Seção A da 28ª Vara Cível da Capital,1ª CC,Prioridade Legal
0015370-74.2026.8.17.2001,18/06/2026,Seção A da 28ª Vara Cível da Capital,1ª CC,Prioridade Legal
0017846-71.2015.8.17.2001,17/06/2026,Seção A da 28ª Vara Cível da Capital,1ª CC,Prioridade Legal
0018069-72.2025.8.17.2001,12/06/2026,Seção A da 28ª Vara Cível da Capital,1ª CCJ,Prioridade Legal
0022946-02.2018.8.17.2001,05/06/2026,Seção A da 28ª Vara Cível da Capital,1ª CCJ,Prioridade Legal
0025065-96.2019.8.17.2001,29/05/2026,Seção A da 28ª Vara Cível da Capital,1ª CC,Sem prioridade
0025411-29.2002.8.17.0001,27/05/2026,Seção A da 28ª Vara Cível da Capital,1ª CC,Sem prioridade
0033637-70.2021.8.17.2001,26/05/2026,Seção A da 28ª Vara Cível da Capital,1ª CC,Prioridade Legal
0039172-48.2019.8.17.2001,17/06/2026,Seção A da 28ª Vara Cível da Capital,1ª CC,Sem prioridade
0040627-38.2025.8.17.2001,10/06/2026,Seção A da 28ª Vara Cível da Capital,1ª CC,Prioridade Legal
0042911-19.2025.8.17.2001,10/06/2026,Seção A da 28ª Vara Cível da Capital,1ª CC,Prioridade Legal
0045264-47.2016.8.17.2001,01/06/2026,Seção A da 28ª Vara Cível da Capital,1ª CC,Prioridade Legal
0045964-13.2022.8.17.2001,11/06/2026,Seção A da 28ª Vara Cível da Capital,1ª CC,Prioridade Legal
0047765-03.2018.8.17.2001,01/06/2026,Seção A da 28ª Vara Cível da Capital,1ª CC,Super prioridade
0050156-81.2025.8.17.2001,17/06/2026,Seção A da 28ª Vara Cível da Capital,1ª CC,Prioridade Legal
0054916-10.2024.8.17.2001,15/06/2026,Seção A da 28ª Vara Cível da Capital,1ª CC,Prioridade Legal
0070346-65.2025.8.17.2001,28/05/2026,Seção A da 28ª Vara Cível da Capital,1ª CC,Prioridade Legal
0070585-06.2024.8.17.2001,28/05/2026,Seção A da 28ª Vara Cível da Capital,1ª CCJ,Prioridade Legal
0072166-90.2023.8.17.2001,16/06/2026,Seção A da 28ª Vara Cível da Capital,1ª CCJ,Sem prioridade
0076388-33.2025.8.17.2001,18/06/2026,Seção A da 28ª Vara Cível da Capital,1ª CC,Prioridade Legal
0078972-10.2024.8.17.2001,29/05/2026,Seção A da 28ª Vara Cível da Capital,1ª CC,Prioridade Legal
0081354-39.2025.8.17.2001,18/06/2026,Seção A da 28ª Vara Cível da Capital,1ª CC,Prioridade Legal
0081778-86.2022.8.17.2001,15/05/2026,Seção A da 28ª Vara Cível da Capital,1ª CCJ,Sem prioridade
0092015-48.2023.8.17.2001,11/06/2026,Seção A da 28ª Vara Cível da Capital,1ª CC,Prioridade Legal
0104951-71.2024.8.17.2001,18/06/2026,Seção A da 28ª Vara Cível da Capital,1ª CC,Prioridade Legal
0133673-86.2022.8.17.2001,15/06/2026,Seção A da 28ª Vara Cível da Capital,1ª CC,Prioridade Legal
0138166-38.2024.8.17.2001,17/06/2026,Seção A da 28ª Vara Cível da Capital,1ª CC,Prioridade Legal
0139348-59.2024.8.17.2001,05/06/2026,Seção A da 28ª Vara Cível da Capital,1ª CC,Prioridade Legal
0004388-79.2018.8.17.2001,19/06/2026,Seção A da 29ª Vara Cível da Capital,1ª CC,Prioridade Legal
0005136-33.2026.8.17.2001,16/06/2026,Seção A da 29ª Vara Cível da Capital,1ª CC,Prioridade Legal
0009319-52.2023.8.17.2001,15/06/2026,Seção A da 29ª Vara Cível da Capital,1ª CC,Prioridade Legal
0010086-90.2023.8.17.2001,04/06/2026,Seção A da 29ª Vara Cível da Capital,1ª CC,Super prioridade
0014699-85.2025.8.17.2001,06/05/2026,Seção A da 29ª Vara Cível da Capital,1ª CCJ,Prioridade Legal
0019002-55.2019.8.17.2001,15/06/2026,Seção A da 29ª Vara Cível da Capital,1ª CC,Prioridade Legal
0021769-08.2015.8.17.2001,16/06/2026,Seção A da 29ª Vara Cível da Capital,1ª CCJ,Prioridade Legal
0022196-68.2016.8.17.2001,15/05/2026,Seção A da 29ª Vara Cível da Capital,1ª CCJ,Prioridade Legal
0026517-15.2017.8.17.2001,19/06/2026,Seção A da 29ª Vara Cível da Capital,1ª CCJ,Prioridade Legal
0031749-42.2016.8.17.2001,15/06/2026,Seção A da 29ª Vara Cível da Capital,1ª CC,Prioridade Legal
0038419-96.2016.8.17.2001,15/05/2026,Seção A da 29ª Vara Cível da Capital,1ª CCJ,Prioridade Legal
0040935-45.2023.8.17.2001,09/06/2026,Seção A da 29ª Vara Cível da Capital,1ª CCJ,Sem prioridade
0046144-92.2023.8.17.2001,29/05/2026,Seção A da 29ª Vara Cível da Capital,1ª CC,Prioridade Legal
0053773-20.2023.8.17.2001,11/06/2026,Seção A da 29ª Vara Cível da Capital,1ª CC,Prioridade Legal
0054328-03.2024.8.17.2001,08/06/2026,Seção A da 29ª Vara Cível da Capital,1ª CC,Prioridade Legal
0058854-76.2025.8.17.2001,16/06/2026,Seção A da 29ª Vara Cível da Capital,1ª CC,Prioridade Legal
0059597-86.2025.8.17.2001,29/05/2026,Seção A da 29ª Vara Cível da Capital,1ª CC,Prioridade Legal
0060787-84.2025.8.17.2001,11/06/2026,Seção A da 29ª Vara Cível da Capital,1ª CC,Prioridade Legal
0069541-83.2023.8.17.2001,17/06/2026,Seção A da 29ª Vara Cível da Capital,1ª CC,Prioridade Legal
0092521-25.2014.8.17.0001,10/06/2026,Seção A da 29ª Vara Cível da Capital,1ª CC,Sem prioridade
0097645-22.2022.8.17.2001,16/06/2026,Seção A da 29ª Vara Cível da Capital,1ª CC,Prioridade Legal
0106937-65.2021.8.17.2001,01/06/2026,Seção A da 29ª Vara Cível da Capital,1ª CC,Prioridade Legal
0129638-49.2023.8.17.2001,02/06/2026,Seção A da 29ª Vara Cível da Capital,1ª CC,Sem prioridade
0135826-24.2024.8.17.2001,09/06/2026,Seção A da 29ª Vara Cível da Capital,1ª CC,Prioridade Legal
0000603-31.2026.8.17.2001,02/06/2026,Seção A da 2ª Vara Cível da Capital,1ª CC,Prioridade Legal
0001274-10.2022.8.17.4001,21/05/2026,Seção A da 2ª Vara Cível da Capital,1ª CCJ,Prioridade Legal
0001413-02.2024.8.17.3480,03/06/2026,Seção A da 2ª Vara Cível da Capital,1ª CCJ,Prioridade Legal
0002376-87.2021.8.17.2001,05/06/2026,Seção A da 2ª Vara Cível da Capital,1ª CC,Prioridade Legal
0005621-44.2011.8.17.0001,04/06/2026,Seção A da 2ª Vara Cível da Capital,1ª CC,Prioridade Legal
0006155-11.2025.8.17.2001,15/06/2026,Seção A da 2ª Vara Cível da Capital,1ª CC,Prioridade Legal
0007637-28.2024.8.17.2001,15/06/2026,Seção A da 2ª Vara Cível da Capital,1ª CC,Prioridade Legal
0008402-96.2024.8.17.2001,16/06/2026,Seção A da 2ª Vara Cível da Capital,1ª CC,Prioridade Legal
0017502-75.2024.8.17.2001,28/04/2026,Seção A da 2ª Vara Cível da Capital,1ª CCJ,Prioridade Legal
0022996-81.2025.8.17.2001,10/06/2026,Seção A da 2ª Vara Cível da Capital,1ª CC,Super prioridade
0023510-34.2025.8.17.2001,18/06/2026,Seção A da 2ª Vara Cível da Capital,1ª CC,Sem prioridade
0025659-47.2018.8.17.2001,11/06/2026,Seção A da 2ª Vara Cível da Capital,1ª CCJ,Prioridade Legal
0027914-41.2019.8.17.2001,18/05/2026,Seção A da 2ª Vara Cível da Capital,1ª CCJ,Prioridade Legal
0033117-76.2022.8.17.2001,11/06/2026,Seção A da 2ª Vara Cível da Capital,1ª CC,Sem prioridade
0039733-14.2015.8.17.2001,29/05/2026,Seção A da 2ª Vara Cível da Capital,1ª CC,Sem prioridade
0040985-37.2024.8.17.2001,19/06/2026,Seção A da 2ª Vara Cível da Capital,1ª CCJ,Prioridade Legal
0049000-92.2024.8.17.2001,10/06/2026,Seção A da 2ª Vara Cível da Capital,1ª CC,Prioridade Legal
0054282-14.2024.8.17.2001,18/06/2026,Seção A da 2ª Vara Cível da Capital,1ª CC,Prioridade Legal
0058433-86.2025.8.17.2001,01/06/2026,Seção A da 2ª Vara Cível da Capital,1ª CC,Prioridade Legal
0061901-58.2025.8.17.2001,17/06/2026,Seção A da 2ª Vara Cível da Capital,1ª CC,Prioridade Legal
0063286-41.2025.8.17.2001,10/06/2026,Seção A da 2ª Vara Cível da Capital,1ª CC,Prioridade Legal
0067664-74.2024.8.17.2001,29/05/2026,Seção A da 2ª Vara Cível da Capital,1ª CC,Prioridade Legal
0068486-05.2020.8.17.2001,29/05/2026,Seção A da 2ª Vara Cível da Capital,1ª CC,Sem prioridade
0075530-70.2023.8.17.2001,15/06/2026,Seção A da 2ª Vara Cível da Capital,1ª CC,Prioridade Legal
0077361-57.2014.8.17.0001,18/06/2026,Seção A da 2ª Vara Cível da Capital,1ª CC,Sem prioridade
0083482-66.2024.8.17.2001,29/05/2026,Seção A da 2ª Vara Cível da Capital,1ª CC,Prioridade Legal
0090782-50.2022.8.17.2001,08/06/2026,Seção A da 2ª Vara Cível da Capital,1ª CC,Super prioridade
0091294-28.2025.8.17.2001,11/06/2026,Seção A da 2ª Vara Cível da Capital,1ª CC,Prioridade Legal
0107562-94.2024.8.17.2001,29/05/2026,Seção A da 2ª Vara Cível da Capital,1ª CC,Prioridade Legal
0112003-84.2025.8.17.2001,08/06/2026,Seção A da 2ª Vara Cível da Capital,1ª CCJ,Prioridade Legal
0121359-45.2021.8.17.2001,12/06/2026,Seção A da 2ª Vara Cível da Capital,1ª CC,Sem prioridade
0125441-17.2024.8.17.2001,18/06/2026,Seção A da 2ª Vara Cível da Capital,1ª CC,Prioridade Legal
0143001-40.2022.8.17.2001,15/06/2026,Seção A da 2ª Vara Cível da Capital,1ª CC,Prioridade Legal
0144295-59.2024.8.17.2001,01/06/2026,Seção A da 2ª Vara Cível da Capital,1ª CC,Prioridade Legal
0170784-07.2022.8.17.2001,19/06/2026,Seção A da 2ª Vara Cível da Capital,1ª CC,Prioridade Legal
0004629-28.2022.8.17.4001,11/06/2026,Seção A da 30ª Vara Cível da Capital,1ª CC,Prioridade Legal
0007899-46.2022.8.17.2001,17/06/2026,Seção A da 30ª Vara Cível da Capital,1ª CC,Sem prioridade
0010925-18.2023.8.17.2001,29/05/2026,Seção A da 30ª Vara Cível da Capital,1ª CC,Prioridade Legal
0017810-77.2025.8.17.2001,10/06/2026,Seção A da 30ª Vara Cível da Capital,1ª CC,Prioridade Legal
0025566-89.2015.8.17.2001,11/06/2026,Seção A da 30ª Vara Cível da Capital,1ª CCJ,Prioridade Legal
0029905-57.2016.8.17.2001,18/06/2026,Seção A da 30ª Vara Cível da Capital,1ª CC,Sem prioridade
0047298-48.2023.8.17.2001,10/06/2026,Seção A da 30ª Vara Cível da Capital,1ª CC,Prioridade Legal
0061174-46.2018.8.17.2001,10/06/2026,Seção A da 30ª Vara Cível da Capital,1ª CC,Prioridade Legal
0071838-97.2022.8.17.2001,19/06/2026,Seção A da 30ª Vara Cível da Capital,1ª CC,Sem prioridade
0074689-07.2025.8.17.2001,10/06/2026,Seção A da 30ª Vara Cível da Capital,1ª CC,Prioridade Legal
0090455-71.2023.8.17.2001,10/06/2026,Seção A da 30ª Vara Cível da Capital,1ª CC,Prioridade Legal
0090765-77.2023.8.17.2001,11/06/2026,Seção A da 30ª Vara Cível da Capital,1ª CC,Prioridade Legal
0108126-39.2025.8.17.2001,10/06/2026,Seção A da 30ª Vara Cível da Capital,1ª CC,Prioridade Legal
0000223-08.2026.8.17.2001,04/06/2026,Seção A da 31ª Vara Cível da Capital,1ª CC,Super prioridade
0000240-46.2025.8.17.6021,27/05/2026,Seção A da 31ª Vara Cível da Capital,1ª CC,Prioridade Legal
0000306-24.2026.8.17.2001,04/06/2026,Seção A da 31ª Vara Cível da Capital,1ª CC,Prioridade Legal
0002884-76.2023.8.17.4001,29/05/2026,Seção A da 31ª Vara Cível da Capital,1ª CC,Sem prioridade
0003748-66.2024.8.17.2001,19/06/2026,Seção A da 31ª Vara Cível da Capital,1ª CC,Super prioridade
0006434-94.2025.8.17.2001,26/05/2026,Seção A da 31ª Vara Cível da Capital,1ª CC,Prioridade Legal
0013853-10.2021.8.17.2001,29/05/2026,Seção A da 31ª Vara Cível da Capital,1ª CC,Sem prioridade
0020315-90.2015.8.17.2001,10/06/2026,Seção A da 31ª Vara Cível da Capital,1ª CCJ,Prioridade Legal
0028048-98.2012.8.17.0001,05/06/2026,Seção A da 31ª Vara Cível da Capital,1ª CC,Sem prioridade
0028168-09.2022.8.17.2001,16/06/2026,Seção A da 31ª Vara Cível da Capital,1ª CC,Sem prioridade
0042681-79.2022.8.17.2001,16/06/2026,Seção A da 31ª Vara Cível da Capital,1ª CC,Super prioridade
0052992-33.2013.8.17.0001,05/06/2026,Seção A da 31ª Vara Cível da Capital,1ª CC,Sem prioridade
0056159-91.2021.8.17.2001,29/05/2026,Seção A da 31ª Vara Cível da Capital,1ª CC,Prioridade Legal
0111215-70.2025.8.17.2001,04/06/2026,Seção A da 31ª Vara Cível da Capital,1ª CC,Prioridade Legal
0112320-82.2025.8.17.2001,27/05/2026,Seção A da 31ª Vara Cível da Capital,1ª CC,Prioridade Legal
0000337-92.2025.8.17.4001,27/05/2026,Seção A da 32ª Vara Cível da Capital,1ª CC,Prioridade Legal
0005578-33.2025.8.17.2001,02/06/2026,Seção A da 32ª Vara Cível da Capital,1ª CC,Prioridade Legal
0013070-42.2026.8.17.2001,18/06/2026,Seção A da 32ª Vara Cível da Capital,1ª CC,Prioridade Legal
0013366-40.2021.8.17.2001,18/06/2026,Seção A da 32ª Vara Cível da Capital,1ª CC,Super prioridade
0017534-46.2025.8.17.2001,10/06/2026,Seção A da 32ª Vara Cível da Capital,1ª CC,Prioridade Legal
0017703-67.2024.8.17.2001,29/05/2026,Seção A da 32ª Vara Cível da Capital,1ª CC,Prioridade Legal
0019150-22.2026.8.17.2001,29/05/2026,Seção A da 32ª Vara Cível da Capital,1ª CC,Prioridade Legal
0033236-08.2020.8.17.2001,03/06/2026,Seção A da 32ª Vara Cível da Capital,1ª CC,Sem prioridade
0033620-92.2025.8.17.2001,29/05/2026,Seção A da 32ª Vara Cível da Capital,1ª CC,Sem prioridade
0035488-86.2017.8.17.2001,16/06/2026,Seção A da 32ª Vara Cível da Capital,1ª CC,Sem prioridade
0041337-92.2024.8.17.2001,15/06/2026,Seção A da 32ª Vara Cível da Capital,1ª CC,Sem prioridade
0049008-74.2021.8.17.2001,29/05/2026,Seção A da 32ª Vara Cível da Capital,1ª CC,Sem prioridade
0050684-57.2021.8.17.2001,03/06/2026,Seção A da 32ª Vara Cível da Capital,1ª CC,Sem prioridade
0054478-18.2023.8.17.2001,16/06/2026,Seção A da 32ª Vara Cível da Capital,1ª CC,Prioridade Legal
0063588-41.2023.8.17.2001,17/06/2026,Seção A da 32ª Vara Cível da Capital,1ª CC,Prioridade Legal
0079416-09.2025.8.17.2001,08/06/2026,Seção A da 32ª Vara Cível da Capital,1ª CC,Sem prioridade
0085933-30.2025.8.17.2001,17/06/2026,Seção A da 32ª Vara Cível da Capital,1ª CC,Prioridade Legal
0086121-28.2022.8.17.2001,17/06/2026,Seção A da 32ª Vara Cível da Capital,1ª CC,Prioridade Legal
0090301-82.2025.8.17.2001,27/05/2026,Seção A da 32ª Vara Cível da Capital,1ª CC,Prioridade Legal
0095074-79.2013.8.17.0001,19/06/2026,Seção A da 32ª Vara Cível da Capital,1ª CC,Prioridade Legal
0097957-90.2025.8.17.2001,11/06/2026,Seção A da 32ª Vara Cível da Capital,1ª CC,Prioridade Legal
0111961-35.2025.8.17.2001,10/06/2026,Seção A da 32ª Vara Cível da Capital,1ª CC,Prioridade Legal
0145999-44.2023.8.17.2001,15/06/2026,Seção A da 32ª Vara Cível da Capital,1ª CC,Prioridade Legal
0147878-86.2023.8.17.2001,19/05/2026,Seção A da 32ª Vara Cível da Capital,1ª CC,Super prioridade
0153590-57.2023.8.17.2001,16/06/2026,Seção A da 32ª Vara Cível da Capital,1ª CC,Prioridade Legal
0157587-82.2022.8.17.2001,04/06/2026,Seção A da 32ª Vara Cível da Capital,1ª CC,Sem prioridade
0166021-60.2022.8.17.2001,10/06/2026,Seção A da 32ª Vara Cível da Capital,1ª CC,Prioridade Legal
0006840-67.2015.8.17.2001,02/06/2026,Seção A da 33ª Vara Cível da Capital,1ª CC,Sem prioridade
0011311-14.2024.8.17.2001,02/06/2026,Seção A da 33ª Vara Cível da Capital,1ª CC,Prioridade Legal
0012618-66.2025.8.17.2001,05/06/2026,Seção A da 33ª Vara Cível da Capital,1ª CC,Prioridade Legal
0022811-24.2017.8.17.2001,16/06/2026,Seção A da 33ª Vara Cível da Capital,1ª CC,Prioridade Legal
0024006-34.2023.8.17.2001,03/06/2026,Seção A da 33ª Vara Cível da Capital,1ª CC,Sem prioridade
0026127-98.2024.8.17.2001,05/06/2026,Seção A da 33ª Vara Cível da Capital,1ª CC,Prioridade Legal
0031269-30.2017.8.17.2001,01/06/2026,Seção A da 33ª Vara Cível da Capital,1ª CCJ,Prioridade Legal
0042170-13.2024.8.17.2001,29/05/2026,Seção A da 33ª Vara Cível da Capital,1ª CC,Super prioridade
0045501-37.2023.8.17.2001,27/05/2026,Seção A da 33ª Vara Cível da Capital,1ª CC,Super prioridade
0051899-63.2024.8.17.2001,08/06/2026,Seção A da 33ª Vara Cível da Capital,1ª CC,Prioridade Legal
0066950-85.2022.8.17.2001,03/06/2026,Seção A da 33ª Vara Cível da Capital,1ª CC,Prioridade Legal
0076969-48.2025.8.17.2001,10/06/2026,Seção A da 33ª Vara Cível da Capital,1ª CC,Prioridade Legal
0077745-48.2025.8.17.2001,09/06/2026,Seção A da 33ª Vara Cível da Capital,1ª CC,Prioridade Legal
0083767-25.2025.8.17.2001,08/06/2026,Seção A da 33ª Vara Cível da Capital,1ª CC,Prioridade Legal
0099058-07.2021.8.17.2001,02/06/2026,Seção A da 33ª Vara Cível da Capital,1ª CCJ,Prioridade Legal
0103856-06.2024.8.17.2001,10/06/2026,Seção A da 33ª Vara Cível da Capital,1ª CC,Prioridade Legal
0105850-79.2018.8.17.2001,17/06/2026,Seção A da 33ª Vara Cível da Capital,1ª CCJ,Prioridade Legal
0107722-22.2024.8.17.2001,25/05/2026,Seção A da 33ª Vara Cível da Capital,1ª CC,Prioridade Legal
0118922-26.2024.8.17.2001,03/06/2026,Seção A da 33ª Vara Cível da Capital,1ª CC,Sem prioridade
0119768-77.2023.8.17.2001,26/05/2026,Seção A da 33ª Vara Cível da Capital,1ª CCJ,Prioridade Legal
0130264-15.2016.8.17.2001,15/06/2026,Seção A da 33ª Vara Cível da Capital,1ª CC,Sem prioridade
0134113-82.2022.8.17.2001,17/06/2026,Seção A da 33ª Vara Cível da Capital,1ª CC,Super prioridade
0144894-66.2022.8.17.2001,09/06/2026,Seção A da 33ª Vara Cível da Capital,1ª CCJ,Prioridade Legal
0150851-48.2022.8.17.2001,17/06/2026,Seção A da 33ª Vara Cível da Capital,1ª CCJ,Prioridade Legal
0002396-49.2019.8.17.2001,26/05/2026,Seção A da 34ª Vara Cível da Capital,1ª CCJ,Prioridade Legal
0002840-86.2025.8.17.4001,29/05/2026,Seção A da 34ª Vara Cível da Capital,1ª CC,Prioridade Legal
0003239-82.2017.8.17.2001,18/06/2026,Seção A da 34ª Vara Cível da Capital,1ª CC,Prioridade Legal
0008127-79.2026.8.17.2001,28/05/2026,Seção A da 34ª Vara Cível da Capital,1ª CC,Prioridade Legal
0008684-68.2024.8.17.3090,10/06/2026,Seção A da 34ª Vara Cível da Capital,1ª CC,Prioridade Legal
0020675-54.2017.8.17.2001,09/06/2026,Seção A da 34ª Vara Cível da Capital,1ª CCJ,Sem prioridade
0026730-40.2025.8.17.2001,10/06/2026,Seção A da 34ª Vara Cível da Capital,1ª CC,Sem prioridade
0034731-53.2021.8.17.2001,04/06/2026,Seção A da 34ª Vara Cível da Capital,1ª CC,Sem prioridade
0037005-48.2025.8.17.2001,15/06/2026,Seção A da 34ª Vara Cível da Capital,1ª CC,Prioridade Legal
0048573-95.2024.8.17.2001,28/05/2026,Seção A da 34ª Vara Cível da Capital,1ª CC,Prioridade Legal
0049639-23.2018.8.17.2001,16/06/2026,Seção A da 34ª Vara Cível da Capital,1ª CC,Prioridade Legal
0049668-97.2023.8.17.2001,16/06/2026,Seção A da 34ª Vara Cível da Capital,1ª CC,Prioridade Legal
0052403-79.2018.8.17.2001,19/05/2026,Seção A da 34ª Vara Cível da Capital,1ª CCJ,Prioridade Legal
0059465-34.2022.8.17.2001,15/06/2026,Seção A da 34ª Vara Cível da Capital,1ª CC,Sem prioridade
0060276-86.2025.8.17.2001,29/05/2026,Seção A da 34ª Vara Cível da Capital,1ª CC,Prioridade Legal
0065138-13.2019.8.17.2001,27/05/2026,Seção A da 34ª Vara Cível da Capital,1ª CC,Prioridade Legal
0074835-29.2017.8.17.2001,07/05/2026,Seção A da 34ª Vara Cível da Capital,1ª CCJ,Prioridade Legal
0082162-78.2024.8.17.2001,29/05/2026,Seção A da 34ª Vara Cível da Capital,1ª CC,Prioridade Legal
0098167-44.2025.8.17.2001,17/06/2026,Seção A da 34ª Vara Cível da Capital,1ª CC,Prioridade Legal
0131824-11.2024.8.17.2001,18/06/2026,Seção A da 34ª Vara Cível da Capital,1ª CC,Prioridade Legal
0133199-47.2024.8.17.2001,17/06/2026,Seção A da 34ª Vara Cível da Capital,1ª CC,Prioridade Legal
0003259-44.2015.8.17.2001,02/06/2026,Seção A da 35ª Vara Cível da Capital,1ª CC,Sem prioridade
0006670-27.2017.8.17.2001,15/06/2026,Seção A da 35ª Vara Cível da Capital,1ª CC,Sem prioridade
0010827-43.2017.8.17.2001,04/06/2026,Seção A da 35ª Vara Cível da Capital,1ª CC,Sem prioridade
0016641-02.2018.8.17.2001,05/06/2026,Seção A da 35ª Vara Cível da Capital,1ª CC,Sem prioridade
0016798-67.2021.8.17.2001,04/06/2026,Seção A da 35ª Vara Cível da Capital,1ª CC,Sem prioridade
0023381-16.2005.8.17.0001,09/06/2026,Seção A da 35ª Vara Cível da Capital,1ª CCJ,Sem prioridade
0031527-98.2021.8.17.2001,04/06/2026,Seção A da 35ª Vara Cível da Capital,1ª CC,Sem prioridade
0036519-10.2018.8.17.2001,12/06/2026,Seção A da 35ª Vara Cível da Capital,1ª CCJ,Sem prioridade
0037851-75.2019.8.17.2001,17/06/2026,Seção A da 35ª Vara Cível da Capital,1ª CC,Sem prioridade
0041274-39.2013.8.17.0001,17/06/2026,Seção A da 35ª Vara Cível da Capital,1ª CC,Prioridade Legal
0041559-02.2020.8.17.2001,04/06/2026,Seção A da 35ª Vara Cível da Capital,1ª CC,Sem prioridade
0045387-74.2018.8.17.2001,19/06/2026,Seção A da 35ª Vara Cível da Capital,1ª CC,Sem prioridade
0051439-52.2019.8.17.2001,08/06/2026,Seção A da 35ª Vara Cível da Capital,1ª CCJ,Sem prioridade
0067648-57.2023.8.17.2001,16/06/2026,Seção A da 35ª Vara Cível da Capital,1ª CC,Prioridade Legal
0024095-29.2012.8.17.0001,15/06/2026,Seção A da 36ª Vara Cível da Capital,1ª CC,Prioridade Legal
0033904-47.2018.8.17.2001,29/05/2026,Seção A da 36ª Vara Cível da Capital,1ª CC,Sem prioridade
0034012-66.2024.8.17.2001,08/06/2026,Seção A da 36ª Vara Cível da Capital,1ª CC,Prioridade Legal
0036917-79.2014.8.17.0001,15/06/2026,Seção A da 36ª Vara Cível da Capital,1ª CC,Prioridade Legal
0037283-59.2019.8.17.2001,16/06/2026,Seção A da 36ª Vara Cível da Capital,1ª CC,Sem prioridade
0045552-77.2025.8.17.2001,16/06/2026,Seção A da 36ª Vara Cível da Capital,1ª CC,Prioridade Legal
0053440-06.2013.8.17.0001,10/06/2026,Seção A da 36ª Vara Cível da Capital,1ª CC,Sem prioridade
0068254-86.2014.8.17.0001,11/06/2026,Seção A da 36ª Vara Cível da Capital,1ª CC,Prioridade Legal
0070370-74.2017.8.17.2001,08/06/2026,Seção A da 36ª Vara Cível da Capital,1ª CC,Sem prioridade
0089977-92.2025.8.17.2001,02/06/2026,Seção A da 36ª Vara Cível da Capital,1ª CC,Prioridade Legal
0113719-83.2024.8.17.2001,18/06/2026,Seção A da 36ª Vara Cível da Capital,1ª CC,Prioridade Legal
0136322-53.2024.8.17.2001,11/06/2026,Seção A da 36ª Vara Cível da Capital,1ª CC,Prioridade Legal
0004936-94.2024.8.17.2001,29/05/2026,Seção A da 3ª Vara Cível da Capital,1ª CC,Prioridade Legal
0005367-57.2000.8.17.0001,03/06/2026,Seção A da 3ª Vara Cível da Capital,1ª CC,Sem prioridade
0006016-40.2017.8.17.2001,07/05/2026,Seção A da 3ª Vara Cível da Capital,1ª CCJ,Prioridade Legal
0015381-12.2014.8.17.0001,29/05/2026,Seção A da 3ª Vara Cível da Capital,1ª CC,Sem prioridade
0024278-57.2025.8.17.2001,18/06/2026,Seção A da 3ª Vara Cível da Capital,1ª CC,Prioridade Legal
0038477-65.2017.8.17.2001,30/04/2026,Seção A da 3ª Vara Cível da Capital,1ª CCJ,Prioridade Legal
0039780-36.2025.8.17.2001,16/06/2026,Seção A da 3ª Vara Cível da Capital,1ª CC,Prioridade Legal
0041208-60.1993.8.17.0001,19/06/2026,Seção A da 3ª Vara Cível da Capital,1ª CC,Prioridade Legal
0051014-15.2025.8.17.2001,18/06/2026,Seção A da 3ª Vara Cível da Capital,1ª CC,Prioridade Legal
0058105-02.2012.8.17.0001,27/05/2026,Seção A da 3ª Vara Cível da Capital,1ª CCJ,Sem prioridade
0068388-83.2021.8.17.2001,17/06/2026,Seção A da 3ª Vara Cível da Capital,1ª CC,Prioridade Legal
0069046-68.2025.8.17.2001,16/06/2026,Seção A da 3ª Vara Cível da Capital,1ª CC,Sem prioridade
0077186-91.2025.8.17.2001,18/06/2026,Seção A da 3ª Vara Cível da Capital,1ª CC,Super prioridade
0081637-67.2022.8.17.2001,10/06/2026,Seção A da 3ª Vara Cível da Capital,1ª CCJ,Prioridade Legal
0104410-10.2013.8.17.0001,09/06/2026,Seção A da 3ª Vara Cível da Capital,1ª CC,Sem prioridade
0110137-41.2025.8.17.2001,09/06/2026,Seção A da 3ª Vara Cível da Capital,1ª CC,Prioridade Legal
0117281-03.2024.8.17.2001,16/06/2026,Seção A da 3ª Vara Cível da Capital,1ª CC,Prioridade Legal
0002681-95.2026.8.17.2001,09/06/2026,Seção A da 4ª Vara Cível da Capital,1ª CC,Prioridade Legal
0003249-36.1985.8.17.0001,04/06/2026,Seção A da 4ª Vara Cível da Capital,1ª CC,Sem prioridade
0008911-66.2020.8.17.2001,29/05/2026,Seção A da 4ª Vara Cível da Capital,1ª CC,Sem prioridade
0013792-23.2019.8.17.2001,18/06/2026,Seção A da 4ª Vara Cível da Capital,1ª CC,Sem prioridade
0016168-45.2020.8.17.2001,05/06/2026,Seção A da 4ª Vara Cível da Capital,1ª CC,Prioridade Legal
0018165-87.2025.8.17.2001,08/06/2026,Seção A da 4ª Vara Cível da Capital,1ª CC,Prioridade Legal
0018621-71.2024.8.17.2001,12/06/2026,Seção A da 4ª Vara Cível da Capital,1ª CC,Prioridade Legal
0020260-66.2020.8.17.2001,10/06/2026,Seção A da 4ª Vara Cível da Capital,1ª CC,Sem prioridade
0024728-10.2019.8.17.2001,16/06/2026,Seção A da 4ª Vara Cível da Capital,1ª CC,Sem prioridade
0029645-97.2015.8.17.0001,09/06/2026,Seção A da 4ª Vara Cível da Capital,1ª CC,Sem prioridade
0034981-28.2017.8.17.2001,05/06/2026,Seção A da 4ª Vara Cível da Capital,1ª CC,Prioridade Legal
0035441-68.2024.8.17.2001,12/06/2026,Seção A da 4ª Vara Cível da Capital,1ª CC,Prioridade Legal
0037926-85.2017.8.17.2001,12/06/2026,Seção A da 4ª Vara Cível da Capital,1ª CC,Prioridade Legal
0040226-78.2021.8.17.2001,18/06/2026,Seção A da 4ª Vara Cível da Capital,1ª CC,Prioridade Legal
0040942-37.2023.8.17.2001,18/06/2026,Seção A da 4ª Vara Cível da Capital,1ª CC,Sem prioridade
0044227-09.2021.8.17.2001,16/06/2026,Seção A da 4ª Vara Cível da Capital,1ª CC,Sem prioridade
0045791-57.2020.8.17.2001,19/06/2026,Seção A da 4ª Vara Cível da Capital,1ª CC,Sem prioridade
0047164-31.2017.8.17.2001,21/05/2026,Seção A da 4ª Vara Cível da Capital,1ª CCJ,Sem prioridade
0050725-29.2018.8.17.2001,15/06/2026,Seção A da 4ª Vara Cível da Capital,1ª CC,Sem prioridade
0054595-44.2013.8.17.0001,26/05/2026,Seção A da 4ª Vara Cível da Capital,1ª CC,Prioridade Legal
0059689-64.2025.8.17.2001,02/06/2026,Seção A da 4ª Vara Cível da Capital,1ª CC,Prioridade Legal
0065036-54.2020.8.17.2001,29/05/2026,Seção A da 4ª Vara Cível da Capital,1ª CC,Prioridade Legal
0067129-30.2007.8.17.0001,26/05/2026,Seção A da 4ª Vara Cível da Capital,1ª CC,Prioridade Legal
0079076-41.2020.8.17.2001,11/06/2026,Seção A da 4ª Vara Cível da Capital,1ª CCJ,Prioridade Legal
0080293-22.2020.8.17.2001,21/05/2026,Seção A da 4ª Vara Cível da Capital,1ª CCJ,Prioridade Legal
0091943-61.2023.8.17.2001,08/06/2026,Seção A da 4ª Vara Cível da Capital,1ª CC,Prioridade Legal
0100730-79.2023.8.17.2001,12/06/2026,Seção A da 4ª Vara Cível da Capital,1ª CC,Prioridade Legal
0133510-38.2024.8.17.2001,05/06/2026,Seção A da 4ª Vara Cível da Capital,1ª CC,Prioridade Legal
0149504-43.2023.8.17.2001,12/06/2026,Seção A da 4ª Vara Cível da Capital,1ª CC,Prioridade Legal
0002541-61.2026.8.17.2001,05/06/2026,Seção A da 5ª Vara Cível da Capital,1ª CC,Sem prioridade
0003932-85.2025.8.17.2001,25/05/2026,Seção A da 5ª Vara Cível da Capital,1ª CC,Prioridade Legal
0008179-75.2026.8.17.2001,10/06/2026,Seção A da 5ª Vara Cível da Capital,1ª CC,Prioridade Legal
0009091-14.2022.8.17.2001,17/06/2026,Seção A da 5ª Vara Cível da Capital,1ª CC,Sem prioridade
0010216-51.2021.8.17.2001,25/05/2026,Seção A da 5ª Vara Cível da Capital,1ª CC,Prioridade Legal
0013480-81.2018.8.17.2001,18/05/2026,Seção A da 5ª Vara Cível da Capital,1ª CCJ,Prioridade Legal
0018626-59.2025.8.17.2001,03/06/2026,Seção A da 5ª Vara Cível da Capital,1ª CC,Super prioridade
0021977-89.2015.8.17.2001,04/06/2026,Seção A da 5ª Vara Cível da Capital,1ª CCJ,Prioridade Legal
0032006-18.2026.8.17.2001,10/06/2026,Seção A da 5ª Vara Cível da Capital,1ª CC,Prioridade Legal
0035565-61.2018.8.17.2001,25/05/2026,Seção A da 5ª Vara Cível da Capital,1ª CCJ,Prioridade Legal
0036894-98.2024.8.17.2001,08/06/2026,Seção A da 5ª Vara Cível da Capital,1ª CC,Prioridade Legal
0039424-75.2024.8.17.2001,03/06/2026,Seção A da 5ª Vara Cível da Capital,1ª CCJ,Prioridade Legal
0042770-78.2017.8.17.2001,17/06/2026,Seção A da 5ª Vara Cível da Capital,1ª CC,Sem prioridade
0043200-64.2016.8.17.2001,04/05/2026,Seção A da 5ª Vara Cível da Capital,1ª CCJ,Prioridade Legal
0043342-87.2024.8.17.2001,11/06/2026,Seção A da 5ª Vara Cível da Capital,1ª CC,Prioridade Legal
0049646-68.2025.8.17.2001,15/06/2026,Seção A da 5ª Vara Cível da Capital,1ª CC,Prioridade Legal
0053755-62.2024.8.17.2001,27/05/2026,Seção A da 5ª Vara Cível da Capital,1ª CC,Prioridade Legal
0053785-97.2024.8.17.2001,17/06/2026,Seção A da 5ª Vara Cível da Capital,1ª CC,Prioridade Legal
0054025-57.2022.8.17.2001,15/06/2026,Seção A da 5ª Vara Cível da Capital,1ª CC,Sem prioridade
0060900-09.2023.8.17.2001,27/05/2026,Seção A da 5ª Vara Cível da Capital,1ª CC,Sem prioridade
0061594-22.2016.8.17.2001,26/05/2026,Seção A da 5ª Vara Cível da Capital,1ª CCJ,Prioridade Legal
0062199-84.2024.8.17.2001,22/05/2026,Seção A da 5ª Vara Cível da Capital,1ª CC,Prioridade Legal
0065162-02.2023.8.17.2001,04/06/2026,Seção A da 5ª Vara Cível da Capital,1ª CC,Sem prioridade
0087887-83.2014.8.17.0001,10/06/2026,Seção A da 5ª Vara Cível da Capital,1ª CCJ,Prioridade Legal
0090680-62.2021.8.17.2001,17/06/2026,Seção A da 5ª Vara Cível da Capital,1ª CC,Prioridade Legal
0095908-81.2022.8.17.2001,15/06/2026,Seção A da 5ª Vara Cível da Capital,1ª CC,Super prioridade
0112061-87.2025.8.17.2001,09/06/2026,Seção A da 5ª Vara Cível da Capital,1ª CC,Prioridade Legal
0119523-66.2023.8.17.2001,29/05/2026,Seção A da 5ª Vara Cível da Capital,1ª CC,Super prioridade
0010570-76.2021.8.17.2001,02/06/2026,Seção A da 6ª Vara Cível da Capital,1ª CC,Super prioridade
0011009-14.2026.8.17.2001,11/06/2026,Seção A da 6ª Vara Cível da Capital,1ª CC,Prioridade Legal
0012550-53.2024.8.17.2001,17/06/2026,Seção A da 6ª Vara Cível da Capital,1ª CC,Prioridade Legal
0017094-85.2015.8.17.0001,29/05/2026,Seção A da 6ª Vara Cível da Capital,1ª CC,Sem prioridade
0025368-76.2020.8.17.2001,16/06/2026,Seção A da 6ª Vara Cível da Capital,1ª CC,Prioridade Legal
0030218-66.2026.8.17.2001,17/06/2026,Seção A da 6ª Vara Cível da Capital,1ª CC,Prioridade Legal
0031375-50.2021.8.17.2001,17/06/2026,Seção A da 6ª Vara Cível da Capital,1ª CC,Prioridade Legal
0036213-31.2024.8.17.2001,17/06/2026,Seção A da 6ª Vara Cível da Capital,1ª CC,Prioridade Legal
0038992-22.2025.8.17.2001,02/06/2026,Seção A da 6ª Vara Cível da Capital,1ª CC,Prioridade Legal
0060410-26.2019.8.17.2001,17/06/2026,Seção A da 6ª Vara Cível da Capital,1ª CC,Prioridade Legal
0063369-33.2020.8.17.2001,10/06/2026,Seção A da 6ª Vara Cível da Capital,1ª CCJ,Prioridade Legal
0064604-93.2024.8.17.2001,10/06/2026,Seção A da 6ª Vara Cível da Capital,1ª CC,Prioridade Legal
0066043-18.2019.8.17.2001,16/06/2026,Seção A da 6ª Vara Cível da Capital,1ª CC,Prioridade Legal
0075271-75.2023.8.17.2001,29/05/2026,Seção A da 6ª Vara Cível da Capital,1ª CC,Sem prioridade
0098832-66.2013.8.17.0001,08/06/2026,Seção A da 6ª Vara Cível da Capital,1ª CC,Prioridade Legal
0102759-34.2025.8.17.2001,17/06/2026,Seção A da 6ª Vara Cível da Capital,1ª CC,Prioridade Legal
0112091-25.2025.8.17.2001,17/06/2026,Seção A da 6ª Vara Cível da Capital,1ª CC,Prioridade Legal
0145694-60.2023.8.17.2001,29/05/2026,Seção A da 6ª Vara Cível da Capital,1ª CC,Sem prioridade
0000163-71.2024.8.17.6021,18/06/2026,Seção A da 7ª Vara Cível da Capital,1ª CC,Sem prioridade
0003477-86.2026.8.17.2001,17/06/2026,Seção A da 7ª Vara Cível da Capital,1ª CC,Prioridade Legal
0004940-97.2025.8.17.2001,16/06/2026,Seção A da 7ª Vara Cível da Capital,1ª CC,Sem prioridade
0011964-17.2015.8.17.0001,19/06/2026,Seção A da 7ª Vara Cível da Capital,1ª CC,Super prioridade
0014042-27.2017.8.17.2001,08/06/2026,Seção A da 7ª Vara Cível da Capital,1ª CC,Sem prioridade
0021060-84.2026.8.17.2001,08/06/2026,Seção A da 7ª Vara Cível da Capital,1ª CC,Prioridade Legal
0026274-56.2026.8.17.2001,16/06/2026,Seção A da 7ª Vara Cível da Capital,1ª CC,Super prioridade
0029688-77.2017.8.17.2001,29/05/2026,Seção A da 7ª Vara Cível da Capital,1ª CC,Sem prioridade
0031150-88.2025.8.17.2001,08/06/2026,Seção A da 7ª Vara Cível da Capital,1ª CC,Prioridade Legal
0031289-55.2016.8.17.2001,03/06/2026,Seção A da 7ª Vara Cível da Capital,1ª CC,Super prioridade
0047884-32.2016.8.17.2001,04/06/2026,Seção A da 7ª Vara Cível da Capital,1ª CC,Sem prioridade
0048932-11.2025.8.17.2001,03/06/2026,Seção A da 7ª Vara Cível da Capital,1ª CC,Prioridade Legal
0052019-72.2025.8.17.2001,04/06/2026,Seção A da 7ª Vara Cível da Capital,1ª CC,Prioridade Legal
0057409-23.2025.8.17.2001,17/06/2026,Seção A da 7ª Vara Cível da Capital,1ª CC,Prioridade Legal
0058021-58.2025.8.17.2001,18/06/2026,Seção A da 7ª Vara Cível da Capital,1ª CC,Prioridade Legal
0061370-69.2025.8.17.2001,16/06/2026,Seção A da 7ª Vara Cível da Capital,1ª CC,Sem prioridade
0065740-91.2025.8.17.2001,17/06/2026,Seção A da 7ª Vara Cível da Capital,1ª CC,Super prioridade
0077561-29.2024.8.17.2001,29/05/2026,Seção A da 7ª Vara Cível da Capital,1ª CC,Prioridade Legal
0087456-14.2024.8.17.2001,02/06/2026,Seção A da 7ª Vara Cível da Capital,1ª CC,Prioridade Legal
0103341-68.2024.8.17.2001,12/06/2026,Seção A da 7ª Vara Cível da Capital,1ª CC,Sem prioridade
0106954-96.2024.8.17.2001,16/06/2026,Seção A da 7ª Vara Cível da Capital,1ª CC,Prioridade Legal
0111921-53.2025.8.17.2001,02/06/2026,Seção A da 7ª Vara Cível da Capital,1ª CC,Prioridade Legal
0115993-25.2021.8.17.2001,05/06/2026,Seção A da 7ª Vara Cível da Capital,1ª CC,Sem prioridade
0157218-54.2023.8.17.2001,11/06/2026,Seção A da 7ª Vara Cível da Capital,1ª CC,Prioridade Legal
0001067-65.2020.8.17.2001,15/06/2026,Seção A da 8ª Vara Cível da Capital,1ª CCJ,Prioridade Legal
0001715-20.2024.8.17.4001,08/06/2026,Seção A da 8ª Vara Cível da Capital,1ª CC,Prioridade Legal
0001779-16.2024.8.17.2001,04/06/2026,Seção A da 8ª Vara Cível da Capital,1ª CC,Sem prioridade
0002311-87.2024.8.17.2001,25/05/2026,Seção A da 8ª Vara Cível da Capital,1ª CC,Prioridade Legal
0003190-41.2017.8.17.2001,15/05/2026,Seção A da 8ª Vara Cível da Capital,1ª CCJ,Prioridade Legal
0004410-06.2019.8.17.2001,18/06/2026,Seção A da 8ª Vara Cível da Capital,1ª CC,Sem prioridade
0020245-34.2019.8.17.2001,27/05/2026,Seção A da 8ª Vara Cível da Capital,1ª CC,Sem prioridade
0031895-89.2004.8.17.0001,19/06/2026,Seção A da 8ª Vara Cível da Capital,1ª CC,Sem prioridade
0041897-39.2021.8.17.2001,29/05/2026,Seção A da 8ª Vara Cível da Capital,1ª CC,Prioridade Legal
0044040-74.2016.8.17.2001,15/06/2026,Seção A da 8ª Vara Cível da Capital,1ª CCJ,Prioridade Legal
0046867-82.2021.8.17.2001,11/06/2026,Seção A da 8ª Vara Cível da Capital,1ª CCJ,Prioridade Legal
0047587-44.2024.8.17.2001,15/06/2026,Seção A da 8ª Vara Cível da Capital,1ª CCJ,Prioridade Legal
0048340-45.2017.8.17.2001,15/05/2026,Seção A da 8ª Vara Cível da Capital,1ª CCJ,Prioridade Legal
0048443-76.2022.8.17.2001,08/06/2026,Seção A da 8ª Vara Cível da Capital,1ª CCJ,Prioridade Legal
0051351-48.2018.8.17.2001,18/06/2026,Seção A da 8ª Vara Cível da Capital,1ª CCJ,Prioridade Legal
0052645-28.2024.8.17.2001,06/05/2026,Seção A da 8ª Vara Cível da Capital,1ª CCJ,Prioridade Legal
0057196-32.2016.8.17.2001,28/05/2026,Seção A da 8ª Vara Cível da Capital,1ª CCJ,Prioridade Legal
0064277-17.2025.8.17.2001,01/06/2026,Seção A da 8ª Vara Cível da Capital,1ª CC,Prioridade Legal
0070082-24.2020.8.17.2001,28/05/2026,Seção A da 8ª Vara Cível da Capital,1ª CCJ,Prioridade Legal
0072430-44.2022.8.17.2001,04/06/2026,Seção A da 8ª Vara Cível da Capital,1ª CC,Sem prioridade
0076151-09.2019.8.17.2001,02/06/2026,Seção A da 8ª Vara Cível da Capital,1ª CC,Prioridade Legal
0082462-16.2019.8.17.2001,08/06/2026,Seção A da 8ª Vara Cível da Capital,1ª CC,Prioridade Legal
0083543-24.2024.8.17.2001,10/06/2026,Seção A da 8ª Vara Cível da Capital,1ª CCJ,Sem prioridade
0085582-67.2019.8.17.2001,11/06/2026,Seção A da 8ª Vara Cível da Capital,1ª CCJ,Prioridade Legal
0096311-50.2022.8.17.2001,17/06/2026,Seção A da 8ª Vara Cível da Capital,1ª CC,Prioridade Legal
0100626-53.2024.8.17.2001,17/06/2026,Seção A da 8ª Vara Cível da Capital,1ª CC,Prioridade Legal
0106563-44.2024.8.17.2001,15/06/2026,Seção A da 8ª Vara Cível da Capital,1ª CC,Prioridade Legal
0126597-40.2024.8.17.2001,16/06/2026,Seção A da 8ª Vara Cível da Capital,1ª CC,Prioridade Legal
0129447-72.2021.8.17.2001,05/06/2026,Seção A da 8ª Vara Cível da Capital,1ª CC,Prioridade Legal
0132001-72.2024.8.17.2001,17/06/2026,Seção A da 8ª Vara Cível da Capital,1ª CC,Prioridade Legal
0135302-37.2018.8.17.2001,29/05/2026,Seção A da 8ª Vara Cível da Capital,1ª CC,Prioridade Legal
0142605-29.2023.8.17.2001,12/06/2026,Seção A da 8ª Vara Cível da Capital,1ª CC,Super prioridade
0145625-28.2023.8.17.2001,03/06/2026,Seção A da 8ª Vara Cível da Capital,1ª CC,Sem prioridade
0000241-31.2025.8.17.6021,25/05/2026,Seção A da 9ª Vara Cível da Capital,1ª CC,Prioridade Legal
0008831-97.2023.8.17.2001,03/06/2026,Seção A da 9ª Vara Cível da Capital,1ª CC,Sem prioridade
0009266-71.2023.8.17.2001,17/06/2026,Seção A da 9ª Vara Cível da Capital,1ª CC,Prioridade Legal
0021004-90.2022.8.17.2001,29/05/2026,Seção A da 9ª Vara Cível da Capital,1ª CC,Prioridade Legal
0026330-70.2018.8.17.2001,03/06/2026,Seção A da 9ª Vara Cível da Capital,1ª CC,Prioridade Legal
0036453-20.2024.8.17.2001,16/06/2026,Seção A da 9ª Vara Cível da Capital,1ª CC,Sem prioridade
0039021-88.2007.8.17.0001,29/05/2026,Seção A da 9ª Vara Cível da Capital,1ª CC,Prioridade Legal
0040844-81.2025.8.17.2001,12/06/2026,Seção A da 9ª Vara Cível da Capital,1ª CC,Prioridade Legal
0044390-81.2024.8.17.2001,16/06/2026,Seção A da 9ª Vara Cível da Capital,1ª CCJ,Prioridade Legal
0049953-27.2022.8.17.2001,15/06/2026,Seção A da 9ª Vara Cível da Capital,1ª CC,Prioridade Legal
0055673-67.2025.8.17.2001,10/06/2026,Seção A da 9ª Vara Cível da Capital,1ª CC,Sem prioridade
0057968-77.2025.8.17.2001,15/06/2026,Seção A da 9ª Vara Cível da Capital,1ª CC,Sem prioridade
0064720-65.2025.8.17.2001,16/06/2026,Seção A da 9ª Vara Cível da Capital,1ª CC,Sem prioridade
0076743-82.2021.8.17.2001,03/06/2026,Seção A da 9ª Vara Cível da Capital,1ª CC,Prioridade Legal
0084613-42.2025.8.17.2001,04/05/2026,Seção A da 9ª Vara Cível da Capital,1ª CCJ,Prioridade Legal
0087793-03.2024.8.17.2001,29/05/2026,Seção A da 9ª Vara Cível da Capital,1ª CC,Sem prioridade
0091800-04.2025.8.17.2001,15/06/2026,Seção A da 9ª Vara Cível da Capital,1ª CC,Prioridade Legal
0093613-66.2025.8.17.2001,17/06/2026,Seção A da 9ª Vara Cível da Capital,1ª CC,Prioridade Legal
0123186-86.2024.8.17.2001,17/06/2026,Seção A da 9ª Vara Cível da Capital,1ª CCJ,Prioridade Legal
0137776-05.2023.8.17.2001,15/06/2026,Seção A da 9ª Vara Cível da Capital,1ª CC,Prioridade Legal
0001917-46.2025.8.17.2001,29/05/2026,Seção B da 10ª Vara Cível da Capital,1ª CC,Super prioridade
0005448-77.2024.8.17.2001,17/06/2026,Seção B da 10ª Vara Cível da Capital,1ª CC,Prioridade Legal
0008616-19.2026.8.17.2001,09/06/2026,Seção B da 10ª Vara Cível da Capital,1ª CC,Prioridade Legal
0010030-23.2024.8.17.2001,05/06/2026,Seção B da 10ª Vara Cível da Capital,1ª CC,Super prioridade
0011494-48.2025.8.17.2001,28/05/2026,Seção B da 10ª Vara Cível da Capital,1ª CC,Sem prioridade
0015702-85.2019.8.17.2001,04/06/2026,Seção B da 10ª Vara Cível da Capital,1ª CC,Sem prioridade
0017142-77.2023.8.17.2001,16/06/2026,Seção B da 10ª Vara Cível da Capital,1ª CC,Prioridade Legal
0021954-31.2024.8.17.2001,29/05/2026,Seção B da 10ª Vara Cível da Capital,1ª CC,Sem prioridade
0022893-09.2024.8.17.2810,05/06/2026,Seção B da 10ª Vara Cível da Capital,1ª CC,Prioridade Legal
0027193-55.2020.8.17.2001,04/06/2026,Seção B da 10ª Vara Cível da Capital,1ª CC,Prioridade Legal
0031973-62.2025.8.17.2001,26/05/2026,Seção B da 10ª Vara Cível da Capital,1ª CC,Prioridade Legal
0033583-37.2014.8.17.0001,27/05/2026,Seção B da 10ª Vara Cível da Capital,1ª CC,Prioridade Legal
0048479-16.2025.8.17.2001,29/05/2026,Seção B da 10ª Vara Cível da Capital,1ª CC,Super prioridade
0053066-81.2025.8.17.2001,28/05/2026,Seção B da 10ª Vara Cível da Capital,1ª CC,Prioridade Legal
0061874-75.2025.8.17.2001,15/06/2026,Seção B da 10ª Vara Cível da Capital,1ª CC,Prioridade Legal
0074076-84.2025.8.17.2001,05/06/2026,Seção B da 10ª Vara Cível da Capital,1ª CC,Prioridade Legal
0086153-96.2023.8.17.2001,03/06/2026,Seção B da 10ª Vara Cível da Capital,1ª CC,Prioridade Legal
0088846-24.2021.8.17.2001,02/06/2026,Seção B da 10ª Vara Cível da Capital,1ª CC,Sem prioridade
0094825-40.2016.8.17.2001,04/06/2026,Seção B da 10ª Vara Cível da Capital,1ª CC,Sem prioridade
0097611-13.2023.8.17.2001,18/06/2026,Seção B da 10ª Vara Cível da Capital,1ª CC,Sem prioridade
0119027-03.2024.8.17.2001,29/05/2026,Seção B da 10ª Vara Cível da Capital,1ª CC,Prioridade Legal
0141886-81.2022.8.17.2001,03/06/2026,Seção B da 10ª Vara Cível da Capital,1ª CC,Prioridade Legal
0167284-30.2022.8.17.2001,03/06/2026,Seção B da 10ª Vara Cível da Capital,1ª CC,Prioridade Legal
0000133-65.2026.8.17.6021,10/06/2026,Seção B da 11ª Vara Cível da Capital,1ª CC,Prioridade Legal
0000326-15.2026.8.17.2001,29/05/2026,Seção B da 11ª Vara Cível da Capital,1ª CC,Prioridade Legal
0003765-54.2014.8.17.2001,11/06/2026,Seção B da 11ª Vara Cível da Capital,1ª CC,Prioridade Legal
0012137-74.2023.8.17.2001,28/04/2026,Seção B da 11ª Vara Cível da Capital,1ª CCJ,Prioridade Legal
0013395-95.2018.8.17.2001,06/05/2026,Seção B da 11ª Vara Cível da Capital,1ª CCJ,Prioridade Legal
0015063-38.2017.8.17.2001,26/05/2026,Seção B da 11ª Vara Cível da Capital,1ª CCJ,Prioridade Legal
0017545-41.2026.8.17.2001,08/06/2026,Seção B da 11ª Vara Cível da Capital,1ª CC,Prioridade Legal
0020869-10.2024.8.17.2001,18/06/2026,Seção B da 11ª Vara Cível da Capital,1ª CC,Prioridade Legal
0025283-27.2019.8.17.2001,04/06/2026,Seção B da 11ª Vara Cível da Capital,1ª CC,Sem prioridade
0029580-33.2026.8.17.2001,08/06/2026,Seção B da 11ª Vara Cível da Capital,1ª CC,Prioridade Legal
0033939-60.2025.8.17.2001,03/06/2026,Seção B da 11ª Vara Cível da Capital,1ª CC,Prioridade Legal
0034721-20.2006.8.17.0001,08/05/2026,Seção B da 11ª Vara Cível da Capital,1ª CCJ,Prioridade Legal
0035639-37.2026.8.17.2001,28/05/2026,Seção B da 11ª Vara Cível da Capital,1ª CC,Prioridade Legal
0040984-28.2019.8.17.2001,11/06/2026,Seção B da 11ª Vara Cível da Capital,1ª CC,Sem prioridade
0048643-20.2021.8.17.2001,10/06/2026,Seção B da 11ª Vara Cível da Capital,1ª CC,Prioridade Legal
0051800-06.2018.8.17.2001,19/06/2026,Seção B da 11ª Vara Cível da Capital,1ª CC,Sem prioridade
0056104-38.2024.8.17.2001,29/05/2026,Seção B da 11ª Vara Cível da Capital,1ª CC,Sem prioridade
0065542-54.2025.8.17.2001,03/06/2026,Seção B da 11ª Vara Cível da Capital,1ª CC,Prioridade Legal
0076167-89.2021.8.17.2001,26/05/2026,Seção B da 11ª Vara Cível da Capital,1ª CC,Prioridade Legal
0082998-17.2025.8.17.2001,04/06/2026,Seção B da 11ª Vara Cível da Capital,1ª CC,Prioridade Legal
0086355-73.2023.8.17.2001,05/06/2026,Seção B da 11ª Vara Cível da Capital,1ª CC,Super prioridade
0091952-52.2025.8.17.2001,10/06/2026,Seção B da 11ª Vara Cível da Capital,1ª CC,Sem prioridade
0099579-15.2022.8.17.2001,15/06/2026,Seção B da 11ª Vara Cível da Capital,1ª CC,Prioridade Legal
0015338-69.2026.8.17.2001,17/06/2026,Seção B da 12ª Vara Cível da Capital,1ª CC,Prioridade Legal
0015793-15.2018.8.17.2001,09/06/2026,Seção B da 12ª Vara Cível da Capital,1ª CC,Prioridade Legal
0018801-87.2024.8.17.2001,12/06/2026,Seção B da 12ª Vara Cível da Capital,1ª CC,Prioridade Legal
0019963-49.2026.8.17.2001,17/06/2026,Seção B da 12ª Vara Cível da Capital,1ª CC,Prioridade Legal
0020989-82.2026.8.17.2001,28/05/2026,Seção B da 12ª Vara Cível da Capital,1ª CC,Prioridade Legal
0021028-79.2026.8.17.2001,29/05/2026,Seção B da 12ª Vara Cível da Capital,1ª CC,Prioridade Legal
0024447-44.2025.8.17.2001,11/06/2026,Seção B da 12ª Vara Cível da Capital,1ª CC,Prioridade Legal
0024910-94.2010.8.17.0001,08/06/2026,Seção B da 12ª Vara Cível da Capital,1ª CC,Super prioridade
0025676-05.2026.8.17.2001,17/06/2026,Seção B da 12ª Vara Cível da Capital,1ª CC,Prioridade Legal
0025723-76.2026.8.17.2001,29/05/2026,Seção B da 12ª Vara Cível da Capital,1ª CC,Prioridade Legal
0028538-46.2026.8.17.2001,17/06/2026,Seção B da 12ª Vara Cível da Capital,1ª CC,Prioridade Legal
0031121-38.2025.8.17.2001,14/05/2026,Seção B da 12ª Vara Cível da Capital,1ª CCJ,Prioridade Legal
0031824-48.2008.8.17.0001,10/06/2026,Seção B da 12ª Vara Cível da Capital,1ª CC,Sem prioridade
0035761-50.2026.8.17.2001,04/06/2026,Seção B da 12ª Vara Cível da Capital,1ª CC,Prioridade Legal
0036925-31.2018.8.17.2001,18/06/2026,Seção B da 12ª Vara Cível da Capital,1ª CC,Sem prioridade
0038544-49.2025.8.17.2001,18/06/2026,Seção B da 12ª Vara Cível da Capital,1ª CC,Prioridade Legal
0038989-33.2026.8.17.2001,17/06/2026,Seção B da 12ª Vara Cível da Capital,1ª CC,Prioridade Legal
0041061-90.2026.8.17.2001,18/06/2026,Seção B da 12ª Vara Cível da Capital,1ª CC,Prioridade Legal
0041594-49.2026.8.17.2001,17/06/2026,Seção B da 12ª Vara Cível da Capital,1ª CC,Super prioridade
0041709-70.2026.8.17.2001,09/06/2026,Seção B da 12ª Vara Cível da Capital,1ª CC,Prioridade Legal
0058830-19.2023.8.17.2001,04/06/2026,Seção B da 12ª Vara Cível da Capital,1ª CC,Prioridade Legal
0082966-12.2025.8.17.2001,08/06/2026,Seção B da 12ª Vara Cível da Capital,1ª CC,Super prioridade
0084764-76.2023.8.17.2001,28/05/2026,Seção B da 12ª Vara Cível da Capital,1ª CCJ,Prioridade Legal
0087489-67.2025.8.17.2001,04/06/2026,Seção B da 12ª Vara Cível da Capital,1ª CC,Prioridade Legal
0088650-20.2022.8.17.2001,17/06/2026,Seção B da 12ª Vara Cível da Capital,1ª CCJ,Prioridade Legal
0090409-48.2024.8.17.2001,25/05/2026,Seção B da 12ª Vara Cível da Capital,1ª CC,Sem prioridade
0091458-90.2025.8.17.2001,27/05/2026,Seção B da 12ª Vara Cível da Capital,1ª CC,Prioridade Legal
0103531-94.2025.8.17.2001,18/06/2026,Seção B da 12ª Vara Cível da Capital,1ª CC,Prioridade Legal
0104047-17.2025.8.17.2001,08/06/2026,Seção B da 12ª Vara Cível da Capital,1ª CC,Prioridade Legal
0109905-29.2025.8.17.2001,04/06/2026,Seção B da 12ª Vara Cível da Capital,1ª CCJ,Prioridade Legal
0138116-46.2023.8.17.2001,03/06/2026,Seção B da 12ª Vara Cível da Capital,1ª CC,Sem prioridade
0139482-86.2024.8.17.2001,18/06/2026,Seção B da 12ª Vara Cível da Capital,1ª CC,Prioridade Legal
0001007-92.2020.8.17.2001,29/05/2026,Seção B da 13ª Vara Cível da Capital,1ª CC,Prioridade Legal
0003616-58.2014.8.17.2001,08/06/2026,Seção B da 13ª Vara Cível da Capital,1ª CCJ,Prioridade Legal
0004888-09.2022.8.17.2001,03/06/2026,Seção B da 13ª Vara Cível da Capital,1ª CC,Sem prioridade
0006049-15.2026.8.17.2001,16/06/2026,Seção B da 13ª Vara Cível da Capital,1ª CC,Prioridade Legal
0013453-35.2017.8.17.2001,20/05/2026,Seção B da 13ª Vara Cível da Capital,1ª CCJ,Prioridade Legal
0018680-98.2020.8.17.2001,12/06/2026,Seção B da 13ª Vara Cível da Capital,1ª CC,Prioridade Legal
0020551-56.2026.8.17.2001,11/06/2026,Seção B da 13ª Vara Cível da Capital,1ª CC,Prioridade Legal
0024381-40.2020.8.17.2001,05/06/2026,Seção B da 13ª Vara Cível da Capital,1ª CC,Prioridade Legal
0030279-68.2019.8.17.2001,20/05/2026,Seção B da 13ª Vara Cível da Capital,1ª CCJ,Prioridade Legal
0030523-65.2017.8.17.2001,01/06/2026,Seção B da 13ª Vara Cível da Capital,1ª CCJ,Prioridade Legal
0033065-22.2018.8.17.2001,27/05/2026,Seção B da 13ª Vara Cível da Capital,1ª CC,Sem prioridade
0034612-29.2020.8.17.2001,09/06/2026,Seção B da 13ª Vara Cível da Capital,1ª CC,Prioridade Legal
0041631-52.2021.8.17.2001,10/06/2026,Seção B da 13ª Vara Cível da Capital,1ª CC,Prioridade Legal
0044050-21.2016.8.17.2001,05/06/2026,Seção B da 13ª Vara Cível da Capital,1ª CCJ,Prioridade Legal
0045145-71.2025.8.17.2001,11/06/2026,Seção B da 13ª Vara Cível da Capital,1ª CC,Prioridade Legal
0045291-49.2024.8.17.2001,11/06/2026,Seção B da 13ª Vara Cível da Capital,1ª CC,Prioridade Legal
0045763-31.2016.8.17.2001,29/05/2026,Seção B da 13ª Vara Cível da Capital,1ª CC,Sem prioridade
0048489-26.2026.8.17.2001,10/06/2026,Seção B da 13ª Vara Cível da Capital,1ª CC,Prioridade Legal
0051479-34.2019.8.17.2001,04/05/2026,Seção B da 13ª Vara Cível da Capital,1ª CCJ,Sem prioridade
0053052-78.2017.8.17.2001,05/06/2026,Seção B da 13ª Vara Cível da Capital,1ª CC,Prioridade Legal
0053120-47.2025.8.17.2001,18/06/2026,Seção B da 13ª Vara Cível da Capital,1ª CC,Prioridade Legal
0055816-61.2022.8.17.2001,05/06/2026,Seção B da 13ª Vara Cível da Capital,1ª CC,Prioridade Legal
0055993-20.2025.8.17.2001,09/06/2026,Seção B da 13ª Vara Cível da Capital,1ª CC,Prioridade Legal
0057934-10.2022.8.17.2001,19/05/2026,Seção B da 13ª Vara Cível da Capital,1ª CCJ,Prioridade Legal
0061243-68.2024.8.17.2001,26/05/2026,Seção B da 13ª Vara Cível da Capital,1ª CC,Sem prioridade
0061619-64.2018.8.17.2001,15/05/2026,Seção B da 13ª Vara Cível da Capital,1ª CCJ,Prioridade Legal
0062470-30.2023.8.17.2001,09/06/2026,Seção B da 13ª Vara Cível da Capital,1ª CC,Prioridade Legal
0065818-85.2025.8.17.2001,16/06/2026,Seção B da 13ª Vara Cível da Capital,1ª CC,Prioridade Legal
0068333-30.2024.8.17.2001,01/06/2026,Seção B da 13ª Vara Cível da Capital,1ª CC,Prioridade Legal
0071149-24.2020.8.17.2001,18/06/2026,Seção B da 13ª Vara Cível da Capital,1ª CC,Sem prioridade
0071813-50.2023.8.17.2001,19/06/2026,Seção B da 13ª Vara Cível da Capital,1ª CC,Sem prioridade
0073935-41.2020.8.17.2001,03/06/2026,Seção B da 13ª Vara Cível da Capital,1ª CC,Sem prioridade
0074675-04.2017.8.17.2001,10/06/2026,Seção B da 13ª Vara Cível da Capital,1ª CC,Prioridade Legal
0091338-18.2023.8.17.2001,01/06/2026,Seção B da 13ª Vara Cível da Capital,1ª CC,Prioridade Legal
0115166-74.1996.8.17.0001,11/06/2026,Seção B da 13ª Vara Cível da Capital,1ª CC,Sem prioridade
0132004-08.2016.8.17.2001,19/06/2026,Seção B da 13ª Vara Cível da Capital,1ª CCJ,Prioridade Legal
0140464-03.2024.8.17.2001,11/06/2026,Seção B da 13ª Vara Cível da Capital,1ª CCJ,Prioridade Legal
0013020-26.2020.8.17.2001,29/05/2026,Seção B da 14ª Vara Cível da Capital,1ª CC,Sem prioridade
0059456-82.2016.8.17.2001,02/06/2026,Seção B da 14ª Vara Cível da Capital,1ª CC,Sem prioridade
0000930-83.2020.8.17.2001,04/06/2026,Seção B da 15ª Vara Cível da Capital,1ª CCJ,Sem prioridade
0005334-81.2011.8.17.0001,17/06/2026,Seção B da 15ª Vara Cível da Capital,1ª CC,Sem prioridade
0009831-98.2024.8.17.2001,16/06/2026,Seção B da 15ª Vara Cível da Capital,1ª CCJ,Sem prioridade
0014516-04.2005.8.17.0001,30/04/2026,Seção B da 15ª Vara Cível da Capital,1ª CCJ,Sem prioridade
0026480-80.2020.8.17.2001,05/05/2026,Seção B da 15ª Vara Cível da Capital,1ª CCJ,Prioridade Legal
0031323-20.2022.8.17.2001,16/06/2026,Seção B da 15ª Vara Cível da Capital,1ª CCJ,Prioridade Legal
0032907-98.2017.8.17.2001,04/06/2026,Seção B da 15ª Vara Cível da Capital,1ª CC,Prioridade Legal
0039396-94.2004.8.17.0001,18/06/2026,Seção B da 15ª Vara Cível da Capital,1ª CC,Super prioridade
0042122-54.2024.8.17.2001,04/06/2026,Seção B da 15ª Vara Cível da Capital,1ª CC,Prioridade Legal
0048878-16.2023.8.17.2001,05/05/2026,Seção B da 15ª Vara Cível da Capital,1ª CCJ,Prioridade Legal
0049284-37.2023.8.17.2001,11/06/2026,Seção B da 15ª Vara Cível da Capital,1ª CC,Sem prioridade
0051245-13.2023.8.17.2001,11/06/2026,Seção B da 15ª Vara Cível da Capital,1ª CC,Sem prioridade
0051428-81.2023.8.17.2001,04/06/2026,Seção B da 15ª Vara Cível da Capital,1ª CC,Prioridade Legal
0051815-96.2023.8.17.2001,09/06/2026,Seção B da 15ª Vara Cível da Capital,1ª CC,Sem prioridade
0068119-73.2023.8.17.2001,09/06/2026,Seção B da 15ª Vara Cível da Capital,1ª CC,Prioridade Legal
0068448-51.2024.8.17.2001,05/06/2026,Seção B da 15ª Vara Cível da Capital,1ª CC,Prioridade Legal
0070362-53.2024.8.17.2001,09/06/2026,Seção B da 15ª Vara Cível da Capital,1ª CC,Prioridade Legal
0075191-24.2017.8.17.2001,05/06/2026,Seção B da 15ª Vara Cível da Capital,1ª CC,Prioridade Legal
0076795-78.2021.8.17.2001,05/05/2026,Seção B da 15ª Vara Cível da Capital,1ª CCJ,Prioridade Legal
0084499-50.2018.8.17.2001,15/06/2026,Seção B da 15ª Vara Cível da Capital,1ª CC,Sem prioridade
0138551-54.2022.8.17.2001,16/06/2026,Seção B da 15ª Vara Cível da Capital,1ª CC,Sem prioridade
0153386-87.2009.8.17.0001,12/06/2026,Seção B da 15ª Vara Cível da Capital,1ª CC,Sem prioridade
0153427-77.2023.8.17.2001,09/06/2026,Seção B da 15ª Vara Cível da Capital,1ª CCJ,Prioridade Legal
0005798-31.2025.8.17.2001,11/06/2026,Seção B da 16ª Vara Cível da Capital,1ª CC,Prioridade Legal
0006052-48.2018.8.17.2001,18/06/2026,Seção B da 16ª Vara Cível da Capital,1ª CC,Prioridade Legal
0013325-97.2026.8.17.2001,26/05/2026,Seção B da 16ª Vara Cível da Capital,1ª CC,Prioridade Legal
0015263-40.2020.8.17.2001,12/06/2026,Seção B da 16ª Vara Cível da Capital,1ª CC,Sem prioridade
0016669-33.2019.8.17.2001,08/06/2026,Seção B da 16ª Vara Cível da Capital,1ª CC,Sem prioridade
0021511-12.2026.8.17.2001,17/06/2026,Seção B da 16ª Vara Cível da Capital,1ª CCJ,Prioridade Legal
0026577-47.2012.8.17.0001,15/05/2026,Seção B da 16ª Vara Cível da Capital,1ª CCJ,Prioridade Legal
0028972-74.2022.8.17.2001,11/06/2026,Seção B da 16ª Vara Cível da Capital,1ª CC,Sem prioridade
0036283-14.2025.8.17.2001,27/05/2026,Seção B da 16ª Vara Cível da Capital,1ª CC,Prioridade Legal
0037298-81.2026.8.17.2001,27/05/2026,Seção B da 16ª Vara Cível da Capital,1ª CC,Sem prioridade
0038893-67.2016.8.17.2001,04/06/2026,Seção B da 16ª Vara Cível da Capital,1ª CCJ,Prioridade Legal
0046755-74.2025.8.17.2001,04/06/2026,Seção B da 16ª Vara Cível da Capital,1ª CC,Sem prioridade
0048205-34.2008.8.17.0001,15/06/2026,Seção B da 16ª Vara Cível da Capital,1ª CC,Sem prioridade
0052741-53.2018.8.17.2001,01/06/2026,Seção B da 16ª Vara Cível da Capital,1ª CC,Sem prioridade
0064221-18.2024.8.17.2001,04/06/2026,Seção B da 16ª Vara Cível da Capital,1ª CC,Sem prioridade
0071810-61.2024.8.17.2001,05/06/2026,Seção B da 16ª Vara Cível da Capital,1ª CC,Prioridade Legal
0073930-15.2014.8.17.0001,16/06/2026,Seção B da 16ª Vara Cível da Capital,1ª CCJ,Sem prioridade
0084405-29.2023.8.17.2001,26/05/2026,Seção B da 16ª Vara Cível da Capital,1ª CC,Sem prioridade
0086517-34.2024.8.17.2001,05/06/2026,Seção B da 16ª Vara Cível da Capital,1ª CC,Prioridade Legal
0090770-36.2022.8.17.2001,09/06/2026,Seção B da 16ª Vara Cível da Capital,1ª CCJ,Sem prioridade
0092389-98.2022.8.17.2001,12/05/2026,Seção B da 16ª Vara Cível da Capital,1ª CCJ,Prioridade Legal
0118581-97.2024.8.17.2001,15/06/2026,Seção B da 16ª Vara Cível da Capital,1ª CC,Prioridade Legal
0128837-13.2009.8.17.0001,26/05/2026,Seção B da 16ª Vara Cível da Capital,1ª CC,Sem prioridade
0131403-71.2005.8.17.0001,08/06/2026,Seção B da 16ª Vara Cível da Capital,1ª CC,Sem prioridade
0134103-67.2024.8.17.2001,29/04/2026,Seção B da 16ª Vara Cível da Capital,1ª CCJ,Prioridade Legal
0140395-05.2023.8.17.2001,29/05/2026,Seção B da 16ª Vara Cível da Capital,1ª CC,Prioridade Legal
0144398-03.2023.8.17.2001,12/06/2026,Seção B da 16ª Vara Cível da Capital,1ª CC,Sem prioridade
0154299-92.2023.8.17.2001,10/06/2026,Seção B da 16ª Vara Cível da Capital,1ª CC,Prioridade Legal
0159551-13.2022.8.17.2001,05/06/2026,Seção B da 16ª Vara Cível da Capital,1ª CC,Prioridade Legal
0161738-57.2023.8.17.2001,05/06/2026,Seção B da 16ª Vara Cível da Capital,1ª CC,Prioridade Legal
0002929-81.2014.8.17.2001,17/06/2026,Seção B da 17ª Vara Cível da Capital,1ª CC,Prioridade Legal
0018994-49.2017.8.17.2001,25/05/2026,Seção B da 17ª Vara Cível da Capital,1ª CCJ,Prioridade Legal
0019480-53.2025.8.17.2001,09/06/2026,Seção B da 17ª Vara Cível da Capital,1ª CCJ,Prioridade Legal
0021858-60.2017.8.17.2001,16/06/2026,Seção B da 17ª Vara Cível da Capital,1ª CCJ,Prioridade Legal
0031414-18.2019.8.17.2001,17/06/2026,Seção B da 17ª Vara Cível da Capital,1ª CCJ,Prioridade Legal
0033595-16.2024.8.17.2001,26/05/2026,Seção B da 17ª Vara Cível da Capital,1ª CC,Prioridade Legal
0036575-14.2016.8.17.2001,03/06/2026,Seção B da 17ª Vara Cível da Capital,1ª CC,Prioridade Legal
0055265-81.2022.8.17.2001,25/05/2026,Seção B da 17ª Vara Cível da Capital,1ª CC,Sem prioridade
0060492-47.2025.8.17.2001,27/05/2026,Seção B da 17ª Vara Cível da Capital,1ª CC,Prioridade Legal
0060719-42.2022.8.17.2001,19/06/2026,Seção B da 17ª Vara Cível da Capital,1ª CC,Prioridade Legal
0062520-22.2024.8.17.2001,21/05/2026,Seção B da 17ª Vara Cível da Capital,1ª CCJ,Prioridade Legal
0068389-63.2024.8.17.2001,04/06/2026,Seção B da 17ª Vara Cível da Capital,1ª CC,Super prioridade
0081729-79.2021.8.17.2001,19/06/2026,Seção B da 17ª Vara Cível da Capital,1ª CC,Sem prioridade
0084044-12.2023.8.17.2001,11/06/2026,Seção B da 17ª Vara Cível da Capital,1ª CC,Prioridade Legal
0087237-69.2022.8.17.2001,11/06/2026,Seção B da 17ª Vara Cível da Capital,1ª CC,Prioridade Legal
0090370-17.2025.8.17.2001,18/06/2026,Seção B da 17ª Vara Cível da Capital,1ª CC,Prioridade Legal
0094867-79.2022.8.17.2001,04/06/2026,Seção B da 17ª Vara Cível da Capital,1ª CC,Super prioridade
0134139-17.2021.8.17.2001,28/05/2026,Seção B da 17ª Vara Cível da Capital,1ª CC,Sem prioridade
0137763-06.2023.8.17.2001,02/06/2026,Seção B da 17ª Vara Cível da Capital,1ª CC,Prioridade Legal
0139041-08.2024.8.17.2001,03/06/2026,Seção B da 17ª Vara Cível da Capital,1ª CC,Prioridade Legal
0141285-41.2023.8.17.2001,19/06/2026,Seção B da 17ª Vara Cível da Capital,1ª CC,Super prioridade
0150550-67.2023.8.17.2001,17/06/2026,Seção B da 17ª Vara Cível da Capital,1ª CC,Prioridade Legal
0001906-62.2009.8.17.0001,08/06/2026,Seção B da 18ª Vara Cível da Capital,1ª CC,Sem prioridade
0008063-55.2015.8.17.2001,15/06/2026,Seção B da 18ª Vara Cível da Capital,1ª CC,Prioridade Legal
0014634-61.2023.8.17.2001,09/06/2026,Seção B da 18ª Vara Cível da Capital,1ª CC,Prioridade Legal
0016604-29.2016.8.17.0001,04/06/2026,Seção B da 18ª Vara Cível da Capital,1ª CC,Sem prioridade
0017446-47.2021.8.17.2001,01/06/2026,Seção B da 18ª Vara Cível da Capital,1ª CC,Sem prioridade
0030856-07.2023.8.17.2001,27/05/2026,Seção B da 18ª Vara Cível da Capital,1ª CC,Prioridade Legal
0067115-40.2019.8.17.2001,17/06/2026,Seção B da 18ª Vara Cível da Capital,1ª CC,Prioridade Legal
0073656-50.2023.8.17.2001,17/06/2026,Seção B da 18ª Vara Cível da Capital,1ª CC,Prioridade Legal
0080871-82.2020.8.17.2001,15/06/2026,Seção B da 18ª Vara Cível da Capital,1ª CC,Prioridade Legal
0082957-56.2013.8.17.0001,05/06/2026,Seção B da 18ª Vara Cível da Capital,1ª CC,Prioridade Legal
0086119-58.2022.8.17.2001,17/06/2026,Seção B da 18ª Vara Cível da Capital,1ª CC,Prioridade Legal
0086463-73.2021.8.17.2001,02/06/2026,Seção B da 18ª Vara Cível da Capital,1ª CC,Sem prioridade
0114316-52.2024.8.17.2001,15/06/2026,Seção B da 18ª Vara Cível da Capital,1ª CC,Prioridade Legal
0117743-57.2024.8.17.2001,27/05/2026,Seção B da 18ª Vara Cível da Capital,1ª CC,Prioridade Legal
0121596-74.2024.8.17.2001,17/06/2026,Seção B da 18ª Vara Cível da Capital,1ª CC,Prioridade Legal
0004231-62.2025.8.17.2001,13/05/2026,Seção B da 19ª Vara Cível da Capital,1ª CCJ,Prioridade Legal
0005251-40.2015.8.17.2001,09/06/2026,Seção B da 19ª Vara Cível da Capital,1ª CCJ,Prioridade Legal
0012901-89.2025.8.17.2001,19/06/2026,Seção B da 19ª Vara Cível da Capital,1ª CC,Sem prioridade
0017229-67.2022.8.17.2001,10/06/2026,Seção B da 19ª Vara Cível da Capital,1ª CC,Prioridade Legal
0019790-30.2023.8.17.2001,19/06/2026,Seção B da 19ª Vara Cível da Capital,1ª CCJ,Prioridade Legal
0019987-40.2001.8.17.0001,01/06/2026,Seção B da 19ª Vara Cível da Capital,1ª CCJ,Sem prioridade
0021071-50.2025.8.17.2001,05/06/2026,Seção B da 19ª Vara Cível da Capital,1ª CC,Prioridade Legal
0021160-78.2022.8.17.2001,05/05/2026,Seção B da 19ª Vara Cível da Capital,1ª CCJ,Prioridade Legal
0024582-95.2021.8.17.2001,08/06/2026,Seção B da 19ª Vara Cível da Capital,1ª CC,Prioridade Legal
0036145-52.2022.8.17.2001,05/05/2026,Seção B da 19ª Vara Cível da Capital,1ª CCJ,Prioridade Legal
0044556-50.2023.8.17.2001,19/06/2026,Seção B da 19ª Vara Cível da Capital,1ª CCJ,Prioridade Legal
0044756-57.2023.8.17.2001,26/05/2026,Seção B da 19ª Vara Cível da Capital,1ª CCJ,Prioridade Legal
0045691-34.2022.8.17.2001,27/05/2026,Seção B da 19ª Vara Cível da Capital,1ª CCJ,Prioridade Legal
0045976-85.2026.8.17.2001,19/06/2026,Seção B da 19ª Vara Cível da Capital,1ª CC,Prioridade Legal
0052189-15.2023.8.17.2001,18/06/2026,Seção B da 19ª Vara Cível da Capital,1ª CC,Prioridade Legal
0052252-69.2025.8.17.2001,27/05/2026,Seção B da 19ª Vara Cível da Capital,1ª CCJ,Prioridade Legal
0056531-16.2016.8.17.2001,01/06/2026,Seção B da 19ª Vara Cível da Capital,1ª CC,Sem prioridade
0057184-71.2023.8.17.2001,15/05/2026,Seção B da 19ª Vara Cível da Capital,1ª CCJ,Prioridade Legal
0061474-37.2020.8.17.2001,18/06/2026,Seção B da 19ª Vara Cível da Capital,1ª CC,Sem prioridade
0063594-14.2024.8.17.2001,27/05/2026,Seção B da 19ª Vara Cível da Capital,1ª CCJ,Prioridade Legal
0072054-29.2020.8.17.2001,29/04/2026,Seção B da 19ª Vara Cível da Capital,1ª CCJ,Prioridade Legal
0076419-53.2025.8.17.2001,02/06/2026,Seção B da 19ª Vara Cível da Capital,1ª CC,Prioridade Legal
0083608-53.2023.8.17.2001,12/06/2026,Seção B da 19ª Vara Cível da Capital,1ª CC,Prioridade Legal
0087905-74.2021.8.17.2001,26/05/2026,Seção B da 19ª Vara Cível da Capital,1ª CCJ,Prioridade Legal
0089790-84.2025.8.17.2001,16/06/2026,Seção B da 19ª Vara Cível da Capital,1ª CC,Prioridade Legal
0102845-39.2024.8.17.2001,29/05/2026,Seção B da 19ª Vara Cível da Capital,1ª CC,Sem prioridade
0113036-17.2022.8.17.2001,12/06/2026,Seção B da 19ª Vara Cível da Capital,1ª CC,Super prioridade
0123194-63.2024.8.17.2001,12/06/2026,Seção B da 19ª Vara Cível da Capital,1ª CC,Prioridade Legal
0138762-56.2023.8.17.2001,12/06/2026,Seção B da 19ª Vara Cível da Capital,1ª CCJ,Sem prioridade
0140543-79.2024.8.17.2001,06/05/2026,Seção B da 19ª Vara Cível da Capital,1ª CCJ,Sem prioridade
0002743-23.2024.8.17.4001,17/06/2026,Seção B da 1ª Vara Cível da Capital,1ª CC,Prioridade Legal
0010536-62.2025.8.17.2001,19/06/2026,Seção B da 1ª Vara Cível da Capital,1ª CC,Sem prioridade
0011056-66.2018.8.17.2001,26/05/2026,Seção B da 1ª Vara Cível da Capital,1ª CC,Sem prioridade
0020335-32.2025.8.17.2001,04/06/2026,Seção B da 1ª Vara Cível da Capital,1ª CC,Prioridade Legal
0021095-83.2022.8.17.2001,26/05/2026,Seção B da 1ª Vara Cível da Capital,1ª CC,Sem prioridade
0028645-03.2020.8.17.2001,22/05/2026,Seção B da 1ª Vara Cível da Capital,1ª CC,Sem prioridade
0035071-90.2015.8.17.0001,08/06/2026,Seção B da 1ª Vara Cível da Capital,1ª CC,Sem prioridade
0038540-12.2025.8.17.2001,18/06/2026,Seção B da 1ª Vara Cível da Capital,1ª CC,Prioridade Legal
0042015-73.2025.8.17.2001,08/06/2026,Seção B da 1ª Vara Cível da Capital,1ª CC,Prioridade Legal
0048183-28.2024.8.17.2001,12/06/2026,Seção B da 1ª Vara Cível da Capital,1ª CC,Sem prioridade
0054527-88.2025.8.17.2001,16/06/2026,Seção B da 1ª Vara Cível da Capital,1ª CC,Prioridade Legal
0072380-23.2019.8.17.2001,11/06/2026,Seção B da 1ª Vara Cível da Capital,1ª CCJ,Prioridade Legal
0072752-69.2019.8.17.2001,16/06/2026,Seção B da 1ª Vara Cível da Capital,1ª CC,Super prioridade
0077504-74.2025.8.17.2001,15/06/2026,Seção B da 1ª Vara Cível da Capital,1ª CC,Prioridade Legal
0090802-36.2025.8.17.2001,29/05/2026,Seção B da 1ª Vara Cível da Capital,1ª CC,Prioridade Legal
0107892-57.2025.8.17.2001,16/06/2026,Seção B da 1ª Vara Cível da Capital,1ª CC,Prioridade Legal
0134483-90.2024.8.17.2001,16/06/2026,Seção B da 1ª Vara Cível da Capital,1ª CC,Prioridade Legal
0135821-12.2018.8.17.2001,27/05/2026,Seção B da 1ª Vara Cível da Capital,1ª CC,Sem prioridade
0004000-21.2014.8.17.2001,05/06/2026,Seção B da 20ª Vara Cível da Capital,1ª CC,Prioridade Legal
0011989-68.2020.8.17.2001,25/05/2026,Seção B da 20ª Vara Cível da Capital,1ª CC,Sem prioridade
0012978-11.2019.8.17.2001,01/06/2026,Seção B da 20ª Vara Cível da Capital,1ª CCJ,Prioridade Legal
0015622-24.2019.8.17.2001,04/06/2026,Seção B da 20ª Vara Cível da Capital,1ª CC,Sem prioridade
0016411-57.2018.8.17.2001,11/06/2026,Seção B da 20ª Vara Cível da Capital,1ª CC,Sem prioridade
0018963-82.2024.8.17.2001,04/06/2026,Seção B da 20ª Vara Cível da Capital,1ª CC,Sem prioridade
0032522-72.2025.8.17.2001,19/06/2026,Seção B da 20ª Vara Cível da Capital,1ª CC,Sem prioridade
0033004-93.2020.8.17.2001,08/06/2026,Seção B da 20ª Vara Cível da Capital,1ª CC,Sem prioridade
0036353-47.2007.8.17.0001,28/05/2026,Seção B da 20ª Vara Cível da Capital,1ª CC,Sem prioridade
0046173-90.2007.8.17.0001,08/06/2026,Seção B da 20ª Vara Cível da Capital,1ª CC,Sem prioridade
0046232-05.2012.8.17.0001,22/05/2026,Seção B da 20ª Vara Cível da Capital,1ª CC,Sem prioridade
0052230-11.2025.8.17.2001,17/06/2026,Seção B da 20ª Vara Cível da Capital,1ª CC,Prioridade Legal
0054931-42.2025.8.17.2001,25/05/2026,Seção B da 20ª Vara Cível da Capital,1ª CC,Prioridade Legal
0056006-34.2016.8.17.2001,27/05/2026,Seção B da 20ª Vara Cível da Capital,1ª CC,Prioridade Legal
0061727-93.2018.8.17.2001,19/06/2026,Seção B da 20ª Vara Cível da Capital,1ª CC,Sem prioridade
0072930-76.2023.8.17.2001,11/06/2026,Seção B da 20ª Vara Cível da Capital,1ª CC,Prioridade Legal
0074082-33.2021.8.17.2001,16/06/2026,Seção B da 20ª Vara Cível da Capital,1ª CC,Sem prioridade
0084513-24.2024.8.17.2001,17/06/2026,Seção B da 20ª Vara Cível da Capital,1ª CCJ,Prioridade Legal
0089699-62.2023.8.17.2001,27/05/2026,Seção B da 20ª Vara Cível da Capital,1ª CC,Prioridade Legal
0110244-90.2022.8.17.2001,11/06/2026,Seção B da 20ª Vara Cível da Capital,1ª CC,Prioridade Legal
0164013-13.2022.8.17.2001,12/06/2026,Seção B da 20ª Vara Cível da Capital,1ª CC,Sem prioridade
0000005-29.2016.8.17.2001,04/06/2026,Seção B da 21ª Vara Cível da Capital,1ª CC,Prioridade Legal
0001104-19.2025.8.17.2001,16/06/2026,Seção B da 21ª Vara Cível da Capital,1ª CC,Prioridade Legal
0001802-75.2006.8.17.0001,04/06/2026,Seção B da 21ª Vara Cível da Capital,1ª CC,Sem prioridade
0008265-22.2021.8.17.2001,09/06/2026,Seção B da 21ª Vara Cível da Capital,1ª CC,Prioridade Legal
0008320-07.2020.8.17.2001,17/06/2026,Seção B da 21ª Vara Cível da Capital,1ª CCJ,Prioridade Legal
0008733-20.2020.8.17.2001,18/06/2026,Seção B da 21ª Vara Cível da Capital,1ª CC,Sem prioridade
0014291-03.2013.8.17.0001,11/06/2026,Seção B da 21ª Vara Cível da Capital,1ª CC,Super prioridade
0014302-26.2025.8.17.2001,15/06/2026,Seção B da 21ª Vara Cível da Capital,1ª CC,Prioridade Legal
0024228-70.2021.8.17.2001,04/06/2026,Seção B da 21ª Vara Cível da Capital,1ª CC,Sem prioridade
0030681-44.1996.8.17.0001,21/05/2026,Seção B da 21ª Vara Cível da Capital,1ª CC,Prioridade Legal
0036243-71.2021.8.17.2001,15/06/2026,Seção B da 21ª Vara Cível da Capital,1ª CC,Prioridade Legal
0038022-96.2011.8.17.0001,18/06/2026,Seção B da 21ª Vara Cível da Capital,1ª CC,Prioridade Legal
0041985-82.2018.8.17.2001,12/06/2026,Seção B da 21ª Vara Cível da Capital,1ª CC,Sem prioridade
0048840-14.2017.8.17.2001,10/06/2026,Seção B da 21ª Vara Cível da Capital,1ª CC,Prioridade Legal
0052275-59.2018.8.17.2001,08/06/2026,Seção B da 21ª Vara Cível da Capital,1ª CC,Sem prioridade
0058079-38.2011.8.17.0001,10/06/2026,Seção B da 21ª Vara Cível da Capital,1ª CC,Sem prioridade
0059640-57.2024.8.17.2001,04/06/2026,Seção B da 21ª Vara Cível da Capital,1ª CC,Prioridade Legal
0068070-32.2023.8.17.2001,10/06/2026,Seção B da 21ª Vara Cível da Capital,1ª CC,Sem prioridade
0082321-84.2025.8.17.2001,05/06/2026,Seção B da 21ª Vara Cível da Capital,1ª CC,Prioridade Legal
0132923-27.2009.8.17.0001,08/06/2026,Seção B da 21ª Vara Cível da Capital,1ª CC,Sem prioridade
0133532-96.2024.8.17.2001,05/06/2026,Seção B da 21ª Vara Cível da Capital,1ª CC,Super prioridade
0138124-86.2024.8.17.2001,05/06/2026,Seção B da 21ª Vara Cível da Capital,1ª CC,Prioridade Legal
0138564-19.2023.8.17.2001,03/06/2026,Seção B da 21ª Vara Cível da Capital,1ª CC,Sem prioridade
0007796-34.2025.8.17.2001,27/05/2026,Seção B da 22ª Vara Cível da Capital,1ª CC,Prioridade Legal
0008473-30.2026.8.17.2001,18/06/2026,Seção B da 22ª Vara Cível da Capital,1ª CC,Super prioridade
0009439-19.2002.8.17.0001,29/04/2026,Seção B da 22ª Vara Cível da Capital,1ª CCJ,Sem prioridade
0013076-64.2017.8.17.2001,25/05/2026,Seção B da 22ª Vara Cível da Capital,1ª CC,Prioridade Legal
0025650-57.2007.8.17.0001,08/06/2026,Seção B da 22ª Vara Cível da Capital,1ª CC,Sem prioridade
0026078-62.2021.8.17.2001,15/06/2026,Seção B da 22ª Vara Cível da Capital,1ª CC,Prioridade Legal
0034216-92.2007.8.17.0001,29/05/2026,Seção B da 22ª Vara Cível da Capital,1ª CC,Super prioridade
0043851-81.2025.8.17.2001,28/05/2026,Seção B da 22ª Vara Cível da Capital,1ª CC,Prioridade Legal
0044653-95.2007.8.17.0001,08/06/2026,Seção B da 22ª Vara Cível da Capital,1ª CC,Sem prioridade
0050005-86.2023.8.17.2001,04/06/2026,Seção B da 22ª Vara Cível da Capital,1ª CC,Prioridade Legal
0053013-19.2007.8.17.0001,11/06/2026,Seção B da 22ª Vara Cível da Capital,1ª CC,Super prioridade
0053353-60.2007.8.17.0001,26/05/2026,Seção B da 22ª Vara Cível da Capital,1ª CC,Sem prioridade
0053916-54.2007.8.17.0001,11/06/2026,Seção B da 22ª Vara Cível da Capital,1ª CC,Sem prioridade
0055329-05.2007.8.17.0001,04/06/2026,Seção B da 22ª Vara Cível da Capital,1ª CC,Super prioridade
0055556-92.2007.8.17.0001,26/05/2026,Seção B da 22ª Vara Cível da Capital,1ª CC,Sem prioridade
0063919-52.2025.8.17.2001,10/06/2026,Seção B da 22ª Vara Cível da Capital,1ª CC,Super prioridade
0074919-49.2025.8.17.2001,04/06/2026,Seção B da 22ª Vara Cível da Capital,1ª CC,Prioridade Legal
0081211-89.2021.8.17.2001,27/05/2026,Seção B da 22ª Vara Cível da Capital,1ª CC,Sem prioridade
0084358-84.2025.8.17.2001,04/06/2026,Seção B da 22ª Vara Cível da Capital,1ª CC,Prioridade Legal
0089572-56.2025.8.17.2001,18/06/2026,Seção B da 22ª Vara Cível da Capital,1ª CC,Prioridade Legal
0094206-66.2023.8.17.2001,18/06/2026,Seção B da 22ª Vara Cível da Capital,1ª CC,Sem prioridade
0107738-39.2025.8.17.2001,03/06/2026,Seção B da 22ª Vara Cível da Capital,1ª CC,Prioridade Legal
0127771-89.2021.8.17.2001,05/06/2026,Seção B da 22ª Vara Cível da Capital,1ª CC,Sem prioridade
0135432-17.2024.8.17.2001,03/06/2026,Seção B da 22ª Vara Cível da Capital,1ª CC,Super prioridade
0002526-97.2023.8.17.2001,26/05/2026,Seção B da 23ª Vara Cível da Capital,1ª CC,Sem prioridade
0003120-43.2025.8.17.2001,09/06/2026,Seção B da 23ª Vara Cível da Capital,1ª CCJ,Prioridade Legal
0004221-57.2021.8.17.2001,29/05/2026,Seção B da 23ª Vara Cível da Capital,1ª CC,Sem prioridade
0005386-37.2024.8.17.2001,16/06/2026,Seção B da 23ª Vara Cível da Capital,1ª CC,Prioridade Legal
0010300-62.2015.8.17.2001,10/06/2026,Seção B da 23ª Vara Cível da Capital,1ª CCJ,Prioridade Legal
0013197-63.2015.8.17.2001,11/06/2026,Seção B da 23ª Vara Cível da Capital,1ª CCJ,Prioridade Legal
0014422-07.2015.8.17.0001,04/06/2026,Seção B da 23ª Vara Cível da Capital,1ª CC,Prioridade Legal
0016301-24.2019.8.17.2001,18/06/2026,Seção B da 23ª Vara Cível da Capital,1ª CCJ,Prioridade Legal
0017052-79.2017.8.17.2001,18/06/2026,Seção B da 23ª Vara Cível da Capital,1ª CCJ,Prioridade Legal
0017179-85.2015.8.17.2001,11/06/2026,Seção B da 23ª Vara Cível da Capital,1ª CCJ,Prioridade Legal
0021217-62.2023.8.17.2001,11/06/2026,Seção B da 23ª Vara Cível da Capital,1ª CCJ,Prioridade Legal
0022537-55.2020.8.17.2001,03/06/2026,Seção B da 23ª Vara Cível da Capital,1ª CC,Sem prioridade
0022907-21.2000.8.17.0001,19/06/2026,Seção B da 23ª Vara Cível da Capital,1ª CC,Sem prioridade
0024009-96.2017.8.17.2001,19/06/2026,Seção B da 23ª Vara Cível da Capital,1ª CC,Sem prioridade
0026395-31.2019.8.17.2001,26/05/2026,Seção B da 23ª Vara Cível da Capital,1ª CC,Sem prioridade
0029948-23.2018.8.17.2001,04/06/2026,Seção B da 23ª Vara Cível da Capital,1ª CCJ,Prioridade Legal
0035655-64.2016.8.17.8201,16/06/2026,Seção B da 23ª Vara Cível da Capital,1ª CC,Prioridade Legal
0038489-74.2020.8.17.2001,08/06/2026,Seção B da 23ª Vara Cível da Capital,1ª CC,Sem prioridade
0040126-03.2007.8.17.0001,08/06/2026,Seção B da 23ª Vara Cível da Capital,1ª CC,Sem prioridade
0048054-04.2016.8.17.2001,29/05/2026,Seção B da 23ª Vara Cível da Capital,1ª CC,Sem prioridade
0048151-86.2025.8.17.2001,29/05/2026,Seção B da 23ª Vara Cível da Capital,1ª CCJ,Sem prioridade
0053694-41.2023.8.17.2001,18/06/2026,Seção B da 23ª Vara Cível da Capital,1ª CC,Prioridade Legal
0054221-04.2008.8.17.0001,28/05/2026,Seção B da 23ª Vara Cível da Capital,1ª CC,Super prioridade
0056260-57.1997.8.17.0001,09/06/2026,Seção B da 23ª Vara Cível da Capital,1ª CCJ,Sem prioridade
0058585-53.2007.8.17.0001,10/06/2026,Seção B da 23ª Vara Cível da Capital,1ª CC,Super prioridade
0059619-23.2020.8.17.2001,04/06/2026,Seção B da 23ª Vara Cível da Capital,1ª CC,Sem prioridade
0062188-31.2019.8.17.2001,14/05/2026,Seção B da 23ª Vara Cível da Capital,1ª CCJ,Prioridade Legal
0073896-73.2022.8.17.2001,17/06/2026,Seção B da 23ª Vara Cível da Capital,1ª CC,Prioridade Legal
0087243-71.2025.8.17.2001,17/06/2026,Seção B da 23ª Vara Cível da Capital,1ª CC,Prioridade Legal
0099294-62.2009.8.17.0001,19/06/2026,Seção B da 23ª Vara Cível da Capital,1ª CC,Sem prioridade
0102820-26.2024.8.17.2001,16/06/2026,Seção B da 23ª Vara Cível da Capital,1ª CCJ,Prioridade Legal
0116115-67.2023.8.17.2001,15/06/2026,Seção B da 23ª Vara Cível da Capital,1ª CCJ,Prioridade Legal
0136644-73.2024.8.17.2001,05/06/2026,Seção B da 23ª Vara Cível da Capital,1ª CCJ,Prioridade Legal
0145710-14.2023.8.17.2001,10/06/2026,Seção B da 23ª Vara Cível da Capital,1ª CC,Prioridade Legal
0000398-04.2025.8.17.6021,03/06/2026,Seção B da 24ª Vara Cível da Capital,1ª CC,Prioridade Legal
0008934-07.2023.8.17.2001,10/06/2026,Seção B da 24ª Vara Cível da Capital,1ª CC,Prioridade Legal
0010361-39.2023.8.17.2001,27/05/2026,Seção B da 24ª Vara Cível da Capital,1ª CC,Prioridade Legal
0022539-89.2012.8.17.0001,16/06/2026,Seção B da 24ª Vara Cível da Capital,1ª CC,Sem prioridade
0033013-50.2023.8.17.2001,08/06/2026,Seção B da 24ª Vara Cível da Capital,1ª CC,Prioridade Legal
0035391-81.2020.8.17.2001,27/05/2026,Seção B da 24ª Vara Cível da Capital,1ª CC,Sem prioridade
0047787-67.2006.8.17.0001,28/04/2026,Seção B da 24ª Vara Cível da Capital,1ª CCJ,Sem prioridade
0050041-31.2023.8.17.2001,15/06/2026,Seção B da 24ª Vara Cível da Capital,1ª CC,Prioridade Legal
0052420-52.2017.8.17.2001,26/05/2026,Seção B da 24ª Vara Cível da Capital,1ª CC,Sem prioridade
0060353-08.2019.8.17.2001,11/06/2026,Seção B da 24ª Vara Cível da Capital,1ª CC,Sem prioridade
0063154-57.2020.8.17.2001,05/05/2026,Seção B da 24ª Vara Cível da Capital,1ª CCJ,Prioridade Legal
0065053-86.2014.8.17.0001,04/06/2026,Seção B da 24ª Vara Cível da Capital,1ª CC,Sem prioridade
0066576-70.2013.8.17.0001,04/06/2026,Seção B da 24ª Vara Cível da Capital,1ª CC,Sem prioridade
0071601-39.2017.8.17.2001,19/06/2026,Seção B da 24ª Vara Cível da Capital,1ª CC,Sem prioridade
0079296-69.2013.8.17.0001,10/06/2026,Seção B da 24ª Vara Cível da Capital,1ª CC,Prioridade Legal
0094029-68.2024.8.17.2001,10/06/2026,Seção B da 24ª Vara Cível da Capital,1ª CC,Super prioridade
0095158-21.2018.8.17.2001,02/06/2026,Seção B da 24ª Vara Cível da Capital,1ª CC,Sem prioridade
0099983-66.2022.8.17.2001,29/05/2026,Seção B da 24ª Vara Cível da Capital,1ª CC,Super prioridade
0100244-31.2022.8.17.2001,15/06/2026,Seção B da 24ª Vara Cível da Capital,1ª CC,Sem prioridade
0135427-05.2018.8.17.2001,18/06/2026,Seção B da 24ª Vara Cível da Capital,1ª CC,Prioridade Legal
0161450-12.2023.8.17.2001,18/06/2026,Seção B da 24ª Vara Cível da Capital,1ª CC,Prioridade Legal
0006788-61.2021.8.17.2001,02/06/2026,Seção B da 25ª Vara Cível da Capital,1ª CC,Sem prioridade
0020301-33.2020.8.17.2001,19/06/2026,Seção B da 26ª Vara Cível da Capital,1ª CC,Sem prioridade
0031451-74.2021.8.17.2001,11/06/2026,Seção B da 26ª Vara Cível da Capital,1ª CC,Prioridade Legal
0032881-95.2020.8.17.2001,16/06/2026,Seção B da 26ª Vara Cível da Capital,1ª CC,Super prioridade
0033202-57.2025.8.17.2001,19/06/2026,Seção B da 26ª Vara Cível da Capital,1ª CC,Prioridade Legal
0040907-24.2016.8.17.2001,05/06/2026,Seção B da 26ª Vara Cível da Capital,1ª CC,Sem prioridade
0044294-08.2020.8.17.2001,08/06/2026,Seção B da 26ª Vara Cível da Capital,1ª CC,Prioridade Legal
0062961-71.2022.8.17.2001,15/06/2026,Seção B da 26ª Vara Cível da Capital,1ª CC,Prioridade Legal
0066732-52.2025.8.17.2001,22/05/2026,Seção B da 26ª Vara Cível da Capital,1ª CC,Prioridade Legal
0072796-25.2018.8.17.2001,03/06/2026,Seção B da 26ª Vara Cível da Capital,1ª CC,Prioridade Legal
0073554-28.2023.8.17.2001,04/06/2026,Seção B da 26ª Vara Cível da Capital,1ª CC,Sem prioridade
0074889-14.2025.8.17.2001,08/06/2026,Seção B da 26ª Vara Cível da Capital,1ª CC,Prioridade Legal
0078704-87.2023.8.17.2001,04/06/2026,Seção B da 26ª Vara Cível da Capital,1ª CC,Sem prioridade
0182615-87.2012.8.17.0001,19/06/2026,Seção B da 26ª Vara Cível da Capital,1ª CC,Sem prioridade
0003364-95.2001.8.17.0001,04/06/2026,Seção B da 27ª Vara Cível da Capital,1ª CC,Sem prioridade
0004616-88.2017.8.17.2001,15/06/2026,Seção B da 27ª Vara Cível da Capital,1ª CC,Prioridade Legal
0011058-26.2024.8.17.2001,28/05/2026,Seção B da 27ª Vara Cível da Capital,1ª CC,Prioridade Legal
0034609-74.2020.8.17.2001,09/06/2026,Seção B da 27ª Vara Cível da Capital,1ª CC,Prioridade Legal
0053758-80.2025.8.17.2001,29/05/2026,Seção B da 27ª Vara Cível da Capital,1ª CC,Prioridade Legal
0065402-93.2020.8.17.2001,22/05/2026,Seção B da 27ª Vara Cível da Capital,1ª CC,Sem prioridade
0071411-37.2021.8.17.2001,04/06/2026,Seção B da 27ª Vara Cível da Capital,1ª CC,Super prioridade
0074851-12.2019.8.17.2001,10/06/2026,Seção B da 27ª Vara Cível da Capital,1ª CC,Sem prioridade
0092419-31.2025.8.17.2001,08/06/2026,Seção B da 27ª Vara Cível da Capital,1ª CC,Prioridade Legal
0097509-65.2009.8.17.0001,10/06/2026,Seção B da 27ª Vara Cível da Capital,1ª CC,Sem prioridade
0108414-21.2024.8.17.2001,18/06/2026,Seção B da 27ª Vara Cível da Capital,1ª CC,Prioridade Legal
0116092-87.2024.8.17.2001,16/06/2026,Seção B da 27ª Vara Cível da Capital,1ª CC,Prioridade Legal
0124637-54.2021.8.17.2001,05/06/2026,Seção B da 27ª Vara Cível da Capital,1ª CC,Super prioridade
0170058-33.2022.8.17.2001,15/06/2026,Seção B da 27ª Vara Cível da Capital,1ª CC,Prioridade Legal
0002117-34.2017.8.17.2001,16/06/2026,Seção B da 28ª Vara Cível da Capital,1ª CCJ,Prioridade Legal
0003112-32.2026.8.17.2001,11/06/2026,Seção B da 28ª Vara Cível da Capital,1ª CC,Prioridade Legal
0003496-39.2019.8.17.2001,19/06/2026,Seção B da 28ª Vara Cível da Capital,1ª CC,Super prioridade
0007375-78.2024.8.17.2001,12/06/2026,Seção B da 28ª Vara Cível da Capital,1ª CC,Prioridade Legal
0011710-19.2019.8.17.2001,17/06/2026,Seção B da 28ª Vara Cível da Capital,1ª CCJ,Prioridade Legal
0014803-15.2015.8.17.0001,05/06/2026,Seção B da 28ª Vara Cível da Capital,1ª CCJ,Prioridade Legal
0015979-43.2015.8.17.2001,19/06/2026,Seção B da 28ª Vara Cível da Capital,1ª CC,Prioridade Legal
0016878-26.2024.8.17.2001,19/05/2026,Seção B da 28ª Vara Cível da Capital,1ª CCJ,Prioridade Legal
0016925-78.2016.8.17.2001,27/05/2026,Seção B da 28ª Vara Cível da Capital,1ª CC,Sem prioridade
0024921-49.2024.8.17.2001,18/06/2026,Seção B da 28ª Vara Cível da Capital,1ª CC,Prioridade Legal
0034955-49.2025.8.17.2001,01/06/2026,Seção B da 28ª Vara Cível da Capital,1ª CC,Prioridade Legal
0037243-67.2025.8.17.2001,16/06/2026,Seção B da 28ª Vara Cível da Capital,1ª CC,Prioridade Legal
0038350-93.2018.8.17.2001,01/06/2026,Seção B da 28ª Vara Cível da Capital,1ª CCJ,Prioridade Legal
0038418-72.2020.8.17.2001,02/06/2026,Seção B da 28ª Vara Cível da Capital,1ª CCJ,Prioridade Legal
0052808-08.2024.8.17.2001,28/05/2026,Seção B da 28ª Vara Cível da Capital,1ª CC,Sem prioridade
0055533-38.2022.8.17.2001,08/06/2026,Seção B da 28ª Vara Cível da Capital,1ª CC,Sem prioridade
0060610-23.2025.8.17.2001,15/06/2026,Seção B da 28ª Vara Cível da Capital,1ª CCJ,Sem prioridade
0066232-83.2025.8.17.2001,15/06/2026,Seção B da 28ª Vara Cível da Capital,1ª CC,Prioridade Legal
0068201-70.2024.8.17.2001,19/05/2026,Seção B da 28ª Vara Cível da Capital,1ª CCJ,Prioridade Legal
0068385-89.2025.8.17.2001,16/06/2026,Seção B da 28ª Vara Cível da Capital,1ª CC,Prioridade Legal
0077827-79.2025.8.17.2001,28/05/2026,Seção B da 28ª Vara Cível da Capital,1ª CC,Prioridade Legal
0082588-56.2025.8.17.2001,10/06/2026,Seção B da 28ª Vara Cível da Capital,1ª CC,Prioridade Legal
0082881-36.2019.8.17.2001,01/06/2026,Seção B da 28ª Vara Cível da Capital,1ª CC,Prioridade Legal
0082973-72.2023.8.17.2001,21/05/2026,Seção B da 28ª Vara Cível da Capital,1ª CCJ,Prioridade Legal
0083565-87.2021.8.17.2001,10/06/2026,Seção B da 28ª Vara Cível da Capital,1ª CCJ,Prioridade Legal
0088631-09.2025.8.17.2001,16/06/2026,Seção B da 28ª Vara Cível da Capital,1ª CC,Super prioridade
0090666-73.2024.8.17.2001,28/05/2026,Seção B da 28ª Vara Cível da Capital,1ª CC,Sem prioridade
0116819-33.2004.8.17.0001,28/05/2026,Seção B da 28ª Vara Cível da Capital,1ª CC,Sem prioridade
0121188-83.2024.8.17.2001,02/06/2026,Seção B da 28ª Vara Cível da Capital,1ª CCJ,Prioridade Legal
0131336-90.2023.8.17.2001,15/06/2026,Seção B da 28ª Vara Cível da Capital,1ª CC,Prioridade Legal
0141360-46.2024.8.17.2001,28/05/2026,Seção B da 28ª Vara Cível da Capital,1ª CC,Prioridade Legal
0000122-68.2026.8.17.2001,03/06/2026,Seção B da 29ª Vara Cível da Capital,1ª CC,Prioridade Legal
0002023-08.2025.8.17.2001,09/06/2026,Seção B da 29ª Vara Cível da Capital,1ª CC,Prioridade Legal
0002122-41.2026.8.17.2001,18/06/2026,Seção B da 29ª Vara Cível da Capital,1ª CC,Prioridade Legal
0002166-12.2016.8.17.2001,16/06/2026,Seção B da 29ª Vara Cível da Capital,1ª CC,Prioridade Legal
0003119-72.2025.8.17.4001,02/06/2026,Seção B da 29ª Vara Cível da Capital,1ª CC,Sem prioridade
0004904-74.2022.8.17.4001,02/06/2026,Seção B da 29ª Vara Cível da Capital,1ª CC,Prioridade Legal
0006953-40.2023.8.17.2001,03/06/2026,Seção B da 29ª Vara Cível da Capital,1ª CCJ,Prioridade Legal
0007385-93.2022.8.17.2001,26/05/2026,Seção B da 29ª Vara Cível da Capital,1ª CC,Sem prioridade
0015442-37.2021.8.17.2001,17/06/2026,Seção B da 29ª Vara Cível da Capital,1ª CC,Sem prioridade
0017313-63.2025.8.17.2001,12/06/2026,Seção B da 29ª Vara Cível da Capital,1ª CC,Prioridade Legal
0018675-71.2023.8.17.2001,17/06/2026,Seção B da 29ª Vara Cível da Capital,1ª CC,Prioridade Legal
0022705-62.2017.8.17.2001,09/06/2026,Seção B da 29ª Vara Cível da Capital,1ª CC,Sem prioridade
0029101-11.2024.8.17.2001,15/06/2026,Seção B da 29ª Vara Cível da Capital,1ª CC,Prioridade Legal
0033459-92.2019.8.17.2001,03/06/2026,Seção B da 29ª Vara Cível da Capital,1ª CC,Sem prioridade
0045957-16.2025.8.17.2001,03/06/2026,Seção B da 29ª Vara Cível da Capital,1ª CC,Prioridade Legal
0050830-59.2025.8.17.2001,12/06/2026,Seção B da 29ª Vara Cível da Capital,1ª CC,Prioridade Legal
0084612-67.2019.8.17.2001,27/05/2026,Seção B da 29ª Vara Cível da Capital,1ª CC,Sem prioridade
0088932-87.2024.8.17.2001,15/06/2026,Seção B da 29ª Vara Cível da Capital,1ª CC,Prioridade Legal
0096425-18.2024.8.17.2001,25/05/2026,Seção B da 29ª Vara Cível da Capital,1ª CC,Prioridade Legal
0099198-41.2021.8.17.2001,15/06/2026,Seção B da 29ª Vara Cível da Capital,1ª CC,Prioridade Legal
0105892-31.2018.8.17.2001,27/05/2026,Seção B da 29ª Vara Cível da Capital,1ª CC,Sem prioridade
0117276-78.2024.8.17.2001,10/06/2026,Seção B da 29ª Vara Cível da Capital,1ª CC,Prioridade Legal
0125102-92.2023.8.17.2001,17/06/2026,Seção B da 29ª Vara Cível da Capital,1ª CC,Prioridade Legal
0137404-22.2024.8.17.2001,12/06/2026,Seção B da 29ª Vara Cível da Capital,1ª CC,Prioridade Legal
0178594-68.2012.8.17.0001,18/06/2026,Seção B da 29ª Vara Cível da Capital,1ª CC,Prioridade Legal
0000825-05.2014.8.17.0001,26/05/2026,Seção B da 30ª Vara Cível da Capital,1ª CC,Sem prioridade
0006968-04.2026.8.17.2001,15/06/2026,Seção B da 30ª Vara Cível da Capital,1ª CC,Prioridade Legal
0013316-72.2025.8.17.2001,25/05/2026,Seção B da 30ª Vara Cível da Capital,1ª CC,Prioridade Legal
0019934-96.2026.8.17.2001,12/06/2026,Seção B da 30ª Vara Cível da Capital,1ª CC,Prioridade Legal
0020223-34.2023.8.17.2001,12/06/2026,Seção B da 30ª Vara Cível da Capital,1ª CC,Sem prioridade
0026393-51.2025.8.17.2001,08/06/2026,Seção B da 30ª Vara Cível da Capital,1ª CC,Prioridade Legal
0032771-04.2017.8.17.2001,12/06/2026,Seção B da 30ª Vara Cível da Capital,1ª CC,Sem prioridade
0036140-59.2024.8.17.2001,19/06/2026,Seção B da 30ª Vara Cível da Capital,1ª CC,Sem prioridade
0037206-79.2021.8.17.2001,09/06/2026,Seção B da 30ª Vara Cível da Capital,1ª CC,Sem prioridade
0043636-08.2025.8.17.2001,29/05/2026,Seção B da 30ª Vara Cível da Capital,1ª CC,Prioridade Legal
0045531-04.2025.8.17.2001,27/05/2026,Seção B da 30ª Vara Cível da Capital,1ª CC,Prioridade Legal
0054367-34.2023.8.17.2001,05/06/2026,Seção B da 30ª Vara Cível da Capital,1ª CC,Sem prioridade
0059508-39.2020.8.17.2001,22/05/2026,Seção B da 30ª Vara Cível da Capital,1ª CC,Sem prioridade
0060899-53.2025.8.17.2001,17/06/2026,Seção B da 30ª Vara Cível da Capital,1ª CC,Prioridade Legal
0062093-25.2024.8.17.2001,09/06/2026,Seção B da 30ª Vara Cível da Capital,1ª CC,Super prioridade
0063698-50.2017.8.17.2001,19/06/2026,Seção B da 30ª Vara Cível da Capital,1ª CC,Sem prioridade
0070291-17.2025.8.17.2001,27/05/2026,Seção B da 30ª Vara Cível da Capital,1ª CC,Prioridade Legal
0075143-90.2013.8.17.0001,18/06/2026,Seção B da 30ª Vara Cível da Capital,1ª CC,Sem prioridade
0076524-98.2023.8.17.2001,15/06/2026,Seção B da 30ª Vara Cível da Capital,1ª CC,Sem prioridade
0077180-60.2020.8.17.2001,12/06/2026,Seção B da 30ª Vara Cível da Capital,1ª CC,Sem prioridade
0091429-40.2025.8.17.2001,27/05/2026,Seção B da 30ª Vara Cível da Capital,1ª CC,Prioridade Legal
0101974-43.2023.8.17.2001,03/06/2026,Seção B da 30ª Vara Cível da Capital,1ª CC,Prioridade Legal
0123346-19.2021.8.17.2001,15/06/2026,Seção B da 30ª Vara Cível da Capital,1ª CC,Prioridade Legal
0154449-73.2023.8.17.2001,04/06/2026,Seção B da 30ª Vara Cível da Capital,1ª CC,Prioridade Legal
0196769-13.2012.8.17.0001,12/06/2026,Seção B da 30ª Vara Cível da Capital,1ª CC,Super prioridade
0000420-74.2026.8.17.4001,26/05/2026,Seção B da 31ª Vara Cível da Capital,1ª CC,Prioridade Legal
0000607-83.2017.8.17.2001,26/05/2026,Seção B da 31ª Vara Cível da Capital,1ª CC,Prioridade Legal
0003983-77.2017.8.17.2001,25/05/2026,Seção B da 31ª Vara Cível da Capital,1ª CC,Sem prioridade
0012061-21.2021.8.17.2001,15/06/2026,Seção B da 31ª Vara Cível da Capital,1ª CC,Sem prioridade
0018477-49.2014.8.17.2001,27/05/2026,Seção B da 31ª Vara Cível da Capital,1ª CC,Sem prioridade
0020729-73.2024.8.17.2001,17/06/2026,Seção B da 31ª Vara Cível da Capital,1ª CC,Prioridade Legal
0030991-24.2020.8.17.2001,08/06/2026,Seção B da 31ª Vara Cível da Capital,1ª CC,Sem prioridade
0033335-02.2025.8.17.2001,15/06/2026,Seção B da 31ª Vara Cível da Capital,1ª CC,Sem prioridade
0048729-65.2007.8.17.0001,02/06/2026,Seção B da 31ª Vara Cível da Capital,1ª CC,Super prioridade
0049514-84.2020.8.17.2001,12/06/2026,Seção B da 31ª Vara Cível da Capital,1ª CCJ,Prioridade Legal
0050179-32.2022.8.17.2001,15/06/2026,Seção B da 31ª Vara Cível da Capital,1ª CC,Sem prioridade
0058793-21.2025.8.17.2001,17/06/2026,Seção B da 31ª Vara Cível da Capital,1ª CC,Prioridade Legal
0059988-12.2023.8.17.2001,17/06/2026,Seção B da 31ª Vara Cível da Capital,1ª CC,Prioridade Legal
0062106-58.2023.8.17.2001,08/06/2026,Seção B da 31ª Vara Cível da Capital,1ª CC,Sem prioridade
0067377-77.2025.8.17.2001,01/06/2026,Seção B da 31ª Vara Cível da Capital,1ª CC,Prioridade Legal
0074917-16.2024.8.17.2001,10/06/2026,Seção B da 31ª Vara Cível da Capital,1ª CC,Prioridade Legal
0078395-03.2022.8.17.2001,10/06/2026,Seção B da 31ª Vara Cível da Capital,1ª CC,Prioridade Legal
0088497-84.2022.8.17.2001,08/06/2026,Seção B da 31ª Vara Cível da Capital,1ª CC,Sem prioridade
0092589-03.2025.8.17.2001,16/06/2026,Seção B da 31ª Vara Cível da Capital,1ª CC,Prioridade Legal
0096968-84.2025.8.17.2001,04/06/2026,Seção B da 31ª Vara Cível da Capital,1ª CC,Prioridade Legal
0101601-75.2024.8.17.2001,17/06/2026,Seção B da 31ª Vara Cível da Capital,1ª CC,Sem prioridade
0105922-56.2024.8.17.2001,01/06/2026,Seção B da 31ª Vara Cível da Capital,1ª CCJ,Prioridade Legal
0115159-17.2024.8.17.2001,26/05/2026,Seção B da 31ª Vara Cível da Capital,1ª CC,Prioridade Legal
0125472-37.2024.8.17.2001,01/06/2026,Seção B da 31ª Vara Cível da Capital,1ª CCJ,Prioridade Legal
0136203-92.2024.8.17.2001,27/05/2026,Seção B da 31ª Vara Cível da Capital,1ª CC,Prioridade Legal
0193534-38.2012.8.17.0001,16/06/2026,Seção B da 31ª Vara Cível da Capital,1ª CC,Prioridade Legal
0018802-04.2026.8.17.2001,03/06/2026,Seção B da 32ª Vara Cível da Capital,1ª CC,Prioridade Legal
0023161-65.2024.8.17.2001,19/06/2026,Seção B da 32ª Vara Cível da Capital,1ª CC,Sem prioridade
0024794-82.2022.8.17.2001,09/06/2026,Seção B da 32ª Vara Cível da Capital,1ª CC,Prioridade Legal
0032275-57.2026.8.17.2001,18/06/2026,Seção B da 32ª Vara Cível da Capital,1ª CC,Prioridade Legal
0032755-07.2015.8.17.0001,04/06/2026,Seção B da 32ª Vara Cível da Capital,1ª CC,Sem prioridade
0036686-95.2016.8.17.2001,10/06/2026,Seção B da 32ª Vara Cível da Capital,1ª CC,Prioridade Legal
0049639-47.2023.8.17.2001,15/06/2026,Seção B da 32ª Vara Cível da Capital,1ª CC,Prioridade Legal
0055866-87.2022.8.17.2001,17/06/2026,Seção B da 32ª Vara Cível da Capital,1ª CC,Prioridade Legal
0058305-71.2022.8.17.2001,09/06/2026,Seção B da 32ª Vara Cível da Capital,1ª CC,Prioridade Legal
0060965-72.2021.8.17.2001,02/06/2026,Seção B da 32ª Vara Cível da Capital,1ª CC,Sem prioridade
0065737-39.2025.8.17.2001,28/05/2026,Seção B da 32ª Vara Cível da Capital,1ª CC,Prioridade Legal
0065784-81.2023.8.17.2001,09/06/2026,Seção B da 32ª Vara Cível da Capital,1ª CC,Prioridade Legal
0069559-36.2025.8.17.2001,25/05/2026,Seção B da 32ª Vara Cível da Capital,1ª CC,Prioridade Legal
0070023-94.2024.8.17.2001,18/06/2026,Seção B da 32ª Vara Cível da Capital,1ª CC,Sem prioridade
0071823-02.2020.8.17.2001,19/06/2026,Seção B da 32ª Vara Cível da Capital,1ª CC,Sem prioridade
0078594-20.2025.8.17.2001,15/06/2026,Seção B da 32ª Vara Cível da Capital,1ª CC,Prioridade Legal
0100677-64.2024.8.17.2001,09/06/2026,Seção B da 32ª Vara Cível da Capital,1ª CC,Prioridade Legal
0143089-44.2023.8.17.2001,26/05/2026,Seção B da 32ª Vara Cível da Capital,1ª CC,Prioridade Legal
0165463-88.2022.8.17.2001,09/06/2026,Seção B da 32ª Vara Cível da Capital,1ª CC,Sem prioridade
0004316-48.2025.8.17.2001,20/05/2026,Seção B da 33ª Vara Cível da Capital,1ª CCJ,Prioridade Legal
0007891-30.2026.8.17.2001,18/06/2026,Seção B da 33ª Vara Cível da Capital,1ª CC,Prioridade Legal
0010978-04.2020.8.17.2001,08/06/2026,Seção B da 33ª Vara Cível da Capital,1ª CC,Sem prioridade
0016751-98.2018.8.17.2001,02/06/2026,Seção B da 33ª Vara Cível da Capital,1ª CC,Sem prioridade
0034409-57.2026.8.17.2001,19/06/2026,Seção B da 33ª Vara Cível da Capital,1ª CC,Prioridade Legal
0081508-91.2024.8.17.2001,08/06/2026,Seção B da 33ª Vara Cível da Capital,1ª CC,Prioridade Legal
0141419-05.2022.8.17.2001,05/06/2026,Seção B da 33ª Vara Cível da Capital,1ª CC,Prioridade Legal
0000722-26.2025.8.17.2001,10/06/2026,Seção B da 34ª Vara Cível da Capital,1ª CC,Prioridade Legal
0006541-23.2008.8.17.0001,17/06/2026,Seção B da 34ª Vara Cível da Capital,1ª CC,Sem prioridade
0007289-49.2020.8.17.2001,26/05/2026,Seção B da 34ª Vara Cível da Capital,1ª CC,Prioridade Legal
0007349-95.2015.8.17.2001,12/05/2026,Seção B da 34ª Vara Cível da Capital,1ª CCJ,Prioridade Legal
0009191-95.2024.8.17.2001,05/06/2026,Seção B da 34ª Vara Cível da Capital,1ª CC,Sem prioridade
0023788-40.2022.8.17.2001,26/05/2026,Seção B da 34ª Vara Cível da Capital,1ª CC,Prioridade Legal
0039266-83.2025.8.17.2001,19/05/2026,Seção B da 34ª Vara Cível da Capital,1ª CCJ,Prioridade Legal
0063832-68.2014.8.17.0001,02/06/2026,Seção B da 34ª Vara Cível da Capital,1ª CCJ,Prioridade Legal
0070625-32.2017.8.17.2001,17/06/2026,Seção B da 34ª Vara Cível da Capital,1ª CC,Prioridade Legal
0071365-43.2024.8.17.2001,14/05/2026,Seção B da 34ª Vara Cível da Capital,1ª CCJ,Prioridade Legal
0072670-62.2024.8.17.2001,04/06/2026,Seção B da 34ª Vara Cível da Capital,1ª CC,Prioridade Legal
0078210-33.2020.8.17.2001,02/06/2026,Seção B da 34ª Vara Cível da Capital,1ª CC,Sem prioridade
0078701-35.2023.8.17.2001,26/05/2026,Seção B da 34ª Vara Cível da Capital,1ª CC,Prioridade Legal
0088182-90.2021.8.17.2001,15/06/2026,Seção B da 34ª Vara Cível da Capital,1ª CC,Super prioridade
0096038-03.2024.8.17.2001,27/05/2026,Seção B da 34ª Vara Cível da Capital,1ª CC,Prioridade Legal
0110536-07.2024.8.17.2001,26/05/2026,Seção B da 34ª Vara Cível da Capital,1ª CC,Prioridade Legal
0111434-54.2023.8.17.2001,18/05/2026,Seção B da 34ª Vara Cível da Capital,1ª CCJ,Sem prioridade
0112228-07.2025.8.17.2001,17/06/2026,Seção B da 34ª Vara Cível da Capital,1ª CC,Prioridade Legal
0004432-40.2014.8.17.2001,12/06/2026,Seção B da 35ª Vara Cível da Capital,1ª CC,Sem prioridade
0004515-81.2010.8.17.0001,10/06/2026,Seção B da 35ª Vara Cível da Capital,1ª CC,Super prioridade
0004956-28.2011.8.17.0001,16/06/2026,Seção B da 35ª Vara Cível da Capital,1ª CC,Sem prioridade
0005783-59.1999.8.17.0001,02/06/2026,Seção B da 35ª Vara Cível da Capital,1ª CC,Sem prioridade
0006462-30.1997.8.17.0001,26/05/2026,Seção B da 35ª Vara Cível da Capital,1ª CC,Sem prioridade
0011948-77.2015.8.17.2001,02/06/2026,Seção B da 35ª Vara Cível da Capital,1ª CC,Sem prioridade
0015211-39.2023.8.17.2001,02/06/2026,Seção B da 35ª Vara Cível da Capital,1ª CC,Prioridade Legal
0028701-28.1997.8.17.0001,18/06/2026,Seção B da 35ª Vara Cível da Capital,1ª CC,Sem prioridade
0034792-79.2019.8.17.2001,10/06/2026,Seção B da 35ª Vara Cível da Capital,1ª CC,Sem prioridade
0046157-38.2016.8.17.2001,09/06/2026,Seção B da 35ª Vara Cível da Capital,1ª CC,Sem prioridade
0057906-37.2025.8.17.2001,03/06/2026,Seção B da 35ª Vara Cível da Capital,1ª CC,Prioridade Legal
0065967-92.2010.8.17.0001,03/06/2026,Seção B da 35ª Vara Cível da Capital,1ª CC,Prioridade Legal
0070058-54.2024.8.17.2001,09/06/2026,Seção B da 35ª Vara Cível da Capital,1ª CC,Prioridade Legal
0082161-69.2019.8.17.2001,18/06/2026,Seção B da 35ª Vara Cível da Capital,1ª CC,Sem prioridade
0613925-03.1999.8.17.0001,05/06/2026,Seção B da 35ª Vara Cível da Capital,1ª CC,Sem prioridade
0000388-71.2008.8.17.0001,28/05/2026,Seção B da 36ª Vara Cível da Capital,1ª CC,Sem prioridade
0003913-60.2017.8.17.2001,10/06/2026,Seção B da 36ª Vara Cível da Capital,1ª CC,Sem prioridade
0004251-34.2017.8.17.2001,10/06/2026,Seção B da 36ª Vara Cível da Capital,1ª CC,Sem prioridade
0007100-97.1996.8.17.0001,17/06/2026,Seção B da 36ª Vara Cível da Capital,1ª CCJ,Sem prioridade
0010647-27.2017.8.17.2001,12/06/2026,Seção B da 36ª Vara Cível da Capital,1ª CC,Sem prioridade
0014293-74.2019.8.17.2001,27/05/2026,Seção B da 36ª Vara Cível da Capital,1ª CCJ,Prioridade Legal
0024003-89.2017.8.17.2001,02/06/2026,Seção B da 36ª Vara Cível da Capital,1ª CC,Sem prioridade
0031113-03.2021.8.17.2001,04/06/2026,Seção B da 36ª Vara Cível da Capital,1ª CC,Sem prioridade
0031880-77.1991.8.17.0001,16/06/2026,Seção B da 36ª Vara Cível da Capital,1ª CC,Prioridade Legal
0033311-81.2019.8.17.2001,02/06/2026,Seção B da 36ª Vara Cível da Capital,1ª CC,Sem prioridade
0043205-78.1993.8.17.0001,19/06/2026,Seção B da 36ª Vara Cível da Capital,1ª CC,Sem prioridade
0052652-88.2022.8.17.2001,04/06/2026,Seção B da 36ª Vara Cível da Capital,1ª CCJ,Sem prioridade
0613721-56.1999.8.17.0001,02/06/2026,Seção B da 36ª Vara Cível da Capital,1ª CC,Sem prioridade
0906148-93.1996.8.17.0001,05/06/2026,Seção B da 36ª Vara Cível da Capital,1ª CC,Sem prioridade
0005225-32.2021.8.17.2001,17/06/2026,Seção B da 3ª Vara Cível da Capital,1ª CC,Sem prioridade
0009945-66.2026.8.17.2001,27/05/2026,Seção B da 3ª Vara Cível da Capital,1ª CC,Prioridade Legal
0017756-19.2022.8.17.2001,08/06/2026,Seção B da 3ª Vara Cível da Capital,1ª CC,Sem prioridade
0021337-47.2019.8.17.2001,25/05/2026,Seção B da 3ª Vara Cível da Capital,1ª CCJ,Prioridade Legal
0022357-63.2025.8.17.2001,10/06/2026,Seção B da 3ª Vara Cível da Capital,1ª CC,Prioridade Legal
0027776-40.2020.8.17.2001,06/06/2026,Seção B da 3ª Vara Cível da Capital,1ª CC,Sem prioridade
0029515-82.2019.8.17.2001,26/05/2026,Seção B da 3ª Vara Cível da Capital,1ª CCJ,Sem prioridade
0029843-37.2015.8.17.0001,28/05/2026,Seção B da 3ª Vara Cível da Capital,1ª CC,Sem prioridade
0033414-25.2018.8.17.2001,25/05/2026,Seção B da 3ª Vara Cível da Capital,1ª CC,Prioridade Legal
0033547-67.2018.8.17.2001,18/06/2026,Seção B da 3ª Vara Cível da Capital,1ª CC,Sem prioridade
0039485-04.2022.8.17.2001,02/06/2026,Seção B da 3ª Vara Cível da Capital,1ª CC,Sem prioridade
0040132-09.2016.8.17.2001,11/06/2026,Seção B da 3ª Vara Cível da Capital,1ª CC,Sem prioridade
0046273-39.2019.8.17.2001,15/06/2026,Seção B da 3ª Vara Cível da Capital,1ª CC,Sem prioridade
0060144-63.2024.8.17.2001,16/06/2026,Seção B da 3ª Vara Cível da Capital,1ª CCJ,Prioridade Legal
0062198-36.2023.8.17.2001,10/06/2026,Seção B da 3ª Vara Cível da Capital,1ª CC,Prioridade Legal
0076610-98.2025.8.17.2001,03/06/2026,Seção B da 3ª Vara Cível da Capital,1ª CC,Prioridade Legal
0081055-04.2021.8.17.2001,26/05/2026,Seção B da 3ª Vara Cível da Capital,1ª CCJ,Prioridade Legal
0088504-42.2023.8.17.2001,15/06/2026,Seção B da 3ª Vara Cível da Capital,1ª CC,Prioridade Legal
0129277-32.2023.8.17.2001,26/05/2026,Seção B da 3ª Vara Cível da Capital,1ª CC,Prioridade Legal
0001937-47.2019.8.17.2001,11/06/2026,Seção B da 4ª Vara Cível da Capital,1ª CC,Prioridade Legal
0018815-37.2025.8.17.2001,28/05/2026,Seção B da 4ª Vara Cível da Capital,1ª CCJ,Prioridade Legal
0018983-78.2021.8.17.2001,15/06/2026,Seção B da 4ª Vara Cível da Capital,1ª CC,Prioridade Legal
0021122-66.2022.8.17.2001,08/06/2026,Seção B da 4ª Vara Cível da Capital,1ª CC,Prioridade Legal
0032550-40.2025.8.17.2001,02/06/2026,Seção B da 4ª Vara Cível da Capital,1ª CC,Prioridade Legal
0036794-12.2025.8.17.2001,02/06/2026,Seção B da 4ª Vara Cível da Capital,1ª CC,Prioridade Legal
0041705-14.2018.8.17.2001,12/06/2026,Seção B da 4ª Vara Cível da Capital,1ª CC,Sem prioridade
0042534-87.2021.8.17.2001,16/06/2026,Seção B da 4ª Vara Cível da Capital,1ª CC,Prioridade Legal
0051799-46.2014.8.17.0001,06/05/2026,Seção B da 4ª Vara Cível da Capital,1ª CCJ,Sem prioridade
0059402-73.2014.8.17.0001,15/06/2026,Seção B da 4ª Vara Cível da Capital,1ª CC,Sem prioridade
0061188-25.2021.8.17.2001,08/06/2026,Seção B da 4ª Vara Cível da Capital,1ª CC,Prioridade Legal
0078289-12.2020.8.17.2001,29/05/2026,Seção B da 4ª Vara Cível da Capital,1ª CC,Sem prioridade
0080537-43.2023.8.17.2001,02/06/2026,Seção B da 4ª Vara Cível da Capital,1ª CC,Prioridade Legal
0007317-85.2018.8.17.2001,19/06/2026,Seção B da 5ª Vara Cível da Capital,1ª CCJ,Prioridade Legal
0016214-97.2021.8.17.2001,29/05/2026,Seção B da 5ª Vara Cível da Capital,1ª CC,Sem prioridade
0028963-78.2023.8.17.2001,17/06/2026,Seção B da 5ª Vara Cível da Capital,1ª CC,Sem prioridade
0029796-43.2016.8.17.2001,27/05/2026,Seção B da 5ª Vara Cível da Capital,1ª CCJ,Prioridade Legal
0031337-77.2017.8.17.2001,19/06/2026,Seção B da 5ª Vara Cível da Capital,1ª CCJ,Prioridade Legal
0034174-71.2018.8.17.2001,27/05/2026,Seção B da 5ª Vara Cível da Capital,1ª CC,Sem prioridade
0034685-40.2016.8.17.2001,05/06/2026,Seção B da 5ª Vara Cível da Capital,1ª CC,Prioridade Legal
0035336-39.2008.8.17.0001,25/05/2026,Seção B da 5ª Vara Cível da Capital,1ª CC,Sem prioridade
0043411-56.2023.8.17.2001,18/06/2026,Seção B da 5ª Vara Cível da Capital,1ª CC,Sem prioridade
0047933-58.2025.8.17.2001,04/06/2026,Seção B da 5ª Vara Cível da Capital,1ª CC,Prioridade Legal
0049223-50.2021.8.17.2001,18/06/2026,Seção B da 5ª Vara Cível da Capital,1ª CC,Prioridade Legal
0050214-26.2021.8.17.2001,02/06/2026,Seção B da 5ª Vara Cível da Capital,1ª CC,Prioridade Legal
0069330-13.2024.8.17.2001,10/06/2026,Seção B da 5ª Vara Cível da Capital,1ª CC,Sem prioridade
0076565-66.2014.8.17.0001,07/05/2026,Seção B da 5ª Vara Cível da Capital,1ª CCJ,Prioridade Legal
0088055-21.2022.8.17.2001,27/05/2026,Seção B da 5ª Vara Cível da Capital,1ª CC,Prioridade Legal
0092066-30.2021.8.17.2001,09/06/2026,Seção B da 5ª Vara Cível da Capital,1ª CC,Prioridade Legal
0104728-21.2024.8.17.2001,05/06/2026,Seção B da 5ª Vara Cível da Capital,1ª CC,Prioridade Legal
0126916-13.2021.8.17.2001,16/06/2026,Seção B da 5ª Vara Cível da Capital,1ª CC,Prioridade Legal
0139058-55.2009.8.17.0001,05/06/2026,Seção B da 5ª Vara Cível da Capital,1ª CC,Prioridade Legal
0141225-34.2024.8.17.2001,28/05/2026,Seção B da 5ª Vara Cível da Capital,1ª CC,Sem prioridade
0162753-95.2022.8.17.2001,19/06/2026,Seção B da 5ª Vara Cível da Capital,1ª CC,Sem prioridade
0203245-14.2005.8.17.0001,15/05/2026,Seção B da 5ª Vara Cível da Capital,1ª CCJ,Sem prioridade
0001866-15.2026.8.17.4001,27/05/2026,Seção B da 6ª Vara Cível da Capital,1ª CC,Super prioridade
0002773-10.2025.8.17.2001,26/05/2026,Seção B da 6ª Vara Cível da Capital,1ª CC,Prioridade Legal
0007239-62.2016.8.17.2001,18/06/2026,Seção B da 6ª Vara Cível da Capital,1ª CC,Prioridade Legal
0009426-67.2021.8.17.2001,28/05/2026,Seção B da 6ª Vara Cível da Capital,1ª CC,Prioridade Legal
0030475-62.2024.8.17.2001,26/05/2026,Seção B da 6ª Vara Cível da Capital,1ª CC,Prioridade Legal
0039516-11.2002.8.17.0001,01/06/2026,Seção B da 6ª Vara Cível da Capital,1ª CC,Sem prioridade
0042315-06.2023.8.17.2001,09/06/2026,Seção B da 6ª Vara Cível da Capital,1ª CC,Sem prioridade
0045024-59.2007.8.17.0001,10/06/2026,Seção B da 6ª Vara Cível da Capital,1ª CC,Super prioridade
0046666-90.2021.8.17.2001,21/05/2026,Seção B da 6ª Vara Cível da Capital,1ª CCJ,Prioridade Legal
0066104-63.2025.8.17.2001,01/06/2026,Seção B da 6ª Vara Cível da Capital,1ª CC,Prioridade Legal
0075323-81.2017.8.17.2001,15/06/2026,Seção B da 6ª Vara Cível da Capital,1ª CC,Prioridade Legal
0104184-04.2022.8.17.2001,18/06/2026,Seção B da 6ª Vara Cível da Capital,1ª CC,Sem prioridade
0105589-12.2021.8.17.2001,02/06/2026,Seção B da 6ª Vara Cível da Capital,1ª CC,Prioridade Legal
0107901-19.2025.8.17.2001,04/06/2026,Seção B da 6ª Vara Cível da Capital,1ª CC,Prioridade Legal
0117391-02.2024.8.17.2001,16/06/2026,Seção B da 6ª Vara Cível da Capital,1ª CC,Prioridade Legal
0002226-67.2025.8.17.2001,05/06/2026,Seção B da 7ª Vara Cível da Capital,1ª CC,Prioridade Legal
0006279-57.2026.8.17.2001,18/06/2026,Seção B da 7ª Vara Cível da Capital,1ª CC,Prioridade Legal
0018634-02.2026.8.17.2001,06/05/2026,Seção B da 7ª Vara Cível da Capital,1ª CCJ,Prioridade Legal
0024977-87.2021.8.17.2001,04/06/2026,Seção B da 7ª Vara Cível da Capital,1ª CC,Sem prioridade
0025623-97.2021.8.17.2001,27/05/2026,Seção B da 7ª Vara Cível da Capital,1ª CC,Sem prioridade
0028200-09.2025.8.17.2001,27/05/2026,Seção B da 7ª Vara Cível da Capital,1ª CC,Sem prioridade
0029924-87.2021.8.17.2001,12/06/2026,Seção B da 7ª Vara Cível da Capital,1ª CC,Prioridade Legal
0042182-90.2025.8.17.2001,27/05/2026,Seção B da 7ª Vara Cível da Capital,1ª CCJ,Prioridade Legal
0048512-74.2023.8.17.2001,04/06/2026,Seção B da 7ª Vara Cível da Capital,1ª CC,Prioridade Legal
0055046-05.2021.8.17.2001,27/05/2026,Seção B da 7ª Vara Cível da Capital,1ª CC,Sem prioridade
0055585-29.2025.8.17.2001,16/06/2026,Seção B da 7ª Vara Cível da Capital,1ª CC,Prioridade Legal
0057045-57.2013.8.17.0001,09/06/2026,Seção B da 7ª Vara Cível da Capital,1ª CCJ,Sem prioridade
0059565-24.2012.8.17.0001,16/06/2026,Seção B da 7ª Vara Cível da Capital,1ª CC,Sem prioridade
0076188-26.2025.8.17.2001,10/06/2026,Seção B da 7ª Vara Cível da Capital,1ª CC,Prioridade Legal
0076644-49.2020.8.17.2001,09/06/2026,Seção B da 7ª Vara Cível da Capital,1ª CC,Prioridade Legal
0078513-42.2023.8.17.2001,09/06/2026,Seção B da 7ª Vara Cível da Capital,1ª CC,Prioridade Legal
0088983-64.2025.8.17.2001,10/06/2026,Seção B da 7ª Vara Cível da Capital,1ª CC,Prioridade Legal
0095106-15.2024.8.17.2001,02/06/2026,Seção B da 7ª Vara Cível da Capital,1ª CCJ,Prioridade Legal
0097801-05.2025.8.17.2001,16/06/2026,Seção B da 7ª Vara Cível da Capital,1ª CC,Prioridade Legal
0132654-74.2024.8.17.2001,28/05/2026,Seção B da 7ª Vara Cível da Capital,1ª CC,Prioridade Legal
0138525-85.2024.8.17.2001,28/05/2026,Seção B da 7ª Vara Cível da Capital,1ª CC,Sem prioridade
0139190-04.2024.8.17.2001,15/06/2026,Seção B da 7ª Vara Cível da Capital,1ª CC,Sem prioridade
0000340-33.2025.8.17.2001,16/06/2026,Seção B da 8ª Vara Cível da Capital,1ª CC,Prioridade Legal
0009915-65.2025.8.17.2001,12/06/2026,Seção B da 8ª Vara Cível da Capital,1ª CC,Sem prioridade
0010272-79.2019.8.17.8201,25/05/2026,Seção B da 8ª Vara Cível da Capital,1ª CC,Sem prioridade
0014697-81.2026.8.17.2001,29/05/2026,Seção B da 8ª Vara Cível da Capital,1ª CC,Prioridade Legal
0015812-74.2025.8.17.2001,26/05/2026,Seção B da 8ª Vara Cível da Capital,1ª CC,Prioridade Legal
0021850-83.2017.8.17.2001,04/06/2026,Seção B da 8ª Vara Cível da Capital,1ª CC,Prioridade Legal
0036152-20.2017.8.17.2001,15/06/2026,Seção B da 8ª Vara Cível da Capital,1ª CC,Sem prioridade
0041943-96.2019.8.17.2001,19/06/2026,Seção B da 8ª Vara Cível da Capital,1ª CC,Super prioridade
0047783-14.2024.8.17.2001,27/05/2026,Seção B da 8ª Vara Cível da Capital,1ª CC,Prioridade Legal
0058506-92.2024.8.17.2001,29/05/2026,Seção B da 8ª Vara Cível da Capital,1ª CC,Prioridade Legal
0066075-47.2024.8.17.2001,26/05/2026,Seção B da 8ª Vara Cível da Capital,1ª CC,Sem prioridade
0071523-64.2025.8.17.2001,26/05/2026,Seção B da 8ª Vara Cível da Capital,1ª CC,Prioridade Legal
0135345-61.2024.8.17.2001,18/06/2026,Seção B da 8ª Vara Cível da Capital,1ª CC,Prioridade Legal
0000244-23.2022.8.17.2001,27/05/2026,Seção B da 9ª Vara Cível da Capital,1ª CC,Prioridade Legal
0010389-02.2026.8.17.2001,19/06/2026,Seção B da 9ª Vara Cível da Capital,1ª CC,Prioridade Legal
0020924-87.2026.8.17.2001,18/06/2026,Seção B da 9ª Vara Cível da Capital,1ª CC,Prioridade Legal
0021213-93.2021.8.17.2001,25/05/2026,Seção B da 9ª Vara Cível da Capital,1ª CC,Sem prioridade
0023179-52.2025.8.17.2001,27/05/2026,Seção B da 9ª Vara Cível da Capital,1ª CC,Prioridade Legal
0023997-04.2025.8.17.2001,17/06/2026,Seção B da 9ª Vara Cível da Capital,1ª CC,Prioridade Legal
0032541-93.2016.8.17.2001,15/06/2026,Seção B da 9ª Vara Cível da Capital,1ª CC,Sem prioridade
0034930-02.2026.8.17.2001,05/06/2026,Seção B da 9ª Vara Cível da Capital,1ª CC,Prioridade Legal
0039771-40.2026.8.17.2001,01/06/2026,Seção B da 9ª Vara Cível da Capital,1ª CC,Sem prioridade
0040068-57.2020.8.17.2001,17/06/2026,Seção B da 9ª Vara Cível da Capital,1ª CC,Prioridade Legal
0054336-43.2025.8.17.2001,19/06/2026,Seção B da 9ª Vara Cível da Capital,1ª CC,Sem prioridade
0055339-77.2018.8.17.2001,12/06/2026,Seção B da 9ª Vara Cível da Capital,1ª CC,Sem prioridade
0072753-25.2017.8.17.2001,10/06/2026,Seção B da 9ª Vara Cível da Capital,1ª CC,Sem prioridade
0078852-35.2022.8.17.2001,08/06/2026,Seção B da 9ª Vara Cível da Capital,1ª CC,Prioridade Legal
0085874-81.2021.8.17.2001,12/06/2026,Seção B da 9ª Vara Cível da Capital,1ª CC,Sem prioridade
0088695-19.2025.8.17.2001,08/06/2026,Seção B da 9ª Vara Cível da Capital,1ª CC,Prioridade Legal
0088802-05.2021.8.17.2001,05/06/2026,Seção B da 9ª Vara Cível da Capital,1ª CC,Sem prioridade
0091545-51.2022.8.17.2001,28/05/2026,Seção B da 9ª Vara Cível da Capital,1ª CC,Sem prioridade
0093767-21.2024.8.17.2001,15/06/2026,Seção B da 9ª Vara Cível da Capital,1ª CC,Sem prioridade
0099112-31.2025.8.17.2001,04/06/2026,Seção B da 9ª Vara Cível da Capital,1ª CC,Prioridade Legal
0104896-92.2013.8.17.0001,10/06/2026,Seção B da 9ª Vara Cível da Capital,1ª CC,Sem prioridade
0132541-23.2024.8.17.2001,08/06/2026,Seção B da 9ª Vara Cível da Capital,1ª CC,Prioridade Legal
0134106-33.2009.8.17.0001,01/06/2026,Seção B da 9ª Vara Cível da Capital,1ª CC,Sem prioridade
0146071-31.2023.8.17.2001,17/06/2026,Seção B da 9ª Vara Cível da Capital,1ª CC,Prioridade Legal
0161108-98.2023.8.17.2001,17/06/2026,Seção B da 9ª Vara Cível da Capital,1ª CC,Prioridade Legal
0000162-95.2010.8.17.0001,09/06/2026,Vara dos Executivos Fiscais Municipais da Capital,4ª CC,Sem prioridade
0003290-20.2022.8.17.2001,03/06/2026,Vara dos Executivos Fiscais Municipais da Capital,2ª CCJ,Prioridade Legal
0003300-64.2022.8.17.2001,03/06/2026,Vara dos Executivos Fiscais Municipais da Capital,2ª CCJ,Prioridade Legal
0003856-97.1995.8.17.0001,10/06/2026,Vara dos Executivos Fiscais Municipais da Capital,4ª CC,Sem prioridade
0004043-89.2013.8.17.2001,04/06/2026,Vara dos Executivos Fiscais Municipais da Capital,2ª CCJ,Prioridade Legal
0009798-22.2009.8.17.0001,04/06/2026,Vara dos Executivos Fiscais Municipais da Capital,2ª CCJ,Prioridade Legal
0011250-43.2004.8.17.0001,27/05/2026,Vara dos Executivos Fiscais Municipais da Capital,2ª CCJ,Sem prioridade
0023640-92.2023.8.17.2001,16/06/2026,Vara dos Executivos Fiscais Municipais da Capital,4ª CC,Prioridade Legal
0024394-73.2019.8.17.2001,05/06/2026,Vara dos Executivos Fiscais Municipais da Capital,2ª CCJ,Prioridade Legal
0024682-56.2009.8.17.0001,08/06/2026,Vara dos Executivos Fiscais Municipais da Capital,4ª CC,Prioridade Legal
0025721-82.2021.8.17.2001,18/06/2026,Vara dos Executivos Fiscais Municipais da Capital,4ª CC,Prioridade Legal
0026616-49.2009.8.17.0001,09/06/2026,Vara dos Executivos Fiscais Municipais da Capital,4ª CC,Prioridade Legal
0030951-44.1991.8.17.0001,10/06/2026,Vara dos Executivos Fiscais Municipais da Capital,4ª CC,Sem prioridade
0032442-60.2015.8.17.2001,19/06/2026,Vara dos Executivos Fiscais Municipais da Capital,4ª CC,Prioridade Legal
0035289-17.1998.8.17.0001,15/06/2026,Vara dos Executivos Fiscais Municipais da Capital,4ª CC,Prioridade Legal
0040125-12.2019.8.17.2001,22/05/2026,Vara dos Executivos Fiscais Municipais da Capital,2ª CCJ,Sem prioridade
0040691-97.2015.8.17.2001,05/06/2026,Vara dos Executivos Fiscais Municipais da Capital,2ª CCJ,Prioridade Legal
0051072-04.2014.8.17.2001,19/06/2026,Vara dos Executivos Fiscais Municipais da Capital,4ª CC,Prioridade Legal
0051757-70.2009.8.17.0001,10/06/2026,Vara dos Executivos Fiscais Municipais da Capital,4ª CC,Sem prioridade
0052772-10.2017.8.17.2001,16/06/2026,Vara dos Executivos Fiscais Municipais da Capital,4ª CC,Prioridade Legal
0053976-26.2016.8.17.2001,17/06/2026,Vara dos Executivos Fiscais Municipais da Capital,4ª CC,Prioridade Legal
0054522-97.1998.8.17.0001,18/06/2026,Vara dos Executivos Fiscais Municipais da Capital,4ª CC,Sem prioridade
0054898-67.2016.8.17.2001,05/06/2026,Vara dos Executivos Fiscais Municipais da Capital,2ª CCJ,Prioridade Legal
0056230-64.2019.8.17.2001,11/06/2026,Vara dos Executivos Fiscais Municipais da Capital,2ª CCJ,Prioridade Legal
0056240-11.2019.8.17.2001,10/06/2026,Vara dos Executivos Fiscais Municipais da Capital,2ª CCJ,Prioridade Legal
0056241-93.2019.8.17.2001,04/06/2026,Vara dos Executivos Fiscais Municipais da Capital,2ª CCJ,Prioridade Legal
0056243-63.2019.8.17.2001,03/06/2026,Vara dos Executivos Fiscais Municipais da Capital,2ª CCJ,Prioridade Legal
0056247-03.2019.8.17.2001,03/06/2026,Vara dos Executivos Fiscais Municipais da Capital,2ª CCJ,Prioridade Legal
0056248-85.2019.8.17.2001,04/06/2026,Vara dos Executivos Fiscais Municipais da Capital,2ª CCJ,Prioridade Legal
0056269-61.2019.8.17.2001,02/06/2026,Vara dos Executivos Fiscais Municipais da Capital,2ª CCJ,Prioridade Legal
0057043-86.2022.8.17.2001,15/06/2026,Vara dos Executivos Fiscais Municipais da Capital,2ª CCJ,Prioridade Legal
0057051-97.2021.8.17.2001,01/06/2026,Vara dos Executivos Fiscais Municipais da Capital,2ª CCJ,Prioridade Legal
0057082-83.2022.8.17.2001,04/06/2026,Vara dos Executivos Fiscais Municipais da Capital,2ª CCJ,Prioridade Legal
0059638-58.2022.8.17.2001,16/06/2026,Vara dos Executivos Fiscais Municipais da Capital,2ª CCJ,Sem prioridade
0059663-71.2022.8.17.2001,16/06/2026,Vara dos Executivos Fiscais Municipais da Capital,2ª CCJ,Sem prioridade
0061396-14.2018.8.17.2001,10/06/2026,Vara dos Executivos Fiscais Municipais da Capital,4ª CC,Prioridade Legal
0062525-49.2021.8.17.2001,16/06/2026,Vara dos Executivos Fiscais Municipais da Capital,4ª CC,Prioridade Legal
0063290-93.2016.8.17.2001,18/06/2026,Vara dos Executivos Fiscais Municipais da Capital,4ª CC,Prioridade Legal
0066122-65.2017.8.17.2001,05/06/2026,Vara dos Executivos Fiscais Municipais da Capital,2ª CCJ,Prioridade Legal
0066698-24.2018.8.17.2001,05/06/2026,Vara dos Executivos Fiscais Municipais da Capital,2ª CCJ,Prioridade Legal
0067808-54.2012.8.17.0001,27/05/2026,Vara dos Executivos Fiscais Municipais da Capital,2ª CCJ,Prioridade Legal
0069054-90.2009.8.17.0001,10/06/2026,Vara dos Executivos Fiscais Municipais da Capital,4ª CC,Sem prioridade
0069621-91.2016.8.17.2001,11/06/2026,Vara dos Executivos Fiscais Municipais da Capital,4ª CC,Prioridade Legal
0070303-70.2021.8.17.2001,04/06/2026,Vara dos Executivos Fiscais Municipais da Capital,2ª CCJ,Prioridade Legal
0074128-51.2023.8.17.2001,15/06/2026,Vara dos Executivos Fiscais Municipais da Capital,4ª CC,Prioridade Legal
0078961-49.2022.8.17.2001,16/06/2026,Vara dos Executivos Fiscais Municipais da Capital,4ª CC,Prioridade Legal
0079425-44.2020.8.17.2001,16/06/2026,Vara dos Executivos Fiscais Municipais da Capital,4ª CC,Sem prioridade
0087734-21.2012.8.17.0001,09/06/2026,Vara dos Executivos Fiscais Municipais da Capital,4ª CC,Prioridade Legal
0094288-40.2010.8.17.0001,10/06/2026,Vara dos Executivos Fiscais Municipais da Capital,4ª CC,Sem prioridade
0095587-85.2018.8.17.2001,04/06/2026,Vara dos Executivos Fiscais Municipais da Capital,2ª CCJ,Prioridade Legal
0095668-29.2021.8.17.2001,10/06/2026,Vara dos Executivos Fiscais Municipais da Capital,4ª CC,Prioridade Legal
0095679-58.2021.8.17.2001,10/06/2026,Vara dos Executivos Fiscais Municipais da Capital,4ª CC,Prioridade Legal
0095862-58.2023.8.17.2001,18/06/2026,Vara dos Executivos Fiscais Municipais da Capital,2ª CCJ,Prioridade Legal
0096352-52.2012.8.17.0001,10/06/2026,Vara dos Executivos Fiscais Municipais da Capital,4ª CC,Sem prioridade
0098794-92.2018.8.17.2001,10/06/2026,Vara dos Executivos Fiscais Municipais da Capital,4ª CC,Prioridade Legal
0101975-96.2021.8.17.2001,06/06/2026,Vara dos Executivos Fiscais Municipais da Capital,2ª CCJ,Prioridade Legal
0108876-85.2018.8.17.2001,11/06/2026,Vara dos Executivos Fiscais Municipais da Capital,2ª CCJ,Prioridade Legal
0111716-63.2021.8.17.2001,15/06/2026,Vara dos Executivos Fiscais Municipais da Capital,4ª CC,Prioridade Legal
0112324-66.2018.8.17.2001,17/06/2026,Vara dos Executivos Fiscais Municipais da Capital,4ª CC,Prioridade Legal
0112465-56.2016.8.17.2001,05/06/2026,Vara dos Executivos Fiscais Municipais da Capital,2ª CCJ,Prioridade Legal
0115301-02.2016.8.17.2001,04/06/2026,Vara dos Executivos Fiscais Municipais da Capital,2ª CCJ,Prioridade Legal
0121829-52.2016.8.17.2001,09/06/2026,Vara dos Executivos Fiscais Municipais da Capital,4ª CC,Prioridade Legal
0121994-02.2016.8.17.2001,15/06/2026,Vara dos Executivos Fiscais Municipais da Capital,4ª CC,Prioridade Legal
0122731-05.2016.8.17.2001,06/06/2026,Vara dos Executivos Fiscais Municipais da Capital,2ª CCJ,Prioridade Legal
0128575-86.2023.8.17.2001,09/06/2026,Vara dos Executivos Fiscais Municipais da Capital,4ª CC,Sem prioridade
0158982-75.2023.8.17.2001,16/06/2026,Vara dos Executivos Fiscais Municipais da Capital,4ª CC,Sem prioridade
0182126-94.2005.8.17.0001,27/05/2026,Vara dos Executivos Fiscais Municipais da Capital,2ª CCJ,Sem prioridade
0190075-72.2005.8.17.0001,06/06/2026,Vara dos Executivos Fiscais Municipais da Capital,2ª CCJ,Sem prioridade
0650313-02.1999.8.17.0001,10/06/2026,Vara dos Executivos Fiscais Municipais da Capital,4ª CC,Sem prioridade
0650314-84.1999.8.17.0001,10/06/2026,Vara dos Executivos Fiscais Municipais da Capital,4ª CC,Sem prioridade
0668265-91.1999.8.17.0001,10/06/2026,Vara dos Executivos Fiscais Municipais da Capital,4ª CC,Sem prioridade
0000062-54.2025.8.17.3190,08/06/2026,Vara Única da Comarca de Ribeirão,5ª CC,Prioridade Legal
0000095-40.2019.8.17.1190,11/06/2026,Vara Única da Comarca de Ribeirão,5ª CC,Prioridade Legal
0000200-02.2017.8.17.3190,02/06/2026,Vara Única da Comarca de Ribeirão,4ª CCJ,Prioridade Legal
0000212-16.2017.8.17.3190,28/05/2026,Vara Única da Comarca de Ribeirão,4ª CCJ,Sem prioridade
0000247-93.2016.8.17.1190,15/06/2026,Vara Única da Comarca de Ribeirão,5ª CC,Sem prioridade
0000377-88.2013.8.17.1190,15/06/2026,Vara Única da Comarca de Ribeirão,4ª CCJ,Prioridade Legal
0000423-52.2017.8.17.3190,15/06/2026,Vara Única da Comarca de Ribeirão,4ª CCJ,Sem prioridade
0000478-28.2013.8.17.1190,08/06/2026,Vara Única da Comarca de Ribeirão,5ª CC,Sem prioridade
0000491-27.2013.8.17.1190,04/06/2026,Vara Única da Comarca de Ribeirão,5ª CC,Super prioridade
0000541-82.2015.8.17.1190,03/06/2026,Vara Única da Comarca de Ribeirão,4ª CCJ,Sem prioridade
0000542-67.2015.8.17.1190,27/05/2026,Vara Única da Comarca de Ribeirão,4ª CCJ,Sem prioridade
0000575-57.2015.8.17.1190,03/06/2026,Vara Única da Comarca de Ribeirão,4ª CCJ,Sem prioridade
0000643-07.2015.8.17.1190,27/05/2026,Vara Única da Comarca de Ribeirão,4ª CCJ,Sem prioridade
0000934-69.2025.8.17.3190,09/06/2026,Vara Única da Comarca de Ribeirão,5ª CC,Prioridade Legal
0001241-29.2013.8.17.1190,10/06/2026,Vara Única da Comarca de Ribeirão,5ª CC,Sem prioridade
0000016-69.2024.8.17.3200,04/06/2026,Vara Única da Comarca de Rio Formoso,4ª CCJ,Prioridade Legal
0000026-79.2025.8.17.3200,26/05/2026,Vara Única da Comarca de Rio Formoso,4ª CCJ,Prioridade Legal
0000067-46.2025.8.17.3200,19/06/2026,Vara Única da Comarca de Rio Formoso,5ª CC,Prioridade Legal
0000180-34.2024.8.17.3200,12/06/2026,Vara Única da Comarca de Rio Formoso,5ª CC,Prioridade Legal
0000239-56.2023.8.17.3200,04/06/2026,Vara Única da Comarca de Rio Formoso,5ª CC,Prioridade Legal
0000363-68.2025.8.17.3200,18/06/2026,Vara Única da Comarca de Rio Formoso,4ª CCJ,Prioridade Legal
0000436-79.2025.8.17.5030,02/06/2026,Vara Única da Comarca de Rio Formoso,5ª CC,Prioridade Legal
0000505-09.2024.8.17.3200,12/06/2026,Vara Única da Comarca de Rio Formoso,5ª CC,Prioridade Legal
0000672-61.2014.8.17.1200,22/05/2026,Vara Única da Comarca de Rio Formoso,4ª CCJ,Prioridade Legal
0000686-21.2009.8.17.1200,04/06/2026,Vara Única da Comarca de Rio Formoso,5ª CC,Super prioridade
0000006-83.2021.8.17.1210,12/06/2026,Vara Única da Comarca de Sairé,6ª CC,Sem prioridade
0000013-89.2021.8.17.3210,05/06/2026,Vara Única da Comarca de Sairé,5ª CCJ,Prioridade Legal
0000044-75.2022.8.17.3210,18/06/2026,Vara Única da Comarca de Sairé,5ª CCJ,Prioridade Legal
0000048-10.2025.8.17.3210,17/06/2026,Vara Única da Comarca de Sairé,6ª CC,Prioridade Legal
0000079-98.2023.8.17.3210,18/06/2026,Vara Única da Comarca de Sairé,6ª CC,Sem prioridade
0000082-87.2022.8.17.3210,12/06/2026,Vara Única da Comarca de Sairé,6ª CC,Sem prioridade
0000153-26.2021.8.17.3210,28/05/2026,Vara Única da Comarca de Sairé,5ª CCJ,Prioridade Legal
0000442-51.2024.8.17.3210,17/06/2026,Vara Única da Comarca de Sairé,5ª CCJ,Sem prioridade
0000105-95.2025.8.17.3220,15/06/2026,1ª Vara Cível da Comarca de Salgueiro,7ª CC,Prioridade Legal
0000567-91.2021.8.17.3220,11/06/2026,1ª Vara Cível da Comarca de Salgueiro,6ª CCJ,Prioridade Legal
0000748-30.2011.8.17.1220,16/06/2026,1ª Vara Cível da Comarca de Salgueiro,7ª CC,Prioridade Legal
0000923-18.2023.8.17.3220,18/06/2026,1ª Vara Cível da Comarca de Salgueiro,7ª CC,Prioridade Legal
0001296-44.2026.8.17.3220,16/06/2026,1ª Vara Cível da Comarca de Salgueiro,7ª CC,Prioridade Legal
0001369-50.2025.8.17.3220,08/06/2026,1ª Vara Cível da Comarca de Salgueiro,6ª CCJ,Prioridade Legal
0001543-93.2024.8.17.3220,12/06/2026,1ª Vara Cível da Comarca de Salgueiro,7ª CC,Prioridade Legal
0001973-55.2018.8.17.3220,15/06/2026,1ª Vara Cível da Comarca de Salgueiro,6ª CCJ,Prioridade Legal
0002194-33.2021.8.17.3220,02/06/2026,1ª Vara Cível da Comarca de Salgueiro,6ª CCJ,Prioridade Legal
0002259-28.2021.8.17.3220,02/06/2026,1ª Vara Cível da Comarca de Salgueiro,6ª CCJ,Prioridade Legal
0004618-77.2023.8.17.3220,16/06/2026,1ª Vara Cível da Comarca de Salgueiro,6ª CCJ,Prioridade Legal
0001024-65.2017.8.17.3220,10/06/2026,2ª Vara Cível da Comarca de Salgueiro,6ª CCJ,Prioridade Legal
0001039-92.2021.8.17.3220,08/06/2026,2ª Vara Cível da Comarca de Salgueiro,6ª CCJ,Prioridade Legal
0001682-45.2024.8.17.3220,16/06/2026,2ª Vara Cível da Comarca de Salgueiro,7ª CC,Prioridade Legal
0001762-73.2016.8.17.1220,08/06/2026,2ª Vara Cível da Comarca de Salgueiro,6ª CCJ,Sem prioridade
0003230-72.2016.8.17.1220,16/06/2026,2ª Vara Cível da Comarca de Salgueiro,7ª CC,Prioridade Legal
0003735-62.2025.8.17.3220,15/06/2026,2ª Vara Cível da Comarca de Salgueiro,7ª CC,Prioridade Legal
0000274-29.2011.8.17.1230,28/05/2026,Vara Única da Comarca de Saloá,5ª CCJ,Prioridade Legal
0000296-52.2021.8.17.3230,11/06/2026,Vara Única da Comarca de Saloá,5ª CCJ,Prioridade Legal
0000510-38.2024.8.17.3230,21/05/2026,Vara Única da Comarca de Saloá,5ª CCJ,Prioridade Legal
0000534-32.2025.8.17.3230,17/06/2026,Vara Única da Comarca de Saloá,6ª CC,Prioridade Legal
0000593-20.2025.8.17.3230,12/06/2026,Vara Única da Comarca de Saloá,5ª CCJ,Sem prioridade
0000725-77.2025.8.17.3230,19/06/2026,Vara Única da Comarca de Saloá,6ª CC,Prioridade Legal
0000731-84.2025.8.17.3230,16/06/2026,Vara Única da Comarca de Saloá,6ª CC,Prioridade Legal
0003392-56.2019.8.17.0640,09/06/2026,Vara Única da Comarca de Saloá,6ª CC,Sem prioridade
0000026-32.2020.8.17.3240,25/05/2026,Vara Única da Comarca de Sanharó,5ª CCJ,Prioridade Legal
0000072-45.2025.8.17.3240,12/06/2026,Vara Única da Comarca de Sanharó,5ª CCJ,Prioridade Legal
0000203-59.2021.8.17.3240,15/05/2026,Vara Única da Comarca de Sanharó,5ª CCJ,Prioridade Legal
0000219-47.2020.8.17.3240,05/06/2026,Vara Única da Comarca de Sanharó,5ª CCJ,Prioridade Legal
0000231-61.2020.8.17.3240,04/06/2026,Vara Única da Comarca de Sanharó,5ª CCJ,Prioridade Legal
0000248-24.2025.8.17.3240,18/06/2026,Vara Única da Comarca de Sanharó,6ª CC,Prioridade Legal
0000271-09.2021.8.17.3240,25/05/2026,Vara Única da Comarca de Sanharó,5ª CCJ,Prioridade Legal
0000332-35.2019.8.17.3240,17/06/2026,Vara Única da Comarca de Sanharó,5ª CCJ,Prioridade Legal
0000373-65.2020.8.17.3240,25/05/2026,Vara Única da Comarca de Sanharó,5ª CCJ,Prioridade Legal
0000467-37.2025.8.17.3240,15/06/2026,Vara Única da Comarca de Sanharó,6ª CC,Prioridade Legal
0000516-88.2019.8.17.3240,17/06/2026,Vara Única da Comarca de Sanharó,5ª CCJ,Prioridade Legal
0000551-19.2017.8.17.3240,11/06/2026,Vara Única da Comarca de Sanharó,5ª CCJ,Prioridade Legal
0000668-68.2021.8.17.3240,14/05/2026,Vara Única da Comarca de Sanharó,5ª CCJ,Prioridade Legal
0000755-53.2023.8.17.3240,12/06/2026,Vara Única da Comarca de Sanharó,6ª CC,Prioridade Legal
0000903-98.2022.8.17.3240,19/06/2026,Vara Única da Comarca de Sanharó,6ª CC,Prioridade Legal
0001057-53.2021.8.17.3240,17/06/2026,Vara Única da Comarca de Sanharó,6ª CC,Prioridade Legal
0001061-85.2024.8.17.3240,15/05/2026,Vara Única da Comarca de Sanharó,5ª CCJ,Sem prioridade
0001062-70.2024.8.17.3240,15/05/2026,Vara Única da Comarca de Sanharó,5ª CCJ,Sem prioridade
0001071-32.2024.8.17.3240,29/05/2026,Vara Única da Comarca de Sanharó,5ª CCJ,Sem prioridade
0001103-42.2021.8.17.3240,05/06/2026,Vara Única da Comarca de Sanharó,5ª CCJ,Prioridade Legal
0001126-17.2023.8.17.3240,18/06/2026,Vara Única da Comarca de Sanharó,6ª CC,Prioridade Legal
0001151-98.2021.8.17.3240,25/05/2026,Vara Única da Comarca de Sanharó,5ª CCJ,Prioridade Legal
0001161-45.2021.8.17.3240,05/06/2026,Vara Única da Comarca de Sanharó,5ª CCJ,Prioridade Legal
0001169-22.2021.8.17.3240,05/06/2026,Vara Única da Comarca de Sanharó,5ª CCJ,Prioridade Legal
0001175-29.2021.8.17.3240,17/06/2026,Vara Única da Comarca de Sanharó,5ª CCJ,Prioridade Legal
0001400-49.2021.8.17.3240,14/05/2026,Vara Única da Comarca de Sanharó,5ª CCJ,Prioridade Legal
0000517-47.2025.8.17.5250,05/06/2026,1ª Vara Criminal da Comarca de Santa Cruz do Capibaribe,PARTIDOR,Prioridade Legal
0002031-17.2025.8.17.4480,19/06/2026,1ª Vara Criminal da Comarca de Santa Cruz do Capibaribe,2ª CC,Prioridade Legal
0002535-96.2014.8.17.1250,19/06/2026,1ª Vara Criminal da Comarca de Santa Cruz do Capibaribe,2ª CC,Sem prioridade
0003023-85.2013.8.17.1250,19/06/2026,1ª Vara Criminal da Comarca de Santa Cruz do Capibaribe,2ª CC,Sem prioridade
0003705-34.2025.8.17.3250,19/06/2026,1ª Vara Criminal da Comarca de Santa Cruz do Capibaribe,2ª CC,Prioridade Legal
0004227-04.2012.8.17.1250,19/06/2026,1ª Vara Criminal da Comarca de Santa Cruz do Capibaribe,2ª CC,Prioridade Legal
0005924-88.2023.8.17.3250,18/06/2026,1ª Vara Criminal da Comarca de Santa Cruz do Capibaribe,2ª CC,Prioridade Legal
0000064-04.2026.8.17.3250,12/06/2026,1ª Vara Cível da Comarca de Santa Cruz do Capibaribe,6ª CC,Prioridade Legal
0000476-66.2025.8.17.3250,20/06/2026,1ª Vara Cível da Comarca de Santa Cruz do Capibaribe,6ª CC,Prioridade Legal
0000967-73.2025.8.17.3250,19/06/2026,1ª Vara Cível da Comarca de Santa Cruz do Capibaribe,6ª CC,Prioridade Legal
0001004-08.2022.8.17.3250,19/06/2026,1ª Vara Cível da Comarca de Santa Cruz do Capibaribe,6ª CC,Prioridade Legal
0001456-13.2025.8.17.3250,13/05/2026,1ª Vara Cível da Comarca de Santa Cruz do Capibaribe,5ª CCJ,Prioridade Legal
0001780-66.2026.8.17.3250,15/06/2026,1ª Vara Cível da Comarca de Santa Cruz do Capibaribe,6ª CC,Prioridade Legal
0002219-58.2018.8.17.3250,11/06/2026,1ª Vara Cível da Comarca de Santa Cruz do Capibaribe,5ª CCJ,Prioridade Legal
0002570-84.2025.8.17.3250,18/06/2026,1ª Vara Cível da Comarca de Santa Cruz do Capibaribe,6ª CC,Prioridade Legal
0003248-07.2022.8.17.3250,15/06/2026,1ª Vara Cível da Comarca de Santa Cruz do Capibaribe,5ª CCJ,Prioridade Legal
0003509-98.2024.8.17.3250,21/05/2026,1ª Vara Cível da Comarca de Santa Cruz do Capibaribe,5ª CCJ,Sem prioridade
0004367-67.2014.8.17.1250,25/05/2026,1ª Vara Cível da Comarca de Santa Cruz do Capibaribe,5ª CCJ,Sem prioridade
0008640-88.2023.8.17.3250,19/06/2026,1ª Vara Cível da Comarca de Santa Cruz do Capibaribe,6ª CC,Prioridade Legal
0000167-93.2024.8.17.5250,16/06/2026,2ª Vara Criminal da Comarca de Santa Cruz do Capibaribe,2ª CC,Prioridade Legal
0000440-72.2024.8.17.5250,18/06/2026,2ª Vara Criminal da Comarca de Santa Cruz do Capibaribe,2ª CC,Sem prioridade
0000514-29.2024.8.17.5250,19/06/2026,2ª Vara Criminal da Comarca de Santa Cruz do Capibaribe,2ª CC,Sem prioridade
0001063-60.2014.8.17.1250,19/06/2026,2ª Vara Criminal da Comarca de Santa Cruz do Capibaribe,2ª CC,Sem prioridade
0001673-90.2024.8.17.3250,19/06/2026,2ª Vara Criminal da Comarca de Santa Cruz do Capibaribe,2ª CC,Prioridade Legal
0001709-65.2023.8.17.4480,19/06/2026,2ª Vara Criminal da Comarca de Santa Cruz do Capibaribe,2ª CC,Sem prioridade
0002768-58.2024.8.17.3250,16/06/2026,2ª Vara Criminal da Comarca de Santa Cruz do Capibaribe,2ª CC,Sem prioridade
0000673-60.2021.8.17.3250,26/05/2026,2ª Vara Cível e Regional da Infância e Juventude da Comarca de Santa Cruz do Capibaribe,5ª CCJ,Prioridade Legal
0001031-30.2018.8.17.3250,08/05/2026,2ª Vara Cível e Regional da Infância e Juventude da Comarca de Santa Cruz do Capibaribe,5ª CCJ,Sem prioridade
0001993-44.2015.8.17.1250,17/06/2026,2ª Vara Cível e Regional da Infância e Juventude da Comarca de Santa Cruz do Capibaribe,6ª CC,Prioridade Legal
0002176-25.2009.8.17.1250,21/05/2026,2ª Vara Cível e Regional da Infância e Juventude da Comarca de Santa Cruz do Capibaribe,5ª CCJ,Sem prioridade
0002363-22.2024.8.17.3250,19/06/2026,2ª Vara Cível e Regional da Infância e Juventude da Comarca de Santa Cruz do Capibaribe,6ª CC,Prioridade Legal
0002806-36.2025.8.17.3250,19/06/2026,2ª Vara Cível e Regional da Infância e Juventude da Comarca de Santa Cruz do Capibaribe,6ª CC,Prioridade Legal
0003540-55.2023.8.17.3250,19/06/2026,2ª Vara Cível e Regional da Infância e Juventude da Comarca de Santa Cruz do Capibaribe,6ª CC,Sem prioridade
0005157-84.2022.8.17.3250,18/06/2026,2ª Vara Cível e Regional da Infância e Juventude da Comarca de Santa Cruz do Capibaribe,6ª CC,Prioridade Legal
0005206-91.2023.8.17.3250,19/06/2026,2ª Vara Cível e Regional da Infância e Juventude da Comarca de Santa Cruz do Capibaribe,6ª CC,Sem prioridade
0000008-86.2023.8.17.8225,06/05/2026,Juizado Especial Cível e das Relações de Consumo e Criminal da Comarca de Santa Cruz do Capibaribe,1ª CCJ,Prioridade Legal
0000051-18.2026.8.17.8225,17/06/2026,Juizado Especial Cível e das Relações de Consumo e Criminal da Comarca de Santa Cruz do Capibaribe,1ª CCJ,Prioridade Legal
0000327-83.2025.8.17.8225,01/06/2026,Juizado Especial Cível e das Relações de Consumo e Criminal da Comarca de Santa Cruz do Capibaribe,1ª CCJ,Prioridade Legal
0000354-66.2025.8.17.8225,26/05/2026,Juizado Especial Cível e das Relações de Consumo e Criminal da Comarca de Santa Cruz do Capibaribe,1ª CCJ,Prioridade Legal
0000614-80.2024.8.17.8225,05/06/2026,Juizado Especial Cível e das Relações de Consumo e Criminal da Comarca de Santa Cruz do Capibaribe,1ª CCJ,Prioridade Legal
0000653-77.2024.8.17.8225,14/05/2026,Juizado Especial Cível e das Relações de Consumo e Criminal da Comarca de Santa Cruz do Capibaribe,1ª CCJ,Prioridade Legal
0000879-48.2025.8.17.8225,08/06/2026,Juizado Especial Cível e das Relações de Consumo e Criminal da Comarca de Santa Cruz do Capibaribe,1ª CCJ,Prioridade Legal
0001154-94.2025.8.17.8225,01/06/2026,Juizado Especial Cível e das Relações de Consumo e Criminal da Comarca de Santa Cruz do Capibaribe,1ª CCJ,Prioridade Legal
0001268-33.2025.8.17.8225,28/05/2026,Juizado Especial Cível e das Relações de Consumo e Criminal da Comarca de Santa Cruz do Capibaribe,1ª CCJ,Prioridade Legal
0000138-68.2018.8.17.2820,17/06/2026,Vara da Fazenda Pública da Comarca de Santa Cruz do Capibaribe,2ª CCJ,Sem prioridade
0000147-93.2021.8.17.3250,02/06/2026,Vara da Fazenda Pública da Comarca de Santa Cruz do Capibaribe,2ª CCJ,Prioridade Legal
0000602-45.2001.8.17.1250,17/06/2026,Vara da Fazenda Pública da Comarca de Santa Cruz do Capibaribe,4ª CC,Prioridade Legal
0000739-69.2023.8.17.3250,10/06/2026,Vara da Fazenda Pública da Comarca de Santa Cruz do Capibaribe,4ª CC,Prioridade Legal
0000743-09.2023.8.17.3250,17/06/2026,Vara da Fazenda Pública da Comarca de Santa Cruz do Capibaribe,4ª CC,Prioridade Legal
0001193-49.2023.8.17.3250,18/06/2026,Vara da Fazenda Pública da Comarca de Santa Cruz do Capibaribe,4ª CC,Prioridade Legal
0001350-85.2024.8.17.3250,16/06/2026,Vara da Fazenda Pública da Comarca de Santa Cruz do Capibaribe,4ª CC,Prioridade Legal
0001358-33.2022.8.17.3250,15/06/2026,Vara da Fazenda Pública da Comarca de Santa Cruz do Capibaribe,4ª CC,Sem prioridade
0001386-64.2023.8.17.3250,16/06/2026,Vara da Fazenda Pública da Comarca de Santa Cruz do Capibaribe,4ª CC,Prioridade Legal
0001458-51.2023.8.17.3250,17/06/2026,Vara da Fazenda Pública da Comarca de Santa Cruz do Capibaribe,4ª CC,Prioridade Legal
0001987-75.2020.8.17.3250,15/06/2026,Vara da Fazenda Pública da Comarca de Santa Cruz do Capibaribe,2ª CCJ,Prioridade Legal
0002741-80.2021.8.17.3250,30/05/2026,Vara da Fazenda Pública da Comarca de Santa Cruz do Capibaribe,2ª CCJ,Sem prioridade
0004130-66.2022.8.17.3250,11/06/2026,Vara da Fazenda Pública da Comarca de Santa Cruz do Capibaribe,4ª CC,Sem prioridade
0004936-67.2023.8.17.3250,16/06/2026,Vara da Fazenda Pública da Comarca de Santa Cruz do Capibaribe,4ª CC,Prioridade Legal
0005012-91.2023.8.17.3250,10/06/2026,Vara da Fazenda Pública da Comarca de Santa Cruz do Capibaribe,4ª CC,Prioridade Legal
0005229-71.2022.8.17.3250,07/06/2026,Vara da Fazenda Pública da Comarca de Santa Cruz do Capibaribe,4ª CC,Prioridade Legal
0006491-22.2023.8.17.3250,17/06/2026,Vara da Fazenda Pública da Comarca de Santa Cruz do Capibaribe,4ª CC,Prioridade Legal
0007664-81.2023.8.17.3250,12/06/2026,Vara da Fazenda Pública da Comarca de Santa Cruz do Capibaribe,2ª CCJ,Sem prioridade
0000034-17.2018.8.17.3260,17/06/2026,Vara Única da Comarca de Santa Maria da Boa Vista,7ª CC,Prioridade Legal
0000194-24.2001.8.17.1260,17/06/2026,Vara Única da Comarca de Santa Maria da Boa Vista,7ª CC,Sem prioridade
0000297-98.2019.8.17.1260,13/04/2026,Vara Única da Comarca de Santa Maria da Boa Vista,6ª CCJ,Prioridade Legal
0000530-02.2025.8.17.3260,19/06/2026,Vara Única da Comarca de Santa Maria da Boa Vista,7ª CC,Sem prioridade
0000578-68.2019.8.17.3260,18/06/2026,Vara Única da Comarca de Santa Maria da Boa Vista,7ª CC,Prioridade Legal
0000639-50.2024.8.17.3260,17/06/2026,Vara Única da Comarca de Santa Maria da Boa Vista,7ª CC,Prioridade Legal
0001262-22.2021.8.17.3260,20/06/2026,Vara Única da Comarca de Santa Maria da Boa Vista,7ª CC,Sem prioridade
0001333-87.2022.8.17.3260,22/06/2026,Vara Única da Comarca de Santa Maria da Boa Vista,7ª CC,Prioridade Legal
0000022-27.2016.8.17.1270,16/06/2026,Vara Única da Comarca de Santa Maria Cambucá,5ª CCJ,Sem prioridade
0000022-31.2022.8.17.3270,27/05/2026,Vara Única da Comarca de Santa Maria Cambucá,5ª CCJ,Prioridade Legal
0000211-43.2021.8.17.3270,21/06/2026,Vara Única da Comarca de Santa Maria Cambucá,6ª CC,Sem prioridade
0000233-67.2022.8.17.3270,15/06/2026,Vara Única da Comarca de Santa Maria Cambucá,6ª CC,Sem prioridade
0000239-69.2025.8.17.3270,09/06/2026,Vara Única da Comarca de Santa Maria Cambucá,6ª CC,Prioridade Legal
0000246-66.2022.8.17.3270,16/06/2026,Vara Única da Comarca de Santa Maria Cambucá,5ª CCJ,Sem prioridade
0000577-49.2013.8.17.1270,08/06/2026,Vara Única da Comarca de Santa Maria Cambucá,6ª CC,Sem prioridade
0000141-60.2023.8.17.5370,18/06/2026,1ª Vara Criminal da Comarca de Serra Talhada,2ª CC,Sem prioridade
0001241-03.2015.8.17.1370,19/06/2026,1ª Vara Criminal da Comarca de Serra Talhada,2ª CC,Sem prioridade
0001118-67.2025.8.17.3370,15/06/2026,1ª Vara Cível da Comarca de Serra Talhada,7ª CC,Prioridade Legal
0001777-53.2011.8.17.1370,12/06/2026,1ª Vara Cível da Comarca de Serra Talhada,7ª CC,Sem prioridade
0001972-96.2015.8.17.1370,16/06/2026,1ª Vara Cível da Comarca de Serra Talhada,7ª CC,Prioridade Legal
0002282-67.2025.8.17.3370,16/06/2026,1ª Vara Cível da Comarca de Serra Talhada,7ª CC,Prioridade Legal
0002754-78.2019.8.17.3370,01/06/2026,1ª Vara Cível da Comarca de Serra Talhada,6ª CCJ,Prioridade Legal
0003070-81.2025.8.17.3370,12/06/2026,1ª Vara Cível da Comarca de Serra Talhada,7ª CC,Prioridade Legal
0004655-08.2024.8.17.3370,17/06/2026,1ª Vara Cível da Comarca de Serra Talhada,7ª CC,Prioridade Legal
0004904-56.2024.8.17.3370,18/06/2026,1ª Vara Cível da Comarca de Serra Talhada,7ª CC,Prioridade Legal
0000159-40.2024.8.17.4370,15/06/2026,2ª Vara Criminal da Comarca de Serra Talhada,2ª CC,Prioridade Legal
0000177-79.2020.8.17.1370,15/06/2026,2ª Vara Criminal da Comarca de Serra Talhada,2ª CC,Sem prioridade
0003073-08.2014.8.17.1370,15/06/2026,2ª Vara Criminal da Comarca de Serra Talhada,2ª CC,Sem prioridade
0000104-45.1999.8.17.1370,18/06/2026,2ª Vara Cível e Regional da Infância e Juventude da Comarca de Serra Talhada,6ª CCJ,Sem prioridade
0000424-35.2024.8.17.3370,02/06/2026,2ª Vara Cível e Regional da Infância e Juventude da Comarca de Serra Talhada,6ª CCJ,Prioridade Legal
0000599-63.2023.8.17.3370,17/06/2026,2ª Vara Cível e Regional da Infância e Juventude da Comarca de Serra Talhada,7ª CC,Prioridade Legal
0001609-84.2019.8.17.3370,29/06/2026,2ª Vara Cível e Regional da Infância e Juventude da Comarca de Serra Talhada,7ª CC,Prioridade Legal
0002113-90.2019.8.17.3370,15/06/2026,2ª Vara Cível e Regional da Infância e Juventude da Comarca de Serra Talhada,7ª CC,Prioridade Legal
0002117-55.2015.8.17.1370,29/06/2026,2ª Vara Cível e Regional da Infância e Juventude da Comarca de Serra Talhada,7ª CC,Prioridade Legal
0003023-50.2012.8.17.1370,10/06/2026,2ª Vara Cível e Regional da Infância e Juventude da Comarca de Serra Talhada,6ª CCJ,Sem prioridade
0000008-37.2024.8.17.3380,15/06/2026,Vara Única da Comarca de Serrita,7ª CC,Prioridade Legal
0000526-66.2020.8.17.3380,17/06/2026,Vara Única da Comarca de Serrita,7ª CC,Prioridade Legal
0000597-92.2025.8.17.3380,19/06/2026,Vara Única da Comarca de Serrita,7ª CC,Sem prioridade
0000610-28.2024.8.17.3380,15/06/2026,Vara Única da Comarca de Serrita,7ª CC,Prioridade Legal
0000764-51.2021.8.17.3380,15/06/2026,Vara Única da Comarca de Serrita,7ª CC,Sem prioridade
0000061-51.2025.8.17.3390,18/06/2026,1ª Vara da Comarca de Sertânia,7ª CC,Prioridade Legal
0000352-62.2010.8.17.1390,12/06/2026,1ª Vara da Comarca de Sertânia,7ª CC,Sem prioridade
0000717-08.2025.8.17.3390,18/06/2026,1ª Vara da Comarca de Sertânia,7ª CC,Prioridade Legal
0001049-14.2021.8.17.3390,18/06/2026,1ª Vara da Comarca de Sertânia,7ª CC,Prioridade Legal
0000020-89.2022.8.17.3390,11/06/2026,2ª Vara da Comarca de Sertânia,6ª CCJ,Prioridade Legal
0000345-59.2025.8.17.3390,19/06/2026,2ª Vara da Comarca de Sertânia,7ª CC,Sem prioridade
0000346-20.2020.8.17.3390,17/06/2026,2ª Vara da Comarca de Sertânia,7ª CC,Prioridade Legal
0000619-62.2021.8.17.3390,11/06/2026,2ª Vara da Comarca de Sertânia,6ª CCJ,Prioridade Legal
0000979-26.2023.8.17.3390,15/06/2026,2ª Vara da Comarca de Sertânia,6ª CCJ,Prioridade Legal
0000037-21.2023.8.17.5030,05/06/2026,Vara Única da Comarca de Sirinhaém,5ª CC,Prioridade Legal
0000146-41.2024.8.17.3400,11/06/2026,Vara Única da Comarca de Sirinhaém,5ª CC,Prioridade Legal
0000284-71.2025.8.17.3400,15/06/2026,Vara Única da Comarca de Sirinhaém,5ª CC,Prioridade Legal
0000345-29.2025.8.17.3400,15/06/2026,Vara Única da Comarca de Sirinhaém,5ª CC,Prioridade Legal
0000436-16.2024.8.17.5030,11/06/2026,Vara Única da Comarca de Sirinhaém,5ª CC,Prioridade Legal
0000629-37.2025.8.17.3400,19/06/2026,Vara Única da Comarca de Sirinhaém,5ª CC,Prioridade Legal
0000791-43.2010.8.17.1400,16/06/2026,Vara Única da Comarca de Sirinhaém,5ª CC,Prioridade Legal
0000031-29.2020.8.17.3410,27/05/2026,1ª Vara Cível da Comarca de Surubim,5ª CCJ,Prioridade Legal
0000107-14.2024.8.17.3410,11/06/2026,1ª Vara Cível da Comarca de Surubim,6ª CC,Prioridade Legal
0000409-48.2021.8.17.3410,26/05/2026,1ª Vara Cível da Comarca de Surubim,5ª CCJ,Prioridade Legal
0000649-42.2018.8.17.3410,08/06/2026,1ª Vara Cível da Comarca de Surubim,5ª CCJ,Prioridade Legal
0000676-02.2004.8.17.1410,25/05/2026,1ª Vara Cível da Comarca de Surubim,5ª CCJ,Prioridade Legal
0000733-04.2022.8.17.3410,19/06/2026,1ª Vara Cível da Comarca de Surubim,6ª CC,Prioridade Legal
0000743-82.2021.8.17.3410,21/06/2026,1ª Vara Cível da Comarca de Surubim,6ª CC,Prioridade Legal
0000944-69.2024.8.17.3410,17/06/2026,1ª Vara Cível da Comarca de Surubim,6ª CC,Prioridade Legal
0001314-48.2024.8.17.3410,12/06/2026,1ª Vara Cível da Comarca de Surubim,6ª CC,Prioridade Legal
0001327-76.2026.8.17.3410,15/06/2026,1ª Vara Cível da Comarca de Surubim,6ª CC,Prioridade Legal
0001535-03.2013.8.17.1410,11/06/2026,1ª Vara Cível da Comarca de Surubim,6ª CC,Sem prioridade
0002438-32.2025.8.17.3410,18/06/2026,1ª Vara Cível da Comarca de Surubim,6ª CC,Sem prioridade
0003393-68.2022.8.17.3410,09/06/2026,1ª Vara Cível da Comarca de Surubim,5ª CCJ,Prioridade Legal
0003874-94.2023.8.17.3410,15/06/2026,1ª Vara Cível da Comarca de Surubim,6ª CC,Prioridade Legal
0000506-43.2024.8.17.3410,15/06/2026,2ª Vara Cível da Comarca de Surubim,6ª CC,Prioridade Legal
0000541-47.2017.8.17.3410,02/06/2026,2ª Vara Cível da Comarca de Surubim,5ª CCJ,Prioridade Legal
0000758-96.2005.8.17.1410,10/06/2026,2ª Vara Cível da Comarca de Surubim,6ª CC,Prioridade Legal
0000924-20.2020.8.17.3410,27/05/2026,2ª Vara Cível da Comarca de Surubim,5ª CCJ,Prioridade Legal
0001182-35.2017.8.17.3410,11/06/2026,2ª Vara Cível da Comarca de Surubim,6ª CC,Prioridade Legal
0001234-22.2014.8.17.1410,17/06/2026,2ª Vara Cível da Comarca de Surubim,5ª CCJ,Prioridade Legal
0001376-88.2024.8.17.3410,15/06/2026,2ª Vara Cível da Comarca de Surubim,6ª CC,Sem prioridade
0001808-45.2014.8.17.1410,19/06/2026,2ª Vara Cível da Comarca de Surubim,6ª CC,Prioridade Legal
0002787-70.2015.8.17.1410,19/06/2026,2ª Vara Cível da Comarca de Surubim,6ª CC,Sem prioridade
0000020-24.2023.8.17.4920,19/06/2026,Vara Criminal da Comarca de Surubim,2ª CC,Sem prioridade
0000339-89.2023.8.17.4920,18/06/2026,Vara Criminal da Comarca de Surubim,2ª CC,Sem prioridade
0001125-32.2019.8.17.1410,18/06/2026,Vara Criminal da Comarca de Surubim,2ª CC,Sem prioridade
0002996-09.2022.8.17.3410,19/06/2026,Vara Criminal da Comarca de Surubim,2ª CC,Sem prioridade
0000275-71.2024.8.17.7110,16/06/2026,1ª Vara da Comarca de São Bento do Una,6ª CC,Prioridade Legal
0000404-91.2022.8.17.3280,16/06/2026,1ª Vara da Comarca de São Bento do Una,6ª CC,Prioridade Legal
0000486-21.2016.8.17.1280,15/06/2026,1ª Vara da Comarca de São Bento do Una,6ª CC,Sem prioridade
0000493-96.2005.8.17.1280,17/06/2026,1ª Vara da Comarca de São Bento do Una,6ª CC,Prioridade Legal
0000662-04.2022.8.17.3280,15/06/2026,1ª Vara da Comarca de São Bento do Una,5ª CCJ,Prioridade Legal
0000663-81.2025.8.17.3280,19/06/2026,1ª Vara da Comarca de São Bento do Una,5ª CCJ,Prioridade Legal
0000868-19.2013.8.17.1280,17/06/2026,1ª Vara da Comarca de São Bento do Una,5ª CCJ,Sem prioridade
0001293-17.2011.8.17.1280,17/06/2026,1ª Vara da Comarca de São Bento do Una,6ª CC,Prioridade Legal
0000136-71.2021.8.17.3280,18/06/2026,2ª Vara da Comarca de São Bento do Una,6ª CC,Prioridade Legal
0000327-87.2019.8.17.3280,15/05/2026,2ª Vara da Comarca de São Bento do Una,5ª CCJ,Sem prioridade
0000341-51.2024.8.17.7110,19/06/2026,2ª Vara da Comarca de São Bento do Una,6ª CC,Prioridade Legal
0000865-63.2022.8.17.3280,18/06/2026,2ª Vara da Comarca de São Bento do Una,6ª CC,Prioridade Legal
0000881-52.2012.8.17.1280,08/06/2026,2ª Vara da Comarca de São Bento do Una,6ª CC,Prioridade Legal
0001252-15.2021.8.17.3280,08/06/2026,2ª Vara da Comarca de São Bento do Una,5ª CCJ,Prioridade Legal
0000360-37.2025.8.17.3290,20/05/2026,Vara Única da Comarca de São Caetano,5ª CCJ,Sem prioridade
0000513-41.2023.8.17.3290,19/06/2026,Vara Única da Comarca de São Caetano,6ª CC,Prioridade Legal
0000593-44.2019.8.17.3290,27/05/2026,Vara Única da Comarca de São Caetano,5ª CCJ,Prioridade Legal
0000764-93.2022.8.17.3290,08/06/2026,Vara Única da Comarca de São Caetano,5ª CCJ,Prioridade Legal
0000800-49.2007.8.17.1290,04/06/2026,Vara Única da Comarca de São Caetano,5ª CCJ,Sem prioridade
0000844-57.2022.8.17.3290,08/06/2026,Vara Única da Comarca de São Caetano,5ª CCJ,Prioridade Legal
0001921-33.2024.8.17.3290,15/06/2026,Vara Única da Comarca de São Caetano,6ª CC,Prioridade Legal
0000039-26.2005.8.17.1310,16/06/2026,Vara Única da Comarca de São Joaquim do Monte,5ª CCJ,Sem prioridade
0000088-56.2020.8.17.3310,15/06/2026,Vara Única da Comarca de São Joaquim do Monte,5ª CCJ,Prioridade Legal
0000227-71.2021.8.17.3310,08/06/2026,Vara Única da Comarca de São Joaquim do Monte,5ª CCJ,Prioridade Legal
0000255-06.2013.8.17.1310,27/05/2026,Vara Única da Comarca de São Joaquim do Monte,5ª CCJ,Sem prioridade
0000315-08.2015.8.17.1310,09/06/2026,Vara Única da Comarca de São Joaquim do Monte,5ª CCJ,Sem prioridade
0000384-78.2020.8.17.3310,22/05/2026,Vara Única da Comarca de São Joaquim do Monte,5ª CCJ,Prioridade Legal
0000419-62.2025.8.17.3310,15/06/2026,Vara Única da Comarca de São Joaquim do Monte,6ª CC,Prioridade Legal
0000608-45.2022.8.17.3310,17/06/2026,Vara Única da Comarca de São Joaquim do Monte,6ª CC,Prioridade Legal
0000666-48.2022.8.17.3310,15/06/2026,Vara Única da Comarca de São Joaquim do Monte,6ª CC,Prioridade Legal
0000786-57.2023.8.17.3310,09/06/2026,Vara Única da Comarca de São Joaquim do Monte,5ª CCJ,Prioridade Legal
0000114-92.2018.8.17.3320,16/06/2026,Vara Única da Comarca de São José da Coroa Grande,5ª CC,Prioridade Legal
0000349-83.2023.8.17.3320,15/06/2026,Vara Única da Comarca de São José da Coroa Grande,5ª CC,Sem prioridade
0000667-67.2014.8.17.1320,05/06/2026,Vara Única da Comarca de São José da Coroa Grande,5ª CC,Prioridade Legal
0000675-09.2024.8.17.3320,11/06/2026,Vara Única da Comarca de São José da Coroa Grande,5ª CC,Sem prioridade
0000804-77.2025.8.17.3320,10/06/2026,Vara Única da Comarca de São José da Coroa Grande,4ª CCJ,Sem prioridade
0000067-35.2025.8.17.5370,16/06/2026,Vara Única da Comarca de São José do Belmonte,7ª CC,Prioridade Legal
0000173-84.2017.8.17.3330,18/06/2026,Vara Única da Comarca de São José do Belmonte,6ª CCJ,Prioridade Legal
0000271-93.2022.8.17.3330,16/06/2026,Vara Única da Comarca de São José do Belmonte,7ª CC,Prioridade Legal
0000423-16.2011.8.17.1330,17/06/2026,Vara Única da Comarca de São José do Belmonte,7ª CC,Prioridade Legal
0000548-08.2016.8.17.1330,10/06/2026,Vara Única da Comarca de São José do Belmonte,6ª CCJ,Prioridade Legal
0000563-49.2020.8.17.3330,05/06/2026,Vara Única da Comarca de São José do Belmonte,6ª CCJ,Prioridade Legal
0000775-94.2025.8.17.3330,18/06/2026,Vara Única da Comarca de São José do Belmonte,7ª CC,Prioridade Legal
0000974-53.2024.8.17.3330,15/06/2026,Vara Única da Comarca de São José do Belmonte,7ª CC,Prioridade Legal
0001226-91.2014.8.17.1330,03/06/2026,Vara Única da Comarca de São José do Belmonte,6ª CCJ,Prioridade Legal
0000076-15.2021.8.17.3340,02/06/2026,1ª Vara da Comarca de São José do Egito,6ª CCJ,Prioridade Legal
0000646-30.2023.8.17.3340,17/06/2026,1ª Vara da Comarca de São José do Egito,6ª CCJ,Prioridade Legal
0000826-56.2017.8.17.3340,15/06/2026,1ª Vara da Comarca de São José do Egito,6ª CCJ,Prioridade Legal
0000030-56.2014.8.17.1340,12/06/2026,2ª Vara da Comarca de São José do Egito,6ª CCJ,Sem prioridade
0000488-43.2021.8.17.3340,16/06/2026,2ª Vara da Comarca de São José do Egito,6ª CCJ,Prioridade Legal
0000590-65.2021.8.17.3340,09/06/2026,2ª Vara da Comarca de São José do Egito,6ª CCJ,Prioridade Legal
0000600-12.2021.8.17.3340,16/06/2026,2ª Vara da Comarca de São José do Egito,6ª CCJ,Prioridade Legal
0000656-74.2023.8.17.3340,17/06/2026,2ª Vara da Comarca de São José do Egito,7ª CC,Prioridade Legal
0000834-63.2010.8.17.1340,02/06/2026,2ª Vara da Comarca de São José do Egito,6ª CCJ,Sem prioridade
0000844-09.2019.8.17.3340,28/05/2026,2ª Vara da Comarca de São José do Egito,6ª CCJ,Prioridade Legal
0000891-12.2021.8.17.3340,16/06/2026,2ª Vara da Comarca de São José do Egito,7ª CC,Prioridade Legal
0000997-76.2018.8.17.3340,19/06/2026,2ª Vara da Comarca de São José do Egito,6ª CCJ,Prioridade Legal
0001195-11.2021.8.17.3340,15/06/2026,2ª Vara da Comarca de São José do Egito,6ª CCJ,Prioridade Legal
0001218-54.2021.8.17.3340,18/06/2026,2ª Vara da Comarca de São José do Egito,6ª CCJ,Prioridade Legal
0002239-60.2024.8.17.3340,10/06/2026,2ª Vara da Comarca de São José do Egito,7ª CC,Prioridade Legal
0000017-36.2004.8.17.1040,11/06/2026,Vara Única da Comarca de São João,5ª CCJ,Prioridade Legal
0000018-98.2022.8.17.3300,19/06/2026,Vara Única da Comarca de São João,5ª CCJ,Prioridade Legal
0000030-49.2021.8.17.3300,11/06/2026,Vara Única da Comarca de São João,6ª CC,Prioridade Legal
0000071-59.2017.8.17.3040,11/05/2026,Vara Única da Comarca de São João,5ª CCJ,Prioridade Legal
0000172-58.2018.8.17.3300,15/06/2026,Vara Única da Comarca de São João,6ª CC,Prioridade Legal
0000176-95.2012.8.17.1040,29/05/2026,Vara Única da Comarca de São João,5ª CCJ,Sem prioridade
0000226-75.2024.8.17.5640,19/06/2026,Vara Única da Comarca de São João,6ª CC,Prioridade Legal
0000534-55.2021.8.17.3300,15/06/2026,Vara Única da Comarca de São João,5ª CCJ,Prioridade Legal
0000666-37.2025.8.17.5640,15/06/2026,Vara Única da Comarca de São João,6ª CC,Prioridade Legal
0000682-66.2021.8.17.3300,29/05/2026,Vara Única da Comarca de São João,5ª CCJ,Prioridade Legal
0005750-32.2024.8.17.2640,19/06/2026,Vara Única da Comarca de São João,6ª CC,Prioridade Legal
0000129-68.2018.8.17.3350,26/05/2026,1ª Vara Cível da Comarca de São Lourenço da Mata,4ª CCJ,Prioridade Legal
0000337-47.2021.8.17.3350,15/06/2026,1ª Vara Cível da Comarca de São Lourenço da Mata,4ª CCJ,Prioridade Legal
0000383-75.2017.8.17.3350,18/06/2026,1ª Vara Cível da Comarca de São Lourenço da Mata,4ª CCJ,Prioridade Legal
0000388-87.2023.8.17.3350,29/05/2026,1ª Vara Cível da Comarca de São Lourenço da Mata,4ª CCJ,Prioridade Legal
0001198-62.2023.8.17.3350,08/06/2026,1ª Vara Cível da Comarca de São Lourenço da Mata,5ª CC,Prioridade Legal
0001281-15.2022.8.17.3350,29/05/2026,1ª Vara Cível da Comarca de São Lourenço da Mata,4ª CCJ,Prioridade Legal
0001823-96.2023.8.17.3350,02/06/2026,1ª Vara Cível da Comarca de São Lourenço da Mata,4ª CCJ,Prioridade Legal
0001891-22.2018.8.17.3350,26/05/2026,1ª Vara Cível da Comarca de São Lourenço da Mata,4ª CCJ,Prioridade Legal
0002069-58.2024.8.17.3350,25/05/2026,1ª Vara Cível da Comarca de São Lourenço da Mata,4ª CCJ,Prioridade Legal
0002190-52.2025.8.17.3350,16/06/2026,1ª Vara Cível da Comarca de São Lourenço da Mata,5ª CC,Prioridade Legal
0002592-17.2017.8.17.3350,14/06/2026,1ª Vara Cível da Comarca de São Lourenço da Mata,4ª CCJ,Prioridade Legal
0002608-68.2017.8.17.3350,31/05/2026,1ª Vara Cível da Comarca de São Lourenço da Mata,5ª CC,Sem prioridade
0002632-18.2025.8.17.3350,12/06/2026,1ª Vara Cível da Comarca de São Lourenço da Mata,4ª CCJ,Prioridade Legal
0002867-24.2021.8.17.3350,26/05/2026,1ª Vara Cível da Comarca de São Lourenço da Mata,4ª CCJ,Prioridade Legal
0003152-12.2024.8.17.3350,03/06/2026,1ª Vara Cível da Comarca de São Lourenço da Mata,4ª CCJ,Prioridade Legal
0003193-13.2023.8.17.3350,28/05/2026,1ª Vara Cível da Comarca de São Lourenço da Mata,4ª CCJ,Prioridade Legal
0003271-42.2013.8.17.1350,19/06/2026,1ª Vara Cível da Comarca de São Lourenço da Mata,5ª CC,Sem prioridade
0003958-52.2021.8.17.3350,08/06/2026,1ª Vara Cível da Comarca de São Lourenço da Mata,5ª CC,Sem prioridade
0000111-03.2025.8.17.3350,03/06/2026,2ª Vara Cível da Comarca de São Lourenço da Mata,5ª CC,Prioridade Legal
0000419-39.2025.8.17.3350,06/06/2026,2ª Vara Cível da Comarca de São Lourenço da Mata,5ª CC,Super prioridade
0000812-95.2024.8.17.3350,02/06/2026,2ª Vara Cível da Comarca de São Lourenço da Mata,5ª CC,Prioridade Legal
0001085-40.2025.8.17.3350,05/06/2026,2ª Vara Cível da Comarca de São Lourenço da Mata,5ª CC,Prioridade Legal
0001122-67.2025.8.17.3350,17/06/2026,2ª Vara Cível da Comarca de São Lourenço da Mata,5ª CC,Prioridade Legal
0001737-97.2012.8.17.1350,19/06/2026,2ª Vara Cível da Comarca de São Lourenço da Mata,5ª CC,Prioridade Legal
0002246-90.2022.8.17.3350,01/06/2026,2ª Vara Cível da Comarca de São Lourenço da Mata,4ª CCJ,Prioridade Legal
0002643-91.2018.8.17.3350,05/06/2026,2ª Vara Cível da Comarca de São Lourenço da Mata,4ª CCJ,Prioridade Legal
0003386-91.2024.8.17.3350,18/06/2026,2ª Vara Cível da Comarca de São Lourenço da Mata,5ª CC,Prioridade Legal
0003433-31.2025.8.17.3350,05/06/2026,2ª Vara Cível da Comarca de São Lourenço da Mata,5ª CC,Prioridade Legal
0003848-82.2023.8.17.3350,28/05/2026,2ª Vara Cível da Comarca de São Lourenço da Mata,5ª CC,Sem prioridade
0005116-74.2023.8.17.3350,15/06/2026,2ª Vara Cível da Comarca de São Lourenço da Mata,4ª CCJ,Sem prioridade
0089077-56.2018.8.17.2001,17/06/2026,2ª Vara Cível da Comarca de São Lourenço da Mata,5ª CC,Sem prioridade
0000316-33.2016.8.17.1350,16/06/2026,3ª Vara Cível da Comarca de São Lourenço da Mata,5ª CC,Sem prioridade
0000367-82.2021.8.17.3350,28/05/2026,3ª Vara Cível da Comarca de São Lourenço da Mata,5ª CC,Prioridade Legal
0001284-04.2021.8.17.3350,16/06/2026,3ª Vara Cível da Comarca de São Lourenço da Mata,4ª CCJ,Prioridade Legal
0001584-29.2022.8.17.3350,12/06/2026,3ª Vara Cível da Comarca de São Lourenço da Mata,5ª CC,Sem prioridade
0001783-51.2022.8.17.3350,12/06/2026,3ª Vara Cível da Comarca de São Lourenço da Mata,5ª CC,Prioridade Legal
0001888-23.2025.8.17.3350,12/06/2026,3ª Vara Cível da Comarca de São Lourenço da Mata,5ª CC,Sem prioridade
0001938-49.2025.8.17.3350,12/06/2026,3ª Vara Cível da Comarca de São Lourenço da Mata,5ª CC,Sem prioridade
0001969-50.2017.8.17.3350,14/05/2026,3ª Vara Cível da Comarca de São Lourenço da Mata,4ª CCJ,Prioridade Legal
0001977-46.2025.8.17.3350,16/06/2026,3ª Vara Cível da Comarca de São Lourenço da Mata,5ª CC,Sem prioridade
0002016-43.2025.8.17.3350,16/06/2026,3ª Vara Cível da Comarca de São Lourenço da Mata,5ª CC,Sem prioridade
0002017-28.2025.8.17.3350,16/06/2026,3ª Vara Cível da Comarca de São Lourenço da Mata,5ª CC,Sem prioridade
0002018-13.2025.8.17.3350,16/06/2026,3ª Vara Cível da Comarca de São Lourenço da Mata,5ª CC,Sem prioridade
0002130-79.2025.8.17.3350,02/06/2026,3ª Vara Cível da Comarca de São Lourenço da Mata,5ª CC,Sem prioridade
0002794-13.2025.8.17.3350,12/06/2026,3ª Vara Cível da Comarca de São Lourenço da Mata,5ª CC,Sem prioridade
0002888-58.2025.8.17.3350,12/06/2026,3ª Vara Cível da Comarca de São Lourenço da Mata,5ª CC,Sem prioridade
0003272-26.2022.8.17.3350,16/06/2026,3ª Vara Cível da Comarca de São Lourenço da Mata,5ª CC,Sem prioridade
0003684-49.2025.8.17.3350,12/06/2026,3ª Vara Cível da Comarca de São Lourenço da Mata,5ª CC,Sem prioridade
0004681-03.2023.8.17.3350,26/06/2026,3ª Vara Cível da Comarca de São Lourenço da Mata,5ª CC,Super prioridade
0042054-98.2018.8.17.0810,19/06/2026,Vara Criminal da Comarca de São Lourenço da Mata,2ª CC,Sem prioridade
0000029-58.2022.8.17.3420,29/05/2026,Vara Única da Comarca de Tabira,6ª CCJ,Prioridade Legal
0000068-95.2009.8.17.1420,08/06/2026,Vara Única da Comarca de Tabira,6ª CCJ,Sem prioridade
0000102-59.2024.8.17.3420,04/06/2026,Vara Única da Comarca de Tabira,6ª CCJ,Prioridade Legal
0000180-92.2020.8.17.3420,19/06/2026,Vara Única da Comarca de Tabira,6ª CCJ,Prioridade Legal
0000279-23.2024.8.17.3420,08/06/2026,Vara Única da Comarca de Tabira,6ª CCJ,Prioridade Legal
0000318-30.2018.8.17.3420,27/06/2026,Vara Única da Comarca de Tabira,7ª CC,Prioridade Legal
0000400-85.2023.8.17.3420,08/06/2026,Vara Única da Comarca de Tabira,6ª CCJ,Prioridade Legal
0000589-97.2022.8.17.3420,08/06/2026,Vara Única da Comarca de Tabira,6ª CCJ,Prioridade Legal
0000679-03.2025.8.17.3420,08/06/2026,Vara Única da Comarca de Tabira,6ª CCJ,Prioridade Legal
0000689-18.2023.8.17.3420,08/06/2026,Vara Única da Comarca de Tabira,6ª CCJ,Prioridade Legal
0000702-51.2022.8.17.3420,11/06/2026,Vara Única da Comarca de Tabira,7ª CC,Sem prioridade
0000741-54.2010.8.17.1420,07/06/2026,Vara Única da Comarca de Tabira,6ª CCJ,Sem prioridade
0000769-50.2021.8.17.3420,16/06/2026,Vara Única da Comarca de Tabira,6ª CCJ,Prioridade Legal
0000815-39.2021.8.17.3420,29/05/2026,Vara Única da Comarca de Tabira,6ª CCJ,Prioridade Legal
0000918-46.2021.8.17.3420,09/06/2026,Vara Única da Comarca de Tabira,6ª CCJ,Prioridade Legal
0000951-02.2022.8.17.3420,03/06/2026,Vara Única da Comarca de Tabira,6ª CCJ,Prioridade Legal
0001097-43.2022.8.17.3420,27/05/2026,Vara Única da Comarca de Tabira,6ª CCJ,Prioridade Legal
0001099-13.2022.8.17.3420,17/06/2026,Vara Única da Comarca de Tabira,7ª CC,Prioridade Legal
0001820-28.2023.8.17.3420,29/05/2026,Vara Única da Comarca de Tabira,6ª CCJ,Prioridade Legal
0000011-46.2018.8.17.3430,18/06/2026,Vara Única da Comarca de Tacaimbó,5ª CCJ,Prioridade Legal
0000011-70.2023.8.17.3430,01/06/2026,Vara Única da Comarca de Tacaimbó,5ª CCJ,Sem prioridade
0000042-85.2026.8.17.3430,17/06/2026,Vara Única da Comarca de Tacaimbó,6ª CC,Prioridade Legal
0000094-23.2022.8.17.3430,15/06/2026,Vara Única da Comarca de Tacaimbó,6ª CC,Sem prioridade
0000138-18.2017.8.17.3430,15/06/2026,Vara Única da Comarca de Tacaimbó,5ª CCJ,Prioridade Legal
0000147-96.2025.8.17.3430,10/06/2026,Vara Única da Comarca de Tacaimbó,5ª CCJ,Prioridade Legal
0000180-62.2020.8.17.3430,16/06/2026,Vara Única da Comarca de Tacaimbó,5ª CCJ,Prioridade Legal
0000215-85.2021.8.17.3430,27/05/2026,Vara Única da Comarca de Tacaimbó,5ª CCJ,Prioridade Legal
0000303-84.2025.8.17.3430,29/05/2026,Vara Única da Comarca de Tacaimbó,5ª CCJ,Prioridade Legal
0000305-25.2023.8.17.3430,18/06/2026,Vara Única da Comarca de Tacaimbó,6ª CC,Sem prioridade
0000043-79.2022.8.17.3440,04/06/2026,Vara Única da Comarca de Tamandaré,5ª CC,Prioridade Legal
0000052-65.2020.8.17.1450,04/06/2026,Vara Única da Comarca de Tamandaré,5ª CC,Prioridade Legal
0000073-84.2022.8.17.3450,19/06/2026,Vara Única da Comarca de Tamandaré,5ª CC,Sem prioridade
0000076-34.2025.8.17.3450,02/06/2026,Vara Única da Comarca de Tamandaré,5ª CC,Prioridade Legal
0000251-97.2014.8.17.1450,30/05/2026,Vara Única da Comarca de Tamandaré,5ª CC,Sem prioridade
0000405-46.2025.8.17.3450,02/06/2026,Vara Única da Comarca de Tamandaré,5ª CC,Prioridade Legal
0000406-31.2025.8.17.3450,02/06/2026,Vara Única da Comarca de Tamandaré,5ª CC,Prioridade Legal
0000457-42.2025.8.17.3450,02/06/2026,Vara Única da Comarca de Tamandaré,5ª CC,Prioridade Legal
0000458-08.2017.8.17.3450,09/06/2026,Vara Única da Comarca de Tamandaré,5ª CC,Prioridade Legal
0000577-85.2025.8.17.3450,02/06/2026,Vara Única da Comarca de Tamandaré,5ª CC,Prioridade Legal
0000619-42.2022.8.17.3450,29/05/2026,Vara Única da Comarca de Tamandaré,4ª CCJ,Prioridade Legal
0000636-57.2023.8.17.5030,04/06/2026,Vara Única da Comarca de Tamandaré,5ª CC,Prioridade Legal
0000743-25.2022.8.17.3450,19/06/2026,Vara Única da Comarca de Tamandaré,5ª CC,Prioridade Legal
0000797-83.2025.8.17.3450,10/06/2026,Vara Única da Comarca de Tamandaré,5ª CC,Prioridade Legal
0000863-68.2022.8.17.3450,18/06/2026,Vara Única da Comarca de Tamandaré,4ª CCJ,Prioridade Legal
0000925-11.2022.8.17.3450,04/06/2026,Vara Única da Comarca de Tamandaré,5ª CC,Prioridade Legal
0000974-86.2021.8.17.3450,19/06/2026,Vara Única da Comarca de Tamandaré,5ª CC,Prioridade Legal
0001166-20.2012.8.17.1450,11/06/2026,Vara Única da Comarca de Tamandaré,4ª CCJ,Prioridade Legal
0001271-25.2023.8.17.3450,19/06/2026,Vara Única da Comarca de Tamandaré,5ª CC,Sem prioridade
0000344-28.2022.8.17.5250,18/06/2026,Vara Única da Comarca de Taquaritinga do Norte,6ª CC,Prioridade Legal
0000398-63.2021.8.17.3460,12/05/2026,Vara Única da Comarca de Taquaritinga do Norte,5ª CCJ,Prioridade Legal
0000719-59.2025.8.17.3460,16/06/2026,Vara Única da Comarca de Taquaritinga do Norte,6ª CC,Prioridade Legal
0000011-38.2023.8.17.2600,19/06/2026,1ª Vara da Comarca de Timbaúba,4ª CCJ,Prioridade Legal
0000094-64.1996.8.17.1480,04/06/2026,1ª Vara da Comarca de Timbaúba,5ª CC,Sem prioridade
0000120-62.2017.8.17.2600,10/06/2026,1ª Vara da Comarca de Timbaúba,4ª CCJ,Sem prioridade
0000124-98.2016.8.17.1480,12/06/2026,1ª Vara da Comarca de Timbaúba,5ª CC,Prioridade Legal
0000146-32.2006.8.17.0600,14/06/2026,1ª Vara da Comarca de Timbaúba,4ª CCJ,Sem prioridade
0000194-13.2024.8.17.4980,10/06/2026,1ª Vara da Comarca de Timbaúba,5ª CC,Prioridade Legal
0000257-73.2019.8.17.2600,10/06/2026,1ª Vara da Comarca de Timbaúba,4ª CCJ,Sem prioridade
0000300-72.2019.8.17.1480,02/06/2026,1ª Vara da Comarca de Timbaúba,5ª CC,Prioridade Legal
0000341-14.2023.8.17.3480,18/06/2026,1ª Vara da Comarca de Timbaúba,5ª CC,Prioridade Legal
0000475-37.2017.8.17.1480,09/06/2026,1ª Vara da Comarca de Timbaúba,5ª CC,Sem prioridade
0000476-22.2017.8.17.1480,15/06/2026,1ª Vara da Comarca de Timbaúba,5ª CC,Prioridade Legal
0000489-50.2019.8.17.1480,15/06/2026,1ª Vara da Comarca de Timbaúba,5ª CC,Prioridade Legal
0000535-06.2021.8.17.2600,05/06/2026,1ª Vara da Comarca de Timbaúba,5ª CC,Prioridade Legal
0000573-76.2004.8.17.1480,16/06/2026,1ª Vara da Comarca de Timbaúba,5ª CC,Prioridade Legal
0000664-55.2020.8.17.0980,04/06/2026,1ª Vara da Comarca de Timbaúba,5ª CC,Prioridade Legal
0000798-75.2025.8.17.3480,16/06/2026,1ª Vara da Comarca de Timbaúba,5ª CC,Prioridade Legal
0001602-82.2021.8.17.3480,11/06/2026,1ª Vara da Comarca de Timbaúba,4ª CCJ,Prioridade Legal
0001864-32.2021.8.17.3480,27/05/2026,1ª Vara da Comarca de Timbaúba,4ª CCJ,Prioridade Legal
0000027-05.2022.8.17.3480,17/06/2026,2ª Vara da Comarca de Timbaúba,4ª CCJ,Prioridade Legal
0000055-02.2024.8.17.3480,19/06/2026,2ª Vara da Comarca de Timbaúba,5ª CC,Prioridade Legal
0000057-18.2020.8.17.0600,08/06/2026,2ª Vara da Comarca de Timbaúba,5ª CC,Prioridade Legal
0000073-20.2019.8.17.2600,05/06/2026,2ª Vara da Comarca de Timbaúba,4ª CCJ,Prioridade Legal
0000086-14.2022.8.17.2600,11/06/2026,2ª Vara da Comarca de Timbaúba,5ª CC,Prioridade Legal
0000087-67.2020.8.17.2600,18/06/2026,2ª Vara da Comarca de Timbaúba,5ª CC,Prioridade Legal
0000140-49.2011.8.17.0600,16/06/2026,2ª Vara da Comarca de Timbaúba,5ª CC,Prioridade Legal
0000143-45.2021.8.17.3480,27/05/2026,2ª Vara da Comarca de Timbaúba,4ª CCJ,Prioridade Legal
0000157-22.2026.8.17.5980,10/06/2026,2ª Vara da Comarca de Timbaúba,5ª CC,Prioridade Legal
0000169-64.2021.8.17.2600,17/06/2026,2ª Vara da Comarca de Timbaúba,4ª CCJ,Prioridade Legal
0000346-65.2025.8.17.3480,12/06/2026,2ª Vara da Comarca de Timbaúba,5ª CC,Prioridade Legal
0000383-39.2018.8.17.3480,27/05/2026,2ª Vara da Comarca de Timbaúba,5ª CC,Prioridade Legal
0000400-65.2024.8.17.3480,12/06/2026,2ª Vara da Comarca de Timbaúba,5ª CC,Prioridade Legal
0000487-89.2022.8.17.3480,03/06/2026,2ª Vara da Comarca de Timbaúba,4ª CCJ,Prioridade Legal
0000581-88.2015.8.17.0600,29/05/2026,2ª Vara da Comarca de Timbaúba,4ª CCJ,Sem prioridade
0000595-76.2021.8.17.2600,01/06/2026,2ª Vara da Comarca de Timbaúba,4ª CCJ,Prioridade Legal
0000869-19.2021.8.17.3480,19/06/2026,2ª Vara da Comarca de Timbaúba,4ª CCJ,Prioridade Legal
0000914-81.2025.8.17.3480,04/06/2026,2ª Vara da Comarca de Timbaúba,5ª CC,Sem prioridade
0000926-95.2025.8.17.3480,08/06/2026,2ª Vara da Comarca de Timbaúba,5ª CC,Prioridade Legal
0001104-83.2021.8.17.3480,29/05/2026,2ª Vara da Comarca de Timbaúba,4ª CCJ,Prioridade Legal
0001191-34.2024.8.17.3480,04/06/2026,2ª Vara da Comarca de Timbaúba,5ª CC,Prioridade Legal
0001337-44.2025.8.17.2218,02/06/2026,2ª Vara da Comarca de Timbaúba,5ª CC,Sem prioridade
0001735-85.2025.8.17.3480,09/06/2026,2ª Vara da Comarca de Timbaúba,5ª CC,Prioridade Legal
0001866-02.2021.8.17.3480,09/06/2026,2ª Vara da Comarca de Timbaúba,5ª CC,Prioridade Legal
0001881-63.2024.8.17.3480,04/06/2026,2ª Vara da Comarca de Timbaúba,5ª CC,Prioridade Legal
0002062-70.2012.8.17.1480,04/06/2026,2ª Vara da Comarca de Timbaúba,5ª CC,Sem prioridade
0002596-08.2024.8.17.3480,10/06/2026,2ª Vara da Comarca de Timbaúba,5ª CC,Prioridade Legal
0000012-26.2021.8.17.1490,12/06/2026,Vara Única da Comarca de Toritama,6ª CC,Sem prioridade
0000035-20.2020.8.17.3490,19/06/2026,Vara Única da Comarca de Toritama,5ª CCJ,Prioridade Legal
0000044-66.2022.8.17.5250,17/06/2026,Vara Única da Comarca de Toritama,6ª CC,Sem prioridade
0000046-41.1997.8.17.1490,25/05/2026,Vara Única da Comarca de Toritama,5ª CCJ,Prioridade Legal
0000079-94.1998.8.17.1490,06/06/2026,Vara Única da Comarca de Toritama,5ª CCJ,Prioridade Legal
0000151-26.2020.8.17.3490,26/05/2026,Vara Única da Comarca de Toritama,5ª CCJ,Prioridade Legal
0000189-67.2022.8.17.3490,16/06/2026,Vara Única da Comarca de Toritama,6ª CC,Prioridade Legal
0000237-02.2017.8.17.3490,17/06/2026,Vara Única da Comarca de Toritama,6ª CC,Prioridade Legal
0000520-44.2025.8.17.3490,16/06/2026,Vara Única da Comarca de Toritama,6ª CC,Prioridade Legal
0000575-88.2019.8.17.1490,08/05/2026,Vara Única da Comarca de Toritama,5ª CCJ,Prioridade Legal
0000993-35.2022.8.17.3490,16/06/2026,Vara Única da Comarca de Toritama,6ª CC,Prioridade Legal
0001019-31.2020.8.17.1250,18/06/2026,Vara Única da Comarca de Toritama,6ª CC,Prioridade Legal
0001371-54.2023.8.17.3490,18/06/2026,Vara Única da Comarca de Toritama,6ª CC,Prioridade Legal
0002524-25.2023.8.17.3490,16/06/2026,Vara Única da Comarca de Toritama,6ª CC,Prioridade Legal
0000057-38.2026.8.17.3500,19/06/2026,Vara Única da Comarca de Tracunhaém,5ª CC,Prioridade Legal
0000086-62.2008.8.17.0350,15/06/2026,Vara Única da Comarca de Tracunhaém,4ª CCJ,Sem prioridade
0000118-40.2019.8.17.3500,12/06/2026,Vara Única da Comarca de Tracunhaém,4ª CCJ,Sem prioridade
0000139-74.2021.8.17.5980,11/06/2026,Vara Única da Comarca de Tracunhaém,5ª CC,Prioridade Legal
0000218-78.2019.8.17.1500,16/06/2026,Vara Única da Comarca de Tracunhaém,5ª CC,Prioridade Legal
0000340-04.2013.8.17.1500,15/06/2026,Vara Única da Comarca de Tracunhaém,4ª CCJ,Sem prioridade
0000536-03.2015.8.17.1500,17/06/2026,Vara Única da Comarca de Tracunhaém,4ª CCJ,Sem prioridade
0000584-63.2021.8.17.3500,18/06/2026,Vara Única da Comarca de Tracunhaém,5ª CC,Prioridade Legal
0000797-52.2025.8.17.4980,29/05/2026,Vara Única da Comarca de Tracunhaém,5ª CC,Prioridade Legal
0000006-31.2025.8.17.3510,17/06/2026,Vara Única da Comarca de Trindade,7ª CC,Prioridade Legal
0000375-35.2019.8.17.3510,19/06/2026,Vara Única da Comarca de Trindade,7ª CC,Prioridade Legal
0001743-40.2023.8.17.3510,19/06/2026,Vara Única da Comarca de Trindade,7ª CC,Prioridade Legal
0001886-97.2021.8.17.3510,12/06/2026,Vara Única da Comarca de Trindade,7ª CC,Sem prioridade
0002018-57.2021.8.17.3510,12/06/2026,Vara Única da Comarca de Trindade,7ª CC,Sem prioridade
0002055-84.2021.8.17.3510,04/06/2026,Vara Única da Comarca de Trindade,7ª CC,Sem prioridade
0000004-28.1999.8.17.1520,18/06/2026,Vara Única da Comarca de Triunfo,7ª CC,Prioridade Legal
0000057-51.2021.8.17.3520,17/06/2026,Vara Única da Comarca de Triunfo,7ª CC,Prioridade Legal
0000106-53.2025.8.17.3520,02/06/2026,Vara Única da Comarca de Triunfo,6ª CCJ,Prioridade Legal
0000214-63.2017.8.17.3520,19/06/2026,Vara Única da Comarca de Triunfo,7ª CC,Prioridade Legal
0000607-42.2015.8.17.1520,19/06/2026,Vara Única da Comarca de Triunfo,7ª CC,Sem prioridade
0000620-12.2013.8.17.1520,15/06/2026,Vara Única da Comarca de Triunfo,7ª CC,Sem prioridade
0000623-59.2016.8.17.1520,15/06/2026,Vara Única da Comarca de Triunfo,7ª CC,Sem prioridade
0000632-31.2010.8.17.1520,17/06/2026,Vara Única da Comarca de Triunfo,7ª CC,Prioridade Legal
0000778-03.2021.8.17.3520,17/06/2026,Vara Única da Comarca de Triunfo,7ª CC,Prioridade Legal
0000879-75.2011.8.17.1520,18/06/2026,Vara Única da Comarca de Triunfo,7ª CC,Prioridade Legal
0001039-94.2023.8.17.3520,17/06/2026,Vara Única da Comarca de Triunfo,7ª CC,Prioridade Legal
0000036-49.2020.8.17.3540,19/06/2026,Vara Única da Comarca de Tuparetama,6ª CCJ,Prioridade Legal
0000040-86.2020.8.17.3540,12/06/2026,Vara Única da Comarca de Tuparetama,6ª CCJ,Prioridade Legal
0000079-83.2020.8.17.3540,12/06/2026,Vara Única da Comarca de Tuparetama,6ª CCJ,Prioridade Legal
0000102-29.2020.8.17.3540,19/06/2026,Vara Única da Comarca de Tuparetama,7ª CC,Sem prioridade
0000122-54.2019.8.17.3540,04/06/2026,Vara Única da Comarca de Tuparetama,6ª CCJ,Prioridade Legal
0000149-03.2020.8.17.3540,03/06/2026,Vara Única da Comarca de Tuparetama,6ª CCJ,Prioridade Legal
0135464-56.2023.8.17.2001,18/06/2026,Vara Única da Comarca de Tuparetama,7ª CC,Prioridade Legal
0000049-43.2016.8.17.1550,18/06/2026,Vara Única da Comarca de Venturosa,7ª CC,Sem prioridade
0000057-11.2002.8.17.1550,19/06/2026,Vara Única da Comarca de Venturosa,7ª CC,Prioridade Legal
0000213-33.2001.8.17.1550,17/06/2026,Vara Única da Comarca de Venturosa,6ª CCJ,Sem prioridade
0000262-24.2020.8.17.3550,15/06/2026,Vara Única da Comarca de Venturosa,7ª CC,Prioridade Legal
0000064-83.2022.8.17.3560,18/06/2026,Vara Única da Comarca de Verdejante,7ª CC,Prioridade Legal
0000175-96.2024.8.17.3560,18/06/2026,Vara Única da Comarca de Verdejante,7ª CC,Prioridade Legal
0000017-74.2025.8.17.3570,18/06/2026,Vara Única da Comarca de Vertentes,6ª CC,Prioridade Legal
0000102-26.2026.8.17.3570,18/06/2026,Vara Única da Comarca de Vertentes,6ª CC,Prioridade Legal
0000445-61.2022.8.17.3570,18/06/2026,Vara Única da Comarca de Vertentes,6ª CC,Prioridade Legal
0000102-89.2020.8.17.1580,05/06/2026,Vara Única da Comarca de Vicência,5ª CC,Prioridade Legal
0000203-43.2020.8.17.3580,27/05/2026,Vara Única da Comarca de Vicência,5ª CC,Prioridade Legal
0000221-64.2020.8.17.3580,26/05/2026,Vara Única da Comarca de Vicência,4ª CCJ,Prioridade Legal
0000515-77.2024.8.17.3580,27/05/2026,Vara Única da Comarca de Vicência,5ª CC,Sem prioridade
0000527-57.2025.8.17.3580,10/06/2026,Vara Única da Comarca de Vicência,4ª CCJ,Sem prioridade
0000528-42.2025.8.17.3580,18/06/2026,Vara Única da Comarca de Vicência,5ª CC,Prioridade Legal
0000777-90.2025.8.17.3580,12/06/2026,Vara Única da Comarca de Vicência,5ª CC,Super prioridade
0000459-10.2018.8.17.1590,17/06/2026,1ª Vara Criminal da Comarca de Vitória de Santo Antão,2ª CC,Sem prioridade
0000385-38.2016.8.17.3590,19/06/2026,1ª Vara Cível da Comarca Vitória Santo Antão,5ª CC,Sem prioridade
0001566-98.2021.8.17.3590,17/06/2026,1ª Vara Cível da Comarca Vitória Santo Antão,5ª CC,Prioridade Legal
0001783-05.2025.8.17.3590,12/06/2026,1ª Vara Cível da Comarca Vitória Santo Antão,5ª CC,Prioridade Legal
0001815-73.2026.8.17.3590,15/06/2026,1ª Vara Cível da Comarca Vitória Santo Antão,5ª CC,Prioridade Legal
0001927-39.2000.8.17.1590,22/06/2026,1ª Vara Cível da Comarca Vitória Santo Antão,5ª CC,Prioridade Legal
0002009-73.2026.8.17.3590,15/06/2026,1ª Vara Cível da Comarca Vitória Santo Antão,5ª CC,Prioridade Legal
0002010-64.2014.8.17.1590,19/06/2026,1ª Vara Cível da Comarca Vitória Santo Antão,5ª CC,Sem prioridade
0002406-16.2018.8.17.3590,26/05/2026,1ª Vara Cível da Comarca Vitória Santo Antão,4ª CCJ,Prioridade Legal
0002731-49.2022.8.17.3590,18/06/2026,1ª Vara Cível da Comarca Vitória Santo Antão,5ª CC,Prioridade Legal
0002988-69.2025.8.17.3590,16/06/2026,1ª Vara Cível da Comarca Vitória Santo Antão,5ª CC,Prioridade Legal
0003054-49.2025.8.17.3590,03/06/2026,1ª Vara Cível da Comarca Vitória Santo Antão,5ª CC,Prioridade Legal
0003076-15.2022.8.17.3590,12/06/2026,1ª Vara Cível da Comarca Vitória Santo Antão,5ª CC,Prioridade Legal
0003268-55.2016.8.17.3590,19/06/2026,1ª Vara Cível da Comarca Vitória Santo Antão,5ª CC,Sem prioridade
0003410-44.2025.8.17.3590,16/06/2026,1ª Vara Cível da Comarca Vitória Santo Antão,5ª CC,Prioridade Legal
0003723-39.2024.8.17.3590,17/06/2026,1ª Vara Cível da Comarca Vitória Santo Antão,5ª CC,Super prioridade
0004582-55.2024.8.17.3590,16/06/2026,1ª Vara Cível da Comarca Vitória Santo Antão,5ª CC,Prioridade Legal
0004618-39.2020.8.17.3590,04/06/2026,1ª Vara Cível da Comarca Vitória Santo Antão,4ª CCJ,Prioridade Legal
0005207-31.2020.8.17.3590,19/06/2026,1ª Vara Cível da Comarca Vitória Santo Antão,5ª CC,Prioridade Legal
0007015-03.2022.8.17.3590,15/06/2026,1ª Vara Cível da Comarca Vitória Santo Antão,4ª CCJ,Sem prioridade
0008445-29.2018.8.17.3590,22/06/2026,1ª Vara Cível da Comarca Vitória Santo Antão,5ª CC,Sem prioridade
0009838-86.2018.8.17.3590,17/06/2026,1ª Vara Cível da Comarca Vitória Santo Antão,5ª CC,Prioridade Legal
0000437-67.2024.8.17.5590,17/06/2026,2ª Vara Criminal da Comarca de Vitória de Santo Antão,2ª CC,Sem prioridade
0000115-05.2013.8.17.1590,15/06/2026,2ª Vara Cível da Comarca Vitória Santo Antão,5ª CC,Sem prioridade
0000448-82.2024.8.17.3590,08/06/2026,2ª Vara Cível da Comarca Vitória Santo Antão,4ª CCJ,Prioridade Legal
0000789-84.2019.8.17.3590,18/06/2026,2ª Vara Cível da Comarca Vitória Santo Antão,5ª CC,Prioridade Legal
0000828-81.2019.8.17.3590,15/06/2026,2ª Vara Cível da Comarca Vitória Santo Antão,4ª CCJ,Prioridade Legal
0001999-73.2019.8.17.3590,26/05/2026,2ª Vara Cível da Comarca Vitória Santo Antão,4ª CCJ,Sem prioridade
0003408-45.2023.8.17.3590,11/06/2026,2ª Vara Cível da Comarca Vitória Santo Antão,4ª CCJ,Sem prioridade
0003765-25.2023.8.17.3590,18/06/2026,2ª Vara Cível da Comarca Vitória Santo Antão,5ª CC,Prioridade Legal
0004004-92.2024.8.17.3590,18/06/2026,2ª Vara Cível da Comarca Vitória Santo Antão,4ª CCJ,Prioridade Legal
0005122-74.2022.8.17.3590,01/06/2026,2ª Vara Cível da Comarca Vitória Santo Antão,4ª CCJ,Prioridade Legal
0005969-76.2022.8.17.3590,25/05/2026,2ª Vara Cível da Comarca Vitória Santo Antão,4ª CCJ,Sem prioridade
0008260-88.2018.8.17.3590,19/06/2026,2ª Vara Cível da Comarca Vitória Santo Antão,5ª CC,Prioridade Legal
0000063-13.2019.8.17.3590,08/06/2026,3ª Vara Cível da Comarca Vitória Santo Antão,5ª CC,Sem prioridade
0000151-46.2022.8.17.3590,04/06/2026,3ª Vara Cível da Comarca Vitória Santo Antão,5ª CC,Sem prioridade
0000485-85.2019.8.17.3590,22/05/2026,3ª Vara Cível da Comarca Vitória Santo Antão,4ª CCJ,Prioridade Legal
0000594-70.2017.8.17.3590,12/06/2026,3ª Vara Cível da Comarca Vitória Santo Antão,4ª CCJ,Prioridade Legal
0000796-76.2019.8.17.3590,03/06/2026,3ª Vara Cível da Comarca Vitória Santo Antão,4ª CCJ,Prioridade Legal
0000806-23.2019.8.17.3590,03/06/2026,3ª Vara Cível da Comarca Vitória Santo Antão,4ª CCJ,Prioridade Legal
0000845-20.2019.8.17.3590,03/06/2026,3ª Vara Cível da Comarca Vitória Santo Antão,4ª CCJ,Prioridade Legal
0000849-82.2015.8.17.1590,18/06/2026,3ª Vara Cível da Comarca Vitória Santo Antão,5ª CC,Prioridade Legal
0001049-65.2010.8.17.1590,18/06/2026,3ª Vara Cível da Comarca Vitória Santo Antão,5ª CC,Sem prioridade
0001091-06.2025.8.17.3590,19/06/2026,3ª Vara Cível da Comarca Vitória Santo Antão,5ª CC,Prioridade Legal
0001223-97.2024.8.17.3590,04/06/2026,3ª Vara Cível da Comarca Vitória Santo Antão,5ª CC,Prioridade Legal
0001254-25.2021.8.17.3590,18/06/2026,3ª Vara Cível da Comarca Vitória Santo Antão,5ª CC,Prioridade Legal
0001716-17.2011.8.17.1590,18/06/2026,3ª Vara Cível da Comarca Vitória Santo Antão,5ª CC,Sem prioridade
0001807-34.2016.8.17.1590,04/06/2026,3ª Vara Cível da Comarca Vitória Santo Antão,5ª CC,Prioridade Legal
0002376-05.2023.8.17.3590,11/06/2026,3ª Vara Cível da Comarca Vitória Santo Antão,4ª CCJ,Prioridade Legal
0002491-36.2017.8.17.3590,29/05/2026,3ª Vara Cível da Comarca Vitória Santo Antão,5ª CC,Prioridade Legal
0002660-42.2025.8.17.3590,29/05/2026,3ª Vara Cível da Comarca Vitória Santo Antão,5ª CC,Prioridade Legal
0002722-82.2025.8.17.3590,29/05/2026,3ª Vara Cível da Comarca Vitória Santo Antão,5ª CC,Prioridade Legal
0003329-95.2025.8.17.3590,29/05/2026,3ª Vara Cível da Comarca Vitória Santo Antão,5ª CC,Prioridade Legal
0003412-87.2020.8.17.3590,08/06/2026,3ª Vara Cível da Comarca Vitória Santo Antão,5ª CC,Prioridade Legal
0003605-05.2020.8.17.3590,05/06/2026,3ª Vara Cível da Comarca Vitória Santo Antão,5ª CC,Super prioridade
0004206-06.2023.8.17.3590,09/06/2026,3ª Vara Cível da Comarca Vitória Santo Antão,5ª CC,Prioridade Legal
0004303-40.2022.8.17.3590,08/06/2026,3ª Vara Cível da Comarca Vitória Santo Antão,5ª CC,Prioridade Legal
0004376-17.2019.8.17.3590,03/06/2026,3ª Vara Cível da Comarca Vitória Santo Antão,4ª CCJ,Prioridade Legal
0004532-97.2022.8.17.3590,03/06/2026,3ª Vara Cível da Comarca Vitória Santo Antão,4ª CCJ,Prioridade Legal
0004936-80.2024.8.17.3590,29/05/2026,3ª Vara Cível da Comarca Vitória Santo Antão,5ª CC,Prioridade Legal
0004977-86.2020.8.17.3590,03/06/2026,3ª Vara Cível da Comarca Vitória Santo Antão,4ª CCJ,Sem prioridade
0005194-61.2022.8.17.3590,12/06/2026,3ª Vara Cível da Comarca Vitória Santo Antão,5ª CC,Prioridade Legal
0005909-98.2025.8.17.3590,08/06/2026,3ª Vara Cível da Comarca Vitória Santo Antão,5ª CC,Sem prioridade
0006530-95.2025.8.17.3590,29/05/2026,3ª Vara Cível da Comarca Vitória Santo Antão,5ª CC,Prioridade Legal
0006558-73.2019.8.17.3590,09/06/2026,3ª Vara Cível da Comarca Vitória Santo Antão,4ª CCJ,Prioridade Legal
0006880-20.2024.8.17.3590,29/05/2026,3ª Vara Cível da Comarca Vitória Santo Antão,5ª CC,Prioridade Legal
0006889-89.2018.8.17.3590,05/06/2026,3ª Vara Cível da Comarca Vitória Santo Antão,5ª CC,Sem prioridade
0007589-26.2022.8.17.3590,04/06/2026,3ª Vara Cível da Comarca Vitória Santo Antão,5ª CC,Prioridade Legal
0008076-59.2023.8.17.3590,29/05/2026,3ª Vara Cível da Comarca Vitória Santo Antão,5ª CC,Prioridade Legal
0008492-27.2023.8.17.3590,07/06/2026,3ª Vara Cível da Comarca Vitória Santo Antão,4ª CCJ,Sem prioridade
0010792-59.2023.8.17.3590,10/06/2026,3ª Vara Cível da Comarca Vitória Santo Antão,4ª CCJ,Sem prioridade
0011681-13.2023.8.17.3590,03/06/2026,3ª Vara Cível da Comarca Vitória Santo Antão,5ª CC,Prioridade Legal
0017915-83.2022.8.17.8201,26/05/2026,3ª Vara Cível da Comarca Vitória Santo Antão,4ª CCJ,Prioridade Legal
0000016-71.2025.8.17.8232,11/06/2026,Juizado Especial Cível e das Relações de Consumo de Vitória de Santo Antão - Turno Manhã - 08:00h às 14:00h,1ª CCJ,Prioridade Legal
0000090-91.2026.8.17.8232,30/04/2026,Juizado Especial Cível e das Relações de Consumo de Vitória de Santo Antão - Turno Manhã - 08:00h às 14:00h,1ª CCJ,Prioridade Legal
0000217-63.2025.8.17.8232,11/06/2026,Juizado Especial Cível e das Relações de Consumo de Vitória de Santo Antão - Turno Manhã - 08:00h às 14:00h,1ª CCJ,Prioridade Legal
0001003-15.2022.8.17.8232,19/06/2026,Juizado Especial Cível e das Relações de Consumo de Vitória de Santo Antão - Turno Manhã - 08:00h às 14:00h,1ª CCJ,Prioridade Legal
0001166-58.2023.8.17.8232,30/04/2026,Juizado Especial Cível e das Relações de Consumo de Vitória de Santo Antão - Turno Manhã - 08:00h às 14:00h,1ª CCJ,Prioridade Legal
0001197-10.2025.8.17.8232,12/06/2026,Juizado Especial Cível e das Relações de Consumo de Vitória de Santo Antão - Turno Manhã - 08:00h às 14:00h,1ª CCJ,Prioridade Legal
0001198-92.2025.8.17.8232,30/04/2026,Juizado Especial Cível e das Relações de Consumo de Vitória de Santo Antão - Turno Manhã - 08:00h às 14:00h,1ª CCJ,Prioridade Legal
0001216-16.2025.8.17.8232,11/06/2026,Juizado Especial Cível e das Relações de Consumo de Vitória de Santo Antão - Turno Manhã - 08:00h às 14:00h,1ª CCJ,Prioridade Legal
0001498-88.2024.8.17.8232,20/05/2026,Juizado Especial Cível e das Relações de Consumo de Vitória de Santo Antão - Turno Manhã - 08:00h às 14:00h,1ª CCJ,Prioridade Legal
0001583-45.2022.8.17.8232,30/04/2026,Juizado Especial Cível e das Relações de Consumo de Vitória de Santo Antão - Turno Manhã - 08:00h às 14:00h,1ª CCJ,Prioridade Legal
0001596-39.2025.8.17.8232,30/04/2026,Juizado Especial Cível e das Relações de Consumo de Vitória de Santo Antão - Turno Manhã - 08:00h às 14:00h,1ª CCJ,Prioridade Legal
0001689-36.2024.8.17.8232,30/04/2026,Juizado Especial Cível e das Relações de Consumo de Vitória de Santo Antão - Turno Manhã - 08:00h às 14:00h,1ª CCJ,Prioridade Legal
0001768-15.2024.8.17.8232,18/06/2026,Juizado Especial Cível e das Relações de Consumo de Vitória de Santo Antão - Turno Manhã - 08:00h às 14:00h,1ª CCJ,Prioridade Legal
0002099-60.2025.8.17.8232,15/06/2026,Juizado Especial Cível e das Relações de Consumo de Vitória de Santo Antão - Turno Manhã - 08:00h às 14:00h,1ª CCJ,Prioridade Legal
0002246-86.2025.8.17.8232,02/06/2026,Juizado Especial Cível e das Relações de Consumo de Vitória de Santo Antão - Turno Manhã - 08:00h às 14:00h,1ª CCJ,Prioridade Legal
0000026-24.2026.8.17.2140,04/06/2026,1ª Vara da Comarca de Água Preta,5ª CC,Sem prioridade
0000218-88.2025.8.17.2140,17/06/2026,1ª Vara da Comarca de Água Preta,4ª CCJ,Prioridade Legal
0000260-40.2025.8.17.2140,03/06/2026,1ª Vara da Comarca de Água Preta,5ª CC,Prioridade Legal
0000297-67.2025.8.17.2140,09/06/2026,1ª Vara da Comarca de Água Preta,5ª CC,Prioridade Legal
0000300-22.2025.8.17.2140,09/06/2026,1ª Vara da Comarca de Água Preta,5ª CC,Prioridade Legal
0000581-17.2021.8.17.2140,17/06/2026,1ª Vara da Comarca de Água Preta,5ª CC,Prioridade Legal
0000844-10.2025.8.17.2140,03/06/2026,1ª Vara da Comarca de Água Preta,4ª CCJ,Prioridade Legal
0001157-45.2011.8.17.0140,11/06/2026,1ª Vara da Comarca de Água Preta,5ª CC,Prioridade Legal
0001505-86.2025.8.17.2140,18/06/2026,1ª Vara da Comarca de Água Preta,4ª CCJ,Prioridade Legal
0001861-18.2024.8.17.2140,03/06/2026,1ª Vara da Comarca de Água Preta,4ª CCJ,Sem prioridade
0001889-83.2024.8.17.2140,03/06/2026,1ª Vara da Comarca de Água Preta,4ª CCJ,Prioridade Legal
0000080-92.2023.8.17.2140,09/06/2026,2ª Vara da Comarca de Água Preta,5ª CC,Super prioridade
0000109-16.2021.8.17.2140,04/06/2026,2ª Vara da Comarca de Água Preta,5ª CC,Sem prioridade
0000136-96.2021.8.17.2140,11/06/2026,2ª Vara da Comarca de Água Preta,4ª CCJ,Prioridade Legal
0000198-34.2024.8.17.2140,10/06/2026,2ª Vara da Comarca de Água Preta,5ª CC,Prioridade Legal
0000289-27.2024.8.17.2140,10/06/2026,2ª Vara da Comarca de Água Preta,5ª CC,Prioridade Legal
0000543-63.2025.8.17.2140,10/06/2026,2ª Vara da Comarca de Água Preta,4ª CCJ,Sem prioridade
0000610-63.2015.8.17.0140,05/06/2026,2ª Vara da Comarca de Água Preta,5ª CC,Sem prioridade
0000647-55.2025.8.17.2140,18/06/2026,2ª Vara da Comarca de Água Preta,5ª CC,Prioridade Legal
0000798-52.2023.8.17.5030,05/06/2026,2ª Vara da Comarca de Água Preta,5ª CC,Prioridade Legal
0001031-86.2023.8.17.2140,29/05/2026,2ª Vara da Comarca de Água Preta,5ª CC,Prioridade Legal
0001040-77.2025.8.17.2140,11/06/2026,2ª Vara da Comarca de Água Preta,5ª CC,Prioridade Legal
0001104-87.2025.8.17.2140,04/06/2026,2ª Vara da Comarca de Água Preta,5ª CC,Prioridade Legal
0001109-12.2025.8.17.2140,10/06/2026,2ª Vara da Comarca de Água Preta,5ª CC,Prioridade Legal
0001228-70.2025.8.17.2140,01/06/2026,2ª Vara da Comarca de Água Preta,5ª CC,Prioridade Legal
0001229-55.2025.8.17.2140,25/05/2026,2ª Vara da Comarca de Água Preta,4ª CCJ,Prioridade Legal
0001266-82.2025.8.17.2140,03/06/2026,2ª Vara da Comarca de Água Preta,5ª CC,Prioridade Legal
0001404-49.2025.8.17.2140,31/05/2026,2ª Vara da Comarca de Água Preta,5ª CC,Prioridade Legal
0001426-10.2025.8.17.2140,15/06/2026,2ª Vara da Comarca de Água Preta,5ª CC,Prioridade Legal
0001531-84.2025.8.17.2140,28/05/2026,2ª Vara da Comarca de Água Preta,4ª CCJ,Sem prioridade
0001532-06.2024.8.17.2140,19/06/2026,2ª Vara da Comarca de Água Preta,5ª CC,Sem prioridade
0000816-22.2019.8.17.2150,12/06/2026,Vara Única da Comarca de Águas Belas,6ª CC,Prioridade Legal
0001606-98.2022.8.17.2150,18/06/2026,Vara Única da Comarca de Águas Belas,6ª CC,Prioridade Legal
0001706-25.2023.8.17.5640,18/06/2026,Vara Única da Comarca de Águas Belas,6ª CC,Prioridade Legal
0001708-23.2022.8.17.2150,17/06/2026,Vara Única da Comarca de Águas Belas,6ª CC,Prioridade Legal
0001882-04.2023.8.17.5640,18/06/2026,Vara Única da Comarca de Águas Belas,6ª CC,Prioridade Legal
0002037-07.2023.8.17.5640,19/06/2026,Vara Única da Comarca de Águas Belas,6ª CC,Prioridade Legal
